id,data_publicacao,numero_edicao,tipo_ato,titulo,secretaria,texto,url_original,rotulo
DOA-001,2026-06-03,2750,Leis,3457 - Institui política de transparencia da infraestrutura escolar,Não identificada,"Imprensa Oficial - Modo leitura em tela
Abrir Versão do Diário Eletrônico
Abrir Versão do Diário para Impressão
Ir para a lista de edições
IMPRENSA OFICIAL - AVARÉ
Publicado em 03 de junho de 2026 | Edição nº 2750 | Ano X
Entidade: Poder Executivo | Seção: Atos Oficiais | Subseção: Leis
Lei nº 3.457, de 02 de junho de 2026.
Institui a Política Municipal de transparência da infraestrutura escolar no município de Avaré/SP, estabelece diretrizes para divulgação de informações sobre as condições estruturais das unidades escolares da rede municipal de ensino e dá outras providências
Autoria: Ver. Hidalgo André de Freitas (Projeto de Lei nº 69/2026).
ROBERTO DE ARAUJO
, Prefeito da Estância Turística de Avaré, usando das atribuições que lhe são conferidas por lei,
Faço saber que a Câmara Municipal da Estância Turística de Avaré aprovou e eu sanciono e promulgo a seguinte Lei:
Art. 1º
- Fica instituída, no âmbito do Município de Avaré, a Política Municipal de Transparência da Infraestrutura Escolar, com a finalidade de assegurar à população o acesso às informações sobre as condições estruturais das unidades escolares da rede pública municipal de ensino.
Art. 2°
-
A Política Municipal de Transparência da Infraestrutura Escolar observará as seguintes diretrizes:
I – publicidade e transparência das informações relativas às condições físicas das unidades escolares;
II – promoção do controle social sobre a infraestrutura da rede municipal de ensino;
III – incentivo à participação da comunidade escolar no acompanhamento das condições estruturais das escolas;
IV – estímulo à melhoria contínua das instalações educacionais;
V – observância dos princípios da administração pública previstos na Constituição Federal.
Art. 3°
-
O Poder Executivo Municipal poderá disponibilizar, preferencialmente em portal eletrônico oficial de acesso público, informações relativas à infraestrutura das unidades escolares da rede municipal de ensino, contendo, sempre que possível:
I – descrição da estrutura física das unidades escolares;
II – condições de conservação de salas de aula, bibliotecas, laboratórios, quadras esportivas, refeitórios e sanitários;
III – informações sobre acessibilidade para pessoas com deficiência ou mobilidade reduzida;
IV – situação das instalações elétricas, hidráulicas e sanitárias;
V – registros de obras de manutenção, reforma, ampliação ou construção realizadas ou previstas;
VI – registros de inspeções, vistorias ou avaliações técnicas realizadas nas unidades escolares.
Art. 4°
-
O Poder Executivo deverá elaborar e divulgar, anualmente, Relatório Municipal da Infraestrutura Escolar, contendo diagnóstico geral das condições das unidades escolares da rede municipal de ensino.
§1º
O relatório deverá apresentar informações consolidadas sobre:
I – condições estruturais das unidades escolares;
II – necessidades de manutenção ou reforma;
III – ações realizadas pelo Poder Público para melhoria da infraestrutura escolar;
IV – planejamento de investimentos e intervenções estruturais.
§2º
O relatório deverá ser disponibilizado em meio eletrônico, garantindo amplo acesso à população.
Art. 5º
-
O Poder Executivo poderá incentivar a participação dos Conselhos Escolares, Associações de Pais e Mestres e demais instâncias de participação social no acompanhamento das condições da infraestrutura escolar.
Art. 6º
-
A execução desta Lei observará as disposições da legislação federal sobre transparência e acesso à informação.
Art. 7º
-
Esta Lei entra em vigor na data de sua publicação
.
Prefeitura da Estância Turística de Avaré, 02 de junho de 2026.
ROBERTO DE ARAUJO
Prefeito
Este conteúdo não substitui o publicado na versão certificada.",https://www.dosp.com.br/exibe_do.php?i=ODI4MDI0,
DOA-002,2026-06-03,2750,Leis,3458 - Autoriza o poder executivo desembolsar valores para custeio 68 jogos regionais Santana do Parnaíba,Não identificada,"Imprensa Oficial - Modo leitura em tela
Abrir Versão do Diário Eletrônico
Abrir Versão do Diário para Impressão
Ir para a lista de edições
IMPRENSA OFICIAL - AVARÉ
Publicado em 03 de junho de 2026 | Edição nº 2750 | Ano X
Entidade: Poder Executivo | Seção: Atos Oficiais | Subseção: Leis
Lei nº 3.458, de 02 de junho de 2026.
Autoriza o Poder Executivo Municipal, através da Secretaria Municipal de Esportes, a desembolsar valores para custeio da delegação avareense dos 68º Jogos Regionais 2026 – Sede Santana de Parnaíba.
Autoria: Prefeito Municipal (Projeto de Lei nº 124/2026).
ROBERTO DE ARAUJO
, Prefeito da Estância Turística de Avaré, usando das atribuições que lhe são conferidas por lei,
Faço saber que a Câmara Municipal da Estância Turística de Avaré aprovou e eu sanciono e promulgo a seguinte Lei:
Artigo 1º
.
Fica o Executivo Municipal autorizado a efetuar adiantamento financeiro no valor de R$ 80.000,00 (oitenta mil reais) à Comissão de Apoio as Delegações Esportivas nos 68º Jogos Regionais do Estado de São Paulo de 2026 – sede “Santana do Parnaíba”, para custeio da participação da delegação avareense no referido evento que será realizado no período entre 14 a 23 de julho de 2026, conforme o calendário oficial da divisão de esportes e lazer da Coordenadoria Geral da Secretaria de Esportes do Estado de São Paulo, sendo que o período para aquisição das despesas será 10 a 24 de julho de 2026.
§1º.
O valor a ser desembolsado será destinado à cobertura das seguintes despesas: gêneros alimentícios: aquisição em padaria, hortifrúti, sacolão, supermercado, atacadista, açougue, restaurantes, pizzarias; aquisição de medicamentos, despesas com pronto atendimento dos atletas, utensílios domésticos e demais materiais de consumo. Serviços de manutenção no alojamento, caso necessário, conforme consta no regulamento do 68º Jogos Regionais, Portaria CGER nº 15/2026, artigo 21. Aquisição de gás, água, consertos emergenciais nos veículos oficiais, abastecimentos nos veículos oficiais, passagem rodoviária dos atletas da SEMEL, cadastrados no site da Secretaria de Esportes, Lazer e Juventude – SELJ do referido evento.
§2º.
O valor a ser desembolsado poderá ser utilizado no período de 10 a 24 de julho de 2025.
Artigo 2º.
As despesas decorrentes da execução desta Lei, a cargo do Município, onerarão as seguintes dotações consignadas no orçamento vigente:
I –
10.02.27.812.3007.2474.0000-3.3.90.30.00
Ficha: 1208 – Material de Consumo: R$ 4.000,00 (quatro mil reais);
II –
10.02.27.812.3007.2474.0000-3.3.90.39.00
Ficha: 1209 – Outros Serviços de Terceiros - PJ: R$ 76.000,00 (setenta e seis mil reais).
Artigo 3º
.
Esta Lei entrará em vigor na data de sua publicação.
Prefeitura da Estância Turística de Avaré, 02 de junho de 2026.
ROBERTO DE ARAUJO
Prefeito
Este conteúdo não substitui o publicado na versão certificada.",https://www.dosp.com.br/exibe_do.php?i=ODI4MDI0,
DOA-003,2026-06-03,2749,Decretos,8773 - Regulamenta CONTROLADORIA GERAL,Não identificada,"Imprensa Oficial - Modo leitura em tela
Abrir Versão do Diário Eletrônico
Abrir Versão do Diário para Impressão
Ir para a lista de edições
IMPRENSA OFICIAL - AVARÉ
Publicado em 03 de junho de 2026 | Edição nº 2749 | Ano X
Entidade: Poder Executivo | Seção: Atos Oficiais | Subseção: Decretos
Decreto nº 8.773, de 03 de junho de 2026.
Regulamenta a Lei Complementar nº 298, de 22 de dezembro de 2022, que dispõe sobre a reorganização do Sistema de Controle Interno do Município da Estância Turística de Avaré, estrutura o Departamento de Controle Interno, e dá outras providências.
ROBERTO DE ARAUJO,
Prefeito da Estância Turística de Avaré, no uso das atribuições que lhe são conferidas por lei, especialmente o disposto no artigo 18 da Lei Complementar nº 298, de 22 de dezembro de 2022, e na Lei Orgânica do Município,
DECRETA:
CAPÍTULO I
DAS DISPOSIÇÕES PRELIMINARES
Art. 1º
Este Decreto regulamenta a Lei Complementar nº 298, de 22 de dezembro de 2022, estabelecendo a estrutura e as competências do Departamento de Controle Interno do Município, que passa a ser denominado para fins operacionais como Controladoria Geral do Município (CGM).
Art. 2º
A Controladoria Geral do Município (CGM) é o órgão central do Sistema de Controle Interno do Poder Executivo Municipal, diretamente vinculada ao Gabinete do Prefeito, com autonomia funcional para o exercício de suas competências.
CAPÍTULO II
DA ESTRUTURA E DAS COMPETÊNCIAS
Art. 3º
Compete à Controladoria Geral do Município, em conformidade com o artigo 8º da Lei Complementar nº 298/2022, o exercício das atividades listadas nos incisos I a XXV do referido artigo.
CAPÍTULO III
DAS ATRIBUIÇÕES E DO REGIME DE TRABALHO DO CONTROLADOR GERAL
Art. 4º
A Controladoria Geral do Município será dirigida por um Controlador Geral, função a ser provida em conformidade com a legislação aplicável, a quem compete:
I - dirigir, coordenar e supervisionar as atividades do órgão;
II - despachar diretamente com o Chefe do Poder Executivo;
III - representar a CGM junto a outros órgãos e entidades;
IV - propor e editar normas no âmbito de sua competência;
V - assinar os relatórios e pareceres emitidos pela CGM;
VI - requisitar, de qualquer órgão ou servidor da Administração Municipal, informações e documentos necessários ao exercício de suas funções.
§ 1º A função de Controlador Geral do Município será exercida em Regime de Dedicação Exclusiva (RDE), sendo vedado ao seu ocupante o exercício de qualquer outra função ou atividade profissional, pública ou privada, remunerada ou não, com exceção de uma de magistério, desde que haja compatibilidade de horários.
§ 2º A vedação de que trata o parágrafo anterior visa assegurar a plena independência do Controlador Geral e evitar potenciais conflitos de interesse no exercício de suas atribuições.
CAPÍTULO IV
DAS DISPOSIÇÕES FINAIS
Art. 5º
Nenhum processo, documento ou informação poderá ser sonegado aos servidores da Controladoria Geral do Município no exercício de suas atribuições, sob pena de responsabilidade funcional.
Art. 6º
Nos casos omissos ou que demandem interpretação jurídica complexa, a CGM poderá solicitar assistência e parecer à Procuradoria Geral do Município, nos termos do artigo 17 da Lei Complementar nº 298/2022.
Art. 7º
As despesas decorrentes da execução deste Decreto correrão por conta de dotações orçamentárias próprias, suplementadas se necessário.
Art. 8º
Este Decreto entrará em vigor na data de sua publicação.
Art. 9º
Fica fazendo parte integral deste Decreto o PARECER JURÍDICO Nº 668/2026/PGM/ROR, da Procuradoria-Geral do Município.
Estância Turística de Avaré, 03 de junho de 2026.
ROBERTO DE ARAUJO
PREFEITO
Este conteúdo não substitui o publicado na versão certificada.",https://www.dosp.com.br/exibe_do.php?i=ODI3NjY2,
DOA-004,2026-06-03,2750,Decretos,8771 - Adicional de Qualificação referente mes de maio 2026 - vania ferreira,Não identificada,"Imprensa Oficial - Modo leitura em tela
Abrir Versão do Diário Eletrônico
Abrir Versão do Diário para Impressão
Ir para a lista de edições
IMPRENSA OFICIAL - AVARÉ
Publicado em 03 de junho de 2026 | Edição nº 2750 | Ano X
Entidade: Poder Executivo | Seção: Atos Oficiais | Subseção: Decretos
Decreto nº 8.771, de 02 de junho de 2026
(Dispõe sobre deferimento resultado final e conclusivo da validação e homologação da análise dos certificados necessários para manutenção do Adicional de Qualificação ao profissional do Magistério que já usufrua tal benesse e dá outras providências)
ROBERTO ARAUJO
, Prefeito da Estância Turística de Avaré, usando das atribuições que lhe são conferidas por Lei,
CONSIDERANDO o relatório final, apresentado pela Comissão Técnica de Gestão de Carreiras do Magistério, validando e homologando os certificados apresentados conforme
dispõe o artigo 8º, e seus parágrafos, da LC 216
, de 03 de maio de 2016,
CONSIDERANDO que
o completamento do requisito necessário ateve-se a apresentação de participação, aproveitamento e pertinência em cursos de instituições homologadas
pela Secretaria Municipal da Educação,
CONSIDERANDO
que a benesse, não acarretará aumento de despesa, pois trata-se de manutenção para aqueles que comprovaram através de certificados,
DECRETA:
Artigo 1º
– Ficam
deferidos
os resultados abaixo discriminados, para manutenção do Adicional de Qualificação, nos percentuais indicados, cujas relações nominais passam fazer parte integrante do presente Decreto, na forma no Anexo I, contendo
o nome situação do pedido, cargo, data da conclusão do curso (mês/ano),
enquadramento do (%) alcançado, embasamento legal, data de início de vigência.
Artigo 2º -
Este decreto entrará em vigor na data de sua publicação, retroagindo seus efeitos para 01 de maio de 2026.
Prefeitura da Estância Turística de Avaré, aos 02 de junho de 2026.
ROBERTO ARAUJO
PREFEITO
ANEXO I
RELAÇÃO NOMINAL DA MANUTENÇÃO DO ADICIONAL DE QUALIFICAÇÃO
Mat
NOME
CARGO
Ano Conclusão do Curso
Despacho
% Correspondente
Base Legal

VANIA FERREIRA LOPES
ADI

Validado/Homologado/Deferido
13%
LC 216/16 - art 8º
Este conteúdo não substitui o publicado na versão certificada.",https://www.dosp.com.br/exibe_do.php?i=ODI4MDI0,
DOA-005,2026-06-03,2749,Decretos,8774 - Institui Calendário Oficial de Eventos Estância Turística de Avaré - revoga 8609,Não identificada,"Imprensa Oficial - Modo leitura em tela
Abrir Versão do Diário Eletrônico
Abrir Versão do Diário para Impressão
Ir para a lista de edições
IMPRENSA OFICIAL - AVARÉ
Publicado em 03 de junho de 2026 | Edição nº 2749 | Ano X
Entidade: Poder Executivo | Seção: Atos Oficiais | Subseção: Decretos
Decreto nº 8.774, de 03 de junho de 2026.
(Dispõe sobre Calendário de Feriados e Pontos Facultativos no ano de 2026, no âmbito da Estância Turística de Avaré, e dá outras providências.)
ROBERTO DE ARAUJO
, Prefeito da Estância Turística de Avaré, Estado de São Paulo, no uso das atribuições que lhe são conferidas por lei,
D E C R E T A:
Artigo. 1º.
Fica declarado ponto facultativo nas repartições públicas municipais, nos dias referidos no
Anexo I deste decreto
.
§ 1º.
Excetuam-se
do disposto no “caput” deste artigo
,
as repartições públicas municipais de serviços que não possam sofrer descontinuidade, de urgência e emergência em saúde, farmácia municipal central, bem como, os equipamentos públicos de assistência social que atendam 24 horas ininterruptamente, limpeza e varrição.
§ 2º.
O Conselho Tutelar atenderá em regime de plantão.
Artigo 2º.
Fica revogado o
Decreto nº 8.609, de 29 de janeiro de 2026.
Artigo 3º.
Este Decreto entrará em vigor na data de sua publicação.
Prefeitura da Estância Turística de Avaré, 03 de junho de 2026.
ROBERTO DE ARAUJO
PREFEITO
ANEXO I
JANEIRO
01/01 – Confraternização Universal – Feriado Nacional
02/01
– Ponto Facultativo (sexta-feira)
FEVEREIRO
16/02 –
Ponto Facultativo (segunda-feira)
17/02 – Carnaval – Feriado
18/02 –
Ponto Facultativo – (Quarta-feira de Cinzas)
ABRIL
03/04 – Paixão de Cristo – Feriado Nacional
05/04 – Páscoa – Feriado Nacional
20/04 –
Ponto Facultativo (segunda-feira)
21/04 – Tiradentes – Feriado Nacional
MAIO
01/05 – Dia do Trabalho – Feriado Nacional
JUNHO
04/06 – Corpus Christi –
Feriado Municipal
05/06
– Ponto Facultativo (sexta-feira)
JULHO
09/07 – Revolução Constitucionalista – Feriado Estadual
10/07
– Ponto Facultativo (sexta-feira)
SETEMBRO
07/09 – Independência do Brasil – Feriado Nacional
14/09
– Ponto Facultativo (sexta-feira)
15/09 – Aniversário da Cidade – Feriado Municipal
OUTUBRO
12/10 – Dia de Nossa Senhora Aparecida – Feriado Nacional
30/10
– Dia do Funcionário Público – Ponto Facultativo (sexta-feira)
NOVEMBRO
02/11 – Finados – Feriado Nacional
15/11 – Proclamação da República – Feriado Nacional
20/11 – Dia da Consciência Negra – Feriado Nacional
DEZEMBRO
24/12
– Ponto facultativo (quinta-feira)
25/12 – Natal – Feriado Nacional
31/12
– Ponto Facultativo (quinta-feira)
Este conteúdo não substitui o publicado na versão certificada.",https://www.dosp.com.br/exibe_do.php?i=ODI3NjY2,
DOA-006,2026-06-03,2750,Leis,3456 - Institui lei anti-pichação e cria programa de combate,Não identificada,"Imprensa Oficial - Modo leitura em tela
Abrir Versão do Diário Eletrônico
Abrir Versão do Diário para Impressão
Ir para a lista de edições
IMPRENSA OFICIAL - AVARÉ
Publicado em 03 de junho de 2026 | Edição nº 2750 | Ano X
Entidade: Poder Executivo | Seção: Atos Oficiais | Subseção: Leis
Lei nº 3.456, de 02 de junho de 2026.
Institui a “Lei AntiPichação” no Município de Avaré, cria o Programa Municipal de Combate à Pichação e Preservação da Paisagem Urbana, estabelece penalidades administrativas e dá outras providências.
Autoria: Ver. Pedro Victor Alarcão Alves Fusco (Projeto de Lei nº 37/2026).
ROBERTO DE ARAUJO
, Prefeito da Estância Turística de Avaré, usando das atribuições que lhe são conferidas por lei,
Faço saber que a Câmara Municipal da Estância Turística de Avaré aprovou e eu sanciono e promulgo a seguinte Lei:
CAPÍTULO I - DA LEI ANTI-PICHAÇÃO.
Art. 1º
- Fica instituída no Município de Avaré a Lei AntiPichação, com a finalidade de prevenir e combater atos de pichação e vandalismo que causem degradação da paisagem urbana e danos ao patrimônio público e privado.
Art. 2º
- Para fins desta Lei, considera-se pichação o ato de riscar, desenhar, escrever, borrar ou por qualquer meio conspurcar:
I – edificações públicas ou privadas;
II – fachadas de imóveis;
III – equipamentos públicos;
IV – monumentos;
V – bens tombados ou de valor histórico;
VI – pontes, viadutos, postes, muros ou mobiliário urbano.
CAPÍTULO II - DAS EXCEÇÕES.
Art. 3º
- Não se caracteriza como pichação o grafite realizado com finalidade artística, desde que:
I – autorizado pelo proprietário do imóvel quando se tratar de bem privado;
II – autorizado pelo órgão competente quando se tratar de bem público;
III – respeitadas as normas municipais de preservação do patrimônio.
CAPÍTULO III - DAS PENALIDADES.
Art. 4º
- A prática de pichação constitui infração administrativa grave, sujeitando o infrator às seguintes penalidades:
I – multa de 1.000 UFMA por pichação em imóvel privado;
II – multa de 2.000 UFMA quando ocorrer em prédios ou imóveis públicos, escolas, unidades de saúde, igrejas ou equipamentos públicos;
III – multa de 3.000 UFMA quando ocorrer em patrimônio histórico, monumentos ou bens tombados.
§1º Em caso de reincidência, a multa será aplicada em dobro.
§2º A aplicação da multa não exclui a responsabilidade civil ou penal pelos danos causados.
CAPÍTULO IV - DA REPARAÇÃO DOS DANOS.
Art. 5º
- Além da multa, o infrator será obrigado a:
I – reparar integralmente o dano causado;
II – custear a limpeza ou restauração do bem;
III – ressarcir o Município caso a limpeza seja realizada pelo Poder Público.
Parágrafo único
. Caso o infrator não efetue o pagamento ou reparação, o débito será inscrito em dívida ativa do Município.
CAPÍTULO V - DO TERMO DE COMPROMISSO.
Art. 6º
- O infrator poderá firmar Termo de Compromisso de Reparação da Paisagem Urbana, comprometendo-se a:
I – reparar o dano causado;
II – prestar serviços comunitários em ações de limpeza urbana;
III – participar de programa educativo sobre preservação do patrimônio público.
Parágrafo único
. O cumprimento integral do termo poderá resultar na redução da multa pela metade.
CAPÍTULO VI - DA VENDA DE TINTA AEROSSOL.
Art. 7º
- Os estabelecimentos que comercializarem tintas em aerossol deverão:
I – não vender o produto a menores de 18 anos;
II – manter cadastro com identificação do comprador;
III – apresentar o registro das vendas quando solicitado pelo Poder Público.
§1º
O descumprimento acarretará multa de 1.000 UFMA.
§2º Em caso de reincidência, a multa será aplicada em dobro, podendo ocorrer suspensão do alvará.
CAPÍTULO VII - DOS RECURSOS DAS MULTAS.
Art. 8º -
Os valores arrecadados com as multas serão destinados a:
I – limpeza de áreas vandalizadas;
II – revitalização de espaços públicos;
III – programas de arte urbana autorizada.
CAPÍTULO VIII - DISPOSIÇÕES FINAIS.
Art. 9º
- Pessoas autuadas por pichação não poderão contratar com o Município ou participar de programas remunerados da administração municipal enquanto não quitarem as multas ou repararem os danos.
Art. 10
- O Poder Executivo regulamentará esta Lei no prazo de 60 dias.
Art. 11
- Esta Lei entra em vigor na data de sua publicação.
Prefeitura da Estância Turística de Avaré, 02 de junho de 2026.
ROBERTO DE ARAUJO
Prefeito
Este conteúdo não substitui o publicado na versão certificada.",https://www.dosp.com.br/exibe_do.php?i=ODI4MDI0,
DOA-007,2026-06-02,2748,Decretos,8769 - Adicional de Qualificação referente mes de maio 2026,Não identificada,"Imprensa Oficial - Modo leitura em tela
Abrir Versão do Diário Eletrônico
Abrir Versão do Diário para Impressão
Ir para a lista de edições
IMPRENSA OFICIAL - AVARÉ
Publicado em 02 de junho de 2026 | Edição nº 2748 | Ano X
Entidade: Poder Executivo | Seção: Atos Oficiais | Subseção: Decretos
Decreto nº 8.769 de 02 de junho de 2026
(Dispõe sobre deferimento resultado final e conclusivo da validação e homologação da análise dos certificados necessários para manutenção do Adicional de Qualificação ao profissional do Magistério que já usufrua tal benesse e dá outras providências)
ROBERTO ARAUJO
, Prefeito da Estância Turística de Avaré, usando das atribuições que lhe são conferidas por Lei,
CONSIDERANDO o relatório final, apresentado pela Comissão Técnica de Gestão de Carreiras do Magistério, validando e homologando os certificados apresentados conforme
dispõe o artigo 8º, e seus parágrafos, da LC 216
, de 03 de maio de 2016,
CONSIDERANDO que
o completamento do requisito necessário ateve-se a apresentação de participação, aproveitamento e pertinência em cursos de instituições homologadas
pela Secretaria Municipal da Educação,
Considerando que a benesse, não acarretará aumento de despesa, pois trata-se de manutenção para aqueles que comprovaram através de certificados,
DECRETA:
Artigo 1º
– Ficam
deferidos
os resultados abaixo discriminados, para manutenção do Adicional de Qualificação, nos percentuais indicados, cujas relações nominais passam fazer parte integrante do presente Decreto, na forma no Anexo I, contendo
o nome situação do pedido, cargo, data da conclusão do curso (mês/ano), enquadramento do (%) alcançado, embasamento legal, data de início de vigência.
Artigo 2º -
Este decreto entrará em vigor na data de sua publicação,
retroagindo seus efeitos para 01 de maio de 2026.
Prefeitura da Estância Turística de Avaré, aos 02 de junho de 2026.
ROBERTO ARAUJO
PREFEITO
ANEXO I
RELAÇÃO NOMINAL DA MANUTENÇÃO DO ADICIONAL DE QUALIFICAÇÃO
Mat
NOME
CARGO
Ano Conclusão do Curso
Despacho
% Correspondente
Base Legal

ADRIANA CONTINI BARRETO
PEB I

Validado/Homologado/Deferido
13%
LC 216/16 - art 8º

ADRIANA DOS SANTOS
PEB I
2023/2025
Validado/Homologado/Deferido
13%
LC 216/16 - art 8º

ADRIANA NOHARA
PROF.ADJ.

Validado/Homologado/Deferido
13%
LC 216/16 - art 8º

ADRIANA RODRIGUES PIMENTEL
ADI

Validado/Homologado/Deferido
13%
LC 216/16 - art 8º

ALAN CARLOS DO AMARAL
PEB II
2025/2026
Validado/Homologado/Deferido
13%
LC 216/16 - art 8º

ALESSANDRA GIOVANA B. ALCANTARA
PEB I
2024/2026
Validado/Homologado/Deferido
13%
LC 216/16 - art 8º

ALESSANDRA OLIVEIRA MOURA
PEB I
2023/2025
Validado/Homologado/Deferido
13%
LC 216/16 - art 8º

ALINE CRISTINA MARTINS DE O. GOMES
ADI

Validado/Homologado/Deferido
13%
LC 216/16 - art 8º

AMANDA CRISTINA PEREIRA DAMIÃO
PEB I
2024/2025
Validado/Homologado/Deferido
13%
LC 216/16 - art 8º

ANA CLAUDIA FERREIRA DA SILVA
PROF.ADJ.

Validado/Homologado/Deferido
13%
LC 216/16 - art 8º

ANA CRISTINA LUCAS
ADI

Validado/Homologado/Deferido
13 %
LC 216/16 - art 8º

ANA PAULA DA SILVA
DIRETOR

Validado/Homologado/Deferido
13 %
LC 216/16 - art 8º

ANDREIA DE CASSIA BATISTA
PEB I
2023/2024
Validado/Homologado/Deferido
13%
LC 216/16 - art 8º

ANGELA CAROLINE SERRANO MARTINS
ADI

Validado/Homologado/Deferido
13%
LC 216/16 - art 8º

ANGELA MARIA DA SILVA MORAES
PROF.ADJ.
2024/2025
Validado/Homologado/Deferido
13 %
LC 216/16 - art 8º

APARECIDA DA PENHA MONDINI COSTA
PEB I
2024/2025
Validado/Homologado/Deferido
13%
LC 216/16 - art 8º

BEATRIZ AMAMDA RODRIGUES MOLITOR ROSSE
PEB I

Validado/Homologado/Deferido
13%
LC 216/16 - art 8º

CAMILA DE FATIMA INOCÊNCIO ROSARIO
ADI
2025/2026
Validado/Homologado/Deferido
13%
LC 216/16 - art 8º

CARLA PEREIRA DA SILVA DAMIÃO
PEB I

Validado/Homologado/Deferido
13%
LC 216/16 - art 8º

CASSIA PEREIRA VALENTIM
PEB II
2024/2026
Validado/Homologado/Deferido
13%
LC 216/16 - art 8º

CRISTINA DE JESUS MARTINS
ADI
2024/2026
Validado/Homologado/Deferido
13%
LC 216/16 - art 8º

DANIELA ALTAFINI BATISTA SILVA
PEB I

Validado/Homologado/Deferido
13 %
LC 216/16 - art 8º

DANIELE APARECIDA ROCHA TORELO
PEB I

Validado/Homologado/Deferido
13 %
LC 216/16 - art 8º

DANIELE PEREIRA VARRASCHIN REIS
PEB I
2025/2026
Validado/Homologado/Deferido
13%
LC 216/16 - art 8º

DEISE CRISTINA DOMINGUES CARVALHO
PEB I
2025/2026
Validado/Homologado/Deferido
13 %
LC 216/16 - art 8º

ELAINE CRISTINA DA SILVA SILVEIRA
PEB I

Validado/Homologado/Deferido
13%
LC 216/16 - art 8º

ELAINE GARCIA CORTEZ OLIVEIRA
PEB I

Validado/Homologado/Deferido
13%
LC 216/16 - art 8º

ELYARA SUELLEN BARBOZA
ADI

Validado/Homologado/Deferido
13%
LC 216/16 - art 8º

ELZIMAR FERREIRA BENINI
ADI
2024/2025
Validado/Homologado/Deferido
13%
LC 216/16 - art 8º

EMANOELA MARIA DA SILVA CAMARA
PROF.ADJ.
2023/2026
Validado/Homologado/Deferido
13%
LC 216/16 - art 8º

EVELIZE CRISTINA ANTUNES COLLELA
PROF.ADJ.
2024/2026
Validado/Homologado/Deferido
13%
LC 216/16 - art 8º

FABIANA APARECIDA CIRINO ZEQUI
PEB II
2024/2025
Validado/Homologado/Deferido
13 %
LC 216/16 - art 8º

FABIANA COUTO BONARDI
PEB II
2024/2025
Validado/Homologado/Deferido
13 %
LC 216/16 - art 8º

FERNANDA CANDIDO CONSOLO
ADI

Validado/Homologado/Deferido
13 %
LC 216/16 - art 8º

FERNANDA FERNANDES PAIXÃO
PEB II
2024/2025
Validado/Homologado/Deferido
13 %
LC 216/16 - art 8º

GABRIELA AMERICA ROCHA DE O. LEITE
PEB I
2023/2024
Validado/Homologado/Deferido
13%
LC 216/16 - art 8º

GIANE DA COSTA ABREU
PEB I
2025/2026
Validado/Homologado/Deferido
13%
LC 216/16 - art 8º

GINA MARA FEITOSA
PROF.ADJ.

Validado/Homologado/Deferido
13%
LC 216/16 - art 8º

GIOVANA JODAS PRECIPITO BERTIE
PEB I

Validado/Homologado/Deferido
13 %
LC 216/16 - art 8º

HOSANA MARIA DE SOUZA ZEULA
PROF.ADJ.

Validado/Homologado/Deferido
13 %
LC 216/16 - art 8º

ISABEL CRISTINA MORETI M. OLIVEIRA
PEB I
2024/2025
Validado/Homologado/Deferido
13%
LC 216/16 - art 8º

IVAN CAMPOS DE RAMOS
PEB I
2023/2025
Validado/Homologado/Deferido
13%
LC 216/16 - art 8º

JOCELITA FIORUCI GARCIA
PEB I
2023/2025
Validado/Homologado/Deferido
13%
LC 216/16 - art 8º

JOSE ROBERTO BENTO
ADI

Validado/Homologado/Deferido
13%
LC 216/16 - art 8º

JULIANA AIRES DA NOBREGA
PEB I
2024/2025
Validado/Homologado/Deferido
13%
LC 216/16 - art 8º

JULIANA DA SILVA TAVARES
PEB I

Validado/Homologado/Deferido
13%
LC 216/16 - art 8º

JULIANA DALCIM LIMA
PEB I
2024/2025
Validado/Homologado/Deferido
13%
LC 216/16 - art 8º

JULIANA DAMASIO DE OLIVEIRA
PROF.ADJ.
2023/2025
Validado/Homologado/Deferido
13%
LC 216/16 - art 8º

KATIA LIZZIANE DOS REIS MATIAS
PEB I
2024/2025
Validado/Homologado/Deferido
13%
LC 216/16 - art 8º

KATIA SILENI MAITAN VILAS BOAS
PEB I
2023/2024
Validado/Homologado/Deferido
13 %
LC 216/16 - art 8º

KEITY ELIANE DE ALMEIDA BARROS
PEB I
2023/2025
Validado/Homologado/Deferido
13 %
LC 216/16 - art 8º

LIGIA MARA DE OLIVEIRA RODRIGUES
PEB I
2024/2026
Validado/Homologado/Deferido
13 %
LC 216/16 - art 8º

LORIE TAVARES DA ROCHA
ADI

Validado/Homologado/Deferido
13 %
LC 216/16 - art 8º

LUCIANE DE FATIMA NOGUEIRA MARTINS
PEB II
2024/2025
Validado/Homologado/Deferido
13 %
LC 216/16 - art 8º

LUCILENE COSTA DE OLIVEIRA SILVESTRE
PEB I
2024/2025
Validado/Homologado/Deferido
13%
LC 216/16 - art 8º

LUCI MAURA GREGORIO DE CASTRO
PROF.ADJ.
2023/2026
Validado/Homologado/Deferido
13%
LC 216/16 - art 8º

LUCINEIA SANCHES ROSSI
ADI

Validado/Homologado/Deferido
13%
LC 216/16 - art 8º

LUIZ ANTONIO DE OLIVEIRA
ADI

Validado/Homologado/Deferido
13 %
LC 216/16 - art 8º

MAGDA CRISTINA TEODOSIO BORGES
PROF.ADJ.

Validado/Homologado/Deferido
13 %
LC 216/16 - art 8º

MARA BEATRIZ DOS SANTOS ARRUDA
PROF.ADJ.
2024/2025
Validado/Homologado/Deferido
13%
LC 216/16 - art 8º

MARCELA MUNIZ ALVAREZ
PEB II

Validado/Homologado/Deferido
13%
LC 216/16 - art 8º

MARCIA ZAMONELLI DELGADO
ADI
2023/2025
Validado/Homologado/Deferido
13%
LC 216/16 - art 8º

MARCO ANTONIO BIJEGA
PEB I
2023/2026
Validado/Homologado/Deferido
13%
LC 216/16 - art 8º

MARIA ANGÉLICA PEREIRA SILVESTRE
PEB I
2024/2025
Validado/Homologado/Deferido
13%
LC 216/16 - art 8º

MARIA APARECIDA SERODIO TANIGUCHI
ADI

Validado/Homologado/Deferido
13%
LC 216/16 - art 8º

MARIA BIBIANA DAS DORES SILVA
PEB I

Validado/Homologado/Deferido
13%
LC 216/16 - art 8º

MARIA CLÁUDIA CONTRUCCI DANTAS SOUSA
PEB II
2024/2025
Validado/Homologado/Deferido
13%
LC 216/16 - art 8º

MARIA CLÁUDIA CONTRUCCI DANTAS SOUSA
PEB II
2024/2025
Validado/Homologado/Deferido
13%
LC 216/16 - art 8º

MARIA CLÁUDIA OKIISHI
PEB I
2024/2025
Validado/Homologado/Deferido
13%
LC 216/16 - art 8º

MARIA DE FATIMA FERREIRA MENCK
PEB I
2023/2025
Validado/Homologado/Deferido
13 %
LC 216/16 - art 8º

MARIA LEONOR GARCIA VASCONCELOS
ADI

Validado/Homologado/Deferido
13%
LC 216/16 - art 8º

MARIA MADALENA CORREA AYRES
PEB II

Validado/Homologado/Deferido
13%
LC 216/16 - art 8º

MARIA SILVIA MORI
PEB I
2024/2025
Validado/Homologado/Deferido
13 %
LC 216/16 - art 8º

MARIANA VERPA
PEB I

Validado/Homologado/Deferido
13%
LC 216/16 - art 8º

MARIANA VICENTE PEREIRA RODRIGUES
PEB I
2024/2025
Validado/Homologado/Deferido
13%
LC 216/16 - art 8º

MARIANA VIEIRA LOREDO
ADI
2025/2026
Validado/Homologado/Deferido
13%
LC 216/16 - art 8º

MARINALDA ANTUNES FRANCO
PEB I
2023/2024
Validado/Homologado/Deferido
13%
LC 216/16 - art 8º

MARISETE APARECIDA MAÇON
PEB I
2023/2025
Validado/Homologado/Deferido
13%
LC 216/16 - art 8º

MARISETE APARECIDA MAÇON
PROF.ADJ.
2023/2025
Validado/Homologado/Deferido
13%
LC 216/16 - art 8º

MATEUS VALENTINO VIVEIROS
PEB I
2023/2025
Validado/Homologado/Deferido
13%
LC 216/16 - art 8º

MEIRE CRISTINA LOURENÇO RIBEIRO
PEB I
2025/2026
Validado/Homologado/Deferido
13 %
LC 216/16 - art 8º

MICHELE ALINE DOS SANTOS NORONHA
PEB I

Validado/Homologado/Deferido
13 %
LC 216/16 - art 8º

NATALICIA FERREIRA DE LIMA
PEB I
2023/2025
Validado/Homologado/Deferido
13 %
LC 216/16 - art 8º

NIVEA PATRICIA CRUZ DE SOUZA
PEB I

Validado/Homologado/Deferido
13%
LC 216/16 - art 8º

OLIVIA TONON MARTINS
PROF.ADJ.

Validado/Homologado/Deferido
13%
LC 216/16 - art 8º

ORISVANDA CORDEIRO
PEB I
2023/2024
Validado/Homologado/Deferido
13 %
LC 216/16 - art 8º

ORISVANDA CORDEIRO
PROF.ADJ.
2023/2024
Validado/Homologado/Deferido
13 %
LC 216/16 - art 8º

PATRICIA PAULO FRANCISCO DE LIMA
ADI

Validado/Homologado/Deferido
13%
LC 216/16 - art 8º

PAULO VILELA DA SILVA
PEB II

Validado/Homologado/Deferido
13%
LC 216/16 - art 8º

PENELOPY PEDROSO CARAMASCHI PANSANATO
PEB I

Validado/Homologado/Deferido
13%
LC 216/16 - art 8º

PENELOPY PEDROSO CARAMASCHI PANSANATO
PEB II

Validado/Homologado/Deferido
13%
LC 216/16 - art 8º

PRISCILA SANTOS HUNGRIA
PEB I
2023/2025
Validado/Homologado/Deferido
13%
LC 216/16 - art 8º

RITA MARIA TINTI DA SILVA
PEB I

Validado/Homologado/Deferido
13%
LC 216/16 - art 8º

ROBERTA INESSA LANÇAS RAMOS
PEB I

Validado/Homologado/Deferido
13 %
LC 216/16 - art 8º

ROBERTA SBRAGIA AURANI
PEB I
2025/2026
Validado/Homologado/Deferido
13 %
LC 216/16 - art 8º

ROSELI MARIANO MONTANHA
PROF.ADJ.
2024/2026
Validado/Homologado/Deferido
13 %
LC 216/16 - art 8º

ROSELY MESSIAS ROCHA SANTOS GIANTOMASO
PROF.ADJ.

Validado/Homologado/Deferido
13 %
LC 216/16 - art 8º

ROSELI PIRES DE ALMEIDA CONTRATES
PEB I
2024/2025
Validado/Homologado/Deferido
13 %
LC 216/16 - art 8º

SANDRA APARECIDA DE ALMEIDA LARA
PEB I

Validado/Homologado/Deferido
13%
LC 216/16 - art 8º

SANDRA HELENA SOUZA LEAL HENRIQUES
PEB I

Validado/Homologado/Deferido
13%
LC 216/16 - art 8º

SANDRA GARCIA
ADI

Validado/Homologado/Deferido
13%
LC 216/16 - art 8º

SANDRA REGINA ALVES VIEIRA
PEB I

Validado/Homologado/Deferido
13%
LC 216/16 - art 8º

SANDRA REGINA BEXIGA GIANETTI
PEB II

Validado/Homologado/Deferido
13%
LC 216/16 - art 8º

SANDRA ROSA MACIEL BELEI
DIRETOR

Validado/Homologado/Deferido
13%
LC 216/16 - art 8º

SANDRA TEREZINHA GOMES POLLO
PEB II

Validado/Homologado/Deferido
13%
LC 216/16 - art 8º

SEILA HELENA CALDEIRA PAREJA
PEB II

Validado/Homologado/Deferido
13%
LC 216/16 - art 8º

SEILA HELENA CALDEIRA PAREJA
PEB I

Validado/Homologado/Deferido
13 %
LC 216/16 - art 8º

SIMONE REGINA MOREIRA DO NASCIMENTO
PROF. ADJ.
2025/2026
Validado/Homologado/Deferido
13%
LC 216/16 - art 8º

SOLANGE DI BRANCO PAULA
ADI

Validado/Homologado/Deferido
13%
LC 216/16 - art 8º

SONIA MARIA DIAS MARTINEZ
PEB I
2023/2024
Validado/Homologado/Deferido
13 %
LC 216/16 - art 8º

TAIS CRISTINA RODRIGUES
PEB I
2023/2025
Validado/Homologado/Deferido
13 %
LC 216/16 - art 8º

THULLIANE DE SOUZA SANT’ANA
PROF.ADJ.
2023/2024

TATIANE CRISTINA BENINI CONCEIÇÃO
PROF.ADJ.

Validado/Homologado/Deferido
13 %
LC 216/16 - art 8º

VALERIA APARECIDA DIAS DE ALMEIDA
PROF. ADJ.

Validado/Homologado/Deferido
13 %
LC 216/16 - art 8º

VALERIA DE PAULA
PEB I
2023/2025
Validado/Homologado/Deferido
13 %
LC 216/16 - art 8º

VANESSA VANILDA DE OLIVEIRA
PROF. ADJ.

Validado/Homologado/Deferido
13%
LC 216/16 - art 8º

VIVIANE REGINA TRISTÃO FERREIRA
PEB II

Validado/Homologado/Deferido
13%
LC 216/16 - art 8º

VIVIAN SILVA RODRIGUES
PEB II
2024/2025
Validado/Homologado/Deferido
13%
LC 216/16 - art 8º
Este conteúdo não substitui o publicado na versão certificada.",https://www.dosp.com.br/exibe_do.php?i=ODI2ODMx,
DOA-008,2026-05-29,2746,Decretos,8758 -  reorganiza conselho municipal dos direitos da criança e do adolescente - cmdca - revoga 8614,Não identificada,,https://www.dosp.com.br/exibe_do.php?i=ODI1NzU3,
DOA-009,2026-05-28,2744,Decretos,8764 - Revoga o decreto 8762-2026 - que designa Thais Francini - responder interinamente pela secretaria da mulher,Não identificada,"Imprensa Oficial - Modo leitura em tela
Abrir Versão do Diário Eletrônico
Abrir Versão do Diário para Impressão
Ir para a lista de edições
IMPRENSA OFICIAL - AVARÉ
Publicado em 28 de maio de 2026 | Edição nº 2744 | Ano X
Entidade: Poder Executivo | Seção: Atos Oficiais | Subseção: Decretos
Decreto nº 8.764, de 28 de maio de 2026.
(Dispõe sobre revogação do Decreto nº 8.762, de 28 de maio de 2026, e dá providências).
ROBERTO DE ARAUJO
, Prefeito da Estância Turística de Avaré, usando das atribuições que lhe são conferidas por Lei,
DECRETA:
Art. 1º
– Fica revogado o Decreto nº 8.762, de 28 de maio de 2028, que dispõe sobre
a designação da Sra.
Thais Francini Christino,
para responder interinamente pela Secretaria Municipal da Mulher e da Família.
Art. 2º
– Este Decreto entrará em vigor na data de sua publicação.
Estância Turística de Avaré, 28 de maio de 2026.
ROBERTO DE ARAUJO
Prefeito
Este conteúdo não substitui o publicado na versão certificada.",https://www.dosp.com.br/exibe_do.php?i=ODI1MTI1,
DOA-010,2026-05-28,2744,Decretos,8763 - RETIFICAÇÃO LEI 3450.2026,Não identificada,"Imprensa Oficial - Modo leitura em tela
Abrir Versão do Diário Eletrônico
Abrir Versão do Diário para Impressão
Ir para a lista de edições
IMPRENSA OFICIAL - AVARÉ
Publicado em 28 de maio de 2026 | Edição nº 2744 | Ano X
Entidade: Poder Executivo | Seção: Atos Oficiais | Subseção: Decretos
Decreto nº 8.763, de 28 de maio de 2026.
(Dispõe sobre a retificação de erro material da medida de área de imóvel público municipal objeto de desafetação e autorização para alienação, em conformidade com a Lei nº 3.450, de 19 de maio de 2026, e dá outras providências.)
ROBERTO DE ARAUJO
, Prefeito Municipal da Estância Turística de Avaré, no uso das atribuições que lhes são conferidas por Lei, e:
CONSIDERANDO
o advento da
Lei Municipal nº 3.450, de 19 de maio de 2026
, que autoriza o Poder Executivo a desafetar e efetuar a alienação do imóvel objeto da matrícula nº 14.978 do Registro de Imóveis e Anexos de Avaré (atualmente matrículas nº 90.858 e 90.859);
CONSIDERANDO
a constatação de erro material quanto à medida em atos administrativos anteriores que versaram sobre a referida área, necessitando de pronta correção para garantir a segurança jurídica do processo licitatório de alienação;
CONSIDERANDO
o princípio da autotutela administrativa, que confere à Administração Pública o poder-dever de rever seus próprios atos quando eivados de vícios ou erros de fato, conforme consolidado pelo Supremo Tribunal Federal na
Súmula nº 473
;
CONSIDERANDO
, por fim, que a Administração deve pautar-se pelo princípio da legalidade estrita, conforme o disposto no
Artigo 37, caput, da Constituição Federal;
DECRETA:
Art. 1º.
Fica retificado, por erro material, a medida que compreende a área total do imóvel público denominado Fazenda ""ONÇA"", autorizado para alienação pela Lei nº 3.450/2026, de modo a conformar os registros administrativos à realidade técnica estabelecida na referida Lei, passando as áreas a serem descritas da seguinte forma:
I – MATRÍCULA: 14.978/90.858 (GLEBA A):
Área total de 158,7584 ha ou 1.587.584 m², com início no vértice FKJ-V-0707, seguindo o perímetro e confrontações detalhados abaixo:
GLEBA A.
Inicia-se a descrição deste perímetro no vértice FKJ-V-0707, de coordenadas (Longitude: 48°55'59,220"", Latitude: -23°02'35,479"" e Altitude: 696,63 m), cravado na confrontação da Fazenda Las Vegas, deste, segue confrontando com Fazenda Las Vegas, Matrícula nº 55.679, CNS: 12.0568, registrado no Cartório de Registro de Imóveis da Comarca de Avaré-SP, propriedade de Espólio de Luiz Aleto Neto, com o seguintes azimute e distância: 104°06' e 15,91 m até o vértice AKV-P-4109, (Longitude: -48°55'58,678"", Latitude: -23°02'35,605"" e Altitude: 696,00 m), cravado a margem do córrego Água da Onça, na confrontação da Fazenda Las Vegas e Chácara Primavera, deste, segue margeando referido córrego, confrontando com a Chácara Primavera, Matrícula nº 81.799, CNS: 12.056-8, registrado no Cartório de Registro de Imóveis da Comarca de Avaré-SP, propriedade de Amilton Leonardo e Selma Trujilo Leonardo, com os seguintes azimutes e distâncias: 143°45' e 23,65 m até o vértice AKV-P-4108, (Longitude: -48°55'58,187"", Latitude: 23°02'36,225"" e Altitude: 696,00 m), 154°59' e 28,08 m até o vértice AKV-P-4107, (Longitude: 48°55'57,770"", Latitude: -23°02'37,052"" e Altitude: 696,00 m), 202°00' e 11,02 m até o vértice AKVP-4106, (Longitude: -48°55'57,915"", Latitude: -23°02'37,384"" e Altitude: 696,00 m), 126°07' e 18,16 m até o vértice AKV-P-4105, (Longitude: -48°55'57,400"", Latitude: -23°02'37,732"" e Altitude: 696,00 m), 58°02' e 27,55 m até o vértice AKV-P-4104, (Longitude: -48°55'56,579"", Latitude: -23°02'37,258"" e Altitude: 696,00 m), 177°56' e 15,05 m até o vértice AKV-M-0451, (Longitude: -48°55'56,560"", Latitude: -23°02'37,747"" e Altitude: 696,90 m), cravado a margem do Ribeirão Água da Onça, na confrontação da Chácara Primavera e na confrontação do Sítio Cascata - I, deste, segue pelo centro do referido Ribeirão Água da Onça, confrontando com Sítio Cascata - I, cadastrado no INCRA sob nº 628.049.004.616-A.T.31,4, Matrícula nº 6.133, CNS: 12.056-8, registrado no Cartório de Registro de Imóveis da Comarca de AvaréSP, propriedade de Lia Hanna Silva, com os seguintes azimutes e distâncias: 253°53' e 20,18 m até o vértice FKJ-V-0708, (Longitude: -48°55'57,241"", Latitude: 23°02'37,929"" e Altitude: 696,49 m), 118°15' e 18,33 m até o vértice FKJ-V-0709, (Longitude: 48°55'56,674"", Latitude: -23°02'38,211"" e Altitude: 696,64 m), 120°18' e 7,26 m até o vértice FKJ-V0710, (Longitude: -48°55'56,454"", Latitude: - 23°02'38,330"" e Altitude: 696,84 m), 180°33' e 17,57 m até o vértice FKJ-V-0711, (Longitude: - 48°55'56,460"", Latitude: -23°02'38,901"" e Altitude: 696,61 m), 59°54' e 20,01 m até o vértice FKJ-V0712, (Longitude: -48°55'55,852"", Latitude: -23°02'38,575"" e Altitude: 696,41 m), 323°57' e 7,11 m até o vértice FKJ-V-0713, (Longitude: -48°55'55,999"", Latitude: -23°02'38,388"" e Altitude: 696,96 m), 40°59' e 9,42 m até o vértice FKJ-V-0714, (Longitude: -48°55'55,782"", Latitude: -23°02'38,157"" e Altitude: 697,13 m), 123°34' e 7,18 m até o vértice FKJ-V-0715, (Longitude: -48°55'55,572"", Latitude: -23°02'38,286"" e Altitude: 697,22 m), 186°09' e 24,94 m até o vértice FKJ-V-0716, (Longitude: - 48°55'55,666"", Latitude: -23°02'39,092"" e Altitude: 696,93 m), 84°07' e 19,26 m até o vértice FKJ-V0717, (Longitude: -48°55'54,993"", Latitude: -23°02'39,028"" e Altitude: 696,97 m), 91°49' e 13,50 m até o vértice FKJ-V-0718, (Longitude: -48°55'54,519"", Latitude: -23°02'39,042"" e Altitude: 698,03 m), 157°52' e 9,60 m até o vértice FKJ-V-0719, (Longitude: -48°55'54,392"", Latitude: -23°02'39,331"" e Altitude: 697,69 m), 237°37' e 5,63 m até o vértice FKJ-V-0720, (Longitude: -48°55'54,559"", Latitude: -23°02'39,429"" e Altitude: 697,78 m), 275°59' e 19,47 m até o vértice FKJ-V-0721, (Longitude: - 48°55'55,239"", Latitude: -23°02'39,363"" e Altitude: 695,72 m), 169°11' e 20,49 m até o vértice FKJ-V0722, (Longitude: -48°55'55,104"", Latitude: -23°02'40,017"" e Altitude: 696,97 m), 139°16' e 4,67 m até o vértice FKJ-V-0723, (Longitude: -48°55'54,997"", Latitude: -23°02'40,132"" e Altitude: 700,65 m), 122°39' e 17,45 m até o vértice FKJ-V-0724, (Longitude: -48°55'54,481"", Latitude: -23°02'40,438"" e Altitude: 698,85 m), 114°38' e 28,79 m até o vértice FKJ-V-0725, (Longitude: -48°55'53,562"", Latitude: -23°02'40,828"" e Altitude: 697,60 m), 66°30' e 8,57 m até o vértice FKJ-V-0726, (Longitude: - 48°55'53,286"", Latitude: -23°02'40,717"" e Altitude: 704,58 m), 122°58' e 17,07 m até o vértice FKJ-V0727, (Longitude: -48°55'52,783"", Latitude: -23°02'41,019"" e Altitude: 695,20 m), 143°51' e 15,73 m até o vértice FKJ-V-0728, (Longitude: -48°55'52,457"", Latitude: -23°02'41,432"" e Altitude: 706,10 m), 250°16' e 24,98 m até o vértice FKJ-V-0729, (Longitude: -48°55'53,283"", Latitude: -23°02'41,706"" e Altitude: 699,53 m), 153°42' e 18,19 m até o vértice FKJ-V-0730, (Longitude: -48°55'53,000"", Latitude: -23°02'42,236"" e Altitude: 697,90 m), 93°08' e 7,30 m até o vértice FKJ-V-0731, (Longitude: - 48°55'52,744"", Latitude: -23°02'42,249"" e Altitude: 698,65 m), 162°48' e 25,63 m até o vértice FKJ-V0732, (Longitude: -48°55'52,478"", Latitude: -23°02'43,045"" e Altitude: 702,24 m), 206°19' e 15,28 m até o vértice FKJ-V-0733, (Longitude: -48°55'52,716"", Latitude: -23°02'43,490"" e Altitude: 705,02 m), 167°30' e 13,42 m até o vértice FKJ-V-0734, (Longitude: -48°55'52,614"", Latitude: -23°02'43,916"" e Altitude: 698,99 m), 158°37' e 23,13 m até o vértice FKJ-V-0735, (Longitude: -48°55'52,318"", Latitude: -23°02'44,616"" e Altitude: 700,95 m), 174°25' e 20,80 m até o vértice FKJ-V-0736, (Longitude: - 48°55'52,247"", Latitude: -23°02'45,289"" e Altitude: 699,26 m), 290°01' e 7,82 m até o vértice FKJ-V0737, (Longitude: -48°55'52,505"", Latitude: -23°02'45,202"" e Altitude: 697,12 m), 208°49' e 29,46 m até o vértice FKJ-V-0738, (Longitude: -48°55'53,004"", Latitude: -23°02'46,041"" e Altitude: 698,13 m), 93°33' e 17,34 m até o vértice FKJ-V-0739, (Longitude: -48°55'52,396"", Latitude: -23°02'46,076"" e Altitude: 702,04 m), 56°28' e 11,03 m até o vértice FKJ-V-0740, (Longitude: -48°55'52,073"", Latitude: -23°02'45,878"" e Altitude: 700,91 m), 119°01' e 12,11 m até o vértice FKJ-V-0741, (Longitude: - 48°55'51,701"", Latitude: -23°02'46,069"" e Altitude: 703,82 m), 160°49' e 9,71 m até o vértice FKJ-V0742, (Longitude: -48°55'51,589"", Latitude: -23°02'46,367"" e Altitude: 701,69 m), 214°07' e 14,16 m até o vértice FKJ-V-0743, (Longitude: -48°55'51,868"", Latitude: -23°02'46,748"" e Altitude: 702,03 m), 252°34' e 18,08 m até o vértice FKJ-V-0744, (Longitude: -48°55'52,474"", Latitude: -23°02'46,924"" e Altitude: 698,91 m), 162°49' e 35,58 m até o vértice FKJ-V-0745, (Longitude: -48°55'52,105"", Latitude: -23°02'48,029"" e Altitude: 700,64 m), 144°18' e 12,69 m até o vértice FKJ-V-0746, (Longitude: - 48°55'51,845"", Latitude: -23°02'48,364"" e Altitude: 698,54 m), 50°33' e 25,62 m até o vértice FKJ-V0747, (Longitude: -48°55'51,150"", Latitude: -23°02'47,835"" e Altitude: 702,24 m), 100°28' e 2,20 m até o vértice FKJ-V-0748, (Longitude: -48°55'51,074"", Latitude: -23°02'47,848"" e Altitude: 699,33 m), 166°37' e 6,77 m até o vértice FKJ-V-0749, (Longitude: -48°55'51,019"", Latitude: -23°02'48,062"" e Altitude: 698,62 m), 176°56' e 13,34 m até o vértice FKJ-V-0750, (Longitude: -48°55'50,994"", Latitude: -23°02'48,495"" e Altitude: 692,92 m), 117°52' e 15,07 m até o vértice FKJ-V-0751, (Longitude: - 48°55'50,526"", Latitude: -23°02'48,724"" e Altitude: 698,36 m), 183°16' e 17,97 m até o vértice FKJ-V0752, (Longitude: -48°55'50,562"", Latitude: -23°02'49,307"" e Altitude: 698,50 m), 86°07' o vértice FKJ-V-0753, (Longitude: -48°55'50,132"", Latitude: -23°02'49,280"" e Altitude: 698,76 m), 152°53' e 14,24 m até o vértice FKJ-V-0754, (Longitude: -48°55'49,904"", Latitude: -23°02'49,692"" e Altitude: 698,71 m), 158°35' e 19,50 m até o vértice FKJ-V-0755, (Longitude: -48°55'49,654"", Latitude: -23°02'50,282"" e Altitude: 698,78 m), 112°55' e 27,02 m até o vértice FKJ-V-0756, (Longitude: - 48°55'48,780"", Latitude: -23°02'50,624"" e Altitude: 699,17 m), 94°32' e 21,74 m até o vértice FKJ-V0757, (Longitude: -48°55'48,019"", Latitude: -23°02'50,680"" e Altitude: 699,38 m), 115°53' e 16,49 m até o vértice FKJ-V-0758, (Longitude: -48°55'47,498"", Latitude: -23°02'50,914"" e Altitude: 699,41 m), 114°42' e 11,41 m até o vértice FKJ-V-0759, (Longitude: -48°55'47,134"", Latitude: -23°02'51,069"" e Altitude: 699,88 m), 137°03' e 6,98 m até o vértice FKJ-V-0760, (Longitude: -48°55'46,967"", Latitude: -23°02'51,235"" e Altitude: 699,66 m), 168°43' e 25,19 m até o vértice FKJ-V-0761, (Longitude: - 48°55'46,794"", Latitude: -23°02'52,038"" e Altitude: 698,90 m), 96°00' e 7,93 m até o vértice FKJ-V0762, (Longitude: -48°55'46,517"", Latitude: -23°02'52,065"" e Altitude: 700,12 m), 68°24' e 8,70 m até o vértice FKJ-V-0763, (Longitude: -48°55'46,233"", Latitude: -23°02'51,961"" e Altitude: 700,21 m), 134°46' e 1,97 m até o vértice FKJ-V-0764, (Longitude: -48°55'46,184"", Latitude: -23°02'52,006"" e Altitude: 700,18 m), 191°16' e 27,67 m até o vértice FKJ-V-0765, (Longitude: -48°55'46,374"", Latitude: -23°02'52,888"" e Altitude: 699,36 m), 222°01' e 11,06 m até o vértice FKJ-V-0766, (Longitude: -48°55'46,634"", Latitude: -23°02'53,155"" e Altitude: 699,35 m), 174°16' e 12,00 m até o vértice FKJ-V0767, (Longitude: -48°55'46,592"", Latitude: -23°02'53,543"" e Altitude: 699,60 m), 197°21' e 22,05 m até o vértice FKJ-V-0768, (Longitude: -48°55'46,823"", Latitude: -23°02'54,227"" e Altitude: 700,56 m), 159°04' e 8,53 m até o vértice FKJ-V-0769, (Longitude: -48°55'46,716"", Latitude: -23°02'54,486"" e Altitude: 700,69 m), 107°22' e 26,79 m até o vértice FKJ-V-0770, (Longitude: -48°55'45,818"", Latitude: -23°02'54,746"" e Altitude: 700,76 m), 99°16' e 11,83 m até o vértice FKJ-V-0771, (Longitude: - 48°55'45,408"", Latitude: -23°02'54,808"" e Altitude: 700,76 m), 143°16' e 18,23 m até o vértice FKJ-V0772, (Longitude: -48°55'45,025"", Latitude: -23°02'55,283"" e Altitude: 700,23 m), 145°30' e 11,01 m até o vértice FKJ-V-0773, (Longitude: -48°55'44,806"", Latitude: -23°02'55,578"" e Altitude: 700,80 m), 145°19' e 3,40 m até o vértice FKJ-V-0774, (Longitude: -48°55'44,738"", Latitude: -23°02'55,669"" e Altitude: 700,99 m), cravado no centro do Ribeirão Água da Onça, na confrontação do Sítio Cascata – I, e na confrontação da Estrada Municipal – AVR 152, deste, segue margeando a referida Estrada Municipal - AVR 152, propriedade de Prefeitura Municipal de Avaré-SP, com os seguintes azimutes e distâncias: 222°51' e 32,90 m até o vértice FKJ-V-0775, (Longitude: -48°55'45,524"", Latitude: - 23°02'56,453"" e Altitude: 702,61 m), 224°08' e 67,74 m até o vértice FKJ-V-0776, (Longitude: - 48°55'47,181"", Latitude: -23°02'58,033"" e Altitude: 706,54 m), 219°00' e 80,93 m até o vértice FKJ-V0777, (Longitude: -48°55'48,970"", Latitude: -23°03'00,077"" e Altitude: 714,36 m), 210°57' e 78,89 m até o vértice FKJ-V-0778, (Longitude: -48°55'50,395"", Latitude: -23°03'02,276"" e Altitude: 721,99 m), 209°35' e 79,81 m até o vértice FKJ-V-0779, (Longitude: -48°55'51,779"", Latitude: -23°03'04,532"" e Altitude: 728,79 m), 206°43' e 108,61 m até o vértice FKJ-V-0780, (Longitude: -48°55'53,495"", Latitude: -23°03'07,685"" e Altitude: 734,00 m), 199°04' e 22,40 m até o vértice FKJ-V-0781, (Longitude: -48°55'53,752"", Latitude: -23°03'08,373"" e Altitude: 733,31 m), 182°16' e 20,85 m até o vértice FKJ-V0782, (Longitude: -48°55'53,781"", Latitude: -23°03'09,050"" e Altitude: 733,51 m), 162°52' e 20,02 m até o vértice FKJ-V-0783, (Longitude: -48°55'53,574"", Latitude: -23°03'09,672"" e Altitude: 733,71 m), 133°18' e 14,40 m até o vértice FKJ-V-0784, (Longitude: -48°55'53,206"", Latitude: -23°03'09,993"" e Altitude: 733,92 m), 121°29' e 31,52 m até o vértice FKJ-V-0785, (Longitude: -48°55'52,262"", Latitude: -23°03'10,528"" e Altitude: 734,51 m), 131°34' e 16,97 m até o vértice FKJ-V-0786, (Longitude: - 48°55'51,816"", Latitude: -23°03'10,894"" e Altitude: 735,44 m), 145°21' e 23,89 m até o vértice FKJ-V0787, (Longitude: -48°55'51,339"", Latitude: -23°03'11,533"" e Altitude: 736,87 m), 164°15' e 21,42 m até o vértice FKJ-V-0788, (Longitude: -48°55'51,135"", Latitude: -23°03'12,203"" e Altitude: 737,64 m), 173°49' e 46,26 m até o vértice FKJ-V-0789, (Longitude: -48°55'50,960"", Latitude: -23°03'13,698"" e Altitude: 739,62 m), 175°28' e 44,07 m até o vértice FKJ-V-0790, (Longitude: -48°55'50,838"", Latitude: -23°03'15,126"" e Altitude: 742,01 m), 177°37' e 92,78 m até o vértice FKJ-V-0791, (Longitude: - 48°55'50,703"", Latitude: -23°03'18,139"" e Altitude: 746,31 m), 177°33' e 151,69 m até o vértice FKJ-V0792, (Longitude: -48°55'50,476"", Latitude: -23°03'23,065"" e Altitude: 750,81 m), 177°32' e 75,45 m até o vértice FKJ-V-0793, (Longitude: -48°55'50,362"", Latitude: -23°03'25,515"" e Altitude: 752,26 m), 181°30' e 125,05 m até o vértice FKJ-V-0794, (Longitude: -48°55'50,477"", Latitude: -23°03'29,578"" e Altitude: 752,57 m), 183°22' e 39,70 m até o vértice FKJ-V-0795, (Longitude: -48°55'50,559"", Latitude: -23°03'30,866"" e Altitude: 752,15 m), 186°48' e 81,12 m até o vértice FKJ-V-0796, (Longitude: -48°55'50,897"", Latitude: -23°03'33,484"" e Altitude: 749,46 m), 186°36' e 60,12 m até o vértice FKJ-V-0817, (Longitude: -48°55'51,140"", Latitude: -23°03'35,425"" e Altitude: 751,02 m), 186°31' e 9,79 m até o vértice FKJ-V-0797, (Longitude: - 48°55'51,179"", Latitude: -23°03'35,741"" e Altitude: 751,27 m), 185°17' e 97,67 m até o vértice FKJ-V0798, (Longitude: -48°55'51,495"", Latitude: -23°03'38,902"" e Altitude: 753,00 m), cravado a margem da referida Estrada Municipal – AVR 152, e na confrontação da Fazenda Onça – Área 01, deste, segue confrontando com Fazenda Onça - Área 01, Matrícula nº 56.717, CNS: 12.056-8, registrado no Cartório de Registro de Imóveis da Comarca Avaré-SP, propriedade da Companhia Luz e Força ""Santa Cruz"", com os seguintes azimutes e distâncias: 254°30' e 2,30 m até o vértice FKJ-M-0239, (Longitude: -48°55'51,573"", Latitude: -23°03'38,922"" e Altitude: 753,12 m), 254°28' e 365,17 m até o vértice FKJ-M-0240, (Longitude: -48°56'03,932"", Latitude: 23°03'42,098"" e Altitude: 767,24 m), 164°23' e 16,19 m até o vértice FKJ-V-0818, (Longitude: 48°56'03,779"", Latitude: -23°03'42,605"" e Altitude: 767,31 m), 164°25' e 159,76 m até o vértice FKJV-0799, (Longitude: - 48°56'02,272"", Latitude: -23°03'47,607"" e Altitude: 767,97 m), cravado na confrontação da Fazenda Onça - Área 01, e na confrontação da Fazenda Lazareto, Matrícula 65.454, deste, segue confrontando com Fazenda Lazzaretos, cadastrado no INCRA sob nº 633.054.035.521-7, Matrícula nº 65.454, registrado no Cartório de Registro de Imóveis da Comarca de Avaré-SP, propriedade de Hildegard Bannwart Cezar, Ernaldo Cezar Filho, Berta Rosmaria Bannwart, Conrado Alberto Bannwart Mortean, Luciana Uliana Mortean, Eduardo Amaral Bannwart, Jéssica Giselle Fogaça Bannwart, Marylen Bannwart, Ricardo Amaral Bannwart, e Hans Klaus Bannwart Amorim, com os seguintes azimutes e distâncias: 241°06' e 8,98 m até o vértice FKJ-M-0241, (Longitude: -48°56'02,548"", Latitude: - 23°03'47,748"" e Altitude: 767,21 m), 241°08' e 41,51 m até o vértice FKJ-M-0242, (Longitude: - 48°56'03,825"", Latitude: 23°03'48,399"" e Altitude: 768,08 m), cravado na confrontação da Fazenda Lazzaretos, Matricula nº 65.454, e na confrontação da Fazenda Lazzaretos – Gleba sem denominação, Matrícula nº 64.776, deste, segue confrontando com Fazenda Lazzaretos - Gleba sem denominação, cadastrado no INCRA sob nº633.054.035.521-7, Matrícula nº 64.776, CNS: 12.056-8, registrado no Cartório de Registro de Imóveis da Comarca de Avaré-SP, propriedade de João Ricardo Bannwart, e Elietina Maria do Amaral Bannwart, com os seguintes azimutes e distâncias: 241°55' e 39,24 m até o vértice -D-0001, 345°31' e 224,40 m até o vértice -D-0002, cravado na confrontação com a Gleba A, com os seguintes azimutes e distâncias: 246°19' e 46,69 m até o vértice -D-0003, 238°40' e 119,80 m até o vértice -D-0004, cravado na confrontação com a Gleba A, com os seguintes azimutes e distâncias: 328°47' e 0,25 m até o vértice FKJ-M-0237, (Longitude: -48°56'12,267"", Latitude: -23°03'44,714"" e Altitude: 767,18 m), cravado na confrontação da Fazenda Lazzaretos – Gleba sem denominação, Matrícula nº 55.326, e na confrontação do Sítio Santa Catarina, deste, segue confrontando com Sítio Santa Catarina, cadastrado no INCRA sob nº 629.049.002.860-9, Matrícula nº 65.806, CNS: 12.056-8, registrado no Cartório de Registro de Imóveis da Comarca de Avaré-SP, propriedade de Berta Rosmaria Bannwart, com os seguintes azimutes e distâncias: 328°32' e 119,07 m até o vértice FKJ-V-0809 até o vértice FKJ-V-0809, (Longitude: -48°56'14,450"", Latitude: -23°03'41,413"" e Altitude: 766,31 m), 328°32' e 367,32 m até o vértice FKJ-M-0236, (Longitude: -48°56'21,182"", Latitude: -23°03'31,228"" e Altitude: 763,64 m), 328°12' e 508,04 m até o vértice FKJ-M-0235, (Longitude: -48°56'30,584"", Latitude: -23°03'17,193"" e Altitude: 765,80m), cravado na confrontação do Sítio Santa Catarina, e na confrontação da Fazenda Las Vegas, deste, segue confrontando com Fazenda Las Vegas, cadastrado no INCRA sob nº 629.049.004.103-6, Matrícula nº 55.679, CNS: 12.056-8, registrado no Cartório de Registro de Imóveis da Comarca de Avaré-SP, propriedade de Espólio de Luiz Aleto Neto, com os seguintes azimutes e distâncias: 35°11' e 20,40 m até o vértice FKJ-V-0821, (Longitude: 48°56'30,171"", Latitude: -23°03'16,651"" e Altitude: 765,65 m), 35°09' e 512,15 m até o vértice FKJM-0247, (Longitude: -48°56'19,813"", Latitude: -23°03'03,041"" e Altitude: 761,88 m), 34°42' e 781,52 m até o vértice FKJ-M0248, (Longitude: -48°56'04,182"", Latitude: -23°02'42,160"" e Altitude: 717,13 m), 34°30' e 223,13 m até o vértice FKJ-M-0249, (Longitude: -48°55'59,743"", Latitude: 23°02'36,183"" e Altitude: 698,07 m), 34°30' e 26,28 m até o vértice FKJ-V-0707, ponto inicial da descrição deste perímetro retirando uma área de 30.000,00m² / 3,0008ha para desmembramento.
Art. 2º.
A retificação objeto deste Decreto retroage seus efeitos à data da publicação dos atos administrativos retificados, mantendo-se inalteradas as demais disposições que não conflitem com as novas medições ora estabelecidas.
Art. 3º.
Fica o Setor de Patrimônio Municipal autorizado a proceder com as anotações necessárias nos processos administrativos de licitação bem como notificar o Cartório de Registro de Imóveis e Anexos da Comarca de Avaré para as devidas averbações e providências legais.
Art. 4º.
Este Decreto entrará em vigor na data de sua publicação, revogadas as disposições em contrário.
Prefeitura da Estância Turística de Avaré, 27 de maio de 2026.
ROBERTO DE ARAUJO
PREFEITO
Este conteúdo não substitui o publicado na versão certificada.",https://www.dosp.com.br/exibe_do.php?i=ODI1MTI1,
DOA-011,2026-05-28,2744,Decretos,8764 - nomeação Pamela Fernanda Ferreira Dias  - Secretária da Mulher e Família,Não identificada,"Imprensa Oficial - Modo leitura em tela
Abrir Versão do Diário Eletrônico
Abrir Versão do Diário para Impressão
Ir para a lista de edições
IMPRENSA OFICIAL - AVARÉ
Publicado em 28 de maio de 2026 | Edição nº 2744 | Ano X
Entidade: Poder Executivo | Seção: Atos Oficiais | Subseção: Decretos
Decreto nº 8.765, de 28 de maio de 2026.
(Dispõe sobre nomeação de Secretário Municipal e dá outras providências)
ROBERTO DE ARAUJO
, Prefeito da Estância Turística de Avaré, usando das atribuições que lhe são conferidas por lei,
DECRETA:
Artigo 1º.
Fica nomeada, a partir de 28 de maio de 2026
, a Sra. PAMELA FERNANDA FERREIRA DIAS,
para exercer as atribuições do cargo de
SECRETÁRIA MUNICIPAL DA MULHER e da FAMÍLIA,
nos termos do Anexo III, da Lei Complementar nº 126, de 02 de junho de 2010, alterada através da Lei Complementar nº 297, de 29 de novembro de 2022 e da Lei Complementar nº 343, de 20 de janeiro de 2025.
Artigo 2º.
O servidor municipal será responsável civil, criminal e administrativamente por atos que praticar no exercício da função do cargo, ou a pretexto de exercê-los, nos termos do artigo 90 da L.O.M.
Artigo 3º.
Este Decreto entrará em vigor na data de sua publicação.
Prefeitura da Estância Turística de Avaré, em 28 de maio de 2026
ROBERTO DE ARAUJO
Prefeito
Este conteúdo não substitui o publicado na versão certificada.",https://www.dosp.com.br/exibe_do.php?i=ODI1MTI1,
DOA-012,2026-05-28,2743,Decretos,8762 - Nomeia Thais Francini - Secretária da Mulher e da Familia - responder interinamente em 28 05 26,Não identificada,"Imprensa Oficial - Modo leitura em tela
Abrir Versão do Diário Eletrônico
Abrir Versão do Diário para Impressão
Ir para a lista de edições
IMPRENSA OFICIAL - AVARÉ
Publicado em 28 de maio de 2026 | Edição nº 2743 | Ano X
Entidade: Poder Executivo | Seção: Atos Oficiais | Subseção: Decretos
Decreto nº 8.762, de 28 de maio de 2026.
(Dispõe sobre a designação da Sra.
Thais Francini Christino,
para responder interinamente pela Secretaria Municipal da Mulher e da Família, e dá outras providências).
ROBERTO DE ARAUJO
, Prefeito da Estância Turística de Avaré, usando das atribuições que lhe são conferidas por lei e,
CONSIDERANDO
a necessidade de designação de responsável interino pela Secretaria Municipal da Mulher e da Família, visando à continuidade das atividades administrativas do Município;
DECRETA:
Artigo 1º.
Fica designada, a partir de 28 de maio de 2026, a Sra.
THAIS FRANCINI CHRISTINO,
Secretária Municipal de Cultura, para
responder interinamente
pelas ações da Secretaria Municipal da Mulher e da Família, exercendo cumulativamente as atribuições de ambas as Secretarias.
Artigo 2º.
Pela acumulação das atribuições descritas no artigo anterior, não decorrerá à designada qualquer direito a acréscimo remuneratório, permanecendo a percepção dos subsidios correspondentes ao cargo de Secretária Municipal de Cultura.
Artigo 3º.
A servidora municipal responderá civil, criminal e administrativamente pelos atos que praticar no exercício da função ou a pretexto de exercê-la, nos termos do artigo 90 da Lei Orgânica do Município.
Artigo 4º.
Este Decreto entrará em vigor na data de sua publicação.
Prefeitura da Estância Turística de Avaré, em 28 de maio de 2026.
ROBERTO DE ARAUJO
Prefeito
Este conteúdo não substitui o publicado na versão certificada.",https://www.dosp.com.br/exibe_do.php?i=ODI0NzI0,
DOA-013,2026-05-27,2742,Leis,3453 - Autoriza o poder executivo desafetar e doar bens imóveis para fins exclusivos de implantação de empreendimentos habitacionais,Não identificada,"Imprensa Oficial - Modo leitura em tela
Abrir Versão do Diário Eletrônico
Abrir Versão do Diário para Impressão
Ir para a lista de edições
IMPRENSA OFICIAL - AVARÉ
Publicado em 27 de maio de 2026 | Edição nº 2742 | Ano X
Entidade: Poder Executivo | Seção: Atos Oficiais | Subseção: Leis
Lei nº 3.453, de 26 de maio de 2026.
Dispõe sobre autorização ao Poder Executivo para desafetar e realizar alienação por meio de doação de bens imóveis de seu patrimônio para fins exclusivos de implantação de empreendimentos habitacionais de interesse social no âmbito do Programa Municipal de Habitação de Interesse Social (PMHIS Avaré), e dá outras providências.
Autoria: Prefeito Municipal (Projeto de Lei nº 95/2026).
ROBERTO DE ARAUJO
, Prefeito da Estância Turística de Avaré, usando das atribuições que lhe são conferidas por lei,
Faço saber que a Câmara Municipal da Estância Turística de Avaré aprovou e eu sanciono e promulgo a seguinte Lei:
TÍTULO I
DA AUTORIZAÇÃO, FINALIDADE E VINCULAÇÃO LEGAL
CAPÍTULO I
DA AUTORIZAÇÃO LEGISLATIVA E DA DESTINAÇÃO SOCIAL
Art. 1º
Ficam desafetadas, na integralidade, para fins de alteração de uso de bem público de uso comum para bem dominical, as áreas institucionais de propriedade do Município da Estância Turística de Avaré, os seguintes bens imóveis, objetos das seguintes matrículas registradas no Livro nº 2 do Registro Geral do Cartório de Registro de Imóveis e Anexos da Comarca de Avaré:
I – Matrícula nº
71.942
: SISTEMA DE LAZER 01, do loteamento RESIDENCIAL SÃO ROGÉRIO, com área total de 3.249,16m²;
II – Matrícula nº
71.944
: ÁREA INSTITUCIONAL, do loteamento RESIDENCIAL SÃO ROGÉRIO, com área total de 5.469,82m²;
III – Matrícula nº
71.945
: ÁREA INSTITUCIONAL 02, do loteamento RESIDENCIAL SÃO ROGÉRIO, com área total de 8.738,72m²;
IV – Matrícula nº
78.813
: ÁREA INSTITUCIONAL, do loteamento RESIDENCIAL ÁGUA BRANCA II, com área total de 7.639,42 m²;
V – Matrícula nº
79.255
: ÁREA INSTITUCIONAL 01, do loteamento RESIDENCIAL ÁGUA BRANCA I, com área total de 10.021,46m²;
VI – Matrícula nº
80.021
: ÁREA INSTITUCIONAL 02, do loteamento VILLA JATOBÁ, com área total de 3.408,50m²;
VII – Matrícula nº
84.271
: ÁREA INSTITUCIONAL 02, do loteamento TERRAS DE SÃO JOSÉ, com área total de 6.024,67m²;
VIII – Matrícula nº
91.120
: ÁREA INSTITUCIONAL 05, do loteamento TERRAS DE SÃO JOSÉ, com área total de 4.606,83m²;
IX – Matrícula nº
91.234
: ÁREA INSTITUCIONAL 01, do loteamento TERRAS DE SÃO JOSÉ, com área total de 3.813,66m²;
X – Matrícula nº
91.235
: ÁREA INSTITUCIONAL 03, do loteamento TERRAS DE SÃO JOSÉ, com área total de 1.688,76m²;
XI – Matrícula nº
91.236
: ÁREA INSTITUCIONAL 04, do loteamento TERRAS DE SÃO JOSÉ, com área total de 2.416,90m²;
XII – Matrícula nº
91.237
: ÁREA INSTITUCIONAL 06, do loteamento TERRAS DE SÃO JOSÉ, com área total de 3.295,70m²;
XIII – Matrícula nº
91.238
: ÁREA INSTITUCIONAL 07, do loteamento TERRAS DE SÃO JOSÉ, com área total de 5.116,68m²;
XIV – Matrícula nº
94.622
: SISTEMA DE LAZER, do loteamento RESERVA CENTRAL PARQUE II, com área total de 6.304,00m²;
XV – Matrícula nº
94.623
: ÁREA INSTITUCIONAL 01, do loteamento RESERVA CENTRAL PARQUE II, com área total de 2.925,24m²;
XVI – Matrícula nº
94.624
: ÁREA INSTITUCIONAL 02, do loteamento RESERVA CENTRAL PARQUE II, com área total de 3.378,76m².
Art. 2º
Fica o Poder Executivo do Município da Estância Turística de Avaré, por meio de seus órgãos competentes, notadamente a Secretaria Municipal de Habitação, devidamente autorizado a promover a alienação por meio de doação, com encargos, de áreas específicas de seu patrimônio para a implantação de empreendimentos destinados exclusivamente ao Programa Municipal de Habitação de Interesse Social da Estância Turística de Avaré (PMHIS Avaré), instituído pelo Decreto Municipal nº 8.572/2025, e em articulação prioritária com as políticas habitacionais de cunho federal e estadual, que visem o atendimento das famílias de baixa e baixíssima renda.
Parágrafo único
. A presente autorização legislativa para a alienação na modalidade de doação é concedida em reconhecimento à função social da propriedade urbana e da cidade, conforme preceituado na Constituição Federal e na Lei Federal nº 10.257, de 10 de julho de 2001, Estatuto da Cidade, e se fundamenta no superior e inadiável interesse público de minorar o acentuado déficit habitacional do Município, conferindo concretude ao direito fundamental à moradia digna.
Art. 3º
O ato de alienação por meio de doação deverá ter sua finalidade estritamente vinculada à construção de unidades habitacionais voltadas para o atendimento das famílias elegíveis e devidamente cadastradas no Cadastro Municipal de Habitação (CMH), conforme os critérios de elegibilidade e priorização estabelecidos nos Capítulos V e VI do Decreto Municipal nº 8.572/2025, sendo a destinação final das unidades obrigatoriamente direcionada às famílias que se enquadrem nas Faixas 1 ou 2 de renda dos programas federais vigentes, salvo justificativa social e técnica fundamentada e aprovada pelo Conselho Municipal de Habitação de Interesse Social (COMHIS).
TÍTULO II
DA ESPECIFICAÇÃO DOS BENS IMÓVEIS OBJETO DA
ALIENAÇÃO POR MEIO DE DOAÇÃO
Art. 4º
A autorização de que trata o Artigo 2º desta Lei, abrange áreas de propriedade do Município da Estância Turística de Avaré, conforme levantamento prévio de viabilidade técnica e social realizado pelo Órgão Gestor do PMHIS Avaré, e que se encontram aptas à destinação para a construção de moradias populares, conforme matrículas registradas no Livro nº 2 do Registro Geral do Cartório de Registro de Imóveis e Anexos da Comarca de Avaré:
I – Matrícula nº
59.312
: imóvel denominado RESIDENCIAL CAMARGO, com área total de 35.453,57 m² (trinta e cinco mil, quatrocentos e cinquenta e três metros e cinquenta e sete centímetros quadrados), avaliado em R$ 7.100.000,00 (sete milhões e cem mil reais);
II – Matrícula nº
71.942
: imóvel denominado RESIDENCIAL SÃO ROGÉRIO, com área total de 3.249,16 m² (três mil, duzentos e quarenta e nove metros e dezesseis centímetros quadrados), avaliado em R$ 1.300.000,00 (um milhão e trezentos mil reais);
III – Matrícula nº
71.944
: imóvel denominado RESIDENCIAL SÃO ROGÉRIO, com área total de 5.469,82 m² (cinco mil, quatrocentos e sessenta e nove metros e oitenta e dois centímetros quadrados), avaliado em R$ 2.200.000,00 (dois milhões e duzentos mil reais);
IV – Matrícula nº
71.945
: imóvel denominado RESIDENCIAL SÃO ROGÉRIO, com área total de 8.738,72 m² (oito mil, setecentos e trinta e oito metros e setenta e dois centímetros quadrados), avaliado em R$ 3.500.000,00 (três milhões e quinhentos mil reais);
V – Matrícula nº
78.813
: imóvel denominado RESIDENCIAL ÁGUA BRANCA II, com área total de 7.639,42 m² (sete mil e seiscentos e trinta e nove metros e quarenta e dois centímetros quadrados), avaliado em R$ 1.550.000,00 (um milhão e quinhentos e cinquenta mil reais);
VI – Matrícula nº
79.255
: imóvel denominado RESIDENCIAL ÁGUA BRANCA I, com área total de 10.021,46 m² (dez mil e vinte e um metros e quarenta e seis centímetros quadrados), avaliado em R$ 3.000.000,00 (três milhões de reais);
VII – Matrícula nº
79.256
: imóvel denominado RESIDENCIAL ÁGUA BRANCA I, com área total de 7.602,64 m² (sete mil, seiscentos e dois metros e sessenta e quatro centímetros quadrados), avaliado em R$ 1.530.000,00 (um milhão e quinhentos e trinta mil reais);
VIII – Matrícula nº
80.021
: imóvel denominado VILA JATOBÁ, com área total de 3.408,50 m² (três mil, quatrocentos e oito metros e cinquenta centímetros quadrados), avaliado em R$ 680.000,00 (seiscentos e oitenta mil reais);
IX – Matrícula nº
84.271
: imóvel denominado TERRAS DE SÃO JOSÉ, com área total de 6.024,67 m² (seis mil e vinte e quatro metros e sessenta e sete centímetros quadrados), avaliado em R$ 1.206.000,00 (um milhão e duzentos e seis mil reais);
X – Matrícula nº
91.120
: imóvel denominado TERRAS DE SÃO JOSÉ, com área total de 4.606,63 m² (quatro mil, seiscentos e seis metros e sessenta e três centímetros quadrados), avaliado em R$ 920.000,00 (novecentos e vinte mil reais);
XI – Matrícula nº
91.121
: imóvel denominado TERRAS DE SÃO JOSÉ, com área total de 1.358,58 m² (um mil, trezentos e cinquenta e oito metros e cinquenta e oito centímetros quadrados), avaliado em R$ 275.000,00 (duzentos e setenta e cinco mil reais);
XII – Matrícula nº
91.122
: imóvel denominado TERRAS DE SÃO JOSÉ, com área total de 1.358,58 m² (um mil, trezentos e cinquenta e oito metros e cinquenta e oito centímetros quadrados), avaliado em R$ 275.000,00 (duzentos e setenta e cinco mil reais);
XIII – Matrícula nº
91.123
: imóvel denominado TERRAS DE SÃO JOSÉ, com área total de 901,49 m² (novecentos e um metros e quarenta e nove centímetros quadrados), avaliado em R$ 180.000,00 (cento e oitenta mil reais);
XIV – Matrícula nº
91.124
: imóvel denominado TERRAS DE SÃO JOSÉ, com área total de 900,58 m² (novecentos metros e cinquenta e oito centímetros quadrados), avaliado em R$ 180.000,00 (cento e oitenta mil reais);
XV – Matrícula nº
91.234
: imóvel denominado TERRAS DE SÃO JOSÉ, com área total de 3.813,66 m² (três mil, oitocentos e treze metros e sessenta e seis centímetros quadrados), avaliado em R$ 765.000,00 (setecentos e sessenta e cinco mil reais);
XVI – Matrícula nº
91.235
: imóvel denominado TERRAS DE SÃO JOSÉ, com área total de 1.688,76 m² (um mil, seiscentos e oitenta e oito metros e setenta e seis centímetros quadrados), avaliado em R$ 485.000,00 (quatrocentos e oitenta e cinco mil reais);
XVII – Matrícula nº
91.236
: imóvel denominado TERRAS DE SÃO JOSÉ, com área total de 2.416,90 m² (dois mil, quatrocentos e dezesseis metros e noventa centímetros quadrados), avaliado em R$ 3.296.000,00 (três milhões, duzentos e noventa e seis mil reais);
XVIII – Matrícula nº
91.237
: imóvel denominado TERRAS DE SÃO JOSÉ, com área total de 3.295,70 m² (três mil, duzentos e noventa e cinco metros e setenta centímetros quadrados), avaliado em R$ 660.000,00 (seiscentos e sessenta mil reais);
XIX – Matrícula nº
91.238
: imóvel denominado TERRAS DE SÃO JOSÉ, com área total de 5.116,68 m² (cinco mil, cento e dezesseis metros e sessenta e oito centímetros quadrados), avaliado em R$ 1.025.000,00 (um milhão e vinte e cinco mil reais);
XX – Matrícula nº
94.622
: imóvel denominado RESERVA CENTRAL PARQUE II, com área total de 6.304,00 m² (seis mil, trezentos e quatro metros quadrados), avaliado em R$ 1.330.000,00 (um milhão e trezentos e trinta mil reais);
XXI – Matrícula nº
94.623
: imóvel denominado RESERVA CENTRAL PARQUE II, com área total de 2.925,24 m² (dois mil, novecentos e vinte e cinco metros e vinte e quatro centímetros quadrados), avaliado em R$ 615.000,00 (seiscentos e quinze mil reais);
XXII – Matrícula nº
94.624
: imóvel denominado RESERVA CENTRAL PARQUE II, com área total de 3.378,76 m² (três mil, trezentos e setenta e oito metros e setenta e seis centímetros quadrados), avaliado em R$ 700.000,00 (setecentos mil reais);
XXIII - Matrícula nº
95.294
: imóvel denominado RESIDENCIAL CAMARGO, com área total de 17.202,51 m² (dezessete mil, duzentos e dois metros e cinquenta e um centímetros quadrados), avaliado em R$ 3.450.000,00 (três milhões e quatrocentos e cinquenta mil reais);
XXIV – Matrícula nº
96.687
: imóvel denominado CHÁCARA PRATÂNIA, com área total de 48.976,51 m² (quarenta e oito mil, novecentos e setenta e seis metros e cinquenta e um centímetros quadrados), avaliado em R$ 1.500.000.00 (um milhão e quinhentos mil reais);
XXV – Matrícula nº
96.688
: imóvel denominado CHÁCARA PRATÂNIA, com área total de 148.962,80 m² (cento e quarenta e oito mil, novecentos e sessenta e dois metros e oitenta centímetros quadrados), avaliado em R$ 1.200.000.00 (um milhão e duzentos mil reais).
Parágrafo único
. A alienação por meio de doação de que trata o caput deste artigo poderá ser efetivada de forma total ou parcelada, a depender da necessidade e da capacidade de execução do(a) beneficiário(a) e da conveniência da Administração Pública, desde que cada parcela doada mantenha a estrita vinculação à finalidade de habitação de interesse social.
TÍTULO III
DAS CLÁUSULAS RESOLUTIVAS, ENCARGOS E RESTRIÇÕES
Art. 5º
A efetivação da alienação por meio de doação dos imóveis especificados no Artigo 4º será instrumentalizada por meio de Escritura Pública de Alienação por meio de Doação ou outro instrumento jurídico hábil, a ser firmado pelo Poder Executivo Municipal, e deverá conter, obrigatoriamente, em caráter resolutivo, os seguintes encargos e condições, sob pena de reversão imediata do bem ao patrimônio municipal, independentemente de indenização por benfeitorias:
I – a destinação do imóvel deverá ser exclusiva, permanente e inalterável para a produção e manutenção de unidades habitacionais de interesse social, vedada qualquer aplicação diversa da prevista, especialmente a destinação para fins comerciais ou especulativos;
II – o(a) donatário(a) deverá dar início às obras de edificação do empreendimento habitacional no prazo máximo e improrrogável de 24 (vinte e quatro) meses, contados a partir da data de registro da doação no Cartório de Registro de Imóveis;
III – a conclusão integral do empreendimento deverá ocorrer dentro do prazo estipulado no respectivo contrato de financiamento firmado com o agente financeiro, acrescido de uma tolerância máxima de 12 (doze) meses;
IV – as unidades habitacionais construídas deverão ser gravadas, em caráter perpétuo, com a indicação precisa de sua natureza de interesse social, e com cláusula de inalienabilidade e impenhorabilidade pelo prazo mínimo de 10 (dez) anos, ou pelo prazo que vier a ser exigido pela legislação federal do programa de financiamento, o que for maior, vedando-se a transferência
inter vivos
a qualquer título, exceto mediante prévia e expressa anuência do Órgão Gestor Municipal e observância dos critérios de elegibilidade do PMHIS Avaré;
V – o não cumprimento de quaisquer das cláusulas resolutivas no prazo e forma estabelecidos implicará a reversão automática do imóvel ao pleno domínio do Município da Estância Turística de Avaré, sem que assista ao donatário(a) ou a terceiros qualquer direito a retenção, indenização ou ressarcimento pelas benfeitorias eventualmente realizadas, sejam elas de natureza física ou documental, o que deverá constar expressamente do registro imobiliário.
Parágrafo único
. O Município, por intermédio da Secretaria Municipal de Habitação, exercerá a plena fiscalização da obra e do cumprimento dos encargos, devendo o Órgão Gestor manter controle rigoroso do prazo e da execução, e encaminhar relatórios periódicos ao Conselho Municipal de Habitação de Interesse Social (COMHIS), conforme exige o Decreto regulamentador do Programa.
TÍTULO IV
DAS DISPOSIÇÕES GERAIS E FINAIS
Art. 6º
O Poder Executivo, por intermédio da Secretaria Municipal de Habitação, fica autorizado a expedir todos os atos normativos complementares e a realizar as adequações necessárias nos instrumentos de doação, respeitando-se as balizas legais desta Lei e do Decreto Municipal nº 8.572/2025, especialmente quanto aos procedimentos de seleção do(a) donatário(a) e à validação da lista de beneficiários finais, que deverá obrigatoriamente ser oriunda do Cadastro Municipal de Habitação (CMH).
Parágrafo único
. O Município deverá prestar o apoio técnico e institucional necessário aos donatários selecionados, incluindo a celeridade na expedição de licenças e alvarás, conforme previsto no Artigo 8º do Decreto Municipal, como forma de garantir a efetividade da política pública e o célere atendimento às famílias de menor renda.
Art. 7º
Esta lei entrará em vigor na data de sua publicação.
Prefeitura da Estância Turística de Avaré, 26 de maio de 2026.
ROBERTO DE ARAUJO
Prefeito
Este conteúdo não substitui o publicado na versão certificada.",https://www.dosp.com.br/exibe_do.php?i=ODI0Mjc5,
DOA-014,2026-05-27,2742,Decretos,8760 - Revoga o decreto 8517-2025 - que Reorganiza da comissão permanente de readaptação funcional - portaria 1129,Não identificada,"Imprensa Oficial - Modo leitura em tela
Abrir Versão do Diário Eletrônico
Abrir Versão do Diário para Impressão
Ir para a lista de edições
IMPRENSA OFICIAL - AVARÉ
Publicado em 27 de maio de 2026 | Edição nº 2742 | Ano X
Entidade: Poder Executivo | Seção: Atos Oficiais | Subseção: Decretos
Decreto nº 8.760, de 27 de maio de 2026.
(Dispõe sobre revogação do Decreto nº 8.517, de 15 de outubro de 2025, e dá providências).
ROBERTO DE ARAUJO
, Prefeito da Estância Turística de Avaré, usando das atribuições que lhe são conferidas por Lei,
DECRETA:
Art. 1º
– Fica revogado o Decreto nº 8.517, de 15 de outubro de 2025, que dispõe sobre reorganização da Comissão Permanente de Readaptação Funcional.
Art. 2º
– Este Decreto entrará em vigor na data de sua publicação.
Estância Turística de Avaré, 26 de maio de 2026.
ROBERTO DE ARAUJO
Prefeito
Este conteúdo não substitui o publicado na versão certificada.",https://www.dosp.com.br/exibe_do.php?i=ODI0Mjc5,
DOA-015,2026-05-27,2742,Decretos,8757 - Dispõe sobre abertura de crédito 100.000 semads,Não identificada,"Imprensa Oficial - Modo leitura em tela
Abrir Versão do Diário Eletrônico
Abrir Versão do Diário para Impressão
Ir para a lista de edições
IMPRENSA OFICIAL - AVARÉ
Publicado em 27 de maio de 2026 | Edição nº 2742 | Ano X
Entidade: Poder Executivo | Seção: Atos Oficiais | Subseção: Decretos
Decreto nº 8.757, de 26 de maio de 2026.
(Dispõe sobre abertura de Crédito Adicional Especial que especifica e dá providências).
ROBERTO DE ARAUJO
, Prefeito da Estância Turística de Avaré, usando das atribuições que lhe são conferidas por lei,
DECRETA:
Artigo 1º
-
Nos termos do artigo 43 da Lei Federal nº 4.320 de 17 de Março de 1964 combinado com o artigo 167 § 2º da Constituição Federal, fica o Poder Executivo Municipal autorizado a lançar no orçamento vigente, Lei Municipal nº 3.354 de 02/12/2025, através do Departamento de Contabilidade e Orçamento da Municipalidade, um
CRÉDITO ADICIONAL ESPECIAL no valor de R$ 100.000,00
(cem mil reais), na conformidade da funcional programática e modalidade de aplicação detalhada abaixo:
DESCRIÇÃO
CODIGO
DESCRIÇÃO
VALOR - R$
ÓRGÃO

SECRETARIA MUNICIPAL DE ASSISTÊNCIA E DESENVOLVIMENTO SOCIAL
UNIDADE

FMAS - FUNDO MUNICIPAL DE ASSISTÊNCIA SOCIAL
SUBUNIDADE

FMAS - FUNDO MUNICIPAL DE ASSISTÊNCIA SOCIAL
FUNÇÃO

ASSISTÊNCIA SOCIAL
SUBFUNÇÃO

SERVIÇOS SOCIOASSISTENCIAIS
PROGRAMA

PROTEÇÃO SOCIAL BÁSICA
ATIVIDADE

CONVÊNIOS - ENTIDADES ASSISTENCIAIS – P.S.B
FONTE

TRANSFERÊNCIAS E CONVÊNIOS FEDERAIS
CÓD. APLICAÇÃO
800.501
ASSISTÊNCIA SOCIAL – EMENDA INDIVIDUAL
CAT. ECONÔMICA
3.3.50.43.00
SUBVENÇÕES SOCIAIS
100.000,00
TOTAL DA ABERTURA DE CRÉDITO
100.000,00
Artigo 2º
- Para cobertura das despesas com a execução deste decreto serão utilizados recursos provenientes de EXCESSO DE ARRECADAÇÃO decorrentes de recursos financeiros federais para os Programas de Proteção Social Básica.
Artigo 3º
–
Este decreto entrará em vigor na data de sua publicação e terá vigência até 31 de dezembro de 2026.
Prefeitura da Estância Turística de Avaré, 26 de maio de 2026.
ROBERTO DE ARAUJO
Prefeito
Este conteúdo não substitui o publicado na versão certificada.",https://www.dosp.com.br/exibe_do.php?i=ODI0Mjc5,
DOA-016,2026-05-27,2742,Leis,3455 - Dispõe sobre abertura de crédito 100.000 semads,Não identificada,"Imprensa Oficial - Modo leitura em tela
Abrir Versão do Diário Eletrônico
Abrir Versão do Diário para Impressão
Ir para a lista de edições
IMPRENSA OFICIAL - AVARÉ
Publicado em 27 de maio de 2026 | Edição nº 2742 | Ano X
Entidade: Poder Executivo | Seção: Atos Oficiais | Subseção: Leis
Lei nº 3.455, de 26 de maio de 2026.
(Dispõe sobre abertura de Crédito Adicional Especial que especifica e dá providências).
Autoria: Prefeito Municipal (Projeto de Lei nº 123/2026).
ROBERTO DE ARAUJO
, Prefeito da Estância Turística de Avaré, usando das atribuições que lhe são conferidas por lei,
Faço saber que a Câmara Municipal da Estância Turística de Avaré aprovou e eu sanciono e promulgo a seguinte Lei:
Artigo 1º
-
Nos termos do artigo 43 da Lei Federal nº 4.320 de 17 de Março de 1964 combinado com o artigo 167 § 2º da Constituição Federal, fica o Poder Executivo Municipal autorizado a lançar no orçamento vigente, Lei Municipal nº 3.354 de 02/12/2025, através do Departamento de Contabilidade e Orçamento da Municipalidade, um
CRÉDITO ADICIONAL ESPECIAL no valor de R$ 100.000,00
(cem mil reais), na conformidade da funcional programática e modalidade de aplicação detalhada abaixo:
DESCRIÇÃO
CODIGO
DESCRIÇÃO
VALOR - R$
ÓRGÃO

SECRETARIA MUNICIPAL DE ASSISTÊNCIA E DESENVOLVIMENTO SOCIAL
UNIDADE

FMAS - FUNDO MUNICIPAL DE ASSISTÊNCIA SOCIAL
SUBUNIDADE

FMAS - FUNDO MUNICIPAL DE ASSISTÊNCIA SOCIAL
FUNÇÃO

ASSISTÊNCIA SOCIAL
SUBFUNÇÃO

SERVIÇOS SOCIOASSISTENCIAIS
PROGRAMA

PROTEÇÃO SOCIAL BÁSICA
ATIVIDADE

CONVÊNIOS - ENTIDADES ASSISTENCIAIS – P.S.B
FONTE

TRANSFERÊNCIAS E CONVÊNIOS FEDERAIS
CÓD. APLICAÇÃO
800.501
ASSISTÊNCIA SOCIAL – EMENDA INDIVIDUAL
CAT. ECONÔMICA
3.3.50.43.00
SUBVENÇÕES SOCIAIS
100.000,00
TOTAL DA ABERTURA DE CRÉDITO
100.000,00
Artigo 2º
- Para cobertura das despesas com a execução desta Lei serão utilizados recursos provenientes de EXCESSO DE ARRECADAÇÃO decorrentes de recursos financeiros federais para os Programas de Proteção Social Básica.
Artigo 3º
–
Esta Lei entrará em vigor na data de sua publicação e terá vigência até 31 de dezembro de 2026.
Prefeitura da Estância Turística de Avaré, 26 de maio de 2026.
ROBERTO DE ARAUJO
Prefeito
Este conteúdo não substitui o publicado na versão certificada.",https://www.dosp.com.br/exibe_do.php?i=ODI0Mjc5,
DOA-017,2026-05-27,2742,Leis,3454 - Dispõe sobre as diretrizes Orçamentárias - LDO,Não identificada,"Imprensa Oficial - Modo leitura em tela
Abrir Versão do Diário Eletrônico
Abrir Versão do Diário para Impressão
Ir para a lista de edições
IMPRENSA OFICIAL - AVARÉ
Publicado em 27 de maio de 2026 | Edição nº 2742 | Ano X
Entidade: Poder Executivo | Seção: Atos Oficiais | Subseção: Leis
Lei nº 3.454, de 26 de maio de 2026.
(Dispõe sobre as Diretrizes Orçamentárias do Município da Estância Turística de Avaré para a elaboração da Lei Orçamentária de 2027 e dá outras providências).
Autoria: Prefeito Municipal (Projeto de Lei nº 97/2026).
ROBERTO DE ARAUJO
, Prefeito da Estância Turística de Avaré, usando das atribuições que lhe são conferidas por lei,
Faço saber que a Câmara Municipal da Estância Turística de Avaré aprovou e eu sanciono e promulgo a seguinte Lei:
Artigo 1°
- Ficam estabelecidos, em cumprimento ao disposto no art. 165, § 2°, da
Constituição Federal
, e na
Lei Complementar n° 101, de 4 de maio de 2000
, além dos dispositivos da Constituição Estadual, no que couber, na
Lei Federal n° 4.320, de 17 de março de 1964
, e demais normas, as diretrizes orçamentárias do Município de Avaré para o exercício de 2027, compreendendo:
I
- As metas e prioridades da Administração Pública Municipal;
II
- A estrutura e organização do orçamento;
III
- As diretrizes para elaboração do orçamento;
IV
- As disposições relativas à execução orçamentária;
V
- As disposições relativas à legislação tributária;
VI
- As disposições relativas às despesas com pessoal e encargos;
VII
- As disposições relativas aos gastos com a educação e a saúde;
VIII
- As disposições gerais.
Parágrafo único -
Integram esta Lei, os seguintes demonstrativos:
Demonstrativo 1 - Metas Anuais (LRF, art.4º, §1º);
Demonstrativo 2 - Avaliação do cumprimento das metas fiscais do exercício anterior (LRF, art.4º, § 2º, inciso I);
Demonstrativo 3 - Metas fiscais atuais comparadas com as fixadas nos três exercícios anteriores (LRF, art.4º, § 2º, inciso II);
Demonstrativo 4 - Evolução do patrimônio líquido (LRF, art.4º, § 2º, inciso III);
Demonstrativo 5 - Origem e aplicação dos recursos obtidos com alienação de ativos (LRF, art.4º, § 2º, inciso III);
Demonstrativo 6 - Avaliação da situação Financeira e Atuarial do Regime Próprio de Previdência dos Servidores e Projeção Atuarial do RPPS (LRF, art. 4º, § 2º, inciso IV, alínea “a”);
Demonstrativo 07 - Estimativa e compensação da renúncia de receita. (LRF, art.4º, § 2º, inciso V);
Demonstrativo 08 - Margem expansão das despesas obrigatórias de caráter continuado (LRF, art.4º, § 2º, inciso V);
CAPÍTULO I
DAS METAS E PRIORIDADES DA ADMINISTRAÇÃO PÚBLICA MUNICIPAL
Artigo 2° -
A elaboração da proposta orçamentária abrangerá os Poderes Legislativo e Executivo bem como seus fundos e autarquias.
Artigo 3° -
A elaboração e a aprovação do Projeto de Lei Orçamentária de 2027 e a execução da respectiva Lei deverão ser compatíveis com a obtenção da meta de superávit primário, para o Orçamento Fiscal e da Seguridade Social, conforme demonstrado no Anexo de Metas Fiscais, constante do Anexo II desta Lei.
Artigo 4° -
As prioridades e metas físicas da Administração Pública Municipal para o exercício de 2027, atendidas as despesas que constituem obrigação constitucional ou legal do Município e as de funcionamento dos órgãos e entidades que integram os Orçamentos Fiscal e da Seguridade Social, correspondem às ações relativas a melhoria continua dos serviços públicos prioritários, os quais terão precedência na alocação dos recursos no Projeto e na Lei Orçamentária de 2027, não se constituindo, todavia, em limite à programação da despesa.
CAPÍTULO II
DA ESTRUTURA E ORGANIZAÇÃO DO ORÇAMENTO
Artigo 5° -
A Estrutura Orçamentária que servirá de base para a elaboração do Orçamento Programa para o exercício de 2027 deverá obedecer às disposições constantes nas legislações citadas no art. 1°, bem como ao princípio da transparência e do equilíbrio entre receitas e despesas para cada fonte de recurso.
Artigo 6° -
Para efeito desta Lei entende-se por:
I
- Órgão Orçamentário: o maior nível da classificação institucional, que tem por finalidade agrupar unidades orçamentárias (Câmara Municipal, Prefeitura Municipal, Fundação Regional Educacional de Avaré e Instituto de Previdência dos Servidores Públicos do Município de Avaré);
II
- Unidade Orçamentária: nível intermediário da classificação institucional, que tem por finalidade agrupar áreas da administração pública municipal (Secretarias Municipais);
III
- Unidade Executora: o menor nível da classificação institucional, ficando facultada a sua utilização (Gabinetes de Secretarias e Departamentos);
IV
- Programa: instrumento de organização da ação governamental que visa à concretização dos objetivos pretendidos pela administração;
V
- Ações: conjunto de procedimentos e trabalhos voltados ao desenvolvimento dos programas governamentais, podendo ser subdivididos em:
Projeto: instrumento de programação para alcançar o objetivo de um programa, envolvendo um conjunto de operações, limitadas no tempo, das quais resulta um produto que concorre para a expansão ou o aperfeiçoamento da ação governamental;
b)
Atividade: instrumento de programação para alcançar o objetivo de um programa, envolvendo um conjunto de operações que se realizam de modo contínuo e permanente, das quais resulta um produto necessário à manutenção da ação de governo;
c)
Operações especiais: despesas que não contribuem para a manutenção das ações de governo, das quais não resulta um produto, e não geram contraprestação direta sob a forma de bens e serviços.
§ 1°
- As categorias de programação de que trata esta Lei serão identificadas no Projeto de Lei Orçamentária de 2027 e na respectiva Lei, por Unidades Executoras, Funções, Subfunções, Programas e respectivas Ações.
§ 2°
- A estrutura orçamentária institucional, a categoria de programação constante desta Lei, bem como do Projeto de Lei Orçamentária Anual, deverão ser os mesmos especificados para cada ação constante do Plano Plurianual 2026-2029.
Artigo 7° -
As unidades orçamentárias, quando da elaboração de suas propostas parciais, deverão atender a estrutura orçamentária e as determinações emanadas por setores competentes da área.
Parágrafo único -
A Lei Orçamentária Anual conterá os valores pertinentes ao montante das obrigações patronais e dos aportes financeiros estimados para o exercício, no caso específico das transferências ao Instituto de Previdência dos Servidores Públicos do Município de Avaré - AVAREPREV.
CAPÍTULO III
DAS DIRETRIZES PARA ELABORAÇÃO DO ORÇAMENTO
Artigo 8° -
A proposta orçamentária não conterá́ dispositivo estranho à previsão da receita e à fixação da despesa, em face à Constituição Federal e à Lei de Responsabilidade Fiscal, e atenderá a um processo de planejamento permanente à descentralização, à participação comunitária e compreenderá os Orçamentos Fiscal e da Seguridade Social, referente aos Poderes Executivo, Legislativo Municipais, seus Órgãos, Fundos e Entidades das Administrações Direta e Indireta.
Parágrafo único -
A Lei Orçamentária Anual deverá respeitar o orçamento impositivo nos termos do art. 148 da
Lei Orgânica do Município
, devendo respeitar o limite de 1,2% (um inteiro e dois décimos por cento) da Receita Corrente Líquida.
Artigo 9° -
A Câmara Municipal deverá enviar sua proposta orçamentária parcial ao Poder Executivo até 29 de agosto de 2027 em conformidade com a
Emenda Constitucional n° 25/2000
.
Artigo 10 -
O Poder Executivo enviará, até 29 de setembro de 2027, o Projeto de Lei Orçamentária à Câmara Municipal, que apreciará até o final da Sessão Legislativa, devolvendo-o a seguir para sanção.
§ 1° -
A Câmara não entrará em recesso enquanto não devolver o referido Projeto de Lei para sanção do Poder Executivo.
§ 2° -
Não havendo a devolução do autógrafo da Lei Orçamentária até o início de 2027 para sanção, conforme determina o disposto no art. 35, § 2°, inciso III, do Ato das Disposições Constitucionais Transitórias da Constituição Federal, fica o Poder Executivo autorizado a realizar a proposta orçamentária, até a sua aprovação e remessa pelo Poder Legislativo.
Artigo 11 -
Os Orçamentos Fiscal e da Seguridade Social abrangerão os poderes Executivo e Legislativo, bem como Entidades da Administração direta e indireta, e serão elaborados em conformidade com as Portarias n° 42 de 14 de abril de 1999 e 163 de 04 de maio de 2001, ambas da Secretaria do Tesouro Nacional.
Artigo 12 -
Os Orçamentos Fiscal e da Seguridade Social compreenderão a programação dos Poderes do Município, seus fundos, órgãos, autarquias, inclusive especiais, e fundações instituídas e mantidas pelo Poder Público Municipal.
Artigo 13 -
A Lei Orçamentaria dispensará, na fixação de despesa e na estimativa da receita, atenção aos princípios de:
I - Prioridade de investimento nas áreas sociais;
II - Austeridade na gestão dos recursos públicos;
III - Modernização na ação governamental;
IV - Princípio de equilíbrio orçamentário, tanto na previsão como na execução orçamentária.
Artigo 14 -
A proposta orçamentária anual atenderá às diretrizes gerais e aos princípios de unidade, universalidade e anualidade, devendo existir equilíbrio entre os valores de receita e despesa para o exercício e, ainda, as seguintes disposições:
I -
As unidades orçamentárias projetarão suas despesas correntes dentro do limite fixado para o ano em curso, ressalvados os casos de aumento ou diminuição dos serviços a serem prestados;
II -
Na estimativa da receita considerar-se-á a tendência do presente exercício e o incremento da arrecadação decorrente das modificações na legislação tributária;
III -
As receitas e despesas serão orçadas segundo os preços vigentes no momento de sua elaboração, observando a tendência de inflação projetada pelo Índice Nacional de Preços ao Consumidor Amplo - IPCA, publicado pelo Instituto Brasileiro de Geografia e Estatística – IBGE ou em sua falta o índice de correção que melhor reflita a inflação do período;
IV
- As despesas serão fixadas no mínimo por elementos, em conformidade com as definições da Portaria STN n° 163/2001 e com o disposto no art. 15 da
Lei n° 4.320/1964
;
V -
Somente poderão ser incluídos novos projetos, quando devidamente atendidos aqueles similares em andamento, bem como após contemplar as despesas de conservação do patrimônio público;
VI
- Não poderá haver previsão de receitas de operações de crédito em montante que seja superior ao das despesas de capital, ressalvadas as autorizadas mediante créditos suplementares ou especiais com finalidade precisa, aprovados pelo Poder Legislativo por maioria absoluta, excluídas as por antecipação da receita orçamentária;
VII
- Os recursos legalmente vinculados as finalidades específicas deverão ser utilizados exclusivamente para o atendimento do objeto de sua vinculação, ainda que em exercício diverso daquele em que ocorrer o ingresso.
Parágrafo único
- Os projetos a serem incluídos na Lei Orçamentária Anual poderão conter previsão de execução por etapas, devidamente definidas nos respectivos cronogramas físico-financeiros.
Artigo 15 -
As receitas e as despesas serão estimadas, tomando-se por base o índice de inflação apurado nos últimos doze meses, a tendência e o comportamento da arrecadação municipal do último ano, tendo em vista principalmente os reflexos dos planos de estabilização econômica editados pelo Governo Federal, bem como os reflexos provenientes do contexto socioeconômico nacional.
§ 1° -
Na estimativa das receitas deverão ser consideradas, ainda, as modificações na legislação tributária, incumbindo à Administração Municipal o seguinte:
I -
A atualização dos elementos físicos das unidades imobiliárias;
II -
A edição de uma planta genérica de valores;
III -
A expansão do número de contribuintes;
IV -
A atualização de cadastro imobiliário fiscal.
§ 2°
- As taxas de polícia administrativa e de serviços públicos deverão remunerar a atividade municipal de maneira a equilibrar as respectivas despesas.
§ 3° -
Os tributos, cujo recolhimento poderá́ ser efetuado em parcelas, serão atualizados monetariamente segundo a variação estabelecida pelo IPCA (Índice de Preço ao Consumidor - Amplo).
§ 4° -
Serão adotadas medidas que visem o aumento do pagamento dos tributos em atraso, visando diminuição da dívida ativa, aumento da arrecadação municipal, podendo para tanto, realizar contratação de consultoria especializada para incremento no recebimento de tributos, e principalmente atenuar os encargos tributários, através de remissão dos juros e multas devidas, conforme legislação específica.
§ 5° -
Nenhum compromisso será́ assumido sem que exista dotação orçamentária, de recursos financeiros previstos na programação de desembolso e a inscrição de restos a pagar estará́ limitada ao montante das disponibilidades de caixa, conforme preceito da Lei de Responsabilidade Fiscal.
§ 6° -
A celebração de convênios para aplicação de recursos oriundos dos órgãos ou entidades públicas e privadas, que não implicarem em contrapartida orçamentária e financeira para o Município, fica desde já autorizada.
CAPÍTULO IV
DAS DISPOSIÇÕES RELATIVAS À EXECUÇÃO ORÇAMENTÁRIA
Artigo 16
- Na execução do orçamento deverá ser indicado na receita e na despesa, a fonte de recurso, e o código de aplicação, visando à distinção entre os diversos recursos que transitam no município.
Parágrafo único -
A execução orçamentária e financeira das despesas, realizadas de forma descentralizada, observará as normas estabelecidas pela Portaria n° 339, de 29/08/2001 da Secretaria do Tesouro Nacional.
Artigo 17
- O poder Executivo fica autorizado nos termos da Constituição Federal a:
I -
Realizar operações de crédito nas espécies, limites e condições previstas em Resoluções do Senado Federal e Legislação Federal em vigor;
II -
Mediante Decreto:
a)
Abrir créditos adicionais suplementares até o limite de 10% (dez por cento) do orçamento das despesas, observado o disposto no art. 43, da
Lei Federal n° 4.320, de 17 de Março de 1964
, acrescendo, se necessário, elementos de despesa, modalidade de aplicação e suas respectivas fontes de recurso, dentro de cada projeto, atividade ou operação especial, tendo por finalidade garantir a execução da programação orçamentária anual;
b)
Transpor, remanejar ou transferir recursos, de uma categoria de programação para outra, quando não implicar em aumento de despesa, nos termos que dispõe o art. 167, inc. VI da
Constituição Federal
, no âmbito de cada órgão, até́ o limite de 10% (dez por cento) do orçamento das despesas;
III -
Alocar o valor correspondente ao percentual máximo de 1% (um por cento) da Receita Corrente Líquida apurada no exercício anterior, para a Reserva de Contingência, a fim de suprir necessidades decorrentes de passivos contingentes e outros riscos que venham a ocorrer;
IV -
Alocar junto ao recurso Reserva de Contingência acima identificada, o valor orçamentário necessário a ser repassado por interferência financeira ao Instituto de Previdência dos Servidores Municipais de Avaré – AVAREPREV
V -
Contingenciar parte das dotações, quando a evolução da receita comprometer os resultados previstos nesta Lei;
VI -
Realizar despesas de caráter continuado conforme o art. 17 da Lei de Responsabilidade Fiscal -
LC 101/00
.
§ 1° -
As Reservas de Contingência de que tratam os inc. III, IV e V deste artigo serão identificadas pela categoria econômica com código 9.
§ 2° -
Caso a Reserva de Contingência não seja utilizada até́ 31 de agosto de 2027, para os fins a que se destina, poderá́ ser remanejada como fonte de recurso para a abertura de créditos adicionais.
§ 3° -
Não onerarão o limite previsto no inciso II, os créditos abertos e destinados a suprir insuficiência nas dotações orçamentárias relativas à pessoal e seus encargos, inativos e pensionistas, Pasep, vale alimentação, vale transporte, auxílio saúde, dívida pública, débitos constantes de precatórios judiciais, despesas à conta de recursos vinculados, vinculações constitucionais, legais e de convênios ou congêneres, até́ o limite das sobras do exercício anterior e ou do seu excesso de arrecadação, bem como os abertos com recursos provenientes da reserva de contingência.
Artigo 18 -
Os projetos e atividades priorizados na Lei Orçamentária de 2027 com dotações vinculadas às fontes de recursos oriundos de transferências voluntárias, operações de crédito, alienação de bens e outros extraordinários, só́ serão executados e utilizados, se ocorrer ou estiver garantido o seu ingresso no fluxo de caixa, respeitado, ainda, o montante ingressado ou garantido.
Artigo 19 -
O excesso, ou o provável excesso de arrecadação, de que trata o art. 43, § 3° da
Lei 4.320/1964
, será́ apurado em cada fonte de recursos para fins de abertura de créditos adicionais suplementares e especiais conforme exigência contida no parágrafo único do
art. 8°
, e no inciso I do
art. 50
da
Lei Complementar n° 101/2000
.
Artigo 20 -
Para atender o disposto na Lei de Responsabilidade Fiscal, o Poder Executivo se incumbirá do seguinte:
I -
Estabelecer a meta bimestral de arrecadação, a programação financeira e o cronograma de execução mensal de desembolso;
II -
Publicar em até́ 30 dias após o encerramento de cada bimestre, relatório resumido da execução orçamentária, verificando o alcance dos dispositivos contidos no inciso anterior;
III -
Publicar em até́ 30 dias após o encerramento de cada quadrimestre, relatório de gestão fiscal, verificando o alcance de metas fiscais;
IV -
Os planos, peças de planejamento orçamentário, prestação de contas, parecer do TCE-SP, serão amplamente divulgados, ficando à disposição da comunidade;
V -
Os desembolsos mensais dos recursos financeiros consignados à Câmara Municipal serão estabelecidos em forma de duodécimos de seu orçamento, obedecendo-se às disposições contidas na
Emenda Constitucional n° 25, de 14 de fevereiro de 2000
;
VI -
Realização de Audiências Públicas Quadrimestrais, para a Administração Geral e Trimestrais para a Saúde.
§ 1° -
As receitas, conforme as previsões respectivas serão programadas em metas de arrecadação bimestrais, enquanto os desembolsos financeiros deverão ser fixados em metas mensais.
§ 2° -
A programação financeira e o cronograma de desembolso de que tratam este artigo poderão ser revistos no decorrer do exercício financeiro a que se referirem, conforme os resultados apurados em função de sua execução.
Artigo 21
- Caso ocorra frustração das metas de arrecadação da receita, deverão os Poderes Executivo e Legislativo, respectivamente, por decreto e ato da mesa, determinar a limitação de empenho, de maneira proporcional ao montante das dotações constantes na Lei Orçamentária de 2027 e de seus créditos adicionais, objetivando assegurar o equilíbrio entre a receita e a despesa.
§ 1° -
A limitação de empenho e movimentação financeira, será́ efetuada por unidades orçamentárias, sendo fixado pelo Secretário Municipal da Fazenda o percentual de redução em relação ao déficit de arrecadação.
§ 2° -
Não serão objeto de limitação as despesas que constituam obrigações constitucionais e legais, as destinadas ao pagamento do serviço da dívida, e as elencadas abaixo:
I -
Alimentação escolar;
II -
Atenção à saúde da população;
III -
Pessoal e encargos sociais;
IV -
Sentenças judiciais; e
V -
Projetos ou atividades vinculadas a recursos oriundos de transferências voluntárias.
Artigo 22 -
Os precatórios advindos dos Mapas Orçamentários enviados pelo DEPRE do Tribunal de Justiça do Estado de São Paulo, obedecido a Emenda Constitucional n° 136/2025 serão depositado mensalmente ao Tribunal 1/12 avos do valor calculado percentualmente sobre a Receita Corrente Líquida apurada no segundo mês anterior ao mês de pagamento conforme disposto no art. 101 do
Ato das Disposições Transitórias
.
Artigo 23 -
A concessão de subvenções sociais, auxílios ou contribuições a instituições sem fins lucrativos, que prestem serviços nas áreas de caráter educativo, assistencial, recreativo, cultural, esportivo, de cooperação técnica e voltada para o fortalecimento do associativismo municipal, dependerão de autorização legislativa e será́ calculada com base em unidade de serviços prestados ou postos à disposição dos interessados, obedecidos os padrões mínimos de eficiência previamente fixados pelo Poder Executivo.
§ 1° -
As destinações de recursos orçamentários às entidades privadas sem fins lucrativos, caracterizados como auxílios, contratos de gestão, convênios, termos de colaboração, termos de fomento,
termos de parceria, subvenções e contribuições, atenderão ao disposto nos arts.

e

, da
Lei Federal 4.320, de 17 de março de 1964
, ao art. 25 da
Lei Complementar Federal n° 101, de 04 de maio de 200
0, às disposições previstas em leis específicas, e estarão sujeitas à observação das seguintes condições:
I -
A entidade beneficiária deverá possuir certificação junto ao respectivo Conselho Municipal, quando cabível;
II -
A entidade beneficiária deverá aplicar, nas atividades fim, ao menos 80% de sua receita total;
III -
A entidade beneficiária deverá apresentar declaração de funcionamento regular, emitida por duas autoridades de outro nível de governo;
IV -
A entidade beneficiária deverá comprovar sua regularidade jurídica, fiscal e trabalhista, além de outros condicionamentos estabelecidos em leis, para recebimento de recursos públicos;
V -
Manifestação prévia e expressa, tanto técnica da área envolvida, quanto da Procuradoria Geral do Município, ou Órgão Jurídico correspondente, nos aspectos que lhes sejam atinentes e, também, no que se refira aos interesses públicos;
VI -
Os dirigentes da entidade beneficiada não poderão ser agentes políticos do Executivo e do Legislativo Municipal.
§ 2° -
Não serão concedidos auxílios, subvenções, contribuições, termos de colaboração, termo de fomento ou termo de parceria às entidades privadas sem fins lucrativos, que não tenham prestado contas de recursos públicos anteriormente transferidos, ou que não tenham suas contas aprovadas pelos órgãos de fiscalização.
§ 3° -
As entidades privadas beneficiadas com recursos públicos a qualquer título submeter-se-ão à fiscalização do Poder Executivo com a finalidade de verificar o cumprimento dos objetivos estatutários de sua criação, e deverão prestar contas na forma estabelecida pelo Executivo Municipal, no prazo de 30 (trinta) dias a contar do encerramento do exercício financeiro.
Artigo 24 -
O Fundo Municipal da Criança e Adolescente possui unidade de orçamento própria para gerenciamento de despesas bem como o vínculo da receita.
Artigo 25 -
Fica autorizado o Município a contribuir para o custeio de despesas de competência de outros entes da Federação desde que seja necessário o complemento e de acordo com o disposto no
art. 62 da LRF
.
Artigo 26 -
Fica o Poder Executivo autorizado a contribuir para o custeio de despesas de competência de outros entes da Federação, inclusive instituições públicas vinculadas à União, ao Estado ou a outro Município, desde que compatíveis com os programas constantes da Lei Orçamentária Anual e mediante a celebração de convênio, ajuste ou outro instrumento congênere.
Artigo 27 -
Para efeito de exclusão das normas aplicáveis à criação, expansão ou aperfeiçoamento de ações governamentais que acarretem aumento da despesa considera-se despesa irrelevante, aquela ação cujo montante não ultrapasse, para bens e serviços, os limites dos incisos I e II do art. 24 da
Lei n° 8.666/1993
, e suas alterações.
Artigo 28 -
São vedados quaisquer procedimentos pelos ordenadores de despesa que viabilizem a execução de despesas sem comprovada e suficiente disponibilidade de dotação orçamentária.
Parágrafo único -
A contabilidade registrará os atos e fatos relativos à gestão orçamentária e financeira, efetivamente ocorridos, sem prejuízo das responsabilidades e providências derivadas da inobservância do
“caput”
deste artigo.
Artigo 29 -
As obras em andamento e a conservação do patrimônio público terão prioridade sobre projetos novos na alocação de recursos orçamentários, salvo projetos programados com recursos de transferências voluntárias e operações de crédito.
Artigo 30 -
Na execução do orçamento, deverá obrigatoriamente ser utilizado na classificação da receita e da despesa o código de aplicação, devendo ainda classificar as despesas até o nível de subelemento, sendo optativo o desdobramento do mesmo.
Artigo 31 -
Serão consideradas legais as despesas com multas e juros pelo eventual atraso no pagamento de compromissos assumidos, motivado por insuficiência financeira.
CAPÍTULO V
DAS DISPOSIÇÕES RELATIVAS À LEGISLAÇÃO TRIBUTÁRIA
Artigo 32 -
Os atos relativos à concessão ou ampliação de incentivo ou benefício tributário com vistas a estimular o crescimento econômico, a geração de emprego e renda, ou beneficiar contribuintes integrantes de classes menos favorecidas, que importem em renúncia de receita, deverão obedecer às disposições da
Lei Complementar n° 101, de 4 de maio de 2000
, devendo esses benefícios serem considerados nos cálculos do orçamento da receita e serem objeto de estudos do seu impacto orçamentário e financeiro no exercício em que iniciar sua vigência e nos dois subsequentes.
Parágrafo único
- Os tributos lançados e não arrecadados, inscritos em dívida ativa, cujos custos para cobrança sejam superiores ao crédito tributário, poderão ser cancelados, mediante autorização em lei, não se constituindo como renúncia de receita.
Artigo 33 -
O Poder Executivo poderá́ submeter ao Legislativo, projetos de lei dispondo sobre alterações na legislação tributária, especialmente sobre:
I -
Revisão e atualização do Código Tributário Municipal, de forma a corrigir distorções, inclusive com relação à progressividade do IPTU, e/ou instituir taxas e contribuições criadas por legislação federal, adequando-o a política tributária necessária para promover o desenvolvimento econômico e social do Município;
II -
Revogações das isenções tributárias que contrariem o interesse público e a justiça fiscal;
III -
Revisão das taxas, objetivando sua adequação aos custos efetivos dos serviços prestados e ao exercício do poder de polícia do Município;
IV -
Revisão da Planta Genérica de Valores, buscando critérios técnicos e justos de avaliação, ajustando-a aos movimentos de valorização do mercado imobiliário;
V -
Aperfeiçoamento do sistema de fiscalização, cobrança, execução fiscal e arrecadação de tributos;
VI -
Incentivo ao pagamento dos tributos em atraso, com renúncia de multas e/ou juros de mora, e
VII -
Revisão dos incentivos fiscais buscando critérios técnicos e justos objetivando o desenvolvimento integrado do Município.
Parágrafo único -
Leis e atos que concedam ou ampliem incentivos ou benefícios de natureza tributária ou das contribuições, só serão aprovadas ou editadas se atendidas às exigências do art. 14, da
Lei Complementar Federal n° 101, de 04 de maio 2000
.
CAPÍTULO VI
DAS DISPOSIÇÕES RELATIVAS ÀS DESPESAS COM PESSOAL E ENCARGOS
Artigo 34 -
O Poder Executivo poderá́ encaminhar projeto de lei visando revisão do sistema de pessoal, particularmente do plano de carreira e salários, incluindo:
I -
A concessão, absorção de vantagens e aumento de remuneração de servidores;
II -
A criação, aumento e a extinção de cargos, funções de confiança ou empregos públicos, bem como a criação e alteração de estrutura de carreira; e
III -
O provimento de cargos ou empregos e contratações de emergências estritamente necessárias, respeitada a legislação municipal vigente.
§ 1° -
O disposto neste artigo se aplica ao Poder Legislativo, no que couber.
§ 2° -
A revisão de que trata o inciso X do art. 37 da
Constituição Federal
será́ efetuada, tomando-se por base o índice de inflação ocorrida no período de 12 (doze) meses imediatamente anteriores à data-base de reajuste anual.
§ 3° -
Haverá aumentos reais de salários quando a arrecadação Município assim o permitir, desde que atendido os dispostos nos arts.

e

, §§ 1° e 2° do inciso III do
art. 19
, no inciso III, § 1° e alínea “d” do § 2° do
art. 20
e arts.

,

e

, todos da
Lei Complementar Federal n° 101 de 04 de maio de 2000
.
§ 4° -
As alterações autorizadas neste artigo dependerão da existência de prévia dotação orçamentária, suficiente para atender as projeções de despesa de pessoal e aos acréscimos dela decorrentes.
Artigo 35 -
O total da despesa com pessoal dos Poderes Executivo e Legislativo no mês, somada com os onze meses imediatamente anteriores, apuradas ao final de cada quadrimestre, não poderá́ exceder o percentual de 60% apurado sobre a receita corrente líquida do exercício.
§ 1° -
O limite de que trata este artigo será́ assim dividido:
I -
6% (seis por cento) para o Poder Legislativo; e;
II -
54% (cinquenta e quatro por cento) para o Poder Executivo.
§ 2° -
Na verificação do atendimento dos limites definidos neste artigo não serão computadas as despesas:
I -
De indenização por demissão de servidores ou empregados;
II -
Relativas a incentivos à demissão voluntária; e,
III -
Decorrentes de decisão judicial e da competência de período anterior a que trata o caput deste artigo.
§ 3° -
O Executivo adotará as seguintes medidas para reduzir as despesas de pessoal, caso estas ultrapassem os limites estabelecidos na
Lei Complementar n° 101/2000
:
I -
Redução das despesas com horas-extras;
II -
Redução das despesas com cargos ou empregos em comissão;
III
- Demissão de servidores admitidos em caráter temporário;
IV -
Redução temporária da jornada de trabalho com adequação dos vencimentos à nova carga horária;
V -
Exoneração de servidores não estáveis;
VI -
Exoneração de servidores estáveis, desde que ato normativo motivado, especifique a atividade funcional, o órgão ou unidade administrativa objeto da redução de pessoal.
Artigo 36 -
No exercício de 2027 a realização de serviço extraordinário, quando a despesa houver extrapolado 95% (noventa e cinco por cento) dos limites referidos nos incisos I e II do § 1° do art. 35 desta Lei, somente poderá́ ocorrer quando destinada ao atendimento de relevante interesse público que enseje situações emergenciais de risco ou de prejuízo para a sociedade, devidamente comprovada.
Parágrafo único -
A autorização para a realização de serviços extraordinários, no âmbito do Poder Executivo, nas condições estabelecidas no caput deste artigo, é de exclusiva competência dos Secretários Municipais de Administração e de Fazenda.
Artigo 37 -
Para efeito desta Lei e registros contábeis, entende-se como terceirização de mão-de-obra aquela referente à substituição de servidores, de que trata o art. 18, § 1° da
Lei Complementar 101/2000
, a contratação de mão-de-obra cujas atividades ou funções guardem relação com atividades ou funções previstas no Quadro de Cargos da Administração Municipal, ou ainda, atividades próprias da Administração Pública Municipal, desde que, em ambos os casos, não haja utilização de materiais ou equipamentos de propriedade do contratado ou de terceiros.
Parágrafo único -
Quando a contratação de mão de obra envolver também fornecimento de materiais ou utilização de equipamentos de propriedade do contratado ou de terceiros, a mesma deverá ser desmembrada, sendo a contratação de mão de obra nos termos deste artigo, classificada como Outras Despesas de Pessoal decorrentes de Contratos de Terceirização, código 34 e a utilização de materiais ou equipamentos em Outros Serviços de Terceiros Pessoa Jurídica, código 39.
Artigo 38 -
As movimentações do quadro de Pessoal e alterações salariais, de que trata o art. 169, § 1° da
Constituição Federal
, somente ocorrerão se atendidos os requisitos e limites da
Lei Complementar n° 101/2000
, tanto pelos órgãos, entidades da administração direta ou indireta, inclusive fundações.
Parágrafo único -
A Administração Municipal poderá, no decorrer do exercício de 2027, rever sua estrutura administrativa e o Plano de Carreira dos Servidores, adequando-os às suas finalidades específicas.
CAPÍTULO VII
DAS DISPOSIÇÕES RELATIVAS AOS GASTOS COM A EDUCAÇÃO E A SAÚDE
Artigo 39 -
O Município aplicará, com relação às receitas resultantes de impostos, não menos do que 25% na manutenção e desenvolvimento do ensino, nos termos do art. 212 da
Constituição Federal
, e no mínimo 15% nas ações e serviços de saúde, conforme
Lei Complementar Federal n° 141 de 13/01/2012
.
CAPÍTULO VIII
DA DÍVIDA PÚBLICA
Artigo 40 -
A administração da dívida interna e externa contratadas e a captação de recursos pela Administração Municipal, obedecida à legislação em vigor, atenderão:
I -
Quanto à administração da dívida: a amortização do principal e demais operações de crédito, inclusive aquelas relativas à antecipação da receita orçamentária do exercício;
II -
Quanto à captação de recursos: aos investimentos definidos pelo Plano Plurianual e de acordo com o pactuado com as fontes de recursos.
CAPÍTULO IX
DAS DISPOSIÇÕES GERAIS
Artigo 41 -
Para os efeitos do art. 44, da
Lei Complementar Federal n° 101 de 04 de maio 2000
, as receitas provenientes de alienação de bens poderão ser utilizadas para atender despesas de obrigações patronais previdenciárias de contribuições e aportes.
Artigo 42 -
Para fins de atendimento à legislação municipal decorrente da
Lei n° 583 de 30 de julho de 1968
e suas alterações, o Poder Executivo subvencionará a título de transferência financeira à Fundação Regional Educacional de Avaré - FREA, em forma de parcelas duodecimais a importância equivalente a 1,32% (um inteiro e trinta e dois décimos por cento) do volume de sua arrecadação de impostos, bem como as transferências relativas a impostos.
Artigo 43 -
A Proposta orçamentária, que o Poder Executivo encaminhar ao Poder Legislativo, dentro do prazo legal disposto na Lei Orgânica Municipal da Estância Turística de Avaré, compor-se-á no mínimo de:
I –
Mensagem de Encaminhamento;
II -
Projeto de Lei;
III –
Anexos conforme Lei 4.320/64.
Artigo 44
- Esta Lei entrará em vigor na data de sua publicação.
Prefeitura da Estância Turística de Avaré, 26 de maio de 2026.
ROBERTO DE ARAUJO
Prefeito
Este conteúdo não substitui o publicado na versão certificada.",https://www.dosp.com.br/exibe_do.php?i=ODI0Mjc5,
DOA-018,2026-05-27,2742,Leis,3452 - Regulamentação do artigo 1358 - parcelamento de solo - condomínio de lotes - Vila Propheta,Não identificada,"Imprensa Oficial - Modo leitura em tela
Abrir Versão do Diário Eletrônico
Abrir Versão do Diário para Impressão
Ir para a lista de edições
IMPRENSA OFICIAL - AVARÉ
Publicado em 27 de maio de 2026 | Edição nº 2742 | Ano X
Entidade: Poder Executivo | Seção: Atos Oficiais | Subseção: Leis
Lei nº 3.452, de 26 de maio de 2026.
Dispõe sobre a regulamentação do artigo 1.358-A, da Lei Federal Nº 10.406/2002 (Código Civil), que versa sobre o parcelamento do solo sob condomínio de lotes no âmbito da Estância Turística de Avaré especificamente ao empreendimento condomínio Vila Propheta, de propriedade de Vila Propheta Avaré Ltda, e dá outras providências.
Autoria: Prefeito Municipal (Projeto de Lei nº 92/2026).
ROBERTO DE ARAUJO
, Prefeito da Estância Turística de Avaré, usando das atribuições que lhe são conferidas por lei,
Faço saber que a Câmara Municipal da Estância Turística de Avaré aprovou e eu sanciono e promulgo a seguinte Lei:
CAPÍTULO I
DAS DISPOSIÇÕES PRELIMINARES
Art. 1º
Esta Lei disciplina a regulamentação dos projetos na modalidade de parcelamento do solo denominada “Condomínio de Lotes” especificamente para o EMPREENDIMENTO CONDOMÍNIO VILA PROPHETA, DE PROPRIEDADE DE VILA PROPHETA AVARÉ LTDA, PESSOA JURÍDICA DE DIREITO PRIVADO, INSCRITA NO CNPJ Nº 58.181.502/0001-46, SITO RUA NICOLA PIZZA, S/N, VILA MARTINS, EM
AVARÉ-SP
, COM ÁREA REGISTRADA SOB MATRÍCULA Nº 93.900, DO LIVRO Nº 2 DO REGISTRO GERAL DO CARTÓRIO DE REGISTRO DE IMÓVEIS E ANEXOS DA COMARCA DE AVARÉ, conforme disposto nos artigos 1331 a 1358-A, da Lei Federal n° 10.406, de 10 de janeiro de 2002 (Código Civil), sem prejuízo das disposições da Lei Federal n° 6.766, de 19 de dezembro de 1979 e do Plano Diretor do Município da Estância Turística de Avaré e da Lei Municipal de Zoneamento Vigente, bem como suas alterações.
Parágrafo único.
A municipalidade, a pedido do interessado, expedirá diretrizes de uso e ocupação do solo informando a viabilidade ou não para implantação de condomínio de lotes na área proposta, bem como as condicionantes urbanísticas e as obras de infraestrutura obrigatórias, a partir do disposto nesta lei, no Plano Diretor do Município, nas legislações urbanísticas, edilícias e ambientais vigentes.
Art. 2°
A implantação de condomínio de lotes por unidades autônomas deverá observar, além das disposições nesta norma, no que couber, as previsões contidas na Lei Federal n° 4.591/1964, juntamente com o Código Civil vigente, o Decreto-Lei n° 271/1967 e demais ordenamentos regentes das leis que tratam da matéria.
Parágrafo único
. A unidade imobiliária é constituída pela somatória da área do terreno de propriedade exclusiva com a área do terreno de propriedade e uso comum, e deverá ter uma área mínima de terreno igual ou maior que 160m² (cento e sessenta metros quadrados), com testada de no mínimo 8m (oito metros).
Art. 3°
Para efeitos desta Lei consideram-se:
I - condomínio de lotes por unidades imobiliárias: tipo de parcelamento do solo resultante da subdivisão de lotes em unidades imobiliárias destinada à edificação, mas não vinculadas a ela, onde as áreas de uso comum correspondem a frações ideais e os serviços básicos são de responsabilidade e custeio dos condôminos, devendo ocorrer conforme o disposto na Lei Federal n° 4.591/1964, o Decreto-Lei n° 271/1967 e demais legislações pertinentes;
II - lote: porção de terra com localização e configuração definidas, devidamente individualizada, destinada à edificação, com frente para a via particular, dotada de infraestrutura básica atendendo ao disposto na legislação pertinente e que resultou de processo regular de parcelamento do solo para fins urbanos nos termos da Lei Federal n° 6.766/1979;
III - unidade autônoma: é a parte do terreno que compõe a unidade imobiliária resultante de condomínio de lotes destinado ao uso privativo e futura implantação da edificação privada, com testada para via local condominial;
IV - testada: limite do lote que faz frente para a via pública, ou limite da unidade autônoma que faz frente para a via local condominial;
V - áreas de uso comum: é a parte de terreno que compõe a unidade imobiliária referente ao sistema viário interno e as demais áreas integrantes dos condomínios que não sejam definidas como de unidades autônomas;
VI - espaço livre de uso público: área resultante dos processos de parcelamento do solo destinada ao sistema de lazer e/ou área verde e/ou área de preservação permanente (APP) em conformidade com as disposições da Lei Federal n° 12.651/2012 - Código Florestal, ou qualquer outra que a substituir, ou a complementar. (Redação dada pela Lei n° 4.065, de 2022)
VII - via de pedestres: são aquelas destinadas ao trânsito exclusivo de pedestres;
VIII - via pública oficial: é aquela titulada em nome do Município;
IX - APP - Áreas de Preservação Permanente: nos termos da Lei n° 12.651/12, ou posterior, são áreas protegidas, cobertas ou não por vegetação nativa, com a função ambiental de preservar os recursos hídricos, a paisagem, a estabilidade geológica e a biodiversidade, facilitar o fluxo gênico de fauna e flora, proteger o solo e assegurar o bem-estar das populações humanas;
X - obras de infraestrutura: rede de abastecimento de água potável, rede de esgotamento sanitário, rede de energia elétrica, rede de iluminação do arruamento condominial, drenagem de águas pluviais e pavimentação das vias de circulação internas.
CAPÍTULO II
DAS DIRETRIZES URBANÍSTICAS E DE PROJETO
Art. 4°
Antes da elaboração do projeto do condomínio de lotes, o proprietário ou seu representante legal deverá solicitar à Prefeitura, através de requerimento devidamente protocolado no Setor de Protocolo Geral, o pedido de diretrizes com os seguintes documentos:
I - matrícula atualizada do imóvel;
II - planta de situação do imóvel, indicando as confrontações e suas respectivas dimensões;
III - planta topográfica do terreno devidamente assinada por profissional habilitado, em escala 1:1.000 no mínimo, contendo:
a) curvas de nível de metro em metro;
b) locação dos equipamentos públicos das glebas vizinhas quando limítrofes à gleba ou à adjacência;
c) bosques, árvores frondosas, matas naturais ou artificiais e cursos d'água e açudes com dimensões reais;
d) norte verdadeiro ou norte magnético;
e) ferrovias;
f) indicação das edificações porventura existentes na gleba;
g) linhas de transmissão de energia elétrica e alta tensão, com a indicação das faixas de domínio e não edificantes em conformidade com as exigências da concessionária;
h) mananciais ou quaisquer outros recursos hídricos naturais, com a indicação das áreas de preservação permanentes incidentes por ocasião da existência dos recursos naturais existentes em conformidade com a legislação específica vigente.
§ 1°
Será obrigatória, ainda, a amarração a marcos geodésicos e referência de nível (RNs) do Município, estabelecidos no plano de coordenadas geográficas - U.T.M (Universal Transversal de Mercator), ficando de responsabilidade do loteador o transporte destes marcos para dentro do empreendimento, quando necessário.
§ 2°
Caso haja ação de retificação judicial da área em trâmite, deverá o interessado/requerente juntar cópia da petição inicial e certidão de objeto e pé, atualizada.
Art. 5°
O órgão competente da Prefeitura, após o recebimento do requerimento mencionado no caput do artigo anterior, desde que, obedecidos os ditames do Plano Diretor da Estância Turística de Avaré, fornecerá:
I - a(s) zona(s) e os parâmetros de uso e ocupação do solo incidente sobre o imóvel a ser parcelado;
II - traçado e localização das vias de circulação do sistema viário principal;
III - localização com indicação dos seus critérios, dos espaços livres de uso público e das áreas institucionais a serem destinados;
IV - delimitação da reserva das faixas não edificáveis;
V - demarcação das áreas legalmente protegidas, incluindo as Áreas de Preservação Permanente - APP's, dispostas naquele diploma legal;
VI - demarcação das áreas com remanescentes vegetais;
VII - orientações quanto à ligação das redes de infraestrutura a serem projetadas ao sistema adutor de abastecimento de água e coletor de esgotos;
VIII - traçado de diretrizes viárias para continuidade, prolongamento e/ou alargamento de vias públicas existentes.
Art. 6°
Os desenhos técnicos deverão obedecer às prescrições da Associação Brasileira de Normas Técnicas - ABNT no que se referem os formatos de papel, indicação de escalas e cotas, letras e algarismos, linhas, representações gráficas e dobramento, devendo constar em cada folha, no canto direito inferior, um quadro em que se discriminará:
I - o título do desenho com a denominação do empreendimento;
II - o número da folha;
III - a identificação do terreno, localização e área do imóvel;
IV - natureza e local da urbanização;
V - nome do autor do projeto, responsável técnico e espaço para assinatura;
VI - nome do proprietário do terreno ou representante legal, devidamente comprovado e espaço para a assinatura;
VII - quadro de áreas, constando:
a) áreas das unidades autônomas;
b) áreas de uso comum;
c) metragem da área construída (se houver);
d) áreas públicas.
VIII - situação sem escala, escalas e datas;
IX - espaço para aprovação pela Prefeitura.
Art. 7°
O condomínio de lotes poderá ser implantado em lote originado de parcelamento de solo regular, bem como em gleba remanescente ou ainda não parcelada, nos termos da Lei Federal de Parcelamento do Solo Urbano e do Plano Diretor do Município.
§ 1°
Se a implantação do empreendimento ocorrer sobre gleba remanescente ou ainda não parcelada, o empreendedor deverá providenciar o parcelamento e a doação das áreas públicas, nos termos do Plano Diretor e demais legislações vigentes, localizadas externamente à área do condomínio, contíguas ou não à área do empreendimento, observadas ainda as porcentagens mínimas já estabelecidas na Lei de Parcelamento do solo do Município, condições estabelecidas nas diretrizes de parcelamento, uso e ocupação do solo, emitidas pelo poder público.
§ 2°
A doação de áreas públicas de que trata o parágrafo anterior poderá ser total ou parcialmente transferida, ou ainda compensada.
§ 3°
Se a implantação do empreendimento ocorrer em lote originado de parcelamento de solo regular anteriormente aprovado como loteamento, o mesmo fica isento da destinação das áreas públicas, ficando sujeito, entretanto, às demais exigências urbanísticas e edilícias da legislação vigente.
Art. 8°
O condomínio de lotes é a divisão do imóvel em unidades autônomas destinadas à edificação, às quais correspondem frações ideais das áreas de uso comum dos condôminos, sendo admitida a abertura de vias de domínio privado e vedada a de logradouros públicos internamente ao perímetro do condomínio.
Art. 9°
A quota mínima de terreno por unidade habitacional que deverá atender ao Plano Diretor, será aplicada sobre a gleba total ainda não parcelada, sendo que o número máximo de unidades é igual ao resultado da divisão da área do terreno dividido pela cota de terreno, que será aproximado para mais quando a fração ideal for igual ou maior que 0,5 (cinco décimos).
§ 1°
O comprimento das quadras ou setores internos aos condomínios de lotes será de até 300m (trezentos metros), podendo ainda ser ampliada para até 400m (quatrocentos metros) desde que dividida com a inserção de um sistema de lazer com viela ou travessa, na largura mínima de 10m (dez metros);
§ 2º
Será admitida, em casos especiais, soluções ou medidas superiores às estabelecidas no parágrafo anterior para as quadras ou setores, desde que acompanhadas da anuência e manifestação do órgão competente por ocasião da emissão das diretrizes;
Art. 10
. O plano de parcelamento deverá incluir as áreas de uso público de destinação obrigatória e os módulos condominiais.
Art. 11
. A área institucional destinada do plano de parcelamento do solo na modalidade de condomínio lotes deverão estar situada fora do perímetro fechado com acesso por via pública ou interligada a outra área institucional existente e devidamente registrada em nome da municipalidade, de forma que seja possível a unificação das mesmas a exclusivo critério da municipalidade.
Parágrafo único
. Mediante solicitação do empreendedor e após avaliação técnica das Secretarias Municipais competentes e Autarquia de Água e Esgoto, o empreendedor poderá estabelecer a área institucional do respectivo empreendimento em aprovação, em imóvel diverso do empreendido ou realizar obra pública no valor de mercado correspondente à porcentagem destinada à alusiva área institucional, devidamente comprovado por laudo de avaliação mercadológico.
Art. 12.
As áreas de APP's, internas ao empreendimento, deverão ser objeto de recuperação pelo empreendedor até a entrega do empreendimento, após a responsabilidade será dos condôminos ou do proprietário.
Art. 13
. A taxa de permeabilidade poderá ser computada em áreas pavimentadas ou semi pavimentadas destinadas a estacionamento ou passeios de pedestres, desde que seja apresentado, no momento da aprovação do projeto do condomínio, manual do fabricante, norma ABNT ou laudo técnico que indique a efetiva permeabilidade do material ou da técnica construtiva utilizada, e este índice de efetividade será utilizado no cálculo da taxa de permeabilidade da área a ser ocupada pelo respectivo pavimento.
Art. 14.
O acesso a cada unidade habitacional será independente e através de via particular de circulação de veículos, sendo que a via particular de circulação de veículos, interna ao conjunto, deverá ter largura mínima de 10m (dez metros), considerando leito carroçável de no mínimo 7m (sete metros), calçada de no mínimo 1,5m (um metro e cinquenta centímetros) de cada lado, declividade mínima de 0,5% (meio por cento) e declividade máxima de 15% (quinze por cento).
Art. 15
. Toda edificação deverá atender às exigências do Código de Obras do Município de Avaré ou outra legislação que vier a substituí-lo.
Art. 16.
O coeficiente de aproveitamento máximo e a taxa de ocupação máxima do condomínio de lotes serão os especificados no Plano Diretor.
§ 1°
Não serão computadas para cálculo das taxas de ocupação e aproveitamento as áreas de estacionamento sob ""pilotis"" ou em subsolo.
§ 2°
O Condomínio de lotes só poderá ser implantado em lotes ou glebas que tenham frente de no mínimo 8m (oito metros) para vias oficiais.
Art. 17.
No caso de implantação de condomínios residenciais, observar-se-ão:
I - cada unidade autônoma deverá ter testada mínima de 8m (oito metros) com frente para a via particular de circulação de veículos;
II - a edificação de cada unidade residencial deverá obedecer ao recuo mínimo de 2m (dois metros) de frente para a via particular de circulação de veículos, ou 5m (cinco metros) quando houver garagem, no mínimo de 1,5m (um metro e cinquenta centímetros) de recuo para um dos lados podendo ser edificada edícula na divisa de fundos da unidade autônoma, desde que se mantenha o recuo mínimo de 1,5m (um metro e meio) entre a da edificação principal e a edícula, e quando a construção principal ocupar maior espaço territorial, deverá respeitar o recuo de 1,5m( um metro e cinquenta centímetros) nos fundos;
III - para as garagens, abrigos ou alpendres abertos ao menos em um dos lados, com pé direito não superior ao do compartimento adjacente, não serão considerados os índices de recuo lateral;
IV - nas unidades localizadas em esquina, os recuos frontais normais são sempre contados em relação à via mais importante, sendo aplicável ao lado voltado para a via de menor importância o mesmo critério, 2m (dois metros) na medida para cada frente;
V - previsão de, no mínimo, 1 (uma) vaga para estacionamento de veículos com dimensões mínimas de 2,5m (dois metros e cinquenta centímetros) por 5m (cinco metros) por unidade habitacional, devendo ela estar situada na própria unidade;
VI - dispor de vagas de estacionamento para visitantes e/ou prestadores de serviços, nas dependências do imóvel em que será implantado o condomínio, externas ou internas à portaria, desde que locadas nos limites da área a ser implantado o condomínio, que serão calculadas na proporção de 01 (uma) vaga para cada 15 (quinze) unidades autônomas, devendo ser reservadas no mínimo, 04 (quatro) vagas;
VII - dispor de vagas de carga e descarga com dimensão mínima de 8m (oito metros) por 3m (três metros), locada nas dependências do imóvel em que será implantado o condomínio, externas ou internas à portaria, desde que locadas nos limites da área a ser implantado o condomínio, podendo nesse caso ser delimitadas nas vias de circulação interna ou áreas comuns do condomínio, que serão calculadas na proporção de 01 (uma) vaga para cada 15 (quinze) unidades autônomas, devendo ser reservada, no mínimo, 01 (uma) vaga para esse fim.
Art. 18.
No caso de implantação de condomínios comerciais ou industriais, observar-se-ão:
I - cada unidade autônoma deverá ter testada mínima de 8m (oito metros) com frente para a via particular de circulação de veículos;
II - o número de vagas para estacionamento de veículos deverá atender o Código de Obras do Município;
III - o acesso para cada unidade comercial será independente e através de via particular de circulação de veículos, sendo que a via particular de circulação de veículos, interna ao conjunto, deverá ter largura mínima de 12m (doze metros), considerando leito carroçável de no mínimo 9m (nove metros), calçada de no mínimo 1,5m (um metro e cinquenta centímetros) de cada lado, declividade mínima de 0,5% (meio por cento) e declividade máxima de 15% (quinze por cento);
IV - o acesso para cada Unidade Industrial será independente e através de via particular de circulação de veículos, sendo que a via particular de circulação de veículos, interna ao conjunto, deverá ter largura mínima de 16m (dezesseis metros), considerando leito carroçável de no mínimo 11m (onze metros), calçada de no mínimo 2,5m (dois metros e cinquenta centímetros) de cada lado, declividade mínima de 0,5% (meio por cento) e declividade máxima de 15% (quinze por cento).
Art. 19
. As edificações do condomínio de lotes deverão respeitar os recuos de frente com relação aos logradouros públicos oficiais, atendendo ao Plano Diretor ou Lei de Zoneamento.
Art. 20
. No projeto do condomínio de lotes poderão ser previstas áreas comuns destinadas à guarita, portaria e abrigo de pedestres, as quais não serão computadas para efeito do cálculo do coeficiente de aproveitamento, desde que a área total não ultrapasse 30m² (trinta metros quadrados).
Art. 21
. As áreas comuns cobertas destinadas ao lazer, recreação ou serviços de uso coletivo cobertas no projeto não serão computadas para efeito do cálculo do coeficiente de aproveitamento e da taxa de ocupação.
Art. 22
. As vias condominiais sem saída deverão ser providas de balão de retorno, tipo
""cull de sac""
com raio mínimo igual ou maior que a largura da via interna de circulação.
Art. 23
. Não serão permitidos desdobro das unidades autônomas provenientes do condomínio de lotes.
Art. 24
. As unidades autônomas para uso residencial, somente serão permitidas na forma de residência unifamiliar.
Art. 25.
Os usos dos lotes (residencial, misto, comercial ou industrial), deverão ser previamente definidos em projeto a ser aprovado, e serão os mesmos a integrar a convenção condominial.
Art. 26.
As Áreas de Preservação Ambiental Condominial do Condomínio de Lotes, observados os percentuais definidos no Plano Diretor visam a minimização dos impactos gerados a partir da ocupação territorial, e deverão:
I - situar-se em locais com importância para manutenção e conservação do patrimônio ambiental;
II - manter a área totalmente permeável, não sendo permitidos pisos que não garantem a permeabilidade do solo ou ainda que necessitem de manutenção para manterem sua permeabilidade;
III - destinar-se a áreas de uso com a finalidade de lazer passivo e contemplativo.
Art. 27.
Todas as áreas em comum, sistema viário, acessos de pedestres e de veículos, e demais dependências condominiais, deverão atender às normas técnicas e legislação vigente referente à acessibilidade.
Art. 28
. A responsabilidade pela observância da legislação, em relação às edificações e demais obras sobre as unidades autônomas, é exclusiva dos respectivos proprietários, que responderão diretamente pelas penalidades cabíveis por eventual infração.
Art. 29
. Poderá o possuidor do lote apresentar o projeto de construção e requerer o Alvará de Licença para construir, desde que apresente a certidão da matrícula do lote individualizado, ficando condicionada a ocupação do imóvel à expedição do “Habite-se”.
Art. 30.
Somente serão emitidos os alvarás para construção nas unidades autônomas após emissão do Termo de Verificação de Obras - TVO - do empreendimento com a devida conclusão de todas as obras de infraestrutura, inclusive áreas em comum de lazer, serviços e demais áreas comuns projetadas, bem como das obras de contrapartidas exigidas em decorrência das diretrizes e/ou definidas na tramitação do processo de aprovação junto à municipalidade que serão objetos de celebração de termo de compromisso específico entre a municipalidade e o empreendedor.
Parágrafo único
. As condições estabelecidas no caput deste artigo somente terão o seu impulso administrativo pela municipalidade mediante a apresentação da respectiva certidão de conformidade da SABESP.
CAPÍTULO III
DA APROVAÇÃO DO PROJETO DE CONDOMÍNIO
Art. 31
. Para aprovação do projeto de condomínio de lotes deverão ser apresentados à Prefeitura os seguintes documentos:
I - requerimento de aprovação do empreendimento;
II - matrícula atualizada do imóvel;
III - Imposto Sobre Serviço de Qualquer Natureza - ISSQN do responsável técnico, devidamente recolhido;
IV - comprovante de pagamento das devidas taxas;
V - anotação de Responsabilidade Técnica - ART ou Registro de Responsabilidade Técnica - RRT do autor do projeto e do responsável técnico;
VI - Certidão Negativa de Débitos Municipal - CND- válida por 120 (cento e vinte) dias contados de sua expedição;
VII - aprovação da GRAPROHAB - Grupo de Análise e Aprovação de Projetos Habitacionais caso o empreendimento seja implantado em áreas superiores a 50.000m² (cinquenta mil metros quadrados) ou superior a 200 (duzentas) unidade habitacionais;
VIII - projeto do depósito/lixeira, observando-se:
a) ser locado na área interna do condomínio;
b) ser edificado em alvenaria devidamente fechado e revestido com material lavável e impermeável;
c) possuir frente para via pública oficial.
IX - certidão da SABESP comprovando, dentro da área que lhe é afeto, a viabilidade do empreendimento.
X - para aprovação final do empreendimento, será obrigatória a apresentação de projeto aprovado pela SABESP.
§ 1°
Para efeitos do inciso VIII deste artigo, a área reservada para o depósito/lixeira não será computada no cálculo na taxa de ocupação e do coeficiente de aproveitamento do condomínio.
§ 2°
Os espaços livres de uso público (área verde), poderão estar situados no interior do condomínio de lotes, podendo fazer frente para a via particular, respeitando a testada mínima de 8m (oito metros).
XI - o protocolo dos Projetos de que trata o caput deste artigo deverá ser feito junto à Prefeitura através do Sistema digital FLODOX, disponível no site dela.
Art. 32
. Se o órgão competente constatar erro ou insuficiência no projeto, o processo será encaminhado ao Setor de Protocolo para satisfazer as exigências que forem formuladas, tendo o prazo de até 30 (trinta) dias para a apresentação das correções necessárias, sob pena de indeferimento e arquivamento do processo.
Parágrafo único
. O prazo para correção, previsto neste artigo, poderá ser prorrogado a critério da autoridade competente, desde que solicitado pelo interessado/requerente, e se em decorrência de motivos que o justifique, devidamente comprovados.
Art. 33
. A execução de aterro, quando necessária à implantação do condomínio de lotes, não poderá prejudicar o escoamento das águas pluviais e as águas correntes no interior das bacias de contribuições nas quais se encontra inserido o terreno, nem sua estabilidade lindeira.
Art. 34.
Não caberá à Prefeitura qualquer responsabilidade pela diferença de medida das unidades ou quadras que o interessado venha encontrar, em relação às medidas do empreendimento aprovado.
Art. 35.
Toda infraestrutura interna e a infraestrutura básica (se não houver) para a implantação do empreendimento será de responsabilidade do empreendedor.
Parágrafo único
. Será de responsabilidade dos proprietários/moradores, a manutenção interna do condomínio de lotes.
CAPÍTULO IV
DAS OBRAS DE INFRAESTRUTURA E DO REGISTRO DO EMPREENDIMENTO
Art. 36
. Todas as obras de infraestrutura estabelecidas pelas diretrizes municipais e pelos órgãos públicos licenciadores, bem como as construções comuns internas e demais obras e serviços necessários para a implantação do condomínio de lotes, na forma do projeto aprovado, inclusive as externas, necessárias para acesso, implantação das áreas e equipamentos públicos, serão de responsabilidade e às expensas do empreendedor.
§ 1°
O empreendedor deverá apresentar para aprovação municipal um cronograma de execução de todas as obras com prazo máximo de 24 (vinte e quatro) meses para implantação e conclusão, renováveis por igual período.
§ 2°
Para fins de garantia da execução de obras de infraestrutura externas, inclusive daquelas decorrentes das diretrizes e/ou definidas no trâmite processual de aprovação do condomínio, a serem executadas às exclusivas expensas do empreendedor, deverá ser prevista no termo de compromisso a ser celebrado entre a municipalidade e o empreendedor a caução de unidades e/ou a apresentação de seguro, no valor de 30% (trinta por cento) correspondentes às obras a serem executadas, que somente serão liberados totalmente após o cumprimento das mesmas.
§ 3°
Cabe ao Município, por meio de seus agentes, fiscalizar a execução das obras de infraestrutura e demais obras e edificações que compõem o condomínio de lotes.
Art. 37
. É responsabilidade do empreendedor requerer ao Município a emissão do Auto de Vistoria do condomínio, instrumento necessário para efetuar baixa das garantias dadas à Prefeitura junto ao cartório.
Parágrafo único - O Município, para emissão do Auto de Vistoria do condomínio, observará os devidos pareceres de verificação e aceite das obras de infraestrutura básica a serem emitidos pelas Concessionárias e pelos órgãos municipais responsáveis pela aprovação e acompanhamento delas.
Art. 38
. A instituição do condomínio, com a devida Convenção Condominial, bem como a averbação das edificações de uso comum no Registro Geral de Imóveis, é de responsabilidade do empreendedor.
§ 1°
Nos condomínios de lotes instituídos no município de
Avaré
a fração ideal de cada condômino será proporcional à área do solo de cada unidade autônoma ou lote.
§ 2
° A aprovação dos projetos individuais e a averbação no Registro Geral de Imóveis, de cada edificação privada nos lotes, são de responsabilidade de cada um dos condôminos proprietários de lotes.
§ 3°
Caberá ao empreendedor apresentar a matrícula atualizada do condomínio, com o devido registro de incorporação do mesmo e das matrículas individuais de cada unidade autônoma, inclusive as de usos comum, no prazo de 180 (cento e oitenta) dias contados da data de aprovação do respectivo empreendimento.
CAPÍTULO V
DAS DISPOSIÇÕES COMPLEMENTARES
Art. 39
. As regras desta lei não se aplicam aos condomínios edilícios, exceto aquelas que também constem em outras leis e normas vigentes referentes a condomínios em geral.
Art. 40
. Esta Lei entrará em vigor na data de sua publicação, podendo ser regulamentada no que couber por Decreto Municipal, revogando-se as disposições em contrário.
Prefeitura da Estância Turística de Avaré, 26 de maio de 2026.
ROBERTO DE ARAUJO
Prefeito
Este conteúdo não substitui o publicado na versão certificada.",https://www.dosp.com.br/exibe_do.php?i=ODI0Mjc5,
DOA-019,2026-05-26,2741,Decretos,8756 - luto oficial - Dr Antônio Salim Curiati,Não identificada,"Imprensa Oficial - Modo leitura em tela
Abrir Versão do Diário Eletrônico
Abrir Versão do Diário para Impressão
Ir para a lista de edições
IMPRENSA OFICIAL - AVARÉ
Publicado em 26 de maio de 2026 | Edição nº 2741 | Ano X
Entidade: Poder Executivo | Seção: Atos Oficiais | Subseção: Decretos
Decreto nº 8.756, de 25 de maio de 2026
(Declara Luto Oficial no Município da Estância Turística de Avaré).
ROBERTO DE ARAUJO
, Prefeito do Município da Estância Turística de Avaré, no uso das atribuições que lhe são conferidas por lei e,
CONSIDERANDO
o lamentável falecimento do Dr. ANTÔNIO SALIM CURIATI, aos seus 98 anos, ocorrido em 25 de maio de 2026;
CONSIDERANDO
sua relevante e ampla trajetória política iniciada na década de 1960, na qual assumiu o primeiro mandato como deputado estadual na Assembleia Legislativa de São Paulo; foi também Prefeito de São Paulo; como deputado federal, participou da Assembleia Nacional Constituinte responsável pela promulgação da Constituição Federal de 1988; ocupou os cargos de secretário em áreas sociais no estado e no município; estudou na Escola Paulista de Medicina e especializou-se em oftalmologia e otorrinolaringologia na Santa Casa de Misericórdia; foi médico sanitarista e chefe do Centro de Saúde em Avaré por mais de uma década;
CONSIDERANDO
os inestimáveis serviços prestados à população avareense, cuja gratidão permanecerá eterna;
DECRETA:
Art. 1°.
Fica declarado LUTO OFICIAL no Município da Estância Turística de Avaré, por 03 (três) dias, contados desta data, pelo falecimento do
Dr. ANTÔNIO SALIM CURIATI
, ocorrido em 25 de maio de 2026.
Art. 2º.
Este Decreto entra em vigor na data de sua publicação.
Prefeitura da Estância Turística de Avaré, 25 de maio de 2026.
ROBERTO DE ARAUJO
Prefeito
Este conteúdo não substitui o publicado na versão certificada.",https://www.dosp.com.br/exibe_do.php?i=ODIzMjk0,
DOA-020,2026-05-22,2739,Decretos,8755 - Dispõe sobre a criação do serviço de Capelania no poder executivo,Não identificada,"Imprensa Oficial - Modo leitura em tela
Abrir Versão do Diário Eletrônico
Abrir Versão do Diário para Impressão
Ir para a lista de edições
IMPRENSA OFICIAL - AVARÉ
Publicado em 22 de maio de 2026 | Edição nº 2739 | Ano X
Entidade: Poder Executivo | Seção: Atos Oficiais | Subseção: Decretos
Decreto nº 8.755, de 21 de maio de 2026.
(Dispõe sobre a criação do serviço de Capelania no poder executivo do município da estância turística de Avaré e dá outras providências).
ROBERTO DE ARAÚJO
, Prefeito do Município da Estância Turística de Avaré, usando das atribuições que lhe são conferidas por lei, e:
CONSIDERANDO
o disposto nos incisos VI e VII do art. 5º da Constituição Federal da República Federativa do Brasil, que asseguram a inviolabilidade da liberdade de consciência e de crença, o livre exercício dos cultos religiosos, e garantem, na forma da lei, a prestação de assistência religiosa em entidades civis e militares de internação coletiva;
CONSIDERANDO
o disposto na Lei Federal nº 9.982, de 14 de julho de 2000, que trata sobre a prestação de assistência religiosa nas entidades hospitalares e congêneres, públicas ou privadas, bem como nos estabelecimentos prisionais civis e militares;
CONSIDERANDO
a relevância do suporte religioso e emocional aos servidores públicos municipais, familiares e munícipes em geral;
CONSIDERANDO
a necessidade de estabelecer critérios, de modo a garantir o respeito à diversidade religiosa e manter o ambiente público organizado e seguro;
DECRETA
:
Art. 1º
Fica instituído o Serviço de Capelania no âmbito do Poder Executivo do Município da Estância Turística de Avaré, destinado ao atendimento espiritual e apoio emocional aos servidores, familiares e munícipes que necessitarem.
Parágrafo único. O Serviço de Capelania estará vinculado diretamente ao Gabinete do Prefeito.
Art. 2º
A Capelania será composta por capelães voluntários devidamente nomeados, indicados por entidades religiosas ou organizações sociais reconhecidas, respeitando-se o princípio da laicidade do Estado.
Parágrafo único.
A nomeação de Capelão será realizada por meio de portaria editada pelo Chefe do Poder Executivo.
Art. 3º
A atuação da Capelania desde que requisitada pelo Gabinete do Prefeito, compreenderá:
I - prestação de apoio espiritual e aconselhamento a servidores, familiares e munícipes que solicitarem o serviço;
II - realização de momentos de reflexão e oração, mediante prévia autorização do Gabinete do Prefeito;
III - desenvolvimento de atividades que promovam o bem-estar emocional e espiritual em ambientes e eventos públicos do Município da Estância Turística de Avaré.
Art. 4º
As atividades da Capelania não representarão qualquer ônus financeiro para o Município, sendo desempenhadas de forma voluntária e sem vinculação institucional com qualquer grupo religioso específico.
Art. 5º
A Capelania observará os princípios da liberdade religiosa, pluralidade e inclusão, garantindo que seus serviços estejam disponíveis a todos, independentemente de crenças individuais.
Art. 6º
Este Decreto entrará em vigor na data de sua publicação.
Estância Turística de Avaré-SP, 21 de maio de 2026.
ROBERTO DE ARAUJO
Prefeito
Este conteúdo não substitui o publicado na versão certificada.",https://www.dosp.com.br/exibe_do.php?i=ODIyMjk4,
DOA-021,2026-05-21,2738,Decretos,8754 - exonera Secretária da Mulher - Patrícia Estela Monteiro Pereira,Não identificada,"Imprensa Oficial - Modo leitura em tela
Abrir Versão do Diário Eletrônico
Abrir Versão do Diário para Impressão
Ir para a lista de edições
IMPRENSA OFICIAL - AVARÉ
Publicado em 21 de maio de 2026 | Edição nº 2738 | Ano X
Entidade: Poder Executivo | Seção: Atos Oficiais | Subseção: Decretos
Decreto nº 8.754, de 21 de maio de 2026.
(Dispõe sobre exoneração de Secretário Municipal e dá outras providências)
ROBERTO DE ARAUJO
, Prefeito da Estância Turística de Avaré, usando das atribuições que lhe são conferidas por lei,
DECRETA:
Artigo 1º.
Fica exonerada, a pedido,
a partir de 21 de maio de 2026
, a Sra.
PATRÍCIA ESTELA MONTEIRO PEREIRA
, das funções do cargo de
Secretária Municipal da Mulher e da Família,
nos termos do Anexo III da
Lei Complementar nº 126, de 02 de junho de 2010
, e suas alterações.
Artigo 2º.
Este Decreto entra em vigor na data de sua publicação.
Prefeitura da Estância Turística de Avaré, em 21 de maio de 2026.
ROBERTO DE ARAUJO
Prefeito
Este conteúdo não substitui o publicado na versão certificada.",https://www.dosp.com.br/exibe_do.php?i=ODIxNTQ3,
DOA-022,2026-05-21,2738,Decretos,8750 - autoriza recomposição da base tarifária de embarque - revoga 8242,Não identificada,"Imprensa Oficial - Modo leitura em tela
Abrir Versão do Diário Eletrônico
Abrir Versão do Diário para Impressão
Ir para a lista de edições
IMPRENSA OFICIAL - AVARÉ
Publicado em 21 de maio de 2026 | Edição nº 2738 | Ano X
Entidade: Poder Executivo | Seção: Atos Oficiais | Subseção: Decretos
Decreto nº 8.750, de 15 de maio de 2026
(Autoriza a recomposição da base tarifária conforme alínea ""d"" do art. 35 do Decreto nº 1.771/2008).
ROBERTO DE ARAUJO
, Prefeito da Estância Turística de Avaré, usando das atribuições que lhe são conferidas por lei,
DECRETA:
Art. 1°
Fica autorizada a empresa permissionária do serviço de terminal rodoviário intermunicipal de passageiros “Manoel Rodrigues”, aplicar o percentual reajuste a base tarifária de 12,45%, nos termos da Portaria ARTESP nº 20, de 29 de junho de 2016, passando a compor os seguintes valores:
I - Longa duração - R$ 7,53;
II - Média duração - R$ 2,99;
III - Curta duração - R$ 1,92.
Art. 2º
Fica revogado o Artigo 2º do Decreto nº 8.242, de 19 de março de 2025.
Art. 3º
Este Decreto entrará em vigor a partir da 00h (zero hora) do dia 23 de maio de 2026.
Prefeitura da Estância Turística de Avaré, em 15 de maio de 2026.
ROBERTO DE ARAUJO
Prefeito
Este conteúdo não substitui o publicado na versão certificada.",https://www.dosp.com.br/exibe_do.php?i=ODIxNTQ3,
DOA-023,2026-05-19,2736,Leis,3448 - implantação de espaços sensoriais em praças públicas TEA,Não identificada,"Imprensa Oficial - Modo leitura em tela
Abrir Versão do Diário Eletrônico
Abrir Versão do Diário para Impressão
Ir para a lista de edições
IMPRENSA OFICIAL - AVARÉ
Publicado em 19 de maio de 2026 | Edição nº 2736 | Ano X
Entidade: Poder Executivo | Seção: Atos Oficiais | Subseção: Leis
Lei nº 3.448, de 19 de maio de 2026.
Dispõe sobre a implantação de Espaços Sensoriais em praças públicas do Município de Avaré, destinados ao acolhimento, inclusão e bem-estar de pessoas com Transtorno do Espectro Autista (TEA) e Pessoas com Deficiência (PCD) e dá outras providências.
Autoria: Ver. Pedro Victor Alarcão Alves Fusco (Projeto de Lei nº 19/2026).
ROBERTO DE ARAUJO
, Prefeito da Estância Turística de Avaré, usando das atribuições que lhe são conferidas por lei,
Faço saber que a Câmara Municipal da Estância Turística de Avaré aprovou e eu sanciono e promulgo a seguinte Lei:
Art. 1.º
Fica instituída, no âmbito do Município de Avaré, a política pública de implantação de Espaços Sensoriais em praças e parques públicos, com a finalidade de promover acessibilidade, acolhimento e inclusão de pessoas com Transtorno do Espectro Autista (TEA), Pessoas com Deficiência (PCD) e demais indivíduos com disfunções sensoriais.
Art. 2.º
Para os fins desta Lei, considera-se Espaço Sensorial o ambiente planejado e equipado para proporcionar estímulos sensoriais controlados, ou redução deles, contribuindo para o equilíbrio emocional, o desenvolvimento sensorial e a permanência segura de pessoas com TEA e PCD, em espaços públicos.
Art. 3.º
Os Espaços Sensoriais de que trata esta Lei deverão ser projetados e equipados para atender às seguintes diretrizes:
I - segurança: todos os equipamentos e estruturas devem ser seguros, confeccionados com materiais atóxicos, superfícies macias para absorção de impacto e ausência de quinas ou elementos pontiagudos;
II - estimulação sensorial: devem ser incluídos elementos que estimulem diferentes sentidos, como:
a) tato: texturas diversas, caixas de areia, jardins táteis;
b) visão: cores suaves, iluminação controlada e elementos visuais que se movam com o vento;
c) audição: fontes de água, sinos de vento e instrumentos musicais de baixa intensidade sonora;
d) olfato: plantas aromáticas e flores;
e) propriocepção e sistema vestibular: balanços, redes, trampolins apropriados e equipamentos que favoreçam o movimento e o equilíbrio.
III - acessibilidade: o espaço deve ser acessível a todas as pessoas, incluindo aquelas com mobilidade reduzida, observando-se as normas da ABNT NBR 9050;
IV - inclusão: o projeto deve promover a interação entre pessoas com e sem deficiência, evitando o isolamento e estimulando a convivência comunitária.
Art. 4.º
A implantação dos Espaços Sensoriais será realizada de forma gradual, priorizando:
I - praças e parques de maior circulação de pessoas;
II - regiões que concentrem maior demanda de atendimento e apoio a pessoas com TEA e PCD;
III - locais indicados por estudos técnicos ou por associações e entidades representativas do autismo e de pessoas com deficiência.
Art. 5.º
O Poder Executivo poderá firmar parcerias com instituições de ensino superior, associações de apoio ao TEA, organizações da sociedade civil, órgãos públicos e empresas privadas para elaboração de projetos técnicos, manutenção dos espaços e realização de capacitações.
Art. 6.º
A implantação dos Espaços Sensoriais deverá seguir normas de acessibilidade, critérios de segurança, recomendações de especialistas em neurodesenvolvimento, uso de materiais sustentáveis sempre que possível e participação da comunidade.
Art.7.º
Fica instituído o Programa Municipal de Praças Inclusivas, destinado à ampliação contínua de espaços acessíveis e sensoriais no Município de Avaré.
Art. 8.º
As despesas decorrentes da execução desta Lei correrão à conta das dotações orçamentárias próprias, suplementadas se necessário.
Art. 9.º
Esta Lei entra em vigor na data de sua publicação.
Prefeitura da Estância Turística de Avaré, 19 de maio de 2026.
ROBERTO DE ARAUJO
Prefeito
Este conteúdo não substitui o publicado na versão certificada.",https://www.dosp.com.br/exibe_do.php?i=ODIwMDky,
DOA-024,2026-05-19,2736,Leis,3449 - áreas destinadas às pessoas com deficiência PCD e TEA,Não identificada,"Imprensa Oficial - Modo leitura em tela
Abrir Versão do Diário Eletrônico
Abrir Versão do Diário para Impressão
Ir para a lista de edições
IMPRENSA OFICIAL - AVARÉ
Publicado em 19 de maio de 2026 | Edição nº 2736 | Ano X
Entidade: Poder Executivo | Seção: Atos Oficiais | Subseção: Leis
Lei nº 3.449, de 19 de maio de 2026.
Dispõe sobre a criação obrigatória de áreas destinadas às pessoas com deficiência (PCD) ou mobilidade reduzida e Transtorno do Espectro Autista (TEA), em festas e eventos promovidos pelo Município de Avaré/SP e estabelece critérios mínimos de acessibilidade, segurança e inclusão.
Autoria: Ver. Pedro Victor Alarcão Alves Fusco (Projeto de Lei nº 24/2026).
ROBERTO DE ARAUJO
, Prefeito da Estância Turística de Avaré, usando das atribuições que lhe são conferidas por lei,
Faço saber que a Câmara Municipal da Estância Turística de Avaré aprovou e eu sanciono e promulgo a seguinte Lei:
Art. 1º
Fica obrigatória a criação de áreas específicas e acessíveis destinadas às pessoas com deficiência ou mobilidade reduzida e pessoas com Transtorno do Espectro Autista (TEA) em todos os eventos públicos, festas populares, atividades culturais, esportivas ou recreativas promovidas, organizadas ou financiadas, total ou parcialmente, pelo Município.
Art. 2º
Para fins desta Lei, considera-se:
I – Pessoa com deficiência: aquela que possui impedimento de longo prazo de natureza física, mental, intelectual ou sensorial, nos termos da Lei Brasileira de Inclusão da Pessoa com Deficiência (Lei nº 13.146/2015);
II – Pessoa com mobilidade reduzida: aquela que, não se enquadrando no conceito de pessoa com deficiência, tenha dificuldade de movimentação, permanente ou temporária;
III – Pessoa com Transtorno do Espectro Autista (TEA): conforme definido na Lei n.º 12.764/2012, sendo considerada pessoa com deficiência para todos os efeitos legais.
IV – Área acessível: espaço reservado, sinalizado e estruturado que assegure segurança, autonomia, conforto e visibilidade adequada do evento.
Art. 3º
As áreas destinadas deverão observar os seguintes critérios mínimos:
I – Reserva de espaço correspondente a, no mínimo, 2% (dois por cento) da estimativa de público do evento, nunca inferior a 10 (dez) lugares;
II – Localização que assegure visibilidade adequada do palco, arena ou atração principal;
III – Piso regular, antiderrapante e sem obstáculos;
IV – Sempre que possível, acesso por rota acessível, com rampas quando houver desnível, respeitando inclinação adequada;
V – Espaço destinado a, pelo menos, 01 (um) acompanhante por beneficiário, quando necessário.
Art. 4º
Os eventos deverão disponibilizar, obrigatoriamente:
I – Sanitários adaptados em quantidade compatível com o público estimado;
II – Sinalização visual acessível e, quando possível, sinalização tátil;
III – Equipe de apoio orientada sobre abordagem adequada e inclusiva;
IV – Posto de atendimento emergencial com acesso facilitado;
V – Intérprete de Libras nos eventos de grande porte, assim considerados aqueles com público superior a 1.000 (mil) pessoas;
VI – Sempre que possível, espaço de acolhimento sensorial, com ambiente mais tranquilo, iluminação reduzida e menor estímulo sonoro, ou, fornecimento de abafadores de ruídos ou similares, desde que requeridos com antecedência, destinado especialmente às pessoas com TEA;
VII – Divulgação prévia, nos meios oficiais de comunicação do Município, das condições de acessibilidade disponíveis no evento.
Art. 5º
Nos eventos realizados em espaços abertos, deverá ser assegurado quando possível:
I – Corredor de acesso exclusivo e sinalizado até a área reservada;
II – Proteção lateral quando houver risco de compressão de público;
III – Iluminação adequada para circulação noturna.
Art. 6º
A fiscalização do cumprimento desta Lei caberá à Secretaria Municipal responsável pela organização do evento, em conjunto com a Secretaria Especial dos Direitos da Pessoa com Deficiência e Secretaria Municipal de Inclusão e Transtorno do Espectro Autista e Outras Neuroatipicidades.
Art. 7º
O descumprimento das disposições desta Lei implicará:
I – Advertência por escrito no caso de primeiro descumprimento;
II – Multa administrativa equivalente a 200 UFMA, em caso de reincidência;
III – Impedimento de autorização para novos eventos até a regularização.
Art. 8º
Esta Lei entra em vigor na data de sua publicação.
Prefeitura da Estância Turística de Avaré, 19 de maio de 2026.
ROBERTO DE ARAUJO
Prefeito
Este conteúdo não substitui o publicado na versão certificada.",https://www.dosp.com.br/exibe_do.php?i=ODIwMDky,
DOA-025,2026-05-19,2736,Leis,3450 - autoriza poder executivo desafetar e efetuar alienação do imóvel matrícula 14.978 e 90.858 e 90.859,Não identificada,"Imprensa Oficial - Modo leitura em tela
Abrir Versão do Diário Eletrônico
Abrir Versão do Diário para Impressão
Ir para a lista de edições
IMPRENSA OFICIAL - AVARÉ
Publicado em 19 de maio de 2026 | Edição nº 2736 | Ano X
Entidade: Poder Executivo | Seção: Atos Oficiais | Subseção: Leis
Lei nº 3.450, de 19 de maio de 2026.
(Autoriza o Poder Executivo a desafetar e a efetuar a alienação do imóvel objeto da matrícula nº 14.978 do Registro de Imóveis e Anexos de Avaré e que, após desapropriação, encontra-se atualmente matriculada sob os nºs 90.858 e 90.859 do mesmo Ofício, para a categoria de bem dominical e dá outras providências)
Autoria: Prefeito Municipal (Projeto de Lei nº 86/2026).
ROBERTO DE ARAUJO
, Prefeito da Estância Turística de Avaré, usando das atribuições que lhe são conferidas por lei,
Faço saber que a Câmara Municipal da Estância Turística de Avaré aprovou e eu sanciono e promulgo a seguinte Lei:
Art. 1º
–
Fica desafetado do rol dos bens do Município de Avaré seguintes bem imóvel, objeto da matrícula n° 14.978, que após a desapropriação, encontra-se atualmente matriculada sob os números 90.585 e 90.859, ambas o Livro n° 2 - Registro Geral, do Cartório de Registro de Imóveis e anexos da Comarca de Avaré:
Art. 2º
-
Fica o Município da Estância Turística de Avaré, por meio do Poder Executivo Municipal, autorizado a alienar, através de processo licitatório, na modalidade leilão público realizado por leiloeiro oficial, o imóvel de sua propriedade, na Fazenda ""ONÇA"", neste município e comarca de Avaré.
Art. 3º
– A área de que trata o artigo 1°, trata-se de uma área remanescente de sessenta e oito (68) alqueires (equivalente a 1.645.600 m'), que era objeto da Matrícula n° 14.978 do Registro de Imóveis e Anexos de Avaré e que, após desapropriação, encontra-se atualmente matriculada sob os n°s 90.858 e 90.859 do mesmo Ofício, para a categoria de bem dominial, a qual possui as seguintes medidas e confrontações:
MATRICULA:
14.978/90.858
ÁREA A SER ALIENADA:
155,7658 ha ou 1.557.657,1350 m²
GLEBA A.
Inicia-se a descrição deste perímetro no vértice FKJ-V-0707, de coordenadas (Longitude: 48°55'59,220"", Latitude: -23°02'35,479"" e Altitude: 696,63 m), cravado na confrontação da Fazenda Las Vegas, deste, segue confrontando com Fazenda Las Vegas, Matrícula nº 55.679, CNS: 12.0568, registrado no Cartório de Registro de Imóveis da Comarca de Avaré-SP, propriedade de Espólio de Luiz Aleto Neto, com o seguintes azimute e distância: 104°06' e 15,91 m até o vértice AKV-P-4109, (Longitude: -48°55'58,678"", Latitude: -23°02'35,605"" e Altitude: 696,00 m), cravado a margem do córrego Água da Onça, na confrontação da Fazenda Las Vegas e Chácara Primavera, deste, segue margeando referido córrego, confrontando com a Chácara Primavera, Matrícula nº 81.799, CNS: 12.056-8, registrado no Cartório de Registro de Imóveis da Comarca de Avaré-SP, propriedade de Amilton Leonardo e Selma Trujilo Leonardo, com os seguintes azimutes e distâncias: 143°45' e 23,65 m até o vértice AKV-P-4108, (Longitude: -48°55'58,187"", Latitude: 23°02'36,225"" e Altitude: 696,00 m), 154°59' e 28,08 m até o vértice AKV-P-4107, (Longitude: 48°55'57,770"", Latitude: -23°02'37,052"" e Altitude: 696,00 m), 202°00' e 11,02 m até o vértice AKVP-4106, (Longitude: -48°55'57,915"", Latitude: -23°02'37,384"" e Altitude: 696,00 m), 126°07' e 18,16 m até o vértice AKV-P-4105, (Longitude: -48°55'57,400"", Latitude: -23°02'37,732"" e Altitude: 696,00 m), 58°02' e 27,55 m até o vértice AKV-P-4104, (Longitude: -48°55'56,579"", Latitude: -23°02'37,258"" e Altitude: 696,00 m), 177°56' e 15,05 m até o vértice AKV-M-0451, (Longitude: -48°55'56,560"", Latitude: -23°02'37,747"" e Altitude: 696,90 m), cravado a margem do Ribeirão Água da Onça, na confrontação da Chácara Primavera e na confrontação do Sítio Cascata - I, deste, segue pelo centro do referido Ribeirão Água da Onça, confrontando com Sítio Cascata - I, cadastrado no INCRA sob nº 628.049.004.616-A.T.31,4, Matrícula nº 6.133, CNS: 12.056-8, registrado no Cartório de Registro de Imóveis da Comarca de AvaréSP, propriedade de Lia Hanna Silva, com os seguintes azimutes e distâncias: 253°53' e 20,18 m até o vértice FKJ-V-0708, (Longitude: -48°55'57,241"", Latitude: 23°02'37,929"" e Altitude: 696,49 m), 118°15' e 18,33 m até o vértice FKJ-V-0709, (Longitude: 48°55'56,674"", Latitude: -23°02'38,211"" e Altitude: 696,64 m), 120°18' e 7,26 m até o vértice FKJ-V0710, (Longitude: -48°55'56,454"", Latitude: - 23°02'38,330"" e Altitude: 696,84 m), 180°33' e 17,57 m até o vértice FKJ-V-0711, (Longitude: - 48°55'56,460"", Latitude: -23°02'38,901"" e Altitude: 696,61 m), 59°54' e 20,01 m até o vértice FKJ-V0712, (Longitude: -48°55'55,852"", Latitude: -23°02'38,575"" e Altitude: 696,41 m), 323°57' e 7,11 m até o vértice FKJ-V-0713, (Longitude: -48°55'55,999"", Latitude: -23°02'38,388"" e Altitude: 696,96 m), 40°59' e 9,42 m até o vértice FKJ-V-0714, (Longitude: -48°55'55,782"", Latitude: -23°02'38,157"" e Altitude: 697,13 m), 123°34' e 7,18 m até o vértice FKJ-V-0715, (Longitude: -48°55'55,572"", Latitude: -23°02'38,286"" e Altitude: 697,22 m), 186°09' e 24,94 m até o vértice FKJ-V-0716, (Longitude: - 48°55'55,666"", Latitude: -23°02'39,092"" e Altitude: 696,93 m), 84°07' e 19,26 m até o vértice FKJ-V0717, (Longitude: -48°55'54,993"", Latitude: -23°02'39,028"" e Altitude: 696,97 m), 91°49' e 13,50 m até o vértice FKJ-V-0718, (Longitude: -48°55'54,519"", Latitude: -23°02'39,042"" e Altitude: 698,03 m), 157°52' e 9,60 m até o vértice FKJ-V-0719, (Longitude: -48°55'54,392"", Latitude: -23°02'39,331"" e Altitude: 697,69 m), 237°37' e 5,63 m até o vértice FKJ-V-0720, (Longitude: -48°55'54,559"", Latitude: -23°02'39,429"" e Altitude: 697,78 m), 275°59' e 19,47 m até o vértice FKJ-V-0721, (Longitude: - 48°55'55,239"", Latitude: -23°02'39,363"" e Altitude: 695,72 m), 169°11' e 20,49 m até o vértice FKJ-V0722, (Longitude: -48°55'55,104"", Latitude: -23°02'40,017"" e Altitude: 696,97 m), 139°16' e 4,67 m até o vértice FKJ-V-0723, (Longitude: -48°55'54,997"", Latitude: -23°02'40,132"" e Altitude: 700,65 m), 122°39' e 17,45 m até o vértice FKJ-V-0724, (Longitude: -48°55'54,481"", Latitude: -23°02'40,438"" e Altitude: 698,85 m), 114°38' e 28,79 m até o vértice FKJ-V-0725, (Longitude: -48°55'53,562"", Latitude: -23°02'40,828"" e Altitude: 697,60 m), 66°30' e 8,57 m até o vértice FKJ-V-0726, (Longitude: - 48°55'53,286"", Latitude: -23°02'40,717"" e Altitude: 704,58 m), 122°58' e 17,07 m até o vértice FKJ-V0727, (Longitude: -48°55'52,783"", Latitude: -23°02'41,019"" e Altitude: 695,20 m), 143°51' e 15,73 m até o vértice FKJ-V-0728, (Longitude: -48°55'52,457"", Latitude: -23°02'41,432"" e Altitude: 706,10 m), 250°16' e 24,98 m até o vértice FKJ-V-0729, (Longitude: -48°55'53,283"", Latitude: -23°02'41,706"" e Altitude: 699,53 m), 153°42' e 18,19 m até o vértice FKJ-V-0730, (Longitude: -48°55'53,000"", Latitude: -23°02'42,236"" e Altitude: 697,90 m), 93°08' e 7,30 m até o vértice FKJ-V-0731, (Longitude: - 48°55'52,744"", Latitude: -23°02'42,249"" e Altitude: 698,65 m), 162°48' e 25,63 m até o vértice FKJ-V0732, (Longitude: -48°55'52,478"", Latitude: -23°02'43,045"" e Altitude: 702,24 m), 206°19' e 15,28 m até o vértice FKJ-V-0733, (Longitude: -48°55'52,716"", Latitude: -23°02'43,490"" e Altitude: 705,02 m), 167°30' e 13,42 m até o vértice FKJ-V-0734, (Longitude: -48°55'52,614"", Latitude: -23°02'43,916"" e Altitude: 698,99 m), 158°37' e 23,13 m até o vértice FKJ-V-0735, (Longitude: -48°55'52,318"", Latitude: -23°02'44,616"" e Altitude: 700,95 m), 174°25' e 20,80 m até o vértice FKJ-V-0736, (Longitude: - 48°55'52,247"", Latitude: -23°02'45,289"" e Altitude: 699,26 m), 290°01' e 7,82 m até o vértice FKJ-V0737, (Longitude: -48°55'52,505"", Latitude: -23°02'45,202"" e Altitude: 697,12 m), 208°49' e 29,46 m até o vértice FKJ-V-0738, (Longitude: -48°55'53,004"", Latitude: -23°02'46,041"" e Altitude: 698,13 m), 93°33' e 17,34 m até o vértice FKJ-V-0739, (Longitude: -48°55'52,396"", Latitude: -23°02'46,076"" e Altitude: 702,04 m), 56°28' e 11,03 m até o vértice FKJ-V-0740, (Longitude: -48°55'52,073"", Latitude: -23°02'45,878"" e Altitude: 700,91 m), 119°01' e 12,11 m até o vértice FKJ-V-0741, (Longitude: - 48°55'51,701"", Latitude: -23°02'46,069"" e Altitude: 703,82 m), 160°49' e 9,71 m até o vértice FKJ-V0742, (Longitude: -48°55'51,589"", Latitude: -23°02'46,367"" e Altitude: 701,69 m), 214°07' e 14,16 m até o vértice FKJ-V-0743, (Longitude: -48°55'51,868"", Latitude: -23°02'46,748"" e Altitude: 702,03 m), 252°34' e 18,08 m até o vértice FKJ-V-0744, (Longitude: -48°55'52,474"", Latitude: -23°02'46,924"" e Altitude: 698,91 m), 162°49' e 35,58 m até o vértice FKJ-V-0745, (Longitude: -48°55'52,105"", Latitude: -23°02'48,029"" e Altitude: 700,64 m), 144°18' e 12,69 m até o vértice FKJ-V-0746, (Longitude: - 48°55'51,845"", Latitude: -23°02'48,364"" e Altitude: 698,54 m), 50°33' e 25,62 m até o vértice FKJ-V0747, (Longitude: -48°55'51,150"", Latitude: -23°02'47,835"" e Altitude: 702,24 m), 100°28' e 2,20 m até o vértice FKJ-V-0748, (Longitude: -48°55'51,074"", Latitude: -23°02'47,848"" e Altitude: 699,33 m), 166°37' e 6,77 m até o vértice FKJ-V-0749, (Longitude: -48°55'51,019"", Latitude: -23°02'48,062"" e Altitude: 698,62 m), 176°56' e 13,34 m até o vértice FKJ-V-0750, (Longitude: -48°55'50,994"", Latitude: -23°02'48,495"" e Altitude: 692,92 m), 117°52' e 15,07 m até o vértice FKJ-V-0751, (Longitude: - 48°55'50,526"", Latitude: -23°02'48,724"" e Altitude: 698,36 m), 183°16' e 17,97 m até o vértice FKJ-V0752, (Longitude: -48°55'50,562"", Latitude: -23°02'49,307"" e Altitude: 698,50 m), 86°07' o vértice FKJ-V-0753, (Longitude: -48°55'50,132"", Latitude: -23°02'49,280"" e Altitude: 698,76 m), 152°53' e 14,24 m até o vértice FKJ-V-0754, (Longitude: -48°55'49,904"", Latitude: -23°02'49,692"" e Altitude: 698,71 m), 158°35' e 19,50 m até o vértice FKJ-V-0755, (Longitude: -48°55'49,654"", Latitude: -23°02'50,282"" e Altitude: 698,78 m), 112°55' e 27,02 m até o vértice FKJ-V-0756, (Longitude: - 48°55'48,780"", Latitude: -23°02'50,624"" e Altitude: 699,17 m), 94°32' e 21,74 m até o vértice FKJ-V0757, (Longitude: -48°55'48,019"", Latitude: -23°02'50,680"" e Altitude: 699,38 m), 115°53' e 16,49 m até o vértice FKJ-V-0758, (Longitude: -48°55'47,498"", Latitude: -23°02'50,914"" e Altitude: 699,41 m), 114°42' e 11,41 m até o vértice FKJ-V-0759, (Longitude: -48°55'47,134"", Latitude: -23°02'51,069"" e Altitude: 699,88 m), 137°03' e 6,98 m até o vértice FKJ-V-0760, (Longitude: -48°55'46,967"", Latitude: -23°02'51,235"" e Altitude: 699,66 m), 168°43' e 25,19 m até o vértice FKJ-V-0761, (Longitude: - 48°55'46,794"", Latitude: -23°02'52,038"" e Altitude: 698,90 m), 96°00' e 7,93 m até o vértice FKJ-V0762, (Longitude: -48°55'46,517"", Latitude: -23°02'52,065"" e Altitude: 700,12 m), 68°24' e 8,70 m até o vértice FKJ-V-0763, (Longitude: -48°55'46,233"", Latitude: -23°02'51,961"" e Altitude: 700,21 m), 134°46' e 1,97 m até o vértice FKJ-V-0764, (Longitude: -48°55'46,184"", Latitude: -23°02'52,006"" e Altitude: 700,18 m), 191°16' e 27,67 m até o vértice FKJ-V-0765, (Longitude: -48°55'46,374"", Latitude: -23°02'52,888"" e Altitude: 699,36 m), 222°01' e 11,06 m até o vértice FKJ-V-0766, (Longitude: -48°55'46,634"", Latitude: -23°02'53,155"" e Altitude: 699,35 m), 174°16' e 12,00 m até o vértice FKJ-V0767, (Longitude: -48°55'46,592"", Latitude: -23°02'53,543"" e Altitude: 699,60 m), 197°21' e 22,05 m até o vértice FKJ-V-0768, (Longitude: -48°55'46,823"", Latitude: -23°02'54,227"" e Altitude: 700,56 m), 159°04' e 8,53 m até o vértice FKJ-V-0769, (Longitude: -48°55'46,716"", Latitude: -23°02'54,486"" e Altitude: 700,69 m), 107°22' e 26,79 m até o vértice FKJ-V-0770, (Longitude: -48°55'45,818"", Latitude: -23°02'54,746"" e Altitude: 700,76 m), 99°16' e 11,83 m até o vértice FKJ-V-0771, (Longitude: - 48°55'45,408"", Latitude: -23°02'54,808"" e Altitude: 700,76 m), 143°16' e 18,23 m até o vértice FKJ-V0772, (Longitude: -48°55'45,025"", Latitude: -23°02'55,283"" e Altitude: 700,23 m), 145°30' e 11,01 m até o vértice FKJ-V-0773, (Longitude: -48°55'44,806"", Latitude: -23°02'55,578"" e Altitude: 700,80 m), 145°19' e 3,40 m até o vértice FKJ-V-0774, (Longitude: -48°55'44,738"", Latitude: -23°02'55,669"" e Altitude: 700,99 m), cravado no centro do Ribeirão Água da Onça, na confrontação do Sítio Cascata – I, e na confrontação da Estrada Municipal – AVR 152, deste, segue margeando a referida Estrada Municipal - AVR 152, propriedade de Prefeitura Municipal de Avaré-SP, com os seguintes azimutes e distâncias: 222°51' e 32,90 m até o vértice FKJ-V-0775, (Longitude: -48°55'45,524"", Latitude: - 23°02'56,453"" e Altitude: 702,61 m), 224°08' e 67,74 m até o vértice FKJ-V-0776, (Longitude: - 48°55'47,181"", Latitude: -23°02'58,033"" e Altitude: 706,54 m), 219°00' e 80,93 m até o vértice FKJ-V0777, (Longitude: -48°55'48,970"", Latitude: -23°03'00,077"" e Altitude: 714,36 m), 210°57' e 78,89 m até o vértice FKJ-V-0778, (Longitude: -48°55'50,395"", Latitude: -23°03'02,276"" e Altitude: 721,99 m), 209°35' e 79,81 m até o vértice FKJ-V-0779, (Longitude: -48°55'51,779"", Latitude: -23°03'04,532"" e Altitude: 728,79 m), 206°43' e 108,61 m até o vértice FKJ-V-0780, (Longitude: -48°55'53,495"", Latitude: -23°03'07,685"" e Altitude: 734,00 m), 199°04' e 22,40 m até o vértice FKJ-V-0781, (Longitude: -48°55'53,752"", Latitude: -23°03'08,373"" e Altitude: 733,31 m), 182°16' e 20,85 m até o vértice FKJ-V0782, (Longitude: -48°55'53,781"", Latitude: -23°03'09,050"" e Altitude: 733,51 m), 162°52' e 20,02 m até o vértice FKJ-V-0783, (Longitude: -48°55'53,574"", Latitude: -23°03'09,672"" e Altitude: 733,71 m), 133°18' e 14,40 m até o vértice FKJ-V-0784, (Longitude: -48°55'53,206"", Latitude: -23°03'09,993"" e Altitude: 733,92 m), 121°29' e 31,52 m até o vértice FKJ-V-0785, (Longitude: -48°55'52,262"", Latitude: -23°03'10,528"" e Altitude: 734,51 m), 131°34' e 16,97 m até o vértice FKJ-V-0786, (Longitude: - 48°55'51,816"", Latitude: -23°03'10,894"" e Altitude: 735,44 m), 145°21' e 23,89 m até o vértice FKJ-V0787, (Longitude: -48°55'51,339"", Latitude: -23°03'11,533"" e Altitude: 736,87 m), 164°15' e 21,42 m até o vértice FKJ-V-0788, (Longitude: -48°55'51,135"", Latitude: -23°03'12,203"" e Altitude: 737,64 m), 173°49' e 46,26 m até o vértice FKJ-V-0789, (Longitude: -48°55'50,960"", Latitude: -23°03'13,698"" e Altitude: 739,62 m), 175°28' e 44,07 m até o vértice FKJ-V-0790, (Longitude: -48°55'50,838"", Latitude: -23°03'15,126"" e Altitude: 742,01 m), 177°37' e 92,78 m até o vértice FKJ-V-0791, (Longitude: - 48°55'50,703"", Latitude: -23°03'18,139"" e Altitude: 746,31 m), 177°33' e 151,69 m até o vértice FKJ-V0792, (Longitude: -48°55'50,476"", Latitude: -23°03'23,065"" e Altitude: 750,81 m), 177°32' e 75,45 m até o vértice FKJ-V-0793, (Longitude: -48°55'50,362"", Latitude: -23°03'25,515"" e Altitude: 752,26 m), 181°30' e 125,05 m até o vértice FKJ-V-0794, (Longitude: -48°55'50,477"", Latitude: -23°03'29,578"" e Altitude: 752,57 m), 183°22' e 39,70 m até o vértice FKJ-V-0795, (Longitude: -48°55'50,559"", Latitude: -23°03'30,866"" e Altitude: 752,15 m), 186°48' e 81,12 m até o vértice FKJ-V-0796, (Longitude: -48°55'50,897"", Latitude: -23°03'33,484"" e Altitude: 749,46 m), 186°36' e 60,12 m até o vértice FKJ-V-0817, (Longitude: -48°55'51,140"", Latitude: -23°03'35,425"" e Altitude: 751,02 m), 186°31' e 9,79 m até o vértice FKJ-V-0797, (Longitude: - 48°55'51,179"", Latitude: -23°03'35,741"" e Altitude: 751,27 m), 185°17' e 97,67 m até o vértice FKJ-V0798, (Longitude: -48°55'51,495"", Latitude: -23°03'38,902"" e Altitude: 753,00 m), cravado a margem da referida Estrada Municipal – AVR 152, e na confrontação da Fazenda Onça – Área 01, deste, segue confrontando com Fazenda Onça - Área 01, Matrícula nº 56.717, CNS: 12.056-8, registrado no Cartório de Registro de Imóveis da Comarca Avaré-SP, propriedade da Companhia Luz e Força ""Santa Cruz"", com os seguintes azimutes e distâncias: 254°30' e 2,30 m até o vértice FKJ-M-0239, (Longitude: -48°55'51,573"", Latitude: -23°03'38,922"" e Altitude: 753,12 m), 254°28' e 365,17 m até o vértice FKJ-M-0240, (Longitude: -48°56'03,932"", Latitude: 23°03'42,098"" e Altitude: 767,24 m), 164°23' e 16,19 m até o vértice FKJ-V-0818, (Longitude: 48°56'03,779"", Latitude: -23°03'42,605"" e Altitude: 767,31 m), 164°25' e 159,76 m até o vértice FKJV-0799, (Longitude: - 48°56'02,272"", Latitude: -23°03'47,607"" e Altitude: 767,97 m), cravado na confrontação da Fazenda Onça - Área 01, e na confrontação da Fazenda Lazareto, Matrícula 65.454, deste, segue confrontando com Fazenda Lazzaretos, cadastrado no INCRA sob nº 633.054.035.521-7, Matrícula nº 65.454, registrado no Cartório de Registro de Imóveis da Comarca de Avaré-SP, propriedade de Hildegard Bannwart Cezar, Ernaldo Cezar Filho, Berta Rosmaria Bannwart, Conrado Alberto Bannwart Mortean, Luciana Uliana Mortean, Eduardo Amaral Bannwart, Jéssica Giselle Fogaça Bannwart, Marylen Bannwart, Ricardo Amaral Bannwart, e Hans Klaus Bannwart Amorim, com os seguintes azimutes e distâncias: 241°06' e 8,98 m até o vértice FKJ-M-0241, (Longitude: -48°56'02,548"", Latitude: - 23°03'47,748"" e Altitude: 767,21 m), 241°08' e 41,51 m até o vértice FKJ-M-0242, (Longitude: - 48°56'03,825"", Latitude: 23°03'48,399"" e Altitude: 768,08 m), cravado na confrontação da Fazenda Lazzaretos, Matricula nº 65.454, e na confrontação da Fazenda Lazzaretos – Gleba sem denominação, Matrícula nº 64.776, deste, segue confrontando com Fazenda Lazzaretos - Gleba sem denominação, cadastrado no INCRA sob nº633.054.035.521-7, Matrícula nº 64.776, CNS: 12.056-8, registrado no Cartório de Registro de Imóveis da Comarca de Avaré-SP, propriedade de João Ricardo Bannwart, e Elietina Maria do Amaral Bannwart, com os seguintes azimutes e distâncias: 241°55' e 39,24 m até o vértice -D-0001, 345°31' e 224,40 m até o vértice -D-0002, cravado na confrontação com a Gleba A, com os seguintes azimutes e distâncias: 246°19' e 46,69 m até o vértice -D-0003, 238°40' e 119,80 m até o vértice -D-0004, cravado na confrontação com a Gleba A, com os seguintes azimutes e distâncias: 328°47' e 0,25 m até o vértice FKJ-M-0237, (Longitude: -48°56'12,267"", Latitude: -23°03'44,714"" e Altitude: 767,18 m), cravado na confrontação da Fazenda Lazzaretos – Gleba sem denominação, Matrícula nº 55.326, e na confrontação do Sítio Santa Catarina, deste, segue confrontando com Sítio Santa Catarina, cadastrado no INCRA sob nº 629.049.002.860-9, Matrícula nº 65.806, CNS: 12.056-8, registrado no Cartório de Registro de Imóveis da Comarca de Avaré-SP, propriedade de Berta Rosmaria Bannwart, com os seguintes azimutes e distâncias: 328°32' e 119,07 m até o vértice FKJ-V-0809 até o vértice FKJ-V-0809, (Longitude: -48°56'14,450"", Latitude: -23°03'41,413"" e Altitude: 766,31 m), 328°32' e 367,32 m até o vértice FKJ-M-0236, (Longitude: -48°56'21,182"", Latitude: -23°03'31,228"" e Altitude: 763,64 m), 328°12' e 508,04 m até o vértice FKJ-M-0235, (Longitude: -48°56'30,584"", Latitude: -23°03'17,193"" e Altitude: 765,80m), cravado na confrontação do Sítio Santa Catarina, e na confrontação da Fazenda Las Vegas, deste, segue confrontando com Fazenda Las Vegas, cadastrado no INCRA sob nº 629.049.004.103-6, Matrícula nº 55.679, CNS: 12.056-8, registrado no Cartório de Registro de Imóveis da Comarca de Avaré-SP, propriedade de Espólio de Luiz Aleto Neto, com os seguintes azimutes e distâncias: 35°11' e 20,40 m até o vértice FKJ-V-0821, (Longitude: 48°56'30,171"", Latitude: -23°03'16,651"" e Altitude: 765,65 m), 35°09' e 512,15 m até o vértice FKJM-0247, (Longitude: -48°56'19,813"", Latitude: -23°03'03,041"" e Altitude: 761,88 m), 34°42' e 781,52 m até o vértice FKJ-M0248, (Longitude: -48°56'04,182"", Latitude: -23°02'42,160"" e Altitude: 717,13 m), 34°30' e 223,13 m até o vértice FKJ-M-0249, (Longitude: -48°55'59,743"", Latitude: 23°02'36,183"" e Altitude: 698,07 m), 34°30' e 26,28 m até o vértice FKJ-V-0707, ponto inicial da descrição deste perímetro retirando uma área de 30.000,00m² / 3,0008ha para desmembramento.
MATRICULA: 14.978/90.859
ÁREA A SER ALIENADA: 5,0034 ha ou 50.033,5028 m²
GLEBA B.
Inicia-se a descrição deste perímetro no vértice FKJ-V-0822, de coordenadas (Longitude: - 48°55'44,453"", Latitude: -23°02'55,958"" e Altitude: 701,24 m), cravado a margem da Estrada Municipal – AVR 152, e na confrontação do Sítio Cascata, deste, segue pelo centro do Córrego Água da Onça, confrontando com Sítio Cascata, Transcrição nº 34.038, CNS: 12.056-8, Folha nº 239, Livro nº 3-AR, registrado no Cartório de Registro de Imóveis da Comarca de Avaré-SP, propriedade de Lia Hanna Silva, com os seguintes azimutes e distâncias: 145°19' e 8,16 m até o vértice FKJ-V-0823, (Longitude: -48°55'44,290"", Latitude: -23°02'56,176"" e Altitude: 701,49 m), 166°55' e 9,57 m até o vértice FKJ-V-0824, (Longitude: -48°55'44,214"", Latitude: -23°02'56,479"" e Altitude: 700,95 m), 138°01' e 7,53 m até o vértice FKJ-V-0825, (Longitude: -48°55'44,037"", Latitude: -23°02'56,661"" e Altitude: 700,26 m), 194°16' e 6,92 m até o vértice FKJ-V-0826, (Longitude: -48°55'44,097"", Latitude: -23°02'56,879"" e Altitude: 700,47 m), 190°42' e 12,87 m até o vértice FKJ-V-0827, (Longitude: -48°55'44,181"", Latitude: -23°02'57,290"" e Altitude: 701,32 m), 206°29' e 7,15 m até o vértice FKJ-V-0828, (Longitude: -48°55'44,293"", Latitude: -23°02'57,498"" e Altitude: 701,24 m), 182°34' e 5,70 m até o vértice FKJ-V-0829, (Longitude: -48°55'44,302"", Latitude: -23°02'57,683"" e Altitude: 701,48 m), 158°32' e 5,92 m até o vértice FKJ-V-0830, (Longitude: -48°55'44,226"", Latitude: -23°02'57,862"" e Altitude: 701,47 m), 183°43' e 4,38 m até o vértice FKJ-V-0831, (Longitude: -48°55'44,236"", Latitude: -23°02'58,004"" e Altitude: 701,40 m), 211°24' e 12,40 m até o vértice FKJ-V-0832, (Longitude: -48°55'44,463"", Latitude: -23°02'58,348"" e Altitude: 701,16 m), 186°42' e 10,72 m até o vértice FKJ-V-0833, (Longitude: -48°55'44,507"", Latitude: -23°02'58,694"" e Altitude: 701,26 m), 156°15' e 5,51 m até o vértice FKJ-V-0834, (Longitude: -48°55'44,429"", Latitude: -23°02'58,858"" e Altitude: 701,57 m), 189°33' e 6,86 m até o vértice FKJ-V-0835, (Longitude: -48°55'44,469"", Latitude: -23°02'59,078"" e Altitude: 701,25 m), 94°07' e 8,54 m até o vértice FKJ-V-0836, (Longitude: -48°55'44,170"", Latitude: -23°02'59,098"" e Altitude: 701,35 m), 77°57' e 11,50 m até o vértice FKJ-V-0837, (Longitude: -48°55'43,775"", Latitude: -23°02'59,020"" e Altitude: 701,73 m), 148°24' e 11,09 m até o vértice FKJ-V-0838, (Longitude: -48°55'43,571"", Latitude: -23°02'59,327"" e Altitude: 701,68 m), 143°45' e 11,37 m até o vértice FKJ-V-0839, (Longitude: -48°55'43,335"", Latitude: -23°02'59,625"" e Altitude: 701,05 m), 111°23' e 6,33 m até o vértice FKJ-V-0840, (Longitude: -48°55'43,128"", Latitude: -23°02'59,700"" e Altitude: 701,78 m), 204°49' e 6,24 m até o vértice FKJ-V-0841, (Longitude: -48°55'43,220"", Latitude: -23°02'59,884"" e Altitude: 701,20 m), 235°55' e 7,91 m até o vértice FKJ-V-0842, (Longitude: -48°55'43,450"", Latitude: -23°03'00,028"" e Altitude: 701,72 m), 214°24' e 25,69 m até o vértice FKJ-V-0843, (Longitude: -48°55'43,960"", Latitude: -23°03'00,717"" e Altitude: 700,99 m), 163°52' e 10,25 m até o vértice FKJ-V-0844, (Longitude: -48°55'43,860"", Latitude: -23°03'01,037"" e Altitude: 702,09 m), 134°57' e 7,40 m até o vértice FKJ-V-0845, (Longitude: -48°55'43,676"", Latitude: -23°03'01,207"" e Altitude: 702,40 m), 98°58' e 8,68 m até o vértice FKJ-V-0846, (Longitude: -48°55'43,375"", Latitude: -23°03'01,251"" e Altitude: 702,48 m), 129°20' e 10,97 m até o vértice FKJ-V-0847, (Longitude: -48°55'43,077"", Latitude: -23°03'01,477"" e Altitude: 702,05 m), 127°30' e 14,50 m até o vértice FKJ-V-0848, (Longitude: -48°55'42,673"", Latitude: -23°03'01,764"" e Altitude: 702,25 m), 117°51' e 10,53 m até o vértice FKJ-V-0849, (Longitude: -48°55'42,346"", Latitude: -23°03'01,924"" e Altitude: 701,19 m), 171°39' e 9,02 m até o vértice FKJ-V-0850, (Longitude: -48°55'42,300"", Latitude: -23°03'02,214"" e Altitude: 702,01 m), 131°39' e 6,90 m até o vértice FKJ-V-0851, (Longitude: -48°55'42,119"", Latitude: -23°03'02,363"" e Altitude: 703,30 m), 191°08' e 7,37 m até o vértice FKJ-V-0852, (Longitude: -48°55'42,169"", Latitude: -23°03'02,598"" e Altitude: 701,72 m), 208°56' e 14,24 m até o vértice FKJ-V-0853, (Longitude: -48°55'42,411"", Latitude: -23°03'03,003"" e Altitude: 702,02 m), 167°16' e 23,91 m até o vértice FKJ-V-0854, (Longitude: -48°55'42,226"", Latitude: -23°03'03,761"" e Altitude: 702,74 m), 141°23' e 16,06 m até o vértice FKJ-V-0855, (Longitude: -48°55'41,874"", Latitude: -23°03'04,169"" e Altitude: 701,50 m), 219°04' e 41,73 m até o vértice FKJ-P-0399, (Longitude: -48°55'42,798"", Latitude: -23°03'05,222"" e Altitude: 701,33 m), cravado no centro do Córrego Água da Onça, na confrontação do Sítio Cascata, deste, segue pelo centro da grota, acompanhando o afluente do Córrego Água da Onça, confrontando com a Fazenda Água da Onça, cadastrado no INCRA sob nº 629.049.006.190-8, Matrícula nº 67.731, CNS: 12.056-8, registrado no Cartório de Registro de Imóveis da Comarca de Avaré-SP, propriedade de Carlos Piagentini, Leni Maria de Campos Piagentini, e Claudio Piagentini, Tereza Maria de Jesus Piagentini, e Clovis Piagentini, e Claudinei Piagentini, e Clara Piagentini Lombardi, Guerino Lombardi Filho, com os seguintes azimutes e distâncias: 277°21' e 7,21 m até o vértice FKJ-P-0400, (Longitude: -48°55'43,049"", Latitude: -23°03'05,192"" e Altitude: 701,64 m), 271°00' e 8,71 m até o vértice FKJ-P-0401, (Longitude: -48°55'43,355"", Latitude: -23°03'05,187"" e Altitude: 702,25 m), 275°30' e 17,96 m até o vértice FKJ-V-0856, (Longitude: -48°55'43,983"", Latitude: -23°03'05,131"" e Altitude: 707,82 m), 272°44' e 14,82 m até o vértice FKJ-V-0857, (Longitude: -48°55'44,503"", Latitude: -23°03'05,108"" e Altitude: 709,70 m), 289°13' e 23,37 m até o vértice FKJ-V-0858, (Longitude: -48°55'45,278"", Latitude: -23°03'04,858"" e Altitude: 707,27 m), 255°42' e 37,78 m até o vértice FKJ-V-0859, (Longitude: -48°55'46,564"", Latitude: -23°03'05,161"" e Altitude: 714,04 m), 253°51' e 28,78 m até o vértice FKJ-V-0860, (Longitude: -48°55'47,535"", Latitude: -23°03'05,421"" e Altitude: 716,20 m), 237°40' e 46,03 m até o vértice FKJ-V-0861, (Longitude: -48°55'48,901"", Latitude: -23°03'06,221"" e Altitude: 718,43 m), 223°59' e 18,69 m até o vértice FKJ-V-0862, (Longitude: -48°55'49,357"", Latitude: -23°03'06,658"" e Altitude: 724,14 m), 241°30' e 46,94 m até o vértice FKJ-V-0863, (Longitude: -48°55'50,806"", Latitude: -23°03'07,386"" e Altitude: 725,52 m), 231°56' e 31,89 m até o vértice FKJ-V-0864, (Longitude: -48°55'51,688"", Latitude: -23°03'08,025"" e Altitude: 728,40 m), 229°12' e 36,74 m até o vértice FKJ-P-0402, (Longitude: -48°55'52,665"", Latitude: -23°03'08,805"" e Altitude: 720,57 m), 219°00' e 24,79 m até o vértice FKJ-V-0865, (Longitude: -48°55'53,213"", Latitude: -23°03'09,431"" e Altitude: 731,80 m), cravado na confrontação da Fazenda Água da Onça, e na confrontação da Estrada Municipal – AVR 152, deste, segue confrontando com a Estrada Municipal - AVR 152, propriedade de Prefeitura Municipal de Avaré-SP, com os seguintes azimutes e distâncias: 342°51' e 13,91 m até o vértice FKJ-V-0866, (Longitude: -48°55'53,357"", Latitude: -23°03'08,999"" e Altitude: 733,51 m), 02°18' e 17,03 m até o vértice FKJ-V-0867, (Longitude: -48°55'53,333"", Latitude: -23°03'08,446"" e Altitude: 733,31 m), 19°01' e 19,82 m até o vértice FKJ-V-0868, (Longitude: -48°55'53,106"", Latitude: - 23°03'07,837"" e Altitude: 734,00 m), 26°43' e 107,50 m até o vértice FKJ-V-0869, (Longitude: - 48°55'51,408"", Latitude: -23°03'04,716"" e Altitude: 728,79 m), 29°36' e 79,37 m até o vértice FKJ-V0870, (Longitude: -48°55'50,031"", Latitude: -23°03'02,473"" e Altitude: 721,99 m), 30°56' e 77,91 m até o vértice FKJ-V-0871, (Longitude: -48°55'48,624"", Latitude: -23°03'00,301"" e Altitude: 714,36 m), 39°00' e 79,53 m até o vértice FKJ-V-0872, (Longitude: -48°55'46,866"", Latitude: -23°02'58,292"" e Altitude: 706,54 m), 44°09' e 67,36 m até o vértice FKJ-V-0873, (Longitude: -48°55'45,218"", Latitude: -23°02'56,721"" e Altitude: 702,61 m), 42°51' e 32,02 m até o vértice FKJ-V-0822, ponto inicial da descrição deste perímetro. Todas as coordenadas aqui descritas estão georreferenciadas ao Sistema Geodésico Brasileiro tendo como datum o SIRGAS2000. A área foi obtida pelas coordenadas cartesianas locais referenciada ao Sistema Geodésico Local (SGL-SIGEF). Todos os azimutes foram calculados pela fórmula do Problema Geodésico Inverso (Puissant). Perímetro e Distâncias foram calculados pelas coordenadas cartesianas geocêntricas.
Art. 4º
.
Fica desafetado o bem público descrito no art. 2º desta Lei, o qual será objeto de alienação no estado de conservação que se encontrar.
Art. 5º
.
O recurso, objeto da alienação, será recolhido como receitas ao Erário Municipal e será destinado às diversas áreas as quais tiverem necessidade de investimentos, tais como obras de infraestrutura, bem como para custeio diversos.
Art. 6º
.
O preço do lance mínimo do imóvel no processo licitatório será de R$ 28.000.000,00 (vinte e oito milhões de reais), podendo ser reajustado de acordo com o preço praticado no mercado imobiliário e/ou pelos índices oficiais de correção, bem como de acordo com os lances dados durante o leilão, não podendo em hipótese alguma ficar com valor abaixo do lance mínimo atribuído nesta lei para o imóvel.
Art. 7º
.
Notifique-se o Cartório de Registro de Imóveis para providências legais cabíveis.
Art.8º.
Esta lei entrará em vigor na data de sua publicação, passando a propriedade do bem imóvel para o arrematante após a quitação total dos valores e custas relativas ao leilão público bem como as custas cartorárias, revogando-se disposições em contrário.
Prefeitura da Estância Turística de Avaré, 19 de maio de 2026.
ROBERTO DE ARAUJO
Prefeito
Este conteúdo não substitui o publicado na versão certificada.",https://www.dosp.com.br/exibe_do.php?i=ODIwMDky,
DOA-026,2026-05-19,2736,Leis,3447 - autoriza sepultamento de cães e gatos em jazigos de tutores ou familiares,Não identificada,"Imprensa Oficial - Modo leitura em tela
Abrir Versão do Diário Eletrônico
Abrir Versão do Diário para Impressão
Ir para a lista de edições
IMPRENSA OFICIAL - AVARÉ
Publicado em 19 de maio de 2026 | Edição nº 2736 | Ano X
Entidade: Poder Executivo | Seção: Atos Oficiais | Subseção: Leis
Lei nº 3.447, de 19 de maio de 2026.
Dispõe sobre a autorização para sepultamento de cães e gatos em jazigos pertencentes aos seus tutores ou familiares nos cemitérios do Município de Avaré/SP e dá outras providências.
Autoria: Ver. Pedro Victor Alarcão Alves Fusco (Projeto de Lei nº 18/2026).
ROBERTO DE ARAUJO
, Prefeito da Estância Turística de Avaré, usando das atribuições que lhe são conferidas por lei,
Faço saber que a Câmara Municipal da Estância Turística de Avaré aprovou e eu sanciono e promulgo a seguinte Lei:
Art. 1º
- Fica autorizado, no âmbito do Município de Avaré/SP, o sepultamento de cães e gatos em jazigos, sepulturas ou campas pertencentes aos seus tutores ou familiares, localizados em cemitérios públicos ou privados, observado o disposto nesta Lei.
Art. 2º
- O sepultamento de que trata esta Lei deverá respeitar, obrigatoriamente:
I – as normas sanitárias e ambientais vigentes;
II – as regras estabelecidas pela Vigilância Sanitária Municipal;
III – as disposições do serviço funerário municipal.
Art. 3º
- O sepultamento somente será autorizado mediante:
I – comprovação da titularidade ou autorização do titular do jazigo;
II – apresentação de atestado de óbito do animal, emitido por médico veterinário;
III – acondicionamento adequado do corpo do animal, conforme regulamentação sanitária.
Art. 4º
- Os cemitérios particulares poderão, respeitadas as normas legais e sanitárias, estabelecer regulamento próprio para o sepultamento de animais domésticos em seus jazigos ou campas.
Art. 5º
- Todas as despesas decorrentes do sepultamento do animal serão de inteira responsabilidade do tutor ou do titular do jazigo, não gerando qualquer ônus ao Município.
Art. 6º
- O Poder Executivo poderá regulamentar esta Lei no que couber, especialmente quanto aos procedimentos operacionais e sanitários.
Art. 7º
- Esta Lei entra em vigor na data de sua publicação.
Prefeitura da Estância Turística de Avaré, 19 de maio de 2026.
ROBERTO DE ARAUJO
Prefeito
Este conteúdo não substitui o publicado na versão certificada.",https://www.dosp.com.br/exibe_do.php?i=ODIwMDky,
DOA-027,2026-05-19,2736,Leis,3451 - Altera Lei 3207-2025 - Associação Nacional do CAvalo de Rédeas ANCR,Não identificada,"Imprensa Oficial - Modo leitura em tela
Abrir Versão do Diário Eletrônico
Abrir Versão do Diário para Impressão
Ir para a lista de edições
IMPRENSA OFICIAL - AVARÉ
Publicado em 19 de maio de 2026 | Edição nº 2736 | Ano X
Entidade: Poder Executivo | Seção: Atos Oficiais | Subseção: Leis
Lei nº 3.451, de 19 de maio de 2026.
(Altera a lei nº 3.207, de 16 de abril de 2025, a qual dá concessão de uso de imóvel público, à
ASSOCIAÇÃO NACIONAL DO CAVALO DE RÉDEAS - ANCR
, e dá outras providências.)
Autoria: Prefeito Municipal (Projeto de Lei nº 112/2026).
ROBERTO DE ARAUJO
, Prefeito da Estância Turística de Avaré, usando das atribuições que lhe são conferidas por lei,
Faço saber que a Câmara Municipal da Estância Turística de Avaré aprovou e eu sanciono e promulgo a seguinte Lei:
Art. 1°
-
O artigo 5º da Lei nº 3.207, de 16 de abril de 2025, passa a vigorar com a seguinte redação:
Art. 5°-
Em razão do investimento a ser realizado pela
ASSOCIAÇÃO NACIONAL DO CAVALO DE RÉDEAS - ANCR
, pessoa jurídica de direito privado, inscrita no CNPJ/MF sob o n° 60.004.835/0001-41, com sede à Avenida Rota dos Imigrantes n° 490, sala 04, Conjunto 10, Galeria Atrium, Centro, Holambra/SP, na pista 01 e localizada no Centro de Exposições “Dr. Fernando Cruz Pimentel” - EMAPA fica desde já o Poder Executivo Municipal autorizado a conceder o direito real de uso da pista 01, de 250 (duzentas e cinquenta) Baias, bem como Baias auxiliares de apoio.
Art. 2°-
Esta lei entrará em vigor na data de sua publicação, revogadas as disposições em contrário.
Prefeitura da Estância Turística de Avaré, 19 de maio de 2026.
ROBERTO DE ARAUJO
Prefeito
Este conteúdo não substitui o publicado na versão certificada.",https://www.dosp.com.br/exibe_do.php?i=ODIwMDky,
DOA-028,2026-05-15,2734,Decretos,8737 - Convoca a XIII conferencia municipal dos direitos da criança e do adolescente,Não identificada,"Imprensa Oficial - Modo leitura em tela
Abrir Versão do Diário Eletrônico
Abrir Versão do Diário para Impressão
Ir para a lista de edições
IMPRENSA OFICIAL - AVARÉ
Publicado em 15 de maio de 2026 | Edição nº 2734 | Ano X
Entidade: Poder Executivo | Seção: Atos Oficiais | Subseção: Decretos
Decreto nº. 8.737, de 06 de maio de 2026.
(Convoca a XIII Conferência Municipal dos Direitos da Criança e do Adolescente).
ROBERTO DE ARAUJO
, Prefeito da Estância Turística de Avaré, usando das atribuições que lhe são conferidas por lei e;
Considerando a Resolução Conanda nº 276 de 12 de novembro de 2025 que convocou a XIII Conferência Nacional dos Direitos da Criança e do Adolescente;
Considerando a Deliberação 01/2026 – CONDECA de 25/mar/2026 que convocou a 12ª Conferência Estadual, bem como as Conferências Regionais e Municipais dos Direitos da Criança e do Adolescente e estabeleceu no cronograma a realização de Conferências Municipais, no período de fevereiro a setembro de 2026;
Considerando a necessidade de promover ampla mobilização social para sensibilizar, conscientizar e mobilizar a sociedade municipal
para dialogar e propor iniciativas que garantam a articulação intersetorial para o fortalecimento do SGDCA
, visando à promoção, proteção, defesa e controle social das políticas, através de programas e ações voltadas à infância e adolescência, com base no respeito às diversidades e pluralidades, no fortalecimento e aprimoramento da Democracia Participativa;
DECRETA
:
Art. 1°
- Fica convocada a XIII Conferência Municipal dos Direitos Humanos da Criança e do Adolescente, a ser realizada na semana de 21 a 25 de setembro de 2026, tendo como tema central: “
Fortalecendo o Sistema de Garantia de Direitos da Criança e do Adolescente (SGDCA) e a Democracia Participativa”.
Parágrafo único. Os debates e propostas deverão se organizar em torno dos seguintes eixos:
Aprimoramento do controle social;
Fortalecimento dos Conselhos Tutelares;
Promoção da convivência familiar e comunitária;
Prevenção e enfrentamento às violências;
Prevenção e erradicação do trabalho infantil e proteção do adolescente trabalhador;
Aprimoramento da execução das medidas socioeducativas.
Art. 2°
As despesas decorrentes da aplicação deste Decreto, correrão por conta de dotação própria do orçamento do FUMCAD.
Art. 3º
Este Decreto entrará em vigor na data de sua publicação, retroagindo seus efeitos para 22 de abril de 2026.
Prefeitura da Estância Turística de Avaré, 06 de maio de 2026.
ROBERTO DE ARAUJO
Prefeito
Este conteúdo não substitui o publicado na versão certificada.",https://www.dosp.com.br/exibe_do.php?i=ODE4ODQw,
DOA-029,2026-05-15,2734,Decretos,8744 - Reorganiza Comite Intersetorial da politica publica para monitoramento do Plano Municipal da Primeira Infancia - revoga 8619,Não identificada,"Imprensa Oficial - Modo leitura em tela
Abrir Versão do Diário Eletrônico
Abrir Versão do Diário para Impressão
Ir para a lista de edições
IMPRENSA OFICIAL - AVARÉ
Publicado em 15 de maio de 2026 | Edição nº 2734 | Ano X
Entidade: Poder Executivo | Seção: Atos Oficiais | Subseção: Decretos
Decreto nº 8.744, de 12 de maio de 2026.
(Reorganiza o Comitê Intersetorial da Política Pública para monitoramento do Plano Municipal da Primeira Infância).
ROBERTO DE ARAUJO
, Prefeito da Estância Turística de Avaré, usando das atribuições que lhe são conferidas por Lei e,
CONSIDERANDO
a importância de investir na primeira infância como forma de promover o desenvolvimento integral, projeto e ações integradas nos primeiros anos de vida, desde a gestação até os 06 (seis) anos de idade, garantindo os direitos das crianças como prioridade;
CONSIDERANDO
o Plano Municipal da Primeira Infância, importante para a construção de ações, como instrumento que articula diferente gestão pública local;
DECRETA:
Art. 1º
– Fica reorganizado o
Comitê Intersetorial da Política Pública do Plano Municipal da Primeira Infância
, nos termos dos artigos 8º e 9º, da Lei 3.035, de 27 de março de 2024, que tem como atribuições realizar o monitoramento das metas e ações que priorizam e garantem os direitos das crianças, elaborar os relatórios e organizar a realização de um Fórum de Avaliação da execução das estratégias e do alcance das metas do Plano Municipal pela Primeira Infância.
REPRESENTANTE DA SECRETARIA MUNICIPAL DA EDUCAÇÃO:
Nome:
Carmen Reisdoerfer
E-mail:
[email protected]
Nome:
Fernanda Oliveira Zandoná
E-mail:
[email protected]
Nome:
Maria Benedita da Silva Almeida
E-mail:
[email protected]
Nome:
Ana Carolina Sakamoto Morgato
E-mail:
[email protected]
REPRESENTANTE DA SECRETARIA MUNICIPAL DA SAÚDE:
Nome:
Gleidson Rodolfo Lessa e Leal
E-mail:
[email protected]
Continuação do Decreto nº 8.744, de 12 de maio de 2026.
Nome:
Graziele Rodrigues Alves
E-mail:
[email protected]
REPRESENTANTE DA SECRETARIA MUNICIPAL DA CULTURA:
Nome:
Antônio Carlos Garcia Pereira
E-mail:
[email protected]
REPRESENTANTE DA SECRETARIA MUNICIPAL DE ASSISTÊNCIA E DESENVOLVIMENTO SOCIAL:
Nome:
Ivone Souza Paula
E-mail:
[email protected]
REPRESENTANTE DO CONSELHO TUTELAR:
Nome:
Alda Maria Pagani
E-mail:
[email protected]
REPRESENTANTE DO CONSELHO MUNICIPAL DA CRIANÇA E ADOLESCENTE:
Nome:
Kátia Ferreira Lima Carneiro dos Santos
E-mail:
[email protected]
Nome:
Josiane de Souza Beraldo
E-mail:
[email protected]
Art. 4º
– Este Decreto entrará em vigor na data de sua publicação, ficando revogado o
Decreto nº 8.619, de 04 de fevereiro de 2026.
Estância Turística de Avaré, 12 de maio de 2026.
ROBERTO DE ARAUJO
Prefeito
Este conteúdo não substitui o publicado na versão certificada.",https://www.dosp.com.br/exibe_do.php?i=ODE4ODQw,
DOA-030,2026-05-15,2734,Decretos,8743 -  nomeia comissão de apoio delegações esportivas 68 jogos regionais santana do parnaíba,Não identificada,"Imprensa Oficial - Modo leitura em tela
Abrir Versão do Diário Eletrônico
Abrir Versão do Diário para Impressão
Ir para a lista de edições
IMPRENSA OFICIAL - AVARÉ
Publicado em 15 de maio de 2026 | Edição nº 2734 | Ano X
Entidade: Poder Executivo | Seção: Atos Oficiais | Subseção: Decretos
Decreto n.º 8.743, de 12 de maio de 2026
(Nomeia a Comissão de Apoio às Delegações Esportivas no 68º Jogos Regionais – 8ª Região Esportiva – Sede Santana de Parnaíba – Edição 2025).
ROBERTO DE ARAUJO
, Prefeito da Estância Turística de Avaré, usando das suas atribuições que lhe são conferidas por lei,
DECRETA:
Artigo 1° -
Fica nomeada na forma abaixo a Comissão de Apoio às Delegações Esportivas no 68º Jogos Regionais – 8ª Região Esportiva – Sede Santana de Parnaíba – Edição 2026, que será realizado no período entre
14 a 24 de julho de 2026
, pela Secretaria Municipal de Esportes.
- Carlos Roberto dos Santos – Presidente;
- Ricardo Araujo da Silva – Vice-Presidente;
- Adriana Pedroso Ferreira – Tesoureira;
- Gerson de Souza – Membro;
- Reginaldo Francisco Dias – Membro
Artigo 2º -
Este Decreto em vigor na data de sua publicação.
Prefeitura da Estância Turística de Avaré 12 de maio de 2026.
ROBERTO DE ARAUJO
Prefeito
Este conteúdo não substitui o publicado na versão certificada.",https://www.dosp.com.br/exibe_do.php?i=ODE4ODQw,
DOA-031,2026-05-15,2734,Decretos,8738 -  Nomeia a Comissão Organizadora da XIII Conferência Municipal dos Direitos da Criança e do Adolescente,Não identificada,"Imprensa Oficial - Modo leitura em tela
Abrir Versão do Diário Eletrônico
Abrir Versão do Diário para Impressão
Ir para a lista de edições
IMPRENSA OFICIAL - AVARÉ
Publicado em 15 de maio de 2026 | Edição nº 2734 | Ano X
Entidade: Poder Executivo | Seção: Atos Oficiais | Subseção: Decretos
Decreto n.º 8.738, de 06 de maio de 2026
(Nomeia a Comissão Organizadora da XIII Conferência Municipal dos Direitos da Criança e do Adolescente)
ROBERTO DE ARAUJO
, Prefeito da Estância Turística de Avaré, usando das suas atribuições que lhe são conferidas por lei e;
Considerando a ação em conjunto com a Presidente do Conselho Municipal dos Direitos da Criança e do Adolescente;
Considerando a Resolução Conanda nº 276 de 12 de novembro de 2025 que convocou a XIII Conferência Nacional dos Direitos da Criança e do Adolescente;
Considerando a Deliberação 01/2026 – CONDECA que convocou a 12ª Conferência Estadual, bem como as Conferências Regionais e Municipais dos Direitos da Criança e do Adolescente e estabeleceu no cronograma a realização de Conferências Municipais, no período de fevereiro a setembro de 2026;
Considerando a necessidade de nomear uma comissão para organizar a XIII Conferência Municipal dos Direitos da Criança e do Adolescente;
DECRETA:
Art. 1° -
Fica nomeada, na forma abaixo, a Comissão Organizadora da XIII Conferência Municipal dos Direitos Humanos da Criança e do Adolescente:
I.Representantes do Poder Público:
- Tatyane de Paula Montagno Pereira - Secretaria da Cultura;
- Bruno Augusto Fernandes - Secretaria de Esportes;
- Paulo Henrique Silva Oliveira - Secretaria de Assistência e Desenvolvimento Social;
- Carla Vanessa Januário Dulcídio - Secretaria da Saúde.
II.Representantes da Sociedade Civil:
- Gláucia Regina Fávero Hoffmann e Karina Emika Mori - representantes de entidades assistenciais de atendimento socioeducativo e capacitação;
- Ana Claudia de Souza Claro - representante de entidade assistencial de atendimento à saúde;
- Jane Regina Fávero Camargo – representante da OAB – Ordem dos Advogados do Brasil.
Art. 2º.
A Comissão Organizadora será desdobrada nas seguintes subcomissões:
Comunicação
: Karina Emika Mori e Tatyane de Paula Montagno Pereira;
Credenciamento:
Ana Claudia de Souza Claro e Bruno Augusto Fernandes;
Infraestrutura e logística
: Jane Regina Fávero Camargo;
Programação
: Gláucia Regina Fávero Hoffmann e Paulo Henrique Silva Oliveira;
Art. 3º.
Cabe à Comissão Organizadora as atividades e ações previstas no Documento Orientador da XIII Conferência Nacional, encaminhado pelo Conanda – Conselho Nacional dos Direitos da Criança e do Adolescente, para apoiar os Conselhos de Direitos dos municípios na realização das conferências municipais.
Art. 4º.
As entidades e órgãos públicos que realizarem conferências livres a convite da Comissão Organizadora indicarão, até 30 de junho de 2026, respectivamente uma criança, entre 10 (dez) e 12 (doze) anos incompletos, e um (a) adolescente, entre 14 (quatorze) e 16 (dezesseis) anos, para compor a Comissão Organizadora da XIII Conferência Municipal.
Art. 5º.
Este Decreto entrará em vigor na data de sua publicação, retroagindo seus efeitos para 22 de abril de 2026.
Prefeitura da Estância Turística de Avaré, 06 de maio de 2026.
ROBERTO DE ARAUJO
Prefeito
Este conteúdo não substitui o publicado na versão certificada.",https://www.dosp.com.br/exibe_do.php?i=ODE4ODQw,
DOA-032,2026-05-14,2733,Leis,401 - dispõe sobre autorização para realizar alienação doação de imóvel para associação Residencial Terras Altas,Não identificada,"Imprensa Oficial - Modo leitura em tela
Abrir Versão do Diário Eletrônico
Abrir Versão do Diário para Impressão
Ir para a lista de edições
IMPRENSA OFICIAL - AVARÉ
Publicado em 14 de maio de 2026 | Edição nº 2733 | Ano X
Entidade: Poder Executivo | Seção: Atos Oficiais | Subseção: Leis
Lei Complementar nº 401, de 13 de maio de 2026.
Dispõe sobre alteração do Anexo I - Quadro de Pessoal Permanente – Superior – Lei Complementar n° 126, de 02 de junho de 2010 e dá outras providências.
Autoria: Prefeito Municipal (Projeto de Lei Complementar nº 106/2026).
ROBERTO DE ARAUJO
, Prefeito da Estância Turística de Avaré, usando das atribuições que lhe são conferidas por lei,
Faço saber que a Câmara Municipal da Estância Turística de Avaré aprovou e eu sanciono e promulgo a seguinte Lei:
Art. 1º
–
Fica criada 01 (uma) vaga para provimento do cargo efetivo, abaixo relacionado, no Quadro de Pessoal dos Servidores Públicos da Prefeitura da Estância Turística de Avaré, acrescendo-a ao Anexo I – Quadro de Pessoal Permanente - Superior, da Lei Complementar nº 126, de 02 de junho de 2010, e alterações, a saber:
Denominação
Referência/
Padrão Salarial
Nº cargo
Carga horária
Requisito
Arquiteto
14-inicial

20 h/ semana
Ensino Superior Completo com formação na área Específica e competente Registro no CREA.
Parágrafo único
– Ficam mantidas as atribuições do cargo mencionado no artigo 1º, as quais encontram-se previstas nos anexos I, da Lei Complementar nº 188/2013 e Lei Complementar nº 193/2014.
Art. 2º
-
Esta Lei entrará em vigor na data de sua publicação.
Prefeitura da Estância Turística de Avaré, 13 de maio de 2026.
ROBERTO DE ARAUJO
Prefeito
Este conteúdo não substitui o publicado na versão certificada.",https://www.dosp.com.br/exibe_do.php?i=ODE4MTk0,
DOA-033,2026-05-14,2733,Decretos,8747 - abertura de crédito 51.905 - secretaria da saúde,Secretaria de Saúde,"SEMANÁRIO
Oficial Eletrônico
avare.sp.gov.br
Quinta-feira, 14 de maio de 2026 Ano X | Edição nº 2733 Prefeito: Roberto Araujo
Art. 4º- A denúncia deverá ser apresentada junto à
PODER EXECUTIVO
Secretaria Municipal de Meio Ambiente, Secretaria
Poder Executivo
Municipal de Fiscalização de Posturas Municipais, ou ao
Atos Oficiais
órgão que vier a ser apontado pelo Município, por meio de
Atos Oficiais
Leis canal oficial disponibilizado, incluindo atendimento
presencial, telefone ou sistema eletrônico.
Leis Lei nº 3.440, de 13 de maio de 2026. Art. 5º- O denunciante que agir de má fé,
apresentando denúncia falsa, fraudulenta ou com objetivo
Dispõe sobre o Programa
de prejudicar terceiros, ficará sujeito:
Municipal de Incentivo à
I - à perda do direito à recompensa;
Denúncia de Infrações
II - à aplicação de multa correspondente a 50%
Ambientais Urbanas em
(cinquenta por cento) do valor previsto para a infração
Avaré/SP, estabelece
indevidamente denunciada;
recompensa ao denunciante,
III - à responsabilização civil e criminal cabível.
prevê punição à má fé e dá
Art. 6º- O Poder Executivo regulamentará a presente
outras providências.
Lei dispondo sobre:
I - os canais oficiais de denúncia;
Autoria: Ver. Pedro Victor Alarcão Alves Fusco
II - os procedimentos de apuração e comprovação das
(Projeto de Lei nº 12/2026).
infrações;
ROBERTO DE ARAUJO, Prefeito da Estância Turística
III - os mecanismos de sigilo e proteção da identidade
de Avaré, usando das atribuições que lhe são conferidas
do denunciante;
por lei,
IV - as formas de pagamento da recompensa.
Faço saber que a Câmara Municipal da Estância
Art. 7º- As despesas decorrentes da execução desta
Turística de Avaré aprovou e eu sanciono e promulgo a
Lei correrão por conta das dotações orçamentárias
seguinte Lei:
próprias, suplementadas se necessário.
Art. 1º - Fica o Poder Executivo autorizado a
Art. 8º- Esta Lei entra em vigor na data de sua
instituir no Município de Avaré/SP o Programa Municipal de
publicação.
Incentivo à Denúncia de Infrações Ambientais Urbanas,
Prefeitura da Estância Turística de Avaré, 13 de maio
destinado a incentivar a população a denunciar infrações
de 2026.
previstas na Lei Municipal nº 176/1.997, que disciplina
ROBERTO DE ARAUJO
entre outras matérias, o descarte irregular de lixo, entulhos
Prefeito
e resíduos de qualquer espécie, incluindo, de forma
...........................................................................................................
exemplificativa:
Lei nº 3.441, de 13 de maio de 2026.
I - descarte de lixo em vias e logradouros públicos;
II - descarte de entulho ou resíduos de construção;
Dispõe sobre a autorização ao
III - deposição de resíduos em áreas verdes ou de
Poder Executivo a realizar
preservação;
alienação por meio de doação de
IV - lançamento de resíduos em bueiros, galerias
um imóvel para a associação
pluviais ou cursos d’água;
Residencial Terras Altas, e dá
V - qualquer outra infração relacionada ao manejo
outras providências.
irregular de resíduos urbanos prevista na legislação
mencionada. Autoria: Prefeito Municipal (Projeto de Lei nº
Art. 2º- O denunciante que auxiliar na identificação do 25/2026).
infrator, mediante denúncia fundamentada com elementos ROBERTO DE ARAUJO, Prefeito da Estância Turística
mínimos de prova (fotografia, vídeo, identificação de de Avaré, usando das atribuições que lhe são conferidas
veículo, local e horário), fará jus ao recebimento de 30% por lei,
(trinta por cento) do valor da multa efetivamente Faço saber que a Câmara Municipal da Estância
arrecadada pelo Município. Turística de Avaré aprovou e eu sanciono e promulgo a
§ 1º O pagamento ao denunciante será realizado em seguinte Lei:
até 30 (trinta) dias após o efetivo recolhimento da multa Art. 1º Fica desafetada, na integralidade, para fins de
pelo infrator, não cabendo qualquer adiantamento ou alteração de uso de bem público de uso comum para bem
antecipação de valores. dominical, a área institucional de propriedade do Município
§ 2º O denunciante poderá optar pelo sigilo de sua da Estância Turística de Avaré, classificada como SISTEMA
identidade, garantida a confidencialidade dos dados DE LAZER 4, DO LOTEAMENTO “RESIDENCIAL TERRAS
pessoais nos termos da legislação vigente. ALTAS”, SITUADO EM AVARÉ-SP, COM A SEGUINTE
Art. 3º- O valor da multa seguirá as disposições da Lei DESCRIÇÃO: INICIA-SE NO PONTO DE DIVISA ENTRE O LOTE
Municipal nº 176/1.997, ou outra que vier a substitui-la. 1 DA QUADRA F COM A RUA 02 E O SISTEMA DE LAZER 4 E

Estância Turística de Avaré – Estado de São Paulo
Instituído pela Lei nº 37, de 28 de março de 2001 e Decreto nº 5.057, de 03 de janeiro de 2018
Semanário Oficial assinado digitalmente conforme MP nº 2.200-2, de 2001, garantindo autenticidade, validade jurídica e integridade.
SEMANÁRIO
Oficial Eletrônico
avare.sp.gov.br
Quinta-feira, 14 de maio de 2026 Ano X | Edição nº 2733 Prefeito: Roberto Araujo
SEGUE 31,29 METROS CONFRONTANDO COM O LOTE 1 DA serem utilizadas pelos moradores locais, em especial ao
QUADRA F ATÉ ENCONTRAR A ÁREA REMANESCENTE 1; público infantil.
DEFLETE À ESQUERDA E SEGUE 41,16 METROS § 2º Nos termos do laudo de avaliação o imóvel possui
CONFRONTANDO COM A ÁREA REMANESCENTE 1; DEFLETE o valor referencial no importe de R$ 372.692,21 (trezentos
À ESQUERDA, E SEGUE 36,31 METROS NA CONFRONTAÇÃO e setenta e dois mil e seiscentos e noventa e dois reais e
COM A ÁREA REMANESCENTE 1, ATÉ ENCONTRAR COM O vinte e um centavos).
LOTE 09 DA QUADRA B; DEFLETE À ESQUERDA E SEGUE Art. 3º Para efeitos da alienação por meio de doação
34,07 METROS, CONFRONTANDO COM O LOTE 09 DA prevista nesta Lei, independe de procedimento licitatório
QUADRA B ATÉ CHEGAR NA RUA 02, FINALMENTE, DEFLETE nos termos da Lei Orgânica do Município, vez que, há
NOVAMENTE À ESQUERDA E SEGUE 8,14 METROS EM evidente interesse público.
CURVA, CONFRONTANDO COM A RUA 02, ATÉ O PONTO Art. 4º Ocorrerá caducidade da alienação por meio de
INICIAL, ENCERRANDO A ÁREA DE 1.459,44 METROS doação e reversão automática do
QUADRADOS, REGISTRADO SOB MATRÍCULA Nº 78.241, DO imóvel ao patrimônio do Município da Estância
LIVRO Nº 2 DO REGISTRO GERAL DO CARTÓRIO DE Turística de Avaré, caso a donatária não proceda com a
REGISTRO DE IMÓVEIS E ANEXOS DA COMARCA DE AVARE. execução, e/ou exercício dos direitos advindos, bem como a
§ 1º A área desafetada será destinada a viabilização alteração da finalidade especificada no § 1º do Art. 2º desta
de alienação por meio de doação a Associação Residencial Lei.
Terras Altas, pessoa jurídica de direito privado, inscrita, no § 1º É vedado o gravame do imóvel com ônus real de
CNPJ nº 23.831.117/0001-12, com sede na Rua Gilberto garantia, salvo, quando tratar-se de garantia para
Filgueiras S/N, Bairro Colina da Boa Vista, CEP18.706-240, financiamento vinculado à construção e/ou ampliação da
em Avaré-SP. edificação destinada nos termos do § 1º do Art. 1º desta
§ 2º A desafetação de que trata esta Lei implica a Lei.
transferência da destinação das áreas descritas de uso § 2º O imóvel doado será revertido sem ônus ao
comum para o patrimônio disponível do Município, Município da Estância Turística de Avaré em caso de
autorizando sua utilização conforme o interesse público extinção da donatária.
justificado. § 3º É facultado ao Poder Público Municipal o direito de
§3º O Poder Executivo Municipal fica autorizado a desistir da reversão do imóvel doado, desde que
adotar todas as providências administrativas, urbanísticas e comprovada a inconveniência técnica e julgada onerosa ao
registrais necessárias à implementação desta Lei. erário a transação.
Art. 2º Fica o Poder Executivo Municipal autorizado a § 4º Em caso de reversão, não haverá ônus ao
alienar por meio de doação, um imóvel a Associação Município da Estância Turística de Avaré, nem mesmo
Residencial Terras Altas, pessoa jurídica de direito privado, recairá direito a indenização sobre as benfeitorias
inscrita no CNPJ nº 23.831.117/0001-12, com sede na Rua realizadas.
Gilberto Filgueiras S/N, Bairro Colina da Boa Vista, CEP Art. 5º As despesas com custas e emolumentos
18.706-240, em Avaré-SP, com as seguintes descrições: inerentes ao tramite registral, decorrentes desta Lei,
SISTEMA DE LAZER 4, DO LOTEAMENTO “RESIDENCIAL correrão por conta da Associação Residencial Terras Altas.
TERRAS ALTAS”, SITUADO EM AVARÉ-SP, COM A SEGUINTE Art. 6º Esta entrará em vigor na data de sua
DESCRIÇÃO: INICIA-SE NO PONTO DE DIVISA ENTRE O LOTE publicação.
1 DA QUADRA F COM A RUA 02 E O SISTEMA DE LAZER 4 E Prefeitura da Estância Turística de Avaré, 13 de maio
SEGUE 31,29 METROS CONFRONTANDO COM O LOTE 1 DA de 2026.
QUADRA F ATÉ ENCONTRAR A ÁREA REMANESCENTE 1; ROBERTO DE ARAUJO
DEFLETE À ESQUERDA E SEGUE 41,16 METROS Prefeito
CONFRONTANDO COM A ÁREA REMANESCENTE 1; DEFLETE ...........................................................................................................
À ESQUERDA, E SEGUE 36,31 METROS NA CONFRONTAÇÃO
COM A ÁREA REMANESCENTE 1, ATÉ ENCONTRAR COM O
LOTE 09 DA QUADRA B; DEFLETE À ESQUERDA E SEGUE
34,07 METROS, CONFRONTANDO COM O LOTE 09 DA
QUADRA B ATÉ CHEGAR NA RUA 02, FINALMENTE, DEFLETE
NOVAMENTEÀ ESQUERDA E SEGUE 8,14 METROS EM
CURVA, CONFRONTANDO COM A RUA 02, ATÉ O PONTO
INICIAL, ENCERRANDO A ÁREA DE 1.459,44 METROS
QUADRADOS, REGISTRADO SOB MATRÍCULA Nº 78.241, DO
LIVRO Nº 2 DO REGISTRO GERAL DO CARTÓRIO DE
REGISTRO DE IMÓVEIS E ANEXOS DA COMARCA DE AVARÉ.
§1º O imóvel tem como finalidade e destinação a
regularização de melhorias para áreas de recreação a

Estância Turística de Avaré – Estado de São Paulo
Instituído pela Lei nº 37, de 28 de março de 2001 e Decreto nº 5.057, de 03 de janeiro de 2018
Semanário Oficial assinado digitalmente conforme MP nº 2.200-2, de 2001, garantindo autenticidade, validade jurídica e integridade.
SEMANÁRIO
Oficial Eletrônico
avare.sp.gov.br
Quinta-feira, 14 de maio de 2026 Ano X | Edição nº 2733 Prefeito: Roberto Araujo
ESTÂNCIA TURÍSTICA DE AVARÉ
ESTADO DE SÃO PAULO
Lei nº 3.442, de 13 de maio de 2026.
(Inclui a área objeto da matrícula nº 88.151 do Cartório de Registro
de Imóveis de Avaré no perímetro urbano do Município de Avaré e,
dá outras providências)
Autoria: Prefeito Municipal (Projeto de Lei nº 107/2026).
ROBERTO DE ARAUJO, Prefeito da Estância Turística de Avaré, usando das
atribuições que lhe são conferidas por lei,
Faço saber que a Câmara Municipal da Estância Turística de Avaré aprovou e eu
sanciono e promulgo a seguinte Lei:
Art. 1º - Fica Incluída no Perímetro Urbano de Avaré, a área de terra abaixo descrita,
objeto da Matrícula nº 88.151:
ÁREA DE TERRAS, contendo 2,0 hectares, perímetro 600,00 metros, denominada FAZENDA SANTA
TEREZA – GLEBA DESMEMBRADA, situada no município de Avaré-SP, com as seguintes medidas e
confrontações:
VÉRTICE SEGMENTO VANTE
código longitude latitude Altitude(m código azimute Dist. (m)
)
FGWM-M- - -23º08’33,373” 779,88 FGWM- 132º18’ 200,0
0012 48º58’33,661” M0013
FGWM-M- - -23º06’37,748” 777,92 FGWM- 222º18’ 100,0
0013 48º58’28,463” M-0014
FGWM-M- - -23º08’40,152” 778,35 CWAE- 312º17’ 200,0
0014 48º58’30,828” P3663
CONFRONTAÇÕES: Até aqui confrontando com a Gleba Remanescente da Fazenda Santa
Tereza (matrícula 84.392); deste ponto segue confrontando com a Rodovia Dr. Diamantino
Monteiro da Gama (SP-3/245), pelos seguintes trechos:
VÉRTICE SEGMENTO VANTE
código longitude latitude Altitude(m código azimute Dist. (m)
)
CWAE-P- - -23º06’35,777” 778,6 CWAE-P- 42º46’ 1,34
3663 48º58’36,025” 3664
CWAE-P- - -23º06’35,745” 778,77 FGWM- 42º17’ 98,66
3664 48º58’35,994” M-0012
Certificação da Poligonal pelo INCRA: 5c912114-e158-42be-9676-50198a8b7732
CADASTRO: 629.049.000.876-4 CCIR nº 45918150221, com os seguintes dados: módulo rural: 40,0629 ha; nº
______________________________________________________________________________________________
PRAÇA JUCA NOVAES, Nº 1.169, CENTRO, AVARÉ, SP, CEP 18.705-900, TEL.: (14) 3711-2507
SECRETARIADEGABINETE@AVARE.SP.GOV.BR

Estância Turística de Avaré – Estado de São Paulo
Instituído pela Lei nº 37, de 28 de março de 2001 e Decreto nº 5.057, de 03 de janeiro de 2018
Semanário Oficial assinado digitalmente conforme MP nº 2.200-2, de 2001, garantindo autenticidade, validade jurídica e integridade.
SEMANÁRIO
Oficial Eletrônico
avare.sp.gov.br
Quinta-feira, 14 de maio de 2026 Ano X | Edição nº 2733 Prefeito: Roberto Araujo
ESTÂNCIA TURÍSTICA DE AVARÉ
ESTADO DE SÃO PAULO
Continuação Lei n° 3.442, de 13 de maio de 2026.
módulos rurais: 3,71; módulo fiscal: 30 ha; nº de módulos fiscais: 5,0211; fração mínima de parcelamento: 2 há e
inscrito no NIRF: 0.235.295-8.
Art. 2º - A área descrita no artigo anterior foi objeto de parecer favorável por parte do
Conselho Municipal do Plano Diretor, através da Resolução CMPD nº 04/2025, devidamente
publicada no Semanário Oficial Eletrônico do Município, Edição nº 2705, de 08/04/2026,
página 01.
Art. 3º - Esta Lei entra em vigor da data de sua publicação, revogando-se as disposições
em contrário.
Prefeitura da Estância Turística de Avaré, 13 de maio de 2026.
ROBERTO DE ARAUJO
Prefeito
PRAÇA JUCA NOVAES, Nº 1.169, CENTRO, AVARÉ, SP, CEP 18.705-900, TEL.: (14) 3711-2507
SECRETARIADEGABINETE@AVARE.SP.GOV.BR

Estância Turística de Avaré – Estado de São Paulo
Instituído pela Lei nº 37, de 28 de março de 2001 e Decreto nº 5.057, de 03 de janeiro de 2018
Semanário Oficial assinado digitalmente conforme MP nº 2.200-2, de 2001, garantindo autenticidade, validade jurídica e integridade.
SEMANÁRIO
Oficial Eletrônico
avare.sp.gov.br
Quinta-feira, 14 de maio de 2026 Ano X | Edição nº 2733 Prefeito: Roberto Araujo
ESTÂNCIA TURÍSTICA DE AVARÉ
ESTADO DE SÃO PAULO
Lei nº 3.443, de 13 de maio de 2026.
(Dispõe sobre abertura de Crédito Adicional Especial que
especifica e dá providências).
Autoria: Prefeito Municipal (Projeto de Lei nº 113/2026).
ROBERTO DE ARAUJO, Prefeito da Estância Turística de Avaré, usando das
atribuições que lhe são conferidas por lei,
Faço saber que a Câmara Municipal da Estância Turística de Avaré aprovou e eu
sanciono e promulgo a seguinte Lei:
Artigo 1º- Nos termos do artigo 43 da Lei Federal nº 4.320 de 17 de Março de 1964
combinado com o artigo 167 § 2º da Constituição Federal, fica o Poder Executivo Municipal
autorizado a lançar no orçamento vigente, Lei Municipal nº 3.354 de 02/12/2025, através do
Departamento de Contabilidade e Orçamento da Municipalidade, um CRÉDITO
ADICIONAL ESPECIAL no valor de R$ 180.000,00 (cento e oitenta mil reais) para
atendimento das despesas do Fundo Municipal da Saúde na conformidade da funcional
programática e modalidade de aplicação detalhada abaixo:
ÓRGÃO 07 SECRETARIA MUNICIPAL DA SAÚDE
UNIDADE 01 FUNDO MUNICIPAL DA SAÚDE
SUBUNIDADE 15 COORDENAÇÃO ATENÇÃO ESPECIALIZADA
FUNÇÃO 10 SAÚDE
SUBFUNÇÃO 302 ASSISTÊNCIA HOSPITALAR E AMBULATORIAL
MEDIA E ALTA COMPLEXIDADE AMBULATORIAL E
PROGRAMA 1013
HOSPITALAR
ATIVIDADE/
2373 PROCEDIMENTO AMBULATORIAL - MAC
PROJETO
FONTE 05 TRANSFERÊNCIAS E CONVÊNIOS FEDERAIS
CÓD. APLICAÇÃO 302.011 FNS – (FAEC) PROG. MAIS ACESSO A ESPECIAL.
CATEGORIA OUTROS SERVIÇOS DE TERCEIROS - PESSOA
3.3.90.39.00 179.000,00
ECONÔMICA JURÍDICA
CATEGORIA
3.3.50.43.00 SUBVENÇÕES SOCIAIS 1.000,00
ECONÔMICA
TOTAL 180.000,00
TOTAL GERAL 180.000,00
Artigo 2º - Para cobertura das despesas com a execução desta Lei serão utilizados
recursos provenientes de EXCESSO DE ARRECADAÇÃO de repasses do governo Federal
consoante Portaria GM/MS Nº 8632/25.
______________________________________________________________________________________________
PRAÇA JUCA NOVAES, Nº 1.169, CENTRO, AVARÉ, SP, CEP 18.705-900, TEL.: (14) 3711-2507
SECRETARIADEGABINETE@AVARE.SP.GOV.BR

Estância Turística de Avaré – Estado de São Paulo
Instituído pela Lei nº 37, de 28 de março de 2001 e Decreto nº 5.057, de 03 de janeiro de 2018
Semanário Oficial assinado digitalmente conforme MP nº 2.200-2, de 2001, garantindo autenticidade, validade jurídica e integridade.
SEMANÁRIO
Oficial Eletrônico
avare.sp.gov.br
Quinta-feira, 14 de maio de 2026 Ano X | Edição nº 2733 Prefeito: Roberto Araujo
ESTÂNCIA TURÍSTICA DE AVARÉ
ESTADO DE SÃO PAULO
Continuação Lei n° 3.443, de 13 de maio de 2026.
Artigo 3º – Esta Lei entrará em vigor na data de sua publicação e terá vigência até 31 de
dezembro de 2026.
Prefeitura da Estância Turística de Avaré, 13 de maio de 2026.
ROBERTO DE ARAUJO
Prefeito
PRAÇA JUCA NOVAES, Nº 1.169, CENTRO, AVARÉ, SP, CEP 18.705-900, TEL.: (14) 3711-2507
SECRETARIADEGABINETE@AVARE.SP.GOV.BR

Estância Turística de Avaré – Estado de São Paulo
Instituído pela Lei nº 37, de 28 de março de 2001 e Decreto nº 5.057, de 03 de janeiro de 2018
Semanário Oficial assinado digitalmente conforme MP nº 2.200-2, de 2001, garantindo autenticidade, validade jurídica e integridade.
SEMANÁRIO
Oficial Eletrônico
avare.sp.gov.br
Quinta-feira, 14 de maio de 2026 Ano X | Edição nº 2733 Prefeito: Roberto Araujo
ESTÂNCIA TURÍSTICA DE AVARÉ
ESTADO DE SÃO PAULO
Lei nº 3.444, de 13 de maio de 2026.
(Dispõe sobre abertura de Crédito Adicional Especial que
especifica e dá providências).
Autoria: Prefeito Municipal (Projeto de Lei nº 114/2026).
ROBERTO DE ARAUJO, Prefeito da Estância Turística de Avaré, usando das
atribuições que lhe são conferidas por lei,
Faço saber que a Câmara Municipal da Estância Turística de Avaré aprovou e eu
sanciono e promulgo a seguinte Lei:
Artigo 1º- Nos termos do artigo 43 da Lei Federal nº 4.320 de 17 de Março de 1964
combinado com o artigo 167 § 2º da Constituição Federal, fica o Poder Executivo Municipal
autorizado a lançar no orçamento vigente, Lei Municipal nº 3.354 de 02/12/2025, através do
Departamento de Contabilidade e Orçamento da Municipalidade, um CRÉDITO
ADICIONAL ESPECIAL no valor de R$ 51.905,03 (cinquenta e um mil novecentos e
cinco reais e três centavos) para atendimento das despesas do Fundo Municipal da Saúde na
conformidade da funcional programática e modalidade de aplicação detalhada abaixo:
ÓRGÃO 07 SECRETARIA MUNICIPAL DA SAÚDE
UNIDADE 01 FUNDO MUNICIPAL DA SAÚDE
SUBUNIDADE 14 COORDENAÇÃO DA ATENÇÃO BÁSICA DA SAÚDE
FUNÇÃO 10 SAÚDE
SUBFUNÇÃO 301 ATENÇÃO BÁSICA
PROGRAMA 1012 ATENÇÃO BÁSICA
FORNECIMENTO DE LEITE E SUPLEMENTO
ATIVIDADE/PROJETO 2033
ALIMENTAR
TRANSFERÊNCIAS E CONVÊNIOS ESTADUAIS
FONTE 92
(EXERCÍCIOS ANTERIORES)
CÓD. APLICAÇÃO 803.011 EM.PARL. Nº 2025.065.69645 – RES. SS 99/25
CATEGORIA MATERIAL, BEM OU SERVIÇO PARA
3.3.90.32.00 51.905,03
ECONÔMICA DISTRIBUIÇÃO GRATUITA
TOTAL 51.905,03
Artigo 2º - Para cobertura das despesas com a execução desta Lei serão utilizados
recursos provenientes de ANULAÇÃO de repasses do governo Estadual consoante
EM.PARL. Nº 2025.065.69645 – RES. SS 99/25.
______________________________________________________________________________________________
PRAÇA JUCA NOVAES, Nº 1.169, CENTRO, AVARÉ, SP, CEP 18.705-900, TEL.: (14) 3711-2507
SECRETARIADEGABINETE@AVARE.SP.GOV.BR

Estância Turística de Avaré – Estado de São Paulo
Instituído pela Lei nº 37, de 28 de março de 2001 e Decreto nº 5.057, de 03 de janeiro de 2018
Semanário Oficial assinado digitalmente conforme MP nº 2.200-2, de 2001, garantindo autenticidade, validade jurídica e integridade.
SEMANÁRIO
Oficial Eletrônico
avare.sp.gov.br
Quinta-feira, 14 de maio de 2026 Ano X | Edição nº 2733 Prefeito: Roberto Araujo
ESTÂNCIA TURÍSTICA DE AVARÉ
ESTADO DE SÃO PAULO
Continuação Lei n° 3.444, de 13 de maio de 2026.
Artigo 3º – Esta Lei entrará em vigor na data de sua publicação e terá vigência até 31 de
dezembro de 2026.
Prefeitura da Estância Turística de Avaré, 13 de maio de 2026.
ROBERTO DE ARAUJO
Prefeito
PRAÇA JUCA NOVAES, Nº 1.169, CENTRO, AVARÉ, SP, CEP 18.705-900, TEL.: (14) 3711-2507
SECRETARIADEGABINETE@AVARE.SP.GOV.BR

Estância Turística de Avaré – Estado de São Paulo
Instituído pela Lei nº 37, de 28 de março de 2001 e Decreto nº 5.057, de 03 de janeiro de 2018
Semanário Oficial assinado digitalmente conforme MP nº 2.200-2, de 2001, garantindo autenticidade, validade jurídica e integridade.
SEMANÁRIO
Oficial Eletrônico
avare.sp.gov.br
Quinta-feira, 14 de maio de 2026 Ano X | Edição nº 2733 Prefeito: Roberto Araujo
ESTÂNCIA TURÍSTICA DE AVARÉ
ESTADO DE SÃO PAULO
Lei nº 3.445, de 13 de maio de 2026.
(Dispõe sobre abertura de Crédito Adicional Especial que
especifica e dá providências).
Autoria: Prefeito Municipal (Projeto de Lei nº 116/2026).
ROBERTO DE ARAUJO, Prefeito da Estância Turística de Avaré, usando das
atribuições que lhe são conferidas por lei,
Faço saber que a Câmara Municipal da Estância Turística de Avaré aprovou e eu
sanciono e promulgo a seguinte Lei:
Artigo 1º- Nos termos do artigo 43 da Lei Federal nº 4.320 de 17 de Março de 1964
combinado com o artigo 167 § 2º da Constituição Federal, fica o Poder Executivo Municipal
autorizado a lançar no orçamento vigente, Lei Municipal nº 3.354 de 02/12/2025, através do
Departamento de Contabilidade e Orçamento da Municipalidade, um CRÉDITO
ADICIONAL ESPECIAL no valor de R$ 150.253,66 (cento e cinquenta mil, duzentos e
cinquenta e três reais e sessenta e seis centavos), na conformidade da funcional programática
e modalidade de aplicação detalhada abaixo:
DESCRIÇÃO CODIGO DESCRIÇÃO VALOR - R$
ÓRGÃO 36 SECRETARIA MUN. DE SERVIÇOS
UNIDADE 02 DIVISÃO DE SERVIÇOS MUNICIPAIS
SUBUNIDADE 05 SETOR DE MANUTENÇÃO E LIMPEZA PÚBLICA
FUNÇÃO 26 TRANSPORTE
SUBFUNÇÃO 451 INFRAESTRUTURA URBANA
PROGRAMA 5003 INFRAESTRUTURA DE TRANSPORTE E SERV.COMPL.
ATIVIDADE 2173 CONSERVAÇÃO DE VIAS PUBLICAS
FONTE 02 TRANSF. E CONV. ESTADUAIS ESPECÍFICOS
CÓD. APLICAÇÃO 803.020 EMP.PARL.Nº 2026.014.81136- DEP.BETH SAHÃO
CAT.ECONÔMICA 4.4.90.52.00 EQUIPAMENTOS E MATERIAL PERMANENTE 150.253,66
TOTAL 150.253,66
Artigo 2º - Para cobertura das despesas com a execução desta Lei será utilizado recurso
proveniente de EXCESSO DE ARRECADAÇÃO consoante Emenda Parlamentar Individual
da Deputada Estadual Beth Sahão.
______________________________________________________________________________________________
PRAÇA JUCA NOVAES, Nº 1.169, CENTRO, AVARÉ, SP, CEP 18.705-900, TEL.: (14) 3711-2507
SECRETARIADEGABINETE@AVARE.SP.GOV.BR

Estância Turística de Avaré – Estado de São Paulo
Instituído pela Lei nº 37, de 28 de março de 2001 e Decreto nº 5.057, de 03 de janeiro de 2018
Semanário Oficial assinado digitalmente conforme MP nº 2.200-2, de 2001, garantindo autenticidade, validade jurídica e integridade.
SEMANÁRIO
Oficial Eletrônico
avare.sp.gov.br
Quinta-feira, 14 de maio de 2026 Ano X | Edição nº 2733 Prefeito: Roberto Araujo
ESTÂNCIA TURÍSTICA DE AVARÉ
ESTADO DE SÃO PAULO
Continuação Lei n° 3.445, de 13 de maio de 2026.
Artigo 3º – Esta Lei entrará em vigor na data de sua publicação e terá vigência até 31 de
dezembro de 2026.
Prefeitura da Estância Turística de Avaré, 13 de maio de 2026.
ROBERTO DE ARAUJO
Prefeito
PRAÇA JUCA NOVAES, Nº 1.169, CENTRO, AVARÉ, SP, CEP 18.705-900, TEL.: (14) 3711-2507
SECRETARIADEGABINETE@AVARE.SP.GOV.BR

Estância Turística de Avaré – Estado de São Paulo
Instituído pela Lei nº 37, de 28 de março de 2001 e Decreto nº 5.057, de 03 de janeiro de 2018
Semanário Oficial assinado digitalmente conforme MP nº 2.200-2, de 2001, garantindo autenticidade, validade jurídica e integridade.
SEMANÁRIO
Oficial Eletrônico
avare.sp.gov.br
Quinta-feira, 14 de maio de 2026 Ano X | Edição nº 2733 Prefeito: Roberto Araujo
ESTÂNCIA TURÍSTICA DE AVARÉ
ESTADO DE SÃO PAULO
Lei nº 3.446, de 13 de maio de 2026.
(Dispõe sobre abertura de Crédito Adicional
Especial que especifica e dá providências).
Autoria: Prefeito Municipal (Projeto de Lei nº 117/2026).
ROBERTO DE ARAUJO, Prefeito da Estância Turística de Avaré, usando das
atribuições que lhe são conferidas por lei,
Faço saber que a Câmara Municipal da Estância Turística de Avaré aprovou e eu
sanciono e promulgo a seguinte Lei:
Artigo 1º - Nos termos do artigo 43 da Lei Federal nº 4.320 de 17 de Março de 1964
combinado com o artigo 167 § 2º da Constituição Federal, fica o Poder Executivo Municipal
autorizado a lançar no orçamento vigente, Lei Municipal nº 3.354 de 02/12/2025, através do
Departamento de Contabilidade e Orçamento da Municipalidade, um CRÉDITO
ADICIONAL ESPECIAL no valor de R$ 681.800,00 (seiscentos e oitenta e um mil e
oitocentos reais), na conformidade da funcional programática e modalidade de aplicação
detalhada abaixo:
DESCRIÇÃO CODIGO DESCRIÇÃO VALOR - R$
ÓRGÃO 37 SECRETARIA MUN. DE PLANEJAMENTO E OBRAS
UNIDADE 02 COORD. DE EXECUÇÃO/FISCALIZAÇÃO DE OBRAS
SUBUNIDADE 01 DEPARTAMENTO DE ENGENHARIA
FUNÇÃO 15 URBANISMO
SUBFUNÇÃO 451 INFRAESTRUTURA URBANA
PROGRAMA 6004 DESENVOLVIMENTO DO TURISMO
ATIVIDADE 1155 CONSTR/AMPL/REFORMA OBRAS VINC.MIN.DO
TURISMO
FONTE 05 TRANSF. E CONV. FEDERAIS ESPECÍFICOS
CÓD. APLICAÇÃO 902.001 EMP. PARL .Nº 5007001- EMENDA DE COMISSÃO
CAT.ECONÔMICA 4.4.90.51.00 OBRAS E INSTALAÇÕES 681.800,00
TOTAL 681.800,00
Artigo 2º - Para cobertura das despesas com a execução desta Lei será utilizado recurso
proveniente de EXCESSO DE ARRECADAÇÃO consoante Emenda Parlamentar de
Comissão nº 50070001.
______________________________________________________________________________________________
PRAÇA JUCA NOVAES, Nº 1.169, CENTRO, AVARÉ, SP, CEP 18.705-900, TEL.: (14) 3711-2507
SECRETARIADEGABINETE@AVARE.SP.GOV.BR

Estância Turística de Avaré – Estado de São Paulo
Instituído pela Lei nº 37, de 28 de março de 2001 e Decreto nº 5.057, de 03 de janeiro de 2018
Semanário Oficial assinado digitalmente conforme MP nº 2.200-2, de 2001, garantindo autenticidade, validade jurídica e integridade.
SEMANÁRIO
Oficial Eletrônico
avare.sp.gov.br
Quinta-feira, 14 de maio de 2026 Ano X | Edição nº 2733 Prefeito: Roberto Araujo
ESTÂNCIA TURÍSTICA DE AVARÉ
ESTADO DE SÃO PAULO
Continuação Lei n° 3.446, de 13 de maio de 2026.
Artigo 3º – Esta Lei entrará em vigor na data de sua publicação e terá vigência até 31 de
dezembro de 2026.
Prefeitura da Estância Turística de Avaré, 13 de maio de 2026.
ROBERTO DE ARAUJO
Prefeito
PRAÇA JUCA NOVAES, Nº 1.169, CENTRO, AVARÉ, SP, CEP 18.705-900, TEL.: (14) 3711-2507
SECRETARIADEGABINETE@AVARE.SP.GOV.BR

Estância Turística de Avaré – Estado de São Paulo
Instituído pela Lei nº 37, de 28 de março de 2001 e Decreto nº 5.057, de 03 de janeiro de 2018
Semanário Oficial assinado digitalmente conforme MP nº 2.200-2, de 2001, garantindo autenticidade, validade jurídica e integridade.
SEMANÁRIO
Oficial Eletrônico
avare.sp.gov.br
Quinta-feira, 14 de maio de 2026 Ano X | Edição nº 2733 Prefeito: Roberto Araujo
Lei Complementar nº 401, de 13 de maio de 2026.
Dispõe sobre alteração do Anexo I
- Quadro de Pessoal Permanente –
Superior – Lei Complementar n°
126, de 02 de junho de 2010 e dá
outras providências.
Autoria: Prefeito Municipal (Projeto de Lei
Complementar nº 106/2026).
ROBERTO DE ARAUJO, Prefeito da Estância Turística
de Avaré, usando das atribuições que lhe são conferidas
por lei,
Faço saber que a Câmara Municipal da Estância
Turística de Avaré aprovou e eu sanciono e promulgo a
seguinte Lei:
Art. 1º – Fica criada 01 (uma) vaga para provimento
do cargo efetivo, abaixo relacionado, no Quadro de Pessoal
dos Servidores Públicos da Prefeitura da Estância Turística
de Avaré, acrescendo-a ao Anexo I – Quadro de Pessoal
Permanente - Superior, da Lei Complementar nº 126, de 02
de junho de 2010, e alterações, a saber:
Referência/
Denominação Nº cargo Carga horária Requisito
Padrão Salarial
Ensino Superior Completo com
Arquiteto 14-inicial 01 20 h/ semana formação na área Específica e
competente Registro no CREA.
Parágrafo único – Ficam mantidas as atribuições do
cargo mencionado no artigo 1º, as quais encontram-se
previstas nos anexos I, da Lei Complementar nº 188/2013 e
Lei Complementar nº 193/2014.
Art. 2º- Esta Lei entrará em vigor na data de sua
publicação.
Prefeitura da Estância Turística de Avaré, 13 de maio de
2026.
ROBERTO DE ARAUJO
Prefeito
...........................................................................................................

Estância Turística de Avaré – Estado de São Paulo
Instituído pela Lei nº 37, de 28 de março de 2001 e Decreto nº 5.057, de 03 de janeiro de 2018
Semanário Oficial assinado digitalmente conforme MP nº 2.200-2, de 2001, garantindo autenticidade, validade jurídica e integridade.
SEMANÁRIO
Oficial Eletrônico
avare.sp.gov.br
Quinta-feira, 14 de maio de 2026 Ano X | Edição nº 2733 Prefeito: Roberto Araujo
Decretos
Decretos
ESTÂNCIA TURÍSTICA DE AVARÉ
ESTADO DE SÃO PAULO
Decreto nº 8.746, de 14 de maio de 2026.
(Dispõe sobre abertura de Crédito Adicional Especial que
especifica e dá providências).
ROBERTO DE ARAUJO, Prefeito da Estância Turística de Avaré, usando das
atribuições que lhe são conferidas por lei,
DECRETA:
Artigo 1º- Nos termos do artigo 43 da Lei Federal nº 4.320 de 17 de Março de 1964
combinado com o artigo 167 § 2º da Constituição Federal, fica o Poder Executivo Municipal
autorizado a lançar no orçamento vigente, Lei Municipal nº 3.354 de 02/12/2025, através do
Departamento de Contabilidade e Orçamento da Municipalidade, um CRÉDITO
ADICIONAL ESPECIAL no valor de R$ 180.000,00 (cento e oitenta mil reais) para
atendimento das despesas do Fundo Municipal da Saúde na conformidade da funcional
programática e modalidade de aplicação detalhada abaixo:
ÓRGÃO 07 SECRETARIA MUNICIPAL DA SAÚDE
UNIDADE 01 FUNDO MUNICIPAL DA SAÚDE
SUBUNIDADE 15 COORDENAÇÃO ATENÇÃO ESPECIALIZADA
FUNÇÃO 10 SAÚDE
SUBFUNÇÃO 302 ASSISTÊNCIA HOSPITALAR E AMBULATORIAL
MEDIA E ALTA COMPLEXIDADE AMBULATORIAL E
PROGRAMA 1013
HOSPITALAR
ATIVIDADE/
2373 PROCEDIMENTO AMBULATORIAL - MAC
PROJETO
FONTE 05 TRANSFERÊNCIAS E CONVÊNIOS FEDERAIS
CÓD. APLICAÇÃO 302.011 FNS – (FAEC) PROG. MAIS ACESSO A ESPECIAL.
CATEGORIA OUTROS SERVIÇOS DE TERCEIROS - PESSOA
3.3.90.39.00 179.000,00
ECONÔMICA JURÍDICA
CATEGORIA
3.3.50.43.00 SUBVENÇÕES SOCIAIS 1.000,00
ECONÔMICA
TOTAL 180.000,00
TOTAL GERAL 180.000,00
Artigo 2º - Para cobertura das despesas com a execução deste decreto serão utilizados
recursos provenientes de EXCESSO DE ARRECADAÇÃO de repasses do governo Federal
consoante Portaria GM/MS Nº 8632/25.
______________________________________________________________________________________________
PRAÇA JUCA NOVAES, Nº 1.169, CENTRO, AVARÉ, SP, CEP 18.705-900, TEL.: (14) 3711-2507
SECRETARIADEGABINETE@AVARE.SP.GOV.BR

Estância Turística de Avaré – Estado de São Paulo
Instituído pela Lei nº 37, de 28 de março de 2001 e Decreto nº 5.057, de 03 de janeiro de 2018
Semanário Oficial assinado digitalmente conforme MP nº 2.200-2, de 2001, garantindo autenticidade, validade jurídica e integridade.
SEMANÁRIO
Oficial Eletrônico
avare.sp.gov.br
Quinta-feira, 14 de maio de 2026 Ano X | Edição nº 2733 Prefeito: Roberto Araujo
ESTÂNCIA TURÍSTICA DE AVARÉ
ESTADO DE SÃO PAULO
Continuação Decreto n° 8.746, de 14 de maio de 2026.
Artigo 3º – Este decreto entrará em vigor na data de sua publicação e terá vigência até
31 de dezembro de 2026.
Prefeitura da Estância Turística de Avaré, 14 de maio de 2026.
ROBERTO DE ARAUJO
Prefeito
PRAÇA JUCA NOVAES, Nº 1.169, CENTRO, AVARÉ, SP, CEP 18.705-900, TEL.: (14) 3711-2507
SECRETARIADEGABINETE@AVARE.SP.GOV.BR

Estância Turística de Avaré – Estado de São Paulo
Instituído pela Lei nº 37, de 28 de março de 2001 e Decreto nº 5.057, de 03 de janeiro de 2018
Semanário Oficial assinado digitalmente conforme MP nº 2.200-2, de 2001, garantindo autenticidade, validade jurídica e integridade.
SEMANÁRIO
Oficial Eletrônico
avare.sp.gov.br
Quinta-feira, 14 de maio de 2026 Ano X | Edição nº 2733 Prefeito: Roberto Araujo
ESTÂNCIA TURÍSTICA DE AVARÉ
ESTADO DE SÃO PAULO
Decreto nº 8.747, de 14 de maio de 2026.
(Dispõe sobre abertura de Crédito Adicional Especial que
especifica e dá providências).
ROBERTO DE ARAUJO, Prefeito da Estância Turística de Avaré, usando das
atribuições que lhe são conferidas por lei,
DECRETA:
Artigo 1º- Nos termos do artigo 43 da Lei Federal nº 4.320 de 17 de Março de 1964 combinado
com o artigo 167 § 2º da Constituição Federal, fica o Poder Executivo Municipal autorizado a lançar
no orçamento vigente, Lei Municipal nº 3.354 de 02/12/2025, através do Departamento de
Contabilidade e Orçamento da Municipalidade, um CRÉDITO ADICIONAL ESPECIAL no valor
de R$ 51.905,03 (cinquenta e um mil novecentos e cinco reais e três centavos) para atendimento das
despesas do Fundo Municipal da Saúde na conformidade da funcional programática e modalidade de
aplicação detalhada abaixo:
ÓRGÃO 07 SECRETARIA MUNICIPAL DA SAÚDE
UNIDADE 01 FUNDO MUNICIPAL DA SAÚDE
SUBUNIDADE 14 COORDENAÇÃO DA ATENÇÃO BÁSICA DA SAÚDE
FUNÇÃO 10 SAÚDE
SUBFUNÇÃO 301 ATENÇÃO BÁSICA
PROGRAMA 1012 ATENÇÃO BÁSICA
FORNECIMENTO DE LEITE E SUPLEMENTO
ATIVIDADE/PROJETO 2033
ALIMENTAR
TRANSFERÊNCIAS E CONVÊNIOS ESTADUAIS
FONTE 92
(EXERCÍCIOS ANTERIORES)
CÓD. APLICAÇÃO 803.011 EM.PARL. Nº 2025.065.69645 – RES. SS 99/25
CATEGORIA MATERIAL, BEM OU SERVIÇO PARA
3.3.90.32.00 51.905,03
ECONÔMICA DISTRIBUIÇÃO GRATUITA
TOTAL 51.905,03
Artigo 2º - Para cobertura das despesas com a execução deste decreto serão utilizados
recursos provenientes de ANULAÇÃO de repasses do governo Estadual consoante
EM.PARL. Nº 2025.065.69645 – RES. SS 99/25.
Artigo 3º – Este decreto entrará em vigor na data de sua publicação e terá vigência até
31 de dezembro de 2026.
Prefeitura da Estância Turística de Avaré, 14 de maio de 2026.
ROBERTO DE ARAUJO
Prefeito
______________________________________________________________________________________________
PRAÇA JUCA NOVAES, Nº 1.169, CENTRO, AVARÉ, SP, CEP 18.705-900, TEL.: (14) 3711-2507
SECRETARIADEGABINETE@AVARE.SP.GOV.BR

Estância Turística de Avaré – Estado de São Paulo
Instituído pela Lei nº 37, de 28 de março de 2001 e Decreto nº 5.057, de 03 de janeiro de 2018
Semanário Oficial assinado digitalmente conforme MP nº 2.200-2, de 2001, garantindo autenticidade, validade jurídica e integridade.
SEMANÁRIO
Oficial Eletrônico
avare.sp.gov.br
Quinta-feira, 14 de maio de 2026 Ano X | Edição nº 2733 Prefeito: Roberto Araujo
ESTÂNCIA TURÍSTICA DE AVARÉ
ESTADO DE SÃO PAULO
Decreto nº 8.748, de 14 de maio de 2026.
(Dispõe sobre abertura de Crédito Adicional Especial que
especifica e dá providências).
ROBERTO DE ARAUJO, Prefeito da Estância Turística de Avaré, usando das
atribuições que lhe são conferidas por lei,
DECRETA:
Artigo 1º- Nos termos do artigo 43 da Lei Federal nº 4.320 de 17 de Março de 1964
combinado com o artigo 167 § 2º da Constituição Federal, fica o Poder Executivo Municipal
autorizado a lançar no orçamento vigente, Lei Municipal nº 3.354 de 02/12/2025, através do
Departamento de Contabilidade e Orçamento da Municipalidade, um CRÉDITO
ADICIONAL ESPECIAL no valor de R$ 150.253,66 (cento e cinquenta mil, duzentos e
cinquenta e três reais e sessenta e seis centavos), na conformidade da funcional programática
e modalidade de aplicação detalhada abaixo:
DESCRIÇÃO CODIGO DESCRIÇÃO VALOR - R$
ÓRGÃO 36 SECRETARIA MUN. DE SERVIÇOS
UNIDADE 02 DIVISÃO DE SERVIÇOS MUNICIPAIS
SUBUNIDADE 05 SETOR DE MANUTENÇÃO E LIMPEZA PÚBLICA
FUNÇÃO 26 TRANSPORTE
SUBFUNÇÃO 451 INFRAESTRUTURA URBANA
PROGRAMA 5003 INFRAESTRUTURA DE TRANSPORTE E SERV.COMPL.
ATIVIDADE 2173 CONSERVAÇÃO DE VIAS PUBLICAS
FONTE 02 TRANSF. E CONV. ESTADUAIS ESPECÍFICOS
CÓD. APLICAÇÃO 803.020 EMP.PARL.Nº 2026.014.81136- DEP.BETH SAHÃO
CAT.ECONÔMICA 4.4.90.52.00 EQUIPAMENTOS E MATERIAL PERMANENTE 150.253,66
TOTAL 150.253,66
Artigo 2º - Para cobertura das despesas com a execução deste decreto será utilizado
recurso proveniente de EXCESSO DE ARRECADAÇÃO consoante Emenda Parlamentar
Individual da Deputada Estadual Beth Sahão.
______________________________________________________________________________________________
PRAÇA JUCA NOVAES, Nº 1.169, CENTRO, AVARÉ, SP, CEP 18.705-900, TEL.: (14) 3711-2507
SECRETARIADEGABINETE@AVARE.SP.GOV.BR

Estância Turística de Avaré – Estado de São Paulo
Instituído pela Lei nº 37, de 28 de março de 2001 e Decreto nº 5.057, de 03 de janeiro de 2018
Semanário Oficial assinado digitalmente conforme MP nº 2.200-2, de 2001, garantindo autenticidade, validade jurídica e integridade.
SEMANÁRIO
Oficial Eletrônico
avare.sp.gov.br
Quinta-feira, 14 de maio de 2026 Ano X | Edição nº 2733 Prefeito: Roberto Araujo
ESTÂNCIA TURÍSTICA DE AVARÉ
ESTADO DE SÃO PAULO
Continuação Decreto n° 8.748, de 14 de maio de 2026.
Artigo 3º – Este decreto entrará em vigor na data de sua publicação e terá vigência até
31 de dezembro de 2026.
Prefeitura da Estância Turística de Avaré, 14 de maio de 2026.
ROBERTO DE ARAUJO
Prefeito
PRAÇA JUCA NOVAES, Nº 1.169, CENTRO, AVARÉ, SP, CEP 18.705-900, TEL.: (14) 3711-2507
SECRETARIADEGABINETE@AVARE.SP.GOV.BR

Estância Turística de Avaré – Estado de São Paulo
Instituído pela Lei nº 37, de 28 de março de 2001 e Decreto nº 5.057, de 03 de janeiro de 2018
Semanário Oficial assinado digitalmente conforme MP nº 2.200-2, de 2001, garantindo autenticidade, validade jurídica e integridade.
SEMANÁRIO
Oficial Eletrônico
avare.sp.gov.br
Quinta-feira, 14 de maio de 2026 Ano X | Edição nº 2733 Prefeito: Roberto Araujo
ESTÂNCIA TURÍSTICA DE AVARÉ
ESTADO DE SÃO PAULO
Decreto nº 8.749, de 14 de maio de 2026.
(Dispõe sobre abertura de Crédito Adicional
Especial que especifica e dá providências).
ROBERTO DE ARAUJO, Prefeito da Estância Turística de Avaré, usando das
atribuições que lhe são conferidas por lei,
DECRETA:
Artigo 1º - Nos termos do artigo 43 da Lei Federal nº 4.320 de 17 de Março de 1964
combinado com o artigo 167 § 2º da Constituição Federal, fica o Poder Executivo Municipal
autorizado a lançar no orçamento vigente, Lei Municipal nº 3.354 de 02/12/2025, através do
Departamento de Contabilidade e Orçamento da Municipalidade, um CRÉDITO
ADICIONAL ESPECIAL no valor de R$ 681.800,00 (seiscentos e oitenta e um mil e
oitocentos reais), na conformidade da funcional programática e modalidade de aplicação
detalhada abaixo:
DESCRIÇÃO CODIGO DESCRIÇÃO VALOR - R$
ÓRGÃO 37 SECRETARIA MUN. DE PLANEJAMENTO E OBRAS
UNIDADE 02 COORD. DE EXECUÇÃO/FISCALIZAÇÃO DE OBRAS
SUBUNIDADE 01 DEPARTAMENTO DE ENGENHARIA
FUNÇÃO 15 URBANISMO
SUBFUNÇÃO 451 INFRAESTRUTURA URBANA
PROGRAMA 6004 DESENVOLVIMENTO DO TURISMO
ATIVIDADE 1155 CONSTR/AMPL/REFORMA OBRAS VINC.MIN.DO
TURISMO
FONTE 05 TRANSF. E CONV. FEDERAIS ESPECÍFICOS
CÓD. APLICAÇÃO 902.001 EMP. PARL .Nº 5007001- EMENDA DE COMISSÃO
CAT.ECONÔMICA 4.4.90.51.00 OBRAS E INSTALAÇÕES 681.800,00
TOTAL 681.800,00
Artigo 2º - Para cobertura das despesas com a execução deste decreto será utilizado
recurso proveniente de EXCESSO DE ARRECADAÇÃO consoante Emenda Parlamentar de
Comissão nº 50070001.
______________________________________________________________________________________________
PRAÇA JUCA NOVAES, Nº 1.169, CENTRO, AVARÉ, SP, CEP 18.705-900, TEL.: (14) 3711-2507
SECRETARIADEGABINETE@AVARE.SP.GOV.BR

Estância Turística de Avaré – Estado de São Paulo
Instituído pela Lei nº 37, de 28 de março de 2001 e Decreto nº 5.057, de 03 de janeiro de 2018
Semanário Oficial assinado digitalmente conforme MP nº 2.200-2, de 2001, garantindo autenticidade, validade jurídica e integridade.
SEMANÁRIO
Oficial Eletrônico
avare.sp.gov.br
Quinta-feira, 14 de maio de 2026 Ano X | Edição nº 2733 Prefeito: Roberto Araujo
ESTÂNCIA TURÍSTICA DE AVARÉ
ESTADO DE SÃO PAULO
Continuação Lei n° 8.749, de 14 de maio de 2026.
Artigo 3º – Este decreto entrará em vigor na data de sua publicação e terá vigência até
31 de dezembro de 2026.
Prefeitura da Estância Turística de Avaré, 14 de maio de 2026.
ROBERTO DE ARAUJO
Prefeito
PRAÇA JUCA NOVAES, Nº 1.169, CENTRO, AVARÉ, SP, CEP 18.705-900, TEL.: (14) 3711-2507
SECRETARIADEGABINETE@AVARE.SP.GOV.BR

Estância Turística de Avaré – Estado de São Paulo
Instituído pela Lei nº 37, de 28 de março de 2001 e Decreto nº 5.057, de 03 de janeiro de 2018
Semanário Oficial assinado digitalmente conforme MP nº 2.200-2, de 2001, garantindo autenticidade, validade jurídica e integridade.
SEMANÁRIO
Oficial Eletrônico
avare.sp.gov.br
Quinta-feira, 14 de maio de 2026 Ano X | Edição nº 2733 Prefeito: Roberto Araujo
Outros Atos
Outros Atos A Comissão Permanente de Readaptação
Funcional, reorganizada pelo Decreto nº 8.517, de 15 de
outubro de 2025, vem C O N V O C A R os servidores
abaixo relacionados a comparecerem na sede do D.E.S.S. –
Departamento de Saúde e Segurança do Servidor, sito a
Rua Pará, nº 673, Centro, para serem avaliados pela Equipe
Multidisciplinar a fim de instruir os Processos de
Readaptação Funcional, a saber:
PROC. SERVIDOR S SE OR CV IAIÇ LO ENFERMAGEM FISIOTERAPIA PSICOLOGIA MÉDICA S TREG AU BAR LA HN OÇA DOPSIQUIATRA
010/2026 M ZAA VR AC NIA E LR LE AG LIN OA PES - - 14/05/26 – 08:30 1 14 4/ :0 05 0/26 – 19/05/26 – 16:00 1 04 9/ :0 05 0/26 – -
011/2026 S AA RN MD AR NA D OCRISTINA - - 14/05/26 – 09:00 1 14 5/ :0 05 0/26 – 20/05/26 – 10:30 1 14 0/ :0 05 0/26 – -
...........................................................................................................
REUNIÃO DA COMISSÃO PERMANENTE DE
READAPTAÇÃO FUNCIONAL
De acordo com a Lei Municipal nº 2.145 de 10 de
outubro de 2017, ficam os membros da Comissão
Permanente de Readaptação Funcional, reorganizados
através de Decreto nº 8.517, de 15 de outubro de 2025,
CONVOCADOS a participarem da Reunião da Comissão
Permanente de Readaptação Funcional que será realizada
no dia 20/05/2026 às 14h00, nas dependências do
Departamento de Saúde e Segurança do Servidor –
D.E.S.S., Rua Pará, nº 673, Centro, Estância Turística de
Avaré, oportunidade em que serão discutidos Processos de
Readaptação Funcional.
A Comissão Permanente de Readaptação
Funcional
...........................................................................................................

Estância Turística de Avaré – Estado de São Paulo
Instituído pela Lei nº 37, de 28 de março de 2001 e Decreto nº 5.057, de 03 de janeiro de 2018
Semanário Oficial assinado digitalmente conforme MP nº 2.200-2, de 2001, garantindo autenticidade, validade jurídica e integridade.",https://www.dosp.com.br/exibe_do.php?i=ODE4MTk0,
DOA-034,2026-05-14,2733,Leis,3446 - abertura de crédito 681.800 - secretaria de planejamento,Não identificada,"SEMANÁRIO
Oficial Eletrônico
avare.sp.gov.br
Quinta-feira, 14 de maio de 2026 Ano X | Edição nº 2733 Prefeito: Roberto Araujo
Art. 4º- A denúncia deverá ser apresentada junto à
PODER EXECUTIVO
Secretaria Municipal de Meio Ambiente, Secretaria
Poder Executivo
Municipal de Fiscalização de Posturas Municipais, ou ao
Atos Oficiais
órgão que vier a ser apontado pelo Município, por meio de
Atos Oficiais
Leis canal oficial disponibilizado, incluindo atendimento
presencial, telefone ou sistema eletrônico.
Leis Lei nº 3.440, de 13 de maio de 2026. Art. 5º- O denunciante que agir de má fé,
apresentando denúncia falsa, fraudulenta ou com objetivo
Dispõe sobre o Programa
de prejudicar terceiros, ficará sujeito:
Municipal de Incentivo à
I - à perda do direito à recompensa;
Denúncia de Infrações
II - à aplicação de multa correspondente a 50%
Ambientais Urbanas em
(cinquenta por cento) do valor previsto para a infração
Avaré/SP, estabelece
indevidamente denunciada;
recompensa ao denunciante,
III - à responsabilização civil e criminal cabível.
prevê punição à má fé e dá
Art. 6º- O Poder Executivo regulamentará a presente
outras providências.
Lei dispondo sobre:
I - os canais oficiais de denúncia;
Autoria: Ver. Pedro Victor Alarcão Alves Fusco
II - os procedimentos de apuração e comprovação das
(Projeto de Lei nº 12/2026).
infrações;
ROBERTO DE ARAUJO, Prefeito da Estância Turística
III - os mecanismos de sigilo e proteção da identidade
de Avaré, usando das atribuições que lhe são conferidas
do denunciante;
por lei,
IV - as formas de pagamento da recompensa.
Faço saber que a Câmara Municipal da Estância
Art. 7º- As despesas decorrentes da execução desta
Turística de Avaré aprovou e eu sanciono e promulgo a
Lei correrão por conta das dotações orçamentárias
seguinte Lei:
próprias, suplementadas se necessário.
Art. 1º - Fica o Poder Executivo autorizado a
Art. 8º- Esta Lei entra em vigor na data de sua
instituir no Município de Avaré/SP o Programa Municipal de
publicação.
Incentivo à Denúncia de Infrações Ambientais Urbanas,
Prefeitura da Estância Turística de Avaré, 13 de maio
destinado a incentivar a população a denunciar infrações
de 2026.
previstas na Lei Municipal nº 176/1.997, que disciplina
ROBERTO DE ARAUJO
entre outras matérias, o descarte irregular de lixo, entulhos
Prefeito
e resíduos de qualquer espécie, incluindo, de forma
...........................................................................................................
exemplificativa:
Lei nº 3.441, de 13 de maio de 2026.
I - descarte de lixo em vias e logradouros públicos;
II - descarte de entulho ou resíduos de construção;
Dispõe sobre a autorização ao
III - deposição de resíduos em áreas verdes ou de
Poder Executivo a realizar
preservação;
alienação por meio de doação de
IV - lançamento de resíduos em bueiros, galerias
um imóvel para a associação
pluviais ou cursos d’água;
Residencial Terras Altas, e dá
V - qualquer outra infração relacionada ao manejo
outras providências.
irregular de resíduos urbanos prevista na legislação
mencionada. Autoria: Prefeito Municipal (Projeto de Lei nº
Art. 2º- O denunciante que auxiliar na identificação do 25/2026).
infrator, mediante denúncia fundamentada com elementos ROBERTO DE ARAUJO, Prefeito da Estância Turística
mínimos de prova (fotografia, vídeo, identificação de de Avaré, usando das atribuições que lhe são conferidas
veículo, local e horário), fará jus ao recebimento de 30% por lei,
(trinta por cento) do valor da multa efetivamente Faço saber que a Câmara Municipal da Estância
arrecadada pelo Município. Turística de Avaré aprovou e eu sanciono e promulgo a
§ 1º O pagamento ao denunciante será realizado em seguinte Lei:
até 30 (trinta) dias após o efetivo recolhimento da multa Art. 1º Fica desafetada, na integralidade, para fins de
pelo infrator, não cabendo qualquer adiantamento ou alteração de uso de bem público de uso comum para bem
antecipação de valores. dominical, a área institucional de propriedade do Município
§ 2º O denunciante poderá optar pelo sigilo de sua da Estância Turística de Avaré, classificada como SISTEMA
identidade, garantida a confidencialidade dos dados DE LAZER 4, DO LOTEAMENTO “RESIDENCIAL TERRAS
pessoais nos termos da legislação vigente. ALTAS”, SITUADO EM AVARÉ-SP, COM A SEGUINTE
Art. 3º- O valor da multa seguirá as disposições da Lei DESCRIÇÃO: INICIA-SE NO PONTO DE DIVISA ENTRE O LOTE
Municipal nº 176/1.997, ou outra que vier a substitui-la. 1 DA QUADRA F COM A RUA 02 E O SISTEMA DE LAZER 4 E

Estância Turística de Avaré – Estado de São Paulo
Instituído pela Lei nº 37, de 28 de março de 2001 e Decreto nº 5.057, de 03 de janeiro de 2018
Semanário Oficial assinado digitalmente conforme MP nº 2.200-2, de 2001, garantindo autenticidade, validade jurídica e integridade.
SEMANÁRIO
Oficial Eletrônico
avare.sp.gov.br
Quinta-feira, 14 de maio de 2026 Ano X | Edição nº 2733 Prefeito: Roberto Araujo
SEGUE 31,29 METROS CONFRONTANDO COM O LOTE 1 DA serem utilizadas pelos moradores locais, em especial ao
QUADRA F ATÉ ENCONTRAR A ÁREA REMANESCENTE 1; público infantil.
DEFLETE À ESQUERDA E SEGUE 41,16 METROS § 2º Nos termos do laudo de avaliação o imóvel possui
CONFRONTANDO COM A ÁREA REMANESCENTE 1; DEFLETE o valor referencial no importe de R$ 372.692,21 (trezentos
À ESQUERDA, E SEGUE 36,31 METROS NA CONFRONTAÇÃO e setenta e dois mil e seiscentos e noventa e dois reais e
COM A ÁREA REMANESCENTE 1, ATÉ ENCONTRAR COM O vinte e um centavos).
LOTE 09 DA QUADRA B; DEFLETE À ESQUERDA E SEGUE Art. 3º Para efeitos da alienação por meio de doação
34,07 METROS, CONFRONTANDO COM O LOTE 09 DA prevista nesta Lei, independe de procedimento licitatório
QUADRA B ATÉ CHEGAR NA RUA 02, FINALMENTE, DEFLETE nos termos da Lei Orgânica do Município, vez que, há
NOVAMENTE À ESQUERDA E SEGUE 8,14 METROS EM evidente interesse público.
CURVA, CONFRONTANDO COM A RUA 02, ATÉ O PONTO Art. 4º Ocorrerá caducidade da alienação por meio de
INICIAL, ENCERRANDO A ÁREA DE 1.459,44 METROS doação e reversão automática do
QUADRADOS, REGISTRADO SOB MATRÍCULA Nº 78.241, DO imóvel ao patrimônio do Município da Estância
LIVRO Nº 2 DO REGISTRO GERAL DO CARTÓRIO DE Turística de Avaré, caso a donatária não proceda com a
REGISTRO DE IMÓVEIS E ANEXOS DA COMARCA DE AVARE. execução, e/ou exercício dos direitos advindos, bem como a
§ 1º A área desafetada será destinada a viabilização alteração da finalidade especificada no § 1º do Art. 2º desta
de alienação por meio de doação a Associação Residencial Lei.
Terras Altas, pessoa jurídica de direito privado, inscrita, no § 1º É vedado o gravame do imóvel com ônus real de
CNPJ nº 23.831.117/0001-12, com sede na Rua Gilberto garantia, salvo, quando tratar-se de garantia para
Filgueiras S/N, Bairro Colina da Boa Vista, CEP18.706-240, financiamento vinculado à construção e/ou ampliação da
em Avaré-SP. edificação destinada nos termos do § 1º do Art. 1º desta
§ 2º A desafetação de que trata esta Lei implica a Lei.
transferência da destinação das áreas descritas de uso § 2º O imóvel doado será revertido sem ônus ao
comum para o patrimônio disponível do Município, Município da Estância Turística de Avaré em caso de
autorizando sua utilização conforme o interesse público extinção da donatária.
justificado. § 3º É facultado ao Poder Público Municipal o direito de
§3º O Poder Executivo Municipal fica autorizado a desistir da reversão do imóvel doado, desde que
adotar todas as providências administrativas, urbanísticas e comprovada a inconveniência técnica e julgada onerosa ao
registrais necessárias à implementação desta Lei. erário a transação.
Art. 2º Fica o Poder Executivo Municipal autorizado a § 4º Em caso de reversão, não haverá ônus ao
alienar por meio de doação, um imóvel a Associação Município da Estância Turística de Avaré, nem mesmo
Residencial Terras Altas, pessoa jurídica de direito privado, recairá direito a indenização sobre as benfeitorias
inscrita no CNPJ nº 23.831.117/0001-12, com sede na Rua realizadas.
Gilberto Filgueiras S/N, Bairro Colina da Boa Vista, CEP Art. 5º As despesas com custas e emolumentos
18.706-240, em Avaré-SP, com as seguintes descrições: inerentes ao tramite registral, decorrentes desta Lei,
SISTEMA DE LAZER 4, DO LOTEAMENTO “RESIDENCIAL correrão por conta da Associação Residencial Terras Altas.
TERRAS ALTAS”, SITUADO EM AVARÉ-SP, COM A SEGUINTE Art. 6º Esta entrará em vigor na data de sua
DESCRIÇÃO: INICIA-SE NO PONTO DE DIVISA ENTRE O LOTE publicação.
1 DA QUADRA F COM A RUA 02 E O SISTEMA DE LAZER 4 E Prefeitura da Estância Turística de Avaré, 13 de maio
SEGUE 31,29 METROS CONFRONTANDO COM O LOTE 1 DA de 2026.
QUADRA F ATÉ ENCONTRAR A ÁREA REMANESCENTE 1; ROBERTO DE ARAUJO
DEFLETE À ESQUERDA E SEGUE 41,16 METROS Prefeito
CONFRONTANDO COM A ÁREA REMANESCENTE 1; DEFLETE ...........................................................................................................
À ESQUERDA, E SEGUE 36,31 METROS NA CONFRONTAÇÃO
COM A ÁREA REMANESCENTE 1, ATÉ ENCONTRAR COM O
LOTE 09 DA QUADRA B; DEFLETE À ESQUERDA E SEGUE
34,07 METROS, CONFRONTANDO COM O LOTE 09 DA
QUADRA B ATÉ CHEGAR NA RUA 02, FINALMENTE, DEFLETE
NOVAMENTEÀ ESQUERDA E SEGUE 8,14 METROS EM
CURVA, CONFRONTANDO COM A RUA 02, ATÉ O PONTO
INICIAL, ENCERRANDO A ÁREA DE 1.459,44 METROS
QUADRADOS, REGISTRADO SOB MATRÍCULA Nº 78.241, DO
LIVRO Nº 2 DO REGISTRO GERAL DO CARTÓRIO DE
REGISTRO DE IMÓVEIS E ANEXOS DA COMARCA DE AVARÉ.
§1º O imóvel tem como finalidade e destinação a
regularização de melhorias para áreas de recreação a

Estância Turística de Avaré – Estado de São Paulo
Instituído pela Lei nº 37, de 28 de março de 2001 e Decreto nº 5.057, de 03 de janeiro de 2018
Semanário Oficial assinado digitalmente conforme MP nº 2.200-2, de 2001, garantindo autenticidade, validade jurídica e integridade.
SEMANÁRIO
Oficial Eletrônico
avare.sp.gov.br
Quinta-feira, 14 de maio de 2026 Ano X | Edição nº 2733 Prefeito: Roberto Araujo
ESTÂNCIA TURÍSTICA DE AVARÉ
ESTADO DE SÃO PAULO
Lei nº 3.442, de 13 de maio de 2026.
(Inclui a área objeto da matrícula nº 88.151 do Cartório de Registro
de Imóveis de Avaré no perímetro urbano do Município de Avaré e,
dá outras providências)
Autoria: Prefeito Municipal (Projeto de Lei nº 107/2026).
ROBERTO DE ARAUJO, Prefeito da Estância Turística de Avaré, usando das
atribuições que lhe são conferidas por lei,
Faço saber que a Câmara Municipal da Estância Turística de Avaré aprovou e eu
sanciono e promulgo a seguinte Lei:
Art. 1º - Fica Incluída no Perímetro Urbano de Avaré, a área de terra abaixo descrita,
objeto da Matrícula nº 88.151:
ÁREA DE TERRAS, contendo 2,0 hectares, perímetro 600,00 metros, denominada FAZENDA SANTA
TEREZA – GLEBA DESMEMBRADA, situada no município de Avaré-SP, com as seguintes medidas e
confrontações:
VÉRTICE SEGMENTO VANTE
código longitude latitude Altitude(m código azimute Dist. (m)
)
FGWM-M- - -23º08’33,373” 779,88 FGWM- 132º18’ 200,0
0012 48º58’33,661” M0013
FGWM-M- - -23º06’37,748” 777,92 FGWM- 222º18’ 100,0
0013 48º58’28,463” M-0014
FGWM-M- - -23º08’40,152” 778,35 CWAE- 312º17’ 200,0
0014 48º58’30,828” P3663
CONFRONTAÇÕES: Até aqui confrontando com a Gleba Remanescente da Fazenda Santa
Tereza (matrícula 84.392); deste ponto segue confrontando com a Rodovia Dr. Diamantino
Monteiro da Gama (SP-3/245), pelos seguintes trechos:
VÉRTICE SEGMENTO VANTE
código longitude latitude Altitude(m código azimute Dist. (m)
)
CWAE-P- - -23º06’35,777” 778,6 CWAE-P- 42º46’ 1,34
3663 48º58’36,025” 3664
CWAE-P- - -23º06’35,745” 778,77 FGWM- 42º17’ 98,66
3664 48º58’35,994” M-0012
Certificação da Poligonal pelo INCRA: 5c912114-e158-42be-9676-50198a8b7732
CADASTRO: 629.049.000.876-4 CCIR nº 45918150221, com os seguintes dados: módulo rural: 40,0629 ha; nº
______________________________________________________________________________________________
PRAÇA JUCA NOVAES, Nº 1.169, CENTRO, AVARÉ, SP, CEP 18.705-900, TEL.: (14) 3711-2507
SECRETARIADEGABINETE@AVARE.SP.GOV.BR

Estância Turística de Avaré – Estado de São Paulo
Instituído pela Lei nº 37, de 28 de março de 2001 e Decreto nº 5.057, de 03 de janeiro de 2018
Semanário Oficial assinado digitalmente conforme MP nº 2.200-2, de 2001, garantindo autenticidade, validade jurídica e integridade.
SEMANÁRIO
Oficial Eletrônico
avare.sp.gov.br
Quinta-feira, 14 de maio de 2026 Ano X | Edição nº 2733 Prefeito: Roberto Araujo
ESTÂNCIA TURÍSTICA DE AVARÉ
ESTADO DE SÃO PAULO
Continuação Lei n° 3.442, de 13 de maio de 2026.
módulos rurais: 3,71; módulo fiscal: 30 ha; nº de módulos fiscais: 5,0211; fração mínima de parcelamento: 2 há e
inscrito no NIRF: 0.235.295-8.
Art. 2º - A área descrita no artigo anterior foi objeto de parecer favorável por parte do
Conselho Municipal do Plano Diretor, através da Resolução CMPD nº 04/2025, devidamente
publicada no Semanário Oficial Eletrônico do Município, Edição nº 2705, de 08/04/2026,
página 01.
Art. 3º - Esta Lei entra em vigor da data de sua publicação, revogando-se as disposições
em contrário.
Prefeitura da Estância Turística de Avaré, 13 de maio de 2026.
ROBERTO DE ARAUJO
Prefeito
PRAÇA JUCA NOVAES, Nº 1.169, CENTRO, AVARÉ, SP, CEP 18.705-900, TEL.: (14) 3711-2507
SECRETARIADEGABINETE@AVARE.SP.GOV.BR

Estância Turística de Avaré – Estado de São Paulo
Instituído pela Lei nº 37, de 28 de março de 2001 e Decreto nº 5.057, de 03 de janeiro de 2018
Semanário Oficial assinado digitalmente conforme MP nº 2.200-2, de 2001, garantindo autenticidade, validade jurídica e integridade.
SEMANÁRIO
Oficial Eletrônico
avare.sp.gov.br
Quinta-feira, 14 de maio de 2026 Ano X | Edição nº 2733 Prefeito: Roberto Araujo
ESTÂNCIA TURÍSTICA DE AVARÉ
ESTADO DE SÃO PAULO
Lei nº 3.443, de 13 de maio de 2026.
(Dispõe sobre abertura de Crédito Adicional Especial que
especifica e dá providências).
Autoria: Prefeito Municipal (Projeto de Lei nº 113/2026).
ROBERTO DE ARAUJO, Prefeito da Estância Turística de Avaré, usando das
atribuições que lhe são conferidas por lei,
Faço saber que a Câmara Municipal da Estância Turística de Avaré aprovou e eu
sanciono e promulgo a seguinte Lei:
Artigo 1º- Nos termos do artigo 43 da Lei Federal nº 4.320 de 17 de Março de 1964
combinado com o artigo 167 § 2º da Constituição Federal, fica o Poder Executivo Municipal
autorizado a lançar no orçamento vigente, Lei Municipal nº 3.354 de 02/12/2025, através do
Departamento de Contabilidade e Orçamento da Municipalidade, um CRÉDITO
ADICIONAL ESPECIAL no valor de R$ 180.000,00 (cento e oitenta mil reais) para
atendimento das despesas do Fundo Municipal da Saúde na conformidade da funcional
programática e modalidade de aplicação detalhada abaixo:
ÓRGÃO 07 SECRETARIA MUNICIPAL DA SAÚDE
UNIDADE 01 FUNDO MUNICIPAL DA SAÚDE
SUBUNIDADE 15 COORDENAÇÃO ATENÇÃO ESPECIALIZADA
FUNÇÃO 10 SAÚDE
SUBFUNÇÃO 302 ASSISTÊNCIA HOSPITALAR E AMBULATORIAL
MEDIA E ALTA COMPLEXIDADE AMBULATORIAL E
PROGRAMA 1013
HOSPITALAR
ATIVIDADE/
2373 PROCEDIMENTO AMBULATORIAL - MAC
PROJETO
FONTE 05 TRANSFERÊNCIAS E CONVÊNIOS FEDERAIS
CÓD. APLICAÇÃO 302.011 FNS – (FAEC) PROG. MAIS ACESSO A ESPECIAL.
CATEGORIA OUTROS SERVIÇOS DE TERCEIROS - PESSOA
3.3.90.39.00 179.000,00
ECONÔMICA JURÍDICA
CATEGORIA
3.3.50.43.00 SUBVENÇÕES SOCIAIS 1.000,00
ECONÔMICA
TOTAL 180.000,00
TOTAL GERAL 180.000,00
Artigo 2º - Para cobertura das despesas com a execução desta Lei serão utilizados
recursos provenientes de EXCESSO DE ARRECADAÇÃO de repasses do governo Federal
consoante Portaria GM/MS Nº 8632/25.
______________________________________________________________________________________________
PRAÇA JUCA NOVAES, Nº 1.169, CENTRO, AVARÉ, SP, CEP 18.705-900, TEL.: (14) 3711-2507
SECRETARIADEGABINETE@AVARE.SP.GOV.BR

Estância Turística de Avaré – Estado de São Paulo
Instituído pela Lei nº 37, de 28 de março de 2001 e Decreto nº 5.057, de 03 de janeiro de 2018
Semanário Oficial assinado digitalmente conforme MP nº 2.200-2, de 2001, garantindo autenticidade, validade jurídica e integridade.
SEMANÁRIO
Oficial Eletrônico
avare.sp.gov.br
Quinta-feira, 14 de maio de 2026 Ano X | Edição nº 2733 Prefeito: Roberto Araujo
ESTÂNCIA TURÍSTICA DE AVARÉ
ESTADO DE SÃO PAULO
Continuação Lei n° 3.443, de 13 de maio de 2026.
Artigo 3º – Esta Lei entrará em vigor na data de sua publicação e terá vigência até 31 de
dezembro de 2026.
Prefeitura da Estância Turística de Avaré, 13 de maio de 2026.
ROBERTO DE ARAUJO
Prefeito
PRAÇA JUCA NOVAES, Nº 1.169, CENTRO, AVARÉ, SP, CEP 18.705-900, TEL.: (14) 3711-2507
SECRETARIADEGABINETE@AVARE.SP.GOV.BR

Estância Turística de Avaré – Estado de São Paulo
Instituído pela Lei nº 37, de 28 de março de 2001 e Decreto nº 5.057, de 03 de janeiro de 2018
Semanário Oficial assinado digitalmente conforme MP nº 2.200-2, de 2001, garantindo autenticidade, validade jurídica e integridade.
SEMANÁRIO
Oficial Eletrônico
avare.sp.gov.br
Quinta-feira, 14 de maio de 2026 Ano X | Edição nº 2733 Prefeito: Roberto Araujo
ESTÂNCIA TURÍSTICA DE AVARÉ
ESTADO DE SÃO PAULO
Lei nº 3.444, de 13 de maio de 2026.
(Dispõe sobre abertura de Crédito Adicional Especial que
especifica e dá providências).
Autoria: Prefeito Municipal (Projeto de Lei nº 114/2026).
ROBERTO DE ARAUJO, Prefeito da Estância Turística de Avaré, usando das
atribuições que lhe são conferidas por lei,
Faço saber que a Câmara Municipal da Estância Turística de Avaré aprovou e eu
sanciono e promulgo a seguinte Lei:
Artigo 1º- Nos termos do artigo 43 da Lei Federal nº 4.320 de 17 de Março de 1964
combinado com o artigo 167 § 2º da Constituição Federal, fica o Poder Executivo Municipal
autorizado a lançar no orçamento vigente, Lei Municipal nº 3.354 de 02/12/2025, através do
Departamento de Contabilidade e Orçamento da Municipalidade, um CRÉDITO
ADICIONAL ESPECIAL no valor de R$ 51.905,03 (cinquenta e um mil novecentos e
cinco reais e três centavos) para atendimento das despesas do Fundo Municipal da Saúde na
conformidade da funcional programática e modalidade de aplicação detalhada abaixo:
ÓRGÃO 07 SECRETARIA MUNICIPAL DA SAÚDE
UNIDADE 01 FUNDO MUNICIPAL DA SAÚDE
SUBUNIDADE 14 COORDENAÇÃO DA ATENÇÃO BÁSICA DA SAÚDE
FUNÇÃO 10 SAÚDE
SUBFUNÇÃO 301 ATENÇÃO BÁSICA
PROGRAMA 1012 ATENÇÃO BÁSICA
FORNECIMENTO DE LEITE E SUPLEMENTO
ATIVIDADE/PROJETO 2033
ALIMENTAR
TRANSFERÊNCIAS E CONVÊNIOS ESTADUAIS
FONTE 92
(EXERCÍCIOS ANTERIORES)
CÓD. APLICAÇÃO 803.011 EM.PARL. Nº 2025.065.69645 – RES. SS 99/25
CATEGORIA MATERIAL, BEM OU SERVIÇO PARA
3.3.90.32.00 51.905,03
ECONÔMICA DISTRIBUIÇÃO GRATUITA
TOTAL 51.905,03
Artigo 2º - Para cobertura das despesas com a execução desta Lei serão utilizados
recursos provenientes de ANULAÇÃO de repasses do governo Estadual consoante
EM.PARL. Nº 2025.065.69645 – RES. SS 99/25.
______________________________________________________________________________________________
PRAÇA JUCA NOVAES, Nº 1.169, CENTRO, AVARÉ, SP, CEP 18.705-900, TEL.: (14) 3711-2507
SECRETARIADEGABINETE@AVARE.SP.GOV.BR

Estância Turística de Avaré – Estado de São Paulo
Instituído pela Lei nº 37, de 28 de março de 2001 e Decreto nº 5.057, de 03 de janeiro de 2018
Semanário Oficial assinado digitalmente conforme MP nº 2.200-2, de 2001, garantindo autenticidade, validade jurídica e integridade.
SEMANÁRIO
Oficial Eletrônico
avare.sp.gov.br
Quinta-feira, 14 de maio de 2026 Ano X | Edição nº 2733 Prefeito: Roberto Araujo
ESTÂNCIA TURÍSTICA DE AVARÉ
ESTADO DE SÃO PAULO
Continuação Lei n° 3.444, de 13 de maio de 2026.
Artigo 3º – Esta Lei entrará em vigor na data de sua publicação e terá vigência até 31 de
dezembro de 2026.
Prefeitura da Estância Turística de Avaré, 13 de maio de 2026.
ROBERTO DE ARAUJO
Prefeito
PRAÇA JUCA NOVAES, Nº 1.169, CENTRO, AVARÉ, SP, CEP 18.705-900, TEL.: (14) 3711-2507
SECRETARIADEGABINETE@AVARE.SP.GOV.BR

Estância Turística de Avaré – Estado de São Paulo
Instituído pela Lei nº 37, de 28 de março de 2001 e Decreto nº 5.057, de 03 de janeiro de 2018
Semanário Oficial assinado digitalmente conforme MP nº 2.200-2, de 2001, garantindo autenticidade, validade jurídica e integridade.
SEMANÁRIO
Oficial Eletrônico
avare.sp.gov.br
Quinta-feira, 14 de maio de 2026 Ano X | Edição nº 2733 Prefeito: Roberto Araujo
ESTÂNCIA TURÍSTICA DE AVARÉ
ESTADO DE SÃO PAULO
Lei nº 3.445, de 13 de maio de 2026.
(Dispõe sobre abertura de Crédito Adicional Especial que
especifica e dá providências).
Autoria: Prefeito Municipal (Projeto de Lei nº 116/2026).
ROBERTO DE ARAUJO, Prefeito da Estância Turística de Avaré, usando das
atribuições que lhe são conferidas por lei,
Faço saber que a Câmara Municipal da Estância Turística de Avaré aprovou e eu
sanciono e promulgo a seguinte Lei:
Artigo 1º- Nos termos do artigo 43 da Lei Federal nº 4.320 de 17 de Março de 1964
combinado com o artigo 167 § 2º da Constituição Federal, fica o Poder Executivo Municipal
autorizado a lançar no orçamento vigente, Lei Municipal nº 3.354 de 02/12/2025, através do
Departamento de Contabilidade e Orçamento da Municipalidade, um CRÉDITO
ADICIONAL ESPECIAL no valor de R$ 150.253,66 (cento e cinquenta mil, duzentos e
cinquenta e três reais e sessenta e seis centavos), na conformidade da funcional programática
e modalidade de aplicação detalhada abaixo:
DESCRIÇÃO CODIGO DESCRIÇÃO VALOR - R$
ÓRGÃO 36 SECRETARIA MUN. DE SERVIÇOS
UNIDADE 02 DIVISÃO DE SERVIÇOS MUNICIPAIS
SUBUNIDADE 05 SETOR DE MANUTENÇÃO E LIMPEZA PÚBLICA
FUNÇÃO 26 TRANSPORTE
SUBFUNÇÃO 451 INFRAESTRUTURA URBANA
PROGRAMA 5003 INFRAESTRUTURA DE TRANSPORTE E SERV.COMPL.
ATIVIDADE 2173 CONSERVAÇÃO DE VIAS PUBLICAS
FONTE 02 TRANSF. E CONV. ESTADUAIS ESPECÍFICOS
CÓD. APLICAÇÃO 803.020 EMP.PARL.Nº 2026.014.81136- DEP.BETH SAHÃO
CAT.ECONÔMICA 4.4.90.52.00 EQUIPAMENTOS E MATERIAL PERMANENTE 150.253,66
TOTAL 150.253,66
Artigo 2º - Para cobertura das despesas com a execução desta Lei será utilizado recurso
proveniente de EXCESSO DE ARRECADAÇÃO consoante Emenda Parlamentar Individual
da Deputada Estadual Beth Sahão.
______________________________________________________________________________________________
PRAÇA JUCA NOVAES, Nº 1.169, CENTRO, AVARÉ, SP, CEP 18.705-900, TEL.: (14) 3711-2507
SECRETARIADEGABINETE@AVARE.SP.GOV.BR

Estância Turística de Avaré – Estado de São Paulo
Instituído pela Lei nº 37, de 28 de março de 2001 e Decreto nº 5.057, de 03 de janeiro de 2018
Semanário Oficial assinado digitalmente conforme MP nº 2.200-2, de 2001, garantindo autenticidade, validade jurídica e integridade.
SEMANÁRIO
Oficial Eletrônico
avare.sp.gov.br
Quinta-feira, 14 de maio de 2026 Ano X | Edição nº 2733 Prefeito: Roberto Araujo
ESTÂNCIA TURÍSTICA DE AVARÉ
ESTADO DE SÃO PAULO
Continuação Lei n° 3.445, de 13 de maio de 2026.
Artigo 3º – Esta Lei entrará em vigor na data de sua publicação e terá vigência até 31 de
dezembro de 2026.
Prefeitura da Estância Turística de Avaré, 13 de maio de 2026.
ROBERTO DE ARAUJO
Prefeito
PRAÇA JUCA NOVAES, Nº 1.169, CENTRO, AVARÉ, SP, CEP 18.705-900, TEL.: (14) 3711-2507
SECRETARIADEGABINETE@AVARE.SP.GOV.BR

Estância Turística de Avaré – Estado de São Paulo
Instituído pela Lei nº 37, de 28 de março de 2001 e Decreto nº 5.057, de 03 de janeiro de 2018
Semanário Oficial assinado digitalmente conforme MP nº 2.200-2, de 2001, garantindo autenticidade, validade jurídica e integridade.
SEMANÁRIO
Oficial Eletrônico
avare.sp.gov.br
Quinta-feira, 14 de maio de 2026 Ano X | Edição nº 2733 Prefeito: Roberto Araujo
ESTÂNCIA TURÍSTICA DE AVARÉ
ESTADO DE SÃO PAULO
Lei nº 3.446, de 13 de maio de 2026.
(Dispõe sobre abertura de Crédito Adicional
Especial que especifica e dá providências).
Autoria: Prefeito Municipal (Projeto de Lei nº 117/2026).
ROBERTO DE ARAUJO, Prefeito da Estância Turística de Avaré, usando das
atribuições que lhe são conferidas por lei,
Faço saber que a Câmara Municipal da Estância Turística de Avaré aprovou e eu
sanciono e promulgo a seguinte Lei:
Artigo 1º - Nos termos do artigo 43 da Lei Federal nº 4.320 de 17 de Março de 1964
combinado com o artigo 167 § 2º da Constituição Federal, fica o Poder Executivo Municipal
autorizado a lançar no orçamento vigente, Lei Municipal nº 3.354 de 02/12/2025, através do
Departamento de Contabilidade e Orçamento da Municipalidade, um CRÉDITO
ADICIONAL ESPECIAL no valor de R$ 681.800,00 (seiscentos e oitenta e um mil e
oitocentos reais), na conformidade da funcional programática e modalidade de aplicação
detalhada abaixo:
DESCRIÇÃO CODIGO DESCRIÇÃO VALOR - R$
ÓRGÃO 37 SECRETARIA MUN. DE PLANEJAMENTO E OBRAS
UNIDADE 02 COORD. DE EXECUÇÃO/FISCALIZAÇÃO DE OBRAS
SUBUNIDADE 01 DEPARTAMENTO DE ENGENHARIA
FUNÇÃO 15 URBANISMO
SUBFUNÇÃO 451 INFRAESTRUTURA URBANA
PROGRAMA 6004 DESENVOLVIMENTO DO TURISMO
ATIVIDADE 1155 CONSTR/AMPL/REFORMA OBRAS VINC.MIN.DO
TURISMO
FONTE 05 TRANSF. E CONV. FEDERAIS ESPECÍFICOS
CÓD. APLICAÇÃO 902.001 EMP. PARL .Nº 5007001- EMENDA DE COMISSÃO
CAT.ECONÔMICA 4.4.90.51.00 OBRAS E INSTALAÇÕES 681.800,00
TOTAL 681.800,00
Artigo 2º - Para cobertura das despesas com a execução desta Lei será utilizado recurso
proveniente de EXCESSO DE ARRECADAÇÃO consoante Emenda Parlamentar de
Comissão nº 50070001.
______________________________________________________________________________________________
PRAÇA JUCA NOVAES, Nº 1.169, CENTRO, AVARÉ, SP, CEP 18.705-900, TEL.: (14) 3711-2507
SECRETARIADEGABINETE@AVARE.SP.GOV.BR

Estância Turística de Avaré – Estado de São Paulo
Instituído pela Lei nº 37, de 28 de março de 2001 e Decreto nº 5.057, de 03 de janeiro de 2018
Semanário Oficial assinado digitalmente conforme MP nº 2.200-2, de 2001, garantindo autenticidade, validade jurídica e integridade.
SEMANÁRIO
Oficial Eletrônico
avare.sp.gov.br
Quinta-feira, 14 de maio de 2026 Ano X | Edição nº 2733 Prefeito: Roberto Araujo
ESTÂNCIA TURÍSTICA DE AVARÉ
ESTADO DE SÃO PAULO
Continuação Lei n° 3.446, de 13 de maio de 2026.
Artigo 3º – Esta Lei entrará em vigor na data de sua publicação e terá vigência até 31 de
dezembro de 2026.
Prefeitura da Estância Turística de Avaré, 13 de maio de 2026.
ROBERTO DE ARAUJO
Prefeito
PRAÇA JUCA NOVAES, Nº 1.169, CENTRO, AVARÉ, SP, CEP 18.705-900, TEL.: (14) 3711-2507
SECRETARIADEGABINETE@AVARE.SP.GOV.BR

Estância Turística de Avaré – Estado de São Paulo
Instituído pela Lei nº 37, de 28 de março de 2001 e Decreto nº 5.057, de 03 de janeiro de 2018
Semanário Oficial assinado digitalmente conforme MP nº 2.200-2, de 2001, garantindo autenticidade, validade jurídica e integridade.
SEMANÁRIO
Oficial Eletrônico
avare.sp.gov.br
Quinta-feira, 14 de maio de 2026 Ano X | Edição nº 2733 Prefeito: Roberto Araujo
Lei Complementar nº 401, de 13 de maio de 2026.
Dispõe sobre alteração do Anexo I
- Quadro de Pessoal Permanente –
Superior – Lei Complementar n°
126, de 02 de junho de 2010 e dá
outras providências.
Autoria: Prefeito Municipal (Projeto de Lei
Complementar nº 106/2026).
ROBERTO DE ARAUJO, Prefeito da Estância Turística
de Avaré, usando das atribuições que lhe são conferidas
por lei,
Faço saber que a Câmara Municipal da Estância
Turística de Avaré aprovou e eu sanciono e promulgo a
seguinte Lei:
Art. 1º – Fica criada 01 (uma) vaga para provimento
do cargo efetivo, abaixo relacionado, no Quadro de Pessoal
dos Servidores Públicos da Prefeitura da Estância Turística
de Avaré, acrescendo-a ao Anexo I – Quadro de Pessoal
Permanente - Superior, da Lei Complementar nº 126, de 02
de junho de 2010, e alterações, a saber:
Referência/
Denominação Nº cargo Carga horária Requisito
Padrão Salarial
Ensino Superior Completo com
Arquiteto 14-inicial 01 20 h/ semana formação na área Específica e
competente Registro no CREA.
Parágrafo único – Ficam mantidas as atribuições do
cargo mencionado no artigo 1º, as quais encontram-se
previstas nos anexos I, da Lei Complementar nº 188/2013 e
Lei Complementar nº 193/2014.
Art. 2º- Esta Lei entrará em vigor na data de sua
publicação.
Prefeitura da Estância Turística de Avaré, 13 de maio de
2026.
ROBERTO DE ARAUJO
Prefeito
...........................................................................................................

Estância Turística de Avaré – Estado de São Paulo
Instituído pela Lei nº 37, de 28 de março de 2001 e Decreto nº 5.057, de 03 de janeiro de 2018
Semanário Oficial assinado digitalmente conforme MP nº 2.200-2, de 2001, garantindo autenticidade, validade jurídica e integridade.
SEMANÁRIO
Oficial Eletrônico
avare.sp.gov.br
Quinta-feira, 14 de maio de 2026 Ano X | Edição nº 2733 Prefeito: Roberto Araujo
Decretos
Decretos
ESTÂNCIA TURÍSTICA DE AVARÉ
ESTADO DE SÃO PAULO
Decreto nº 8.746, de 14 de maio de 2026.
(Dispõe sobre abertura de Crédito Adicional Especial que
especifica e dá providências).
ROBERTO DE ARAUJO, Prefeito da Estância Turística de Avaré, usando das
atribuições que lhe são conferidas por lei,
DECRETA:
Artigo 1º- Nos termos do artigo 43 da Lei Federal nº 4.320 de 17 de Março de 1964
combinado com o artigo 167 § 2º da Constituição Federal, fica o Poder Executivo Municipal
autorizado a lançar no orçamento vigente, Lei Municipal nº 3.354 de 02/12/2025, através do
Departamento de Contabilidade e Orçamento da Municipalidade, um CRÉDITO
ADICIONAL ESPECIAL no valor de R$ 180.000,00 (cento e oitenta mil reais) para
atendimento das despesas do Fundo Municipal da Saúde na conformidade da funcional
programática e modalidade de aplicação detalhada abaixo:
ÓRGÃO 07 SECRETARIA MUNICIPAL DA SAÚDE
UNIDADE 01 FUNDO MUNICIPAL DA SAÚDE
SUBUNIDADE 15 COORDENAÇÃO ATENÇÃO ESPECIALIZADA
FUNÇÃO 10 SAÚDE
SUBFUNÇÃO 302 ASSISTÊNCIA HOSPITALAR E AMBULATORIAL
MEDIA E ALTA COMPLEXIDADE AMBULATORIAL E
PROGRAMA 1013
HOSPITALAR
ATIVIDADE/
2373 PROCEDIMENTO AMBULATORIAL - MAC
PROJETO
FONTE 05 TRANSFERÊNCIAS E CONVÊNIOS FEDERAIS
CÓD. APLICAÇÃO 302.011 FNS – (FAEC) PROG. MAIS ACESSO A ESPECIAL.
CATEGORIA OUTROS SERVIÇOS DE TERCEIROS - PESSOA
3.3.90.39.00 179.000,00
ECONÔMICA JURÍDICA
CATEGORIA
3.3.50.43.00 SUBVENÇÕES SOCIAIS 1.000,00
ECONÔMICA
TOTAL 180.000,00
TOTAL GERAL 180.000,00
Artigo 2º - Para cobertura das despesas com a execução deste decreto serão utilizados
recursos provenientes de EXCESSO DE ARRECADAÇÃO de repasses do governo Federal
consoante Portaria GM/MS Nº 8632/25.
______________________________________________________________________________________________
PRAÇA JUCA NOVAES, Nº 1.169, CENTRO, AVARÉ, SP, CEP 18.705-900, TEL.: (14) 3711-2507
SECRETARIADEGABINETE@AVARE.SP.GOV.BR

Estância Turística de Avaré – Estado de São Paulo
Instituído pela Lei nº 37, de 28 de março de 2001 e Decreto nº 5.057, de 03 de janeiro de 2018
Semanário Oficial assinado digitalmente conforme MP nº 2.200-2, de 2001, garantindo autenticidade, validade jurídica e integridade.
SEMANÁRIO
Oficial Eletrônico
avare.sp.gov.br
Quinta-feira, 14 de maio de 2026 Ano X | Edição nº 2733 Prefeito: Roberto Araujo
ESTÂNCIA TURÍSTICA DE AVARÉ
ESTADO DE SÃO PAULO
Continuação Decreto n° 8.746, de 14 de maio de 2026.
Artigo 3º – Este decreto entrará em vigor na data de sua publicação e terá vigência até
31 de dezembro de 2026.
Prefeitura da Estância Turística de Avaré, 14 de maio de 2026.
ROBERTO DE ARAUJO
Prefeito
PRAÇA JUCA NOVAES, Nº 1.169, CENTRO, AVARÉ, SP, CEP 18.705-900, TEL.: (14) 3711-2507
SECRETARIADEGABINETE@AVARE.SP.GOV.BR

Estância Turística de Avaré – Estado de São Paulo
Instituído pela Lei nº 37, de 28 de março de 2001 e Decreto nº 5.057, de 03 de janeiro de 2018
Semanário Oficial assinado digitalmente conforme MP nº 2.200-2, de 2001, garantindo autenticidade, validade jurídica e integridade.
SEMANÁRIO
Oficial Eletrônico
avare.sp.gov.br
Quinta-feira, 14 de maio de 2026 Ano X | Edição nº 2733 Prefeito: Roberto Araujo
ESTÂNCIA TURÍSTICA DE AVARÉ
ESTADO DE SÃO PAULO
Decreto nº 8.747, de 14 de maio de 2026.
(Dispõe sobre abertura de Crédito Adicional Especial que
especifica e dá providências).
ROBERTO DE ARAUJO, Prefeito da Estância Turística de Avaré, usando das
atribuições que lhe são conferidas por lei,
DECRETA:
Artigo 1º- Nos termos do artigo 43 da Lei Federal nº 4.320 de 17 de Março de 1964 combinado
com o artigo 167 § 2º da Constituição Federal, fica o Poder Executivo Municipal autorizado a lançar
no orçamento vigente, Lei Municipal nº 3.354 de 02/12/2025, através do Departamento de
Contabilidade e Orçamento da Municipalidade, um CRÉDITO ADICIONAL ESPECIAL no valor
de R$ 51.905,03 (cinquenta e um mil novecentos e cinco reais e três centavos) para atendimento das
despesas do Fundo Municipal da Saúde na conformidade da funcional programática e modalidade de
aplicação detalhada abaixo:
ÓRGÃO 07 SECRETARIA MUNICIPAL DA SAÚDE
UNIDADE 01 FUNDO MUNICIPAL DA SAÚDE
SUBUNIDADE 14 COORDENAÇÃO DA ATENÇÃO BÁSICA DA SAÚDE
FUNÇÃO 10 SAÚDE
SUBFUNÇÃO 301 ATENÇÃO BÁSICA
PROGRAMA 1012 ATENÇÃO BÁSICA
FORNECIMENTO DE LEITE E SUPLEMENTO
ATIVIDADE/PROJETO 2033
ALIMENTAR
TRANSFERÊNCIAS E CONVÊNIOS ESTADUAIS
FONTE 92
(EXERCÍCIOS ANTERIORES)
CÓD. APLICAÇÃO 803.011 EM.PARL. Nº 2025.065.69645 – RES. SS 99/25
CATEGORIA MATERIAL, BEM OU SERVIÇO PARA
3.3.90.32.00 51.905,03
ECONÔMICA DISTRIBUIÇÃO GRATUITA
TOTAL 51.905,03
Artigo 2º - Para cobertura das despesas com a execução deste decreto serão utilizados
recursos provenientes de ANULAÇÃO de repasses do governo Estadual consoante
EM.PARL. Nº 2025.065.69645 – RES. SS 99/25.
Artigo 3º – Este decreto entrará em vigor na data de sua publicação e terá vigência até
31 de dezembro de 2026.
Prefeitura da Estância Turística de Avaré, 14 de maio de 2026.
ROBERTO DE ARAUJO
Prefeito
______________________________________________________________________________________________
PRAÇA JUCA NOVAES, Nº 1.169, CENTRO, AVARÉ, SP, CEP 18.705-900, TEL.: (14) 3711-2507
SECRETARIADEGABINETE@AVARE.SP.GOV.BR

Estância Turística de Avaré – Estado de São Paulo
Instituído pela Lei nº 37, de 28 de março de 2001 e Decreto nº 5.057, de 03 de janeiro de 2018
Semanário Oficial assinado digitalmente conforme MP nº 2.200-2, de 2001, garantindo autenticidade, validade jurídica e integridade.
SEMANÁRIO
Oficial Eletrônico
avare.sp.gov.br
Quinta-feira, 14 de maio de 2026 Ano X | Edição nº 2733 Prefeito: Roberto Araujo
ESTÂNCIA TURÍSTICA DE AVARÉ
ESTADO DE SÃO PAULO
Decreto nº 8.748, de 14 de maio de 2026.
(Dispõe sobre abertura de Crédito Adicional Especial que
especifica e dá providências).
ROBERTO DE ARAUJO, Prefeito da Estância Turística de Avaré, usando das
atribuições que lhe são conferidas por lei,
DECRETA:
Artigo 1º- Nos termos do artigo 43 da Lei Federal nº 4.320 de 17 de Março de 1964
combinado com o artigo 167 § 2º da Constituição Federal, fica o Poder Executivo Municipal
autorizado a lançar no orçamento vigente, Lei Municipal nº 3.354 de 02/12/2025, através do
Departamento de Contabilidade e Orçamento da Municipalidade, um CRÉDITO
ADICIONAL ESPECIAL no valor de R$ 150.253,66 (cento e cinquenta mil, duzentos e
cinquenta e três reais e sessenta e seis centavos), na conformidade da funcional programática
e modalidade de aplicação detalhada abaixo:
DESCRIÇÃO CODIGO DESCRIÇÃO VALOR - R$
ÓRGÃO 36 SECRETARIA MUN. DE SERVIÇOS
UNIDADE 02 DIVISÃO DE SERVIÇOS MUNICIPAIS
SUBUNIDADE 05 SETOR DE MANUTENÇÃO E LIMPEZA PÚBLICA
FUNÇÃO 26 TRANSPORTE
SUBFUNÇÃO 451 INFRAESTRUTURA URBANA
PROGRAMA 5003 INFRAESTRUTURA DE TRANSPORTE E SERV.COMPL.
ATIVIDADE 2173 CONSERVAÇÃO DE VIAS PUBLICAS
FONTE 02 TRANSF. E CONV. ESTADUAIS ESPECÍFICOS
CÓD. APLICAÇÃO 803.020 EMP.PARL.Nº 2026.014.81136- DEP.BETH SAHÃO
CAT.ECONÔMICA 4.4.90.52.00 EQUIPAMENTOS E MATERIAL PERMANENTE 150.253,66
TOTAL 150.253,66
Artigo 2º - Para cobertura das despesas com a execução deste decreto será utilizado
recurso proveniente de EXCESSO DE ARRECADAÇÃO consoante Emenda Parlamentar
Individual da Deputada Estadual Beth Sahão.
______________________________________________________________________________________________
PRAÇA JUCA NOVAES, Nº 1.169, CENTRO, AVARÉ, SP, CEP 18.705-900, TEL.: (14) 3711-2507
SECRETARIADEGABINETE@AVARE.SP.GOV.BR

Estância Turística de Avaré – Estado de São Paulo
Instituído pela Lei nº 37, de 28 de março de 2001 e Decreto nº 5.057, de 03 de janeiro de 2018
Semanário Oficial assinado digitalmente conforme MP nº 2.200-2, de 2001, garantindo autenticidade, validade jurídica e integridade.
SEMANÁRIO
Oficial Eletrônico
avare.sp.gov.br
Quinta-feira, 14 de maio de 2026 Ano X | Edição nº 2733 Prefeito: Roberto Araujo
ESTÂNCIA TURÍSTICA DE AVARÉ
ESTADO DE SÃO PAULO
Continuação Decreto n° 8.748, de 14 de maio de 2026.
Artigo 3º – Este decreto entrará em vigor na data de sua publicação e terá vigência até
31 de dezembro de 2026.
Prefeitura da Estância Turística de Avaré, 14 de maio de 2026.
ROBERTO DE ARAUJO
Prefeito
PRAÇA JUCA NOVAES, Nº 1.169, CENTRO, AVARÉ, SP, CEP 18.705-900, TEL.: (14) 3711-2507
SECRETARIADEGABINETE@AVARE.SP.GOV.BR

Estância Turística de Avaré – Estado de São Paulo
Instituído pela Lei nº 37, de 28 de março de 2001 e Decreto nº 5.057, de 03 de janeiro de 2018
Semanário Oficial assinado digitalmente conforme MP nº 2.200-2, de 2001, garantindo autenticidade, validade jurídica e integridade.
SEMANÁRIO
Oficial Eletrônico
avare.sp.gov.br
Quinta-feira, 14 de maio de 2026 Ano X | Edição nº 2733 Prefeito: Roberto Araujo
ESTÂNCIA TURÍSTICA DE AVARÉ
ESTADO DE SÃO PAULO
Decreto nº 8.749, de 14 de maio de 2026.
(Dispõe sobre abertura de Crédito Adicional
Especial que especifica e dá providências).
ROBERTO DE ARAUJO, Prefeito da Estância Turística de Avaré, usando das
atribuições que lhe são conferidas por lei,
DECRETA:
Artigo 1º - Nos termos do artigo 43 da Lei Federal nº 4.320 de 17 de Março de 1964
combinado com o artigo 167 § 2º da Constituição Federal, fica o Poder Executivo Municipal
autorizado a lançar no orçamento vigente, Lei Municipal nº 3.354 de 02/12/2025, através do
Departamento de Contabilidade e Orçamento da Municipalidade, um CRÉDITO
ADICIONAL ESPECIAL no valor de R$ 681.800,00 (seiscentos e oitenta e um mil e
oitocentos reais), na conformidade da funcional programática e modalidade de aplicação
detalhada abaixo:
DESCRIÇÃO CODIGO DESCRIÇÃO VALOR - R$
ÓRGÃO 37 SECRETARIA MUN. DE PLANEJAMENTO E OBRAS
UNIDADE 02 COORD. DE EXECUÇÃO/FISCALIZAÇÃO DE OBRAS
SUBUNIDADE 01 DEPARTAMENTO DE ENGENHARIA
FUNÇÃO 15 URBANISMO
SUBFUNÇÃO 451 INFRAESTRUTURA URBANA
PROGRAMA 6004 DESENVOLVIMENTO DO TURISMO
ATIVIDADE 1155 CONSTR/AMPL/REFORMA OBRAS VINC.MIN.DO
TURISMO
FONTE 05 TRANSF. E CONV. FEDERAIS ESPECÍFICOS
CÓD. APLICAÇÃO 902.001 EMP. PARL .Nº 5007001- EMENDA DE COMISSÃO
CAT.ECONÔMICA 4.4.90.51.00 OBRAS E INSTALAÇÕES 681.800,00
TOTAL 681.800,00
Artigo 2º - Para cobertura das despesas com a execução deste decreto será utilizado
recurso proveniente de EXCESSO DE ARRECADAÇÃO consoante Emenda Parlamentar de
Comissão nº 50070001.
______________________________________________________________________________________________
PRAÇA JUCA NOVAES, Nº 1.169, CENTRO, AVARÉ, SP, CEP 18.705-900, TEL.: (14) 3711-2507
SECRETARIADEGABINETE@AVARE.SP.GOV.BR

Estância Turística de Avaré – Estado de São Paulo
Instituído pela Lei nº 37, de 28 de março de 2001 e Decreto nº 5.057, de 03 de janeiro de 2018
Semanário Oficial assinado digitalmente conforme MP nº 2.200-2, de 2001, garantindo autenticidade, validade jurídica e integridade.
SEMANÁRIO
Oficial Eletrônico
avare.sp.gov.br
Quinta-feira, 14 de maio de 2026 Ano X | Edição nº 2733 Prefeito: Roberto Araujo
ESTÂNCIA TURÍSTICA DE AVARÉ
ESTADO DE SÃO PAULO
Continuação Lei n° 8.749, de 14 de maio de 2026.
Artigo 3º – Este decreto entrará em vigor na data de sua publicação e terá vigência até
31 de dezembro de 2026.
Prefeitura da Estância Turística de Avaré, 14 de maio de 2026.
ROBERTO DE ARAUJO
Prefeito
PRAÇA JUCA NOVAES, Nº 1.169, CENTRO, AVARÉ, SP, CEP 18.705-900, TEL.: (14) 3711-2507
SECRETARIADEGABINETE@AVARE.SP.GOV.BR

Estância Turística de Avaré – Estado de São Paulo
Instituído pela Lei nº 37, de 28 de março de 2001 e Decreto nº 5.057, de 03 de janeiro de 2018
Semanário Oficial assinado digitalmente conforme MP nº 2.200-2, de 2001, garantindo autenticidade, validade jurídica e integridade.
SEMANÁRIO
Oficial Eletrônico
avare.sp.gov.br
Quinta-feira, 14 de maio de 2026 Ano X | Edição nº 2733 Prefeito: Roberto Araujo
Outros Atos
Outros Atos A Comissão Permanente de Readaptação
Funcional, reorganizada pelo Decreto nº 8.517, de 15 de
outubro de 2025, vem C O N V O C A R os servidores
abaixo relacionados a comparecerem na sede do D.E.S.S. –
Departamento de Saúde e Segurança do Servidor, sito a
Rua Pará, nº 673, Centro, para serem avaliados pela Equipe
Multidisciplinar a fim de instruir os Processos de
Readaptação Funcional, a saber:
PROC. SERVIDOR S SE OR CV IAIÇ LO ENFERMAGEM FISIOTERAPIA PSICOLOGIA MÉDICA S TREG AU BAR LA HN OÇA DOPSIQUIATRA
010/2026 M ZAA VR AC NIA E LR LE AG LIN OA PES - - 14/05/26 – 08:30 1 14 4/ :0 05 0/26 – 19/05/26 – 16:00 1 04 9/ :0 05 0/26 – -
011/2026 S AA RN MD AR NA D OCRISTINA - - 14/05/26 – 09:00 1 14 5/ :0 05 0/26 – 20/05/26 – 10:30 1 14 0/ :0 05 0/26 – -
...........................................................................................................
REUNIÃO DA COMISSÃO PERMANENTE DE
READAPTAÇÃO FUNCIONAL
De acordo com a Lei Municipal nº 2.145 de 10 de
outubro de 2017, ficam os membros da Comissão
Permanente de Readaptação Funcional, reorganizados
através de Decreto nº 8.517, de 15 de outubro de 2025,
CONVOCADOS a participarem da Reunião da Comissão
Permanente de Readaptação Funcional que será realizada
no dia 20/05/2026 às 14h00, nas dependências do
Departamento de Saúde e Segurança do Servidor –
D.E.S.S., Rua Pará, nº 673, Centro, Estância Turística de
Avaré, oportunidade em que serão discutidos Processos de
Readaptação Funcional.
A Comissão Permanente de Readaptação
Funcional
...........................................................................................................

Estância Turística de Avaré – Estado de São Paulo
Instituído pela Lei nº 37, de 28 de março de 2001 e Decreto nº 5.057, de 03 de janeiro de 2018
Semanário Oficial assinado digitalmente conforme MP nº 2.200-2, de 2001, garantindo autenticidade, validade jurídica e integridade.",https://www.dosp.com.br/exibe_do.php?i=ODE4MTk0,
DOA-035,2026-05-14,2733,Leis,3441 - dispõe sobre autorização para realizar alienação doação de imóvel para associação Residencial Terras Altas,Não identificada,"Imprensa Oficial - Modo leitura em tela
Abrir Versão do Diário Eletrônico
Abrir Versão do Diário para Impressão
Ir para a lista de edições
IMPRENSA OFICIAL - AVARÉ
Publicado em 14 de maio de 2026 | Edição nº 2733 | Ano X
Entidade: Poder Executivo | Seção: Atos Oficiais | Subseção: Leis
Lei nº 3.441, de 13 de maio de 2026.
Dispõe sobre a autorização ao Poder Executivo a realizar alienação por meio de doação de um imóvel para a associação Residencial Terras Altas, e dá outras providências.
Autoria: Prefeito Municipal (Projeto de Lei nº 25/2026).
ROBERTO DE ARAUJO
, Prefeito da Estância Turística de Avaré, usando das atribuições que lhe são conferidas por lei,
Faço saber que a Câmara Municipal da Estância Turística de Avaré aprovou e eu sanciono e promulgo a seguinte Lei:
Art. 1º
Fica desafetada, na integralidade, para fins de alteração de uso de bem público de uso comum para bem dominical, a área institucional de propriedade do Município da Estância Turística de Avaré, classificada como SISTEMA DE LAZER 4, DO LOTEAMENTO “RESIDENCIAL TERRAS ALTAS”, SITUADO EM AVARÉ-SP, COM A SEGUINTE DESCRIÇÃO: INICIA-SE NO PONTO DE DIVISA ENTRE O LOTE 1 DA QUADRA F COM A RUA 02 E O SISTEMA DE LAZER 4 E SEGUE 31,29 METROS CONFRONTANDO COM O LOTE 1 DA QUADRA F ATÉ ENCONTRAR A ÁREA REMANESCENTE 1; DEFLETE À ESQUERDA E SEGUE 41,16 METROS CONFRONTANDO COM A ÁREA REMANESCENTE 1; DEFLETE À ESQUERDA, E SEGUE 36,31 METROS NA CONFRONTAÇÃO COM A ÁREA REMANESCENTE 1, ATÉ ENCONTRAR COM O LOTE 09 DA QUADRA B; DEFLETE À ESQUERDA E SEGUE 34,07 METROS, CONFRONTANDO COM O LOTE 09 DA QUADRA B ATÉ CHEGAR NA RUA 02, FINALMENTE, DEFLETE NOVAMENTE À ESQUERDA E SEGUE 8,14 METROS EM CURVA, CONFRONTANDO COM A RUA 02, ATÉ O PONTO INICIAL, ENCERRANDO A ÁREA DE 1.459,44 METROS QUADRADOS, REGISTRADO SOB MATRÍCULA Nº 78.241, DO LIVRO Nº 2 DO REGISTRO GERAL DO CARTÓRIO DE REGISTRO DE IMÓVEIS E ANEXOS DA COMARCA DE AVARE.
§ 1º
A área desafetada será destinada a viabilização de alienação por meio de doação a Associação Residencial Terras Altas, pessoa jurídica de direito privado, inscrita, no CNPJ nº 23.831.117/0001-12, com sede na Rua Gilberto Filgueiras S/N, Bairro Colina da Boa Vista, CEP18.706-240, em Avaré-SP.
§ 2º
A desafetação de que trata esta Lei implica a transferência da destinação das áreas descritas de uso comum para o patrimônio disponível do Município, autorizando sua utilização conforme o interesse público justificado.
§3º
O Poder Executivo Municipal fica autorizado a adotar todas as providências administrativas, urbanísticas e registrais necessárias à implementação desta Lei.
Art. 2º
Fica o Poder Executivo Municipal autorizado a alienar por meio de doação, um imóvel a Associação Residencial Terras Altas, pessoa jurídica de direito privado, inscrita no CNPJ nº 23.831.117/0001-12, com sede na Rua Gilberto Filgueiras S/N, Bairro Colina da Boa Vista, CEP 18.706-240, em Avaré-SP, com as seguintes descrições: SISTEMA DE LAZER 4, DO LOTEAMENTO “RESIDENCIAL TERRAS ALTAS”, SITUADO EM AVARÉ-SP, COM A SEGUINTE DESCRIÇÃO: INICIA-SE NO PONTO DE DIVISA ENTRE O LOTE 1 DA QUADRA F COM A RUA 02 E O SISTEMA DE LAZER 4 E SEGUE 31,29 METROS CONFRONTANDO COM O LOTE 1 DA QUADRA F ATÉ ENCONTRAR A ÁREA REMANESCENTE 1; DEFLETE À ESQUERDA E SEGUE 41,16 METROS CONFRONTANDO COM A ÁREA REMANESCENTE 1; DEFLETE À ESQUERDA, E SEGUE 36,31 METROS NA CONFRONTAÇÃO COM A ÁREA REMANESCENTE 1, ATÉ ENCONTRAR COM O LOTE 09 DA QUADRA B; DEFLETE À ESQUERDA E SEGUE 34,07 METROS, CONFRONTANDO COM O LOTE 09 DA QUADRA B ATÉ CHEGAR NA RUA 02, FINALMENTE, DEFLETE NOVAMENTEÀ ESQUERDA E SEGUE 8,14 METROS EM CURVA, CONFRONTANDO COM A RUA 02, ATÉ O PONTO INICIAL, ENCERRANDO A ÁREA DE 1.459,44 METROS QUADRADOS, REGISTRADO SOB MATRÍCULA Nº 78.241, DO LIVRO Nº 2 DO REGISTRO GERAL DO CARTÓRIO DE REGISTRO DE IMÓVEIS E ANEXOS DA COMARCA DE AVARÉ.
§1º
O imóvel tem como finalidade e destinação a regularização de melhorias para áreas de recreação a serem utilizadas pelos moradores locais, em especial ao público infantil.
§ 2º
Nos termos do laudo de avaliação o imóvel possui o valor referencial no importe de R$ 372.692,21 (trezentos e setenta e dois mil e seiscentos e noventa e dois reais e vinte e um centavos).
Art. 3º
Para efeitos da alienação por meio de doação prevista nesta Lei, independe de procedimento licitatório nos termos da Lei Orgânica do Município, vez que, há evidente interesse público.
Art. 4º
Ocorrerá caducidade da alienação por meio de doação e reversão automática do
imóvel ao patrimônio do Município da Estância Turística de Avaré, caso a donatária não proceda com a execução, e/ou exercício dos direitos advindos, bem como a alteração da finalidade especificada no § 1º do Art. 2º desta Lei.
§ 1º
É vedado o gravame do imóvel com ônus real de garantia, salvo, quando tratar-se de garantia para financiamento vinculado à construção e/ou ampliação da edificação destinada nos termos do § 1º do Art. 1º desta Lei.
§ 2º
O imóvel doado será revertido sem ônus ao Município da Estância Turística de Avaré em caso de extinção da donatária.
§ 3º
É facultado ao Poder Público Municipal o direito de desistir da reversão do imóvel doado, desde que comprovada a inconveniência técnica e julgada onerosa ao erário a transação.
§ 4º
Em caso de reversão, não haverá ônus ao Município da Estância Turística de Avaré, nem mesmo recairá direito a indenização sobre as benfeitorias realizadas.
Art. 5º
As despesas com custas e emolumentos inerentes ao tramite registral, decorrentes desta Lei, correrão por conta da Associação Residencial Terras Altas.
Art. 6º
Esta entrará em vigor na data de sua publicação.
Prefeitura da Estância Turística de Avaré, 13 de maio de 2026.
ROBERTO DE ARAUJO
Prefeito
Este conteúdo não substitui o publicado na versão certificada.",https://www.dosp.com.br/exibe_do.php?i=ODE4MTk0,
DOA-036,2026-05-14,2733,Leis,3442 - inclui área matrícula 88.151 no perímetro urbano,Não identificada,"SEMANÁRIO
Oficial Eletrônico
avare.sp.gov.br
Quinta-feira, 14 de maio de 2026 Ano X | Edição nº 2733 Prefeito: Roberto Araujo
Art. 4º- A denúncia deverá ser apresentada junto à
PODER EXECUTIVO
Secretaria Municipal de Meio Ambiente, Secretaria
Poder Executivo
Municipal de Fiscalização de Posturas Municipais, ou ao
Atos Oficiais
órgão que vier a ser apontado pelo Município, por meio de
Atos Oficiais
Leis canal oficial disponibilizado, incluindo atendimento
presencial, telefone ou sistema eletrônico.
Leis Lei nº 3.440, de 13 de maio de 2026. Art. 5º- O denunciante que agir de má fé,
apresentando denúncia falsa, fraudulenta ou com objetivo
Dispõe sobre o Programa
de prejudicar terceiros, ficará sujeito:
Municipal de Incentivo à
I - à perda do direito à recompensa;
Denúncia de Infrações
II - à aplicação de multa correspondente a 50%
Ambientais Urbanas em
(cinquenta por cento) do valor previsto para a infração
Avaré/SP, estabelece
indevidamente denunciada;
recompensa ao denunciante,
III - à responsabilização civil e criminal cabível.
prevê punição à má fé e dá
Art. 6º- O Poder Executivo regulamentará a presente
outras providências.
Lei dispondo sobre:
I - os canais oficiais de denúncia;
Autoria: Ver. Pedro Victor Alarcão Alves Fusco
II - os procedimentos de apuração e comprovação das
(Projeto de Lei nº 12/2026).
infrações;
ROBERTO DE ARAUJO, Prefeito da Estância Turística
III - os mecanismos de sigilo e proteção da identidade
de Avaré, usando das atribuições que lhe são conferidas
do denunciante;
por lei,
IV - as formas de pagamento da recompensa.
Faço saber que a Câmara Municipal da Estância
Art. 7º- As despesas decorrentes da execução desta
Turística de Avaré aprovou e eu sanciono e promulgo a
Lei correrão por conta das dotações orçamentárias
seguinte Lei:
próprias, suplementadas se necessário.
Art. 1º - Fica o Poder Executivo autorizado a
Art. 8º- Esta Lei entra em vigor na data de sua
instituir no Município de Avaré/SP o Programa Municipal de
publicação.
Incentivo à Denúncia de Infrações Ambientais Urbanas,
Prefeitura da Estância Turística de Avaré, 13 de maio
destinado a incentivar a população a denunciar infrações
de 2026.
previstas na Lei Municipal nº 176/1.997, que disciplina
ROBERTO DE ARAUJO
entre outras matérias, o descarte irregular de lixo, entulhos
Prefeito
e resíduos de qualquer espécie, incluindo, de forma
...........................................................................................................
exemplificativa:
Lei nº 3.441, de 13 de maio de 2026.
I - descarte de lixo em vias e logradouros públicos;
II - descarte de entulho ou resíduos de construção;
Dispõe sobre a autorização ao
III - deposição de resíduos em áreas verdes ou de
Poder Executivo a realizar
preservação;
alienação por meio de doação de
IV - lançamento de resíduos em bueiros, galerias
um imóvel para a associação
pluviais ou cursos d’água;
Residencial Terras Altas, e dá
V - qualquer outra infração relacionada ao manejo
outras providências.
irregular de resíduos urbanos prevista na legislação
mencionada. Autoria: Prefeito Municipal (Projeto de Lei nº
Art. 2º- O denunciante que auxiliar na identificação do 25/2026).
infrator, mediante denúncia fundamentada com elementos ROBERTO DE ARAUJO, Prefeito da Estância Turística
mínimos de prova (fotografia, vídeo, identificação de de Avaré, usando das atribuições que lhe são conferidas
veículo, local e horário), fará jus ao recebimento de 30% por lei,
(trinta por cento) do valor da multa efetivamente Faço saber que a Câmara Municipal da Estância
arrecadada pelo Município. Turística de Avaré aprovou e eu sanciono e promulgo a
§ 1º O pagamento ao denunciante será realizado em seguinte Lei:
até 30 (trinta) dias após o efetivo recolhimento da multa Art. 1º Fica desafetada, na integralidade, para fins de
pelo infrator, não cabendo qualquer adiantamento ou alteração de uso de bem público de uso comum para bem
antecipação de valores. dominical, a área institucional de propriedade do Município
§ 2º O denunciante poderá optar pelo sigilo de sua da Estância Turística de Avaré, classificada como SISTEMA
identidade, garantida a confidencialidade dos dados DE LAZER 4, DO LOTEAMENTO “RESIDENCIAL TERRAS
pessoais nos termos da legislação vigente. ALTAS”, SITUADO EM AVARÉ-SP, COM A SEGUINTE
Art. 3º- O valor da multa seguirá as disposições da Lei DESCRIÇÃO: INICIA-SE NO PONTO DE DIVISA ENTRE O LOTE
Municipal nº 176/1.997, ou outra que vier a substitui-la. 1 DA QUADRA F COM A RUA 02 E O SISTEMA DE LAZER 4 E

Estância Turística de Avaré – Estado de São Paulo
Instituído pela Lei nº 37, de 28 de março de 2001 e Decreto nº 5.057, de 03 de janeiro de 2018
Semanário Oficial assinado digitalmente conforme MP nº 2.200-2, de 2001, garantindo autenticidade, validade jurídica e integridade.
SEMANÁRIO
Oficial Eletrônico
avare.sp.gov.br
Quinta-feira, 14 de maio de 2026 Ano X | Edição nº 2733 Prefeito: Roberto Araujo
SEGUE 31,29 METROS CONFRONTANDO COM O LOTE 1 DA serem utilizadas pelos moradores locais, em especial ao
QUADRA F ATÉ ENCONTRAR A ÁREA REMANESCENTE 1; público infantil.
DEFLETE À ESQUERDA E SEGUE 41,16 METROS § 2º Nos termos do laudo de avaliação o imóvel possui
CONFRONTANDO COM A ÁREA REMANESCENTE 1; DEFLETE o valor referencial no importe de R$ 372.692,21 (trezentos
À ESQUERDA, E SEGUE 36,31 METROS NA CONFRONTAÇÃO e setenta e dois mil e seiscentos e noventa e dois reais e
COM A ÁREA REMANESCENTE 1, ATÉ ENCONTRAR COM O vinte e um centavos).
LOTE 09 DA QUADRA B; DEFLETE À ESQUERDA E SEGUE Art. 3º Para efeitos da alienação por meio de doação
34,07 METROS, CONFRONTANDO COM O LOTE 09 DA prevista nesta Lei, independe de procedimento licitatório
QUADRA B ATÉ CHEGAR NA RUA 02, FINALMENTE, DEFLETE nos termos da Lei Orgânica do Município, vez que, há
NOVAMENTE À ESQUERDA E SEGUE 8,14 METROS EM evidente interesse público.
CURVA, CONFRONTANDO COM A RUA 02, ATÉ O PONTO Art. 4º Ocorrerá caducidade da alienação por meio de
INICIAL, ENCERRANDO A ÁREA DE 1.459,44 METROS doação e reversão automática do
QUADRADOS, REGISTRADO SOB MATRÍCULA Nº 78.241, DO imóvel ao patrimônio do Município da Estância
LIVRO Nº 2 DO REGISTRO GERAL DO CARTÓRIO DE Turística de Avaré, caso a donatária não proceda com a
REGISTRO DE IMÓVEIS E ANEXOS DA COMARCA DE AVARE. execução, e/ou exercício dos direitos advindos, bem como a
§ 1º A área desafetada será destinada a viabilização alteração da finalidade especificada no § 1º do Art. 2º desta
de alienação por meio de doação a Associação Residencial Lei.
Terras Altas, pessoa jurídica de direito privado, inscrita, no § 1º É vedado o gravame do imóvel com ônus real de
CNPJ nº 23.831.117/0001-12, com sede na Rua Gilberto garantia, salvo, quando tratar-se de garantia para
Filgueiras S/N, Bairro Colina da Boa Vista, CEP18.706-240, financiamento vinculado à construção e/ou ampliação da
em Avaré-SP. edificação destinada nos termos do § 1º do Art. 1º desta
§ 2º A desafetação de que trata esta Lei implica a Lei.
transferência da destinação das áreas descritas de uso § 2º O imóvel doado será revertido sem ônus ao
comum para o patrimônio disponível do Município, Município da Estância Turística de Avaré em caso de
autorizando sua utilização conforme o interesse público extinção da donatária.
justificado. § 3º É facultado ao Poder Público Municipal o direito de
§3º O Poder Executivo Municipal fica autorizado a desistir da reversão do imóvel doado, desde que
adotar todas as providências administrativas, urbanísticas e comprovada a inconveniência técnica e julgada onerosa ao
registrais necessárias à implementação desta Lei. erário a transação.
Art. 2º Fica o Poder Executivo Municipal autorizado a § 4º Em caso de reversão, não haverá ônus ao
alienar por meio de doação, um imóvel a Associação Município da Estância Turística de Avaré, nem mesmo
Residencial Terras Altas, pessoa jurídica de direito privado, recairá direito a indenização sobre as benfeitorias
inscrita no CNPJ nº 23.831.117/0001-12, com sede na Rua realizadas.
Gilberto Filgueiras S/N, Bairro Colina da Boa Vista, CEP Art. 5º As despesas com custas e emolumentos
18.706-240, em Avaré-SP, com as seguintes descrições: inerentes ao tramite registral, decorrentes desta Lei,
SISTEMA DE LAZER 4, DO LOTEAMENTO “RESIDENCIAL correrão por conta da Associação Residencial Terras Altas.
TERRAS ALTAS”, SITUADO EM AVARÉ-SP, COM A SEGUINTE Art. 6º Esta entrará em vigor na data de sua
DESCRIÇÃO: INICIA-SE NO PONTO DE DIVISA ENTRE O LOTE publicação.
1 DA QUADRA F COM A RUA 02 E O SISTEMA DE LAZER 4 E Prefeitura da Estância Turística de Avaré, 13 de maio
SEGUE 31,29 METROS CONFRONTANDO COM O LOTE 1 DA de 2026.
QUADRA F ATÉ ENCONTRAR A ÁREA REMANESCENTE 1; ROBERTO DE ARAUJO
DEFLETE À ESQUERDA E SEGUE 41,16 METROS Prefeito
CONFRONTANDO COM A ÁREA REMANESCENTE 1; DEFLETE ...........................................................................................................
À ESQUERDA, E SEGUE 36,31 METROS NA CONFRONTAÇÃO
COM A ÁREA REMANESCENTE 1, ATÉ ENCONTRAR COM O
LOTE 09 DA QUADRA B; DEFLETE À ESQUERDA E SEGUE
34,07 METROS, CONFRONTANDO COM O LOTE 09 DA
QUADRA B ATÉ CHEGAR NA RUA 02, FINALMENTE, DEFLETE
NOVAMENTEÀ ESQUERDA E SEGUE 8,14 METROS EM
CURVA, CONFRONTANDO COM A RUA 02, ATÉ O PONTO
INICIAL, ENCERRANDO A ÁREA DE 1.459,44 METROS
QUADRADOS, REGISTRADO SOB MATRÍCULA Nº 78.241, DO
LIVRO Nº 2 DO REGISTRO GERAL DO CARTÓRIO DE
REGISTRO DE IMÓVEIS E ANEXOS DA COMARCA DE AVARÉ.
§1º O imóvel tem como finalidade e destinação a
regularização de melhorias para áreas de recreação a

Estância Turística de Avaré – Estado de São Paulo
Instituído pela Lei nº 37, de 28 de março de 2001 e Decreto nº 5.057, de 03 de janeiro de 2018
Semanário Oficial assinado digitalmente conforme MP nº 2.200-2, de 2001, garantindo autenticidade, validade jurídica e integridade.
SEMANÁRIO
Oficial Eletrônico
avare.sp.gov.br
Quinta-feira, 14 de maio de 2026 Ano X | Edição nº 2733 Prefeito: Roberto Araujo
ESTÂNCIA TURÍSTICA DE AVARÉ
ESTADO DE SÃO PAULO
Lei nº 3.442, de 13 de maio de 2026.
(Inclui a área objeto da matrícula nº 88.151 do Cartório de Registro
de Imóveis de Avaré no perímetro urbano do Município de Avaré e,
dá outras providências)
Autoria: Prefeito Municipal (Projeto de Lei nº 107/2026).
ROBERTO DE ARAUJO, Prefeito da Estância Turística de Avaré, usando das
atribuições que lhe são conferidas por lei,
Faço saber que a Câmara Municipal da Estância Turística de Avaré aprovou e eu
sanciono e promulgo a seguinte Lei:
Art. 1º - Fica Incluída no Perímetro Urbano de Avaré, a área de terra abaixo descrita,
objeto da Matrícula nº 88.151:
ÁREA DE TERRAS, contendo 2,0 hectares, perímetro 600,00 metros, denominada FAZENDA SANTA
TEREZA – GLEBA DESMEMBRADA, situada no município de Avaré-SP, com as seguintes medidas e
confrontações:
VÉRTICE SEGMENTO VANTE
código longitude latitude Altitude(m código azimute Dist. (m)
)
FGWM-M- - -23º08’33,373” 779,88 FGWM- 132º18’ 200,0
0012 48º58’33,661” M0013
FGWM-M- - -23º06’37,748” 777,92 FGWM- 222º18’ 100,0
0013 48º58’28,463” M-0014
FGWM-M- - -23º08’40,152” 778,35 CWAE- 312º17’ 200,0
0014 48º58’30,828” P3663
CONFRONTAÇÕES: Até aqui confrontando com a Gleba Remanescente da Fazenda Santa
Tereza (matrícula 84.392); deste ponto segue confrontando com a Rodovia Dr. Diamantino
Monteiro da Gama (SP-3/245), pelos seguintes trechos:
VÉRTICE SEGMENTO VANTE
código longitude latitude Altitude(m código azimute Dist. (m)
)
CWAE-P- - -23º06’35,777” 778,6 CWAE-P- 42º46’ 1,34
3663 48º58’36,025” 3664
CWAE-P- - -23º06’35,745” 778,77 FGWM- 42º17’ 98,66
3664 48º58’35,994” M-0012
Certificação da Poligonal pelo INCRA: 5c912114-e158-42be-9676-50198a8b7732
CADASTRO: 629.049.000.876-4 CCIR nº 45918150221, com os seguintes dados: módulo rural: 40,0629 ha; nº
______________________________________________________________________________________________
PRAÇA JUCA NOVAES, Nº 1.169, CENTRO, AVARÉ, SP, CEP 18.705-900, TEL.: (14) 3711-2507
SECRETARIADEGABINETE@AVARE.SP.GOV.BR

Estância Turística de Avaré – Estado de São Paulo
Instituído pela Lei nº 37, de 28 de março de 2001 e Decreto nº 5.057, de 03 de janeiro de 2018
Semanário Oficial assinado digitalmente conforme MP nº 2.200-2, de 2001, garantindo autenticidade, validade jurídica e integridade.
SEMANÁRIO
Oficial Eletrônico
avare.sp.gov.br
Quinta-feira, 14 de maio de 2026 Ano X | Edição nº 2733 Prefeito: Roberto Araujo
ESTÂNCIA TURÍSTICA DE AVARÉ
ESTADO DE SÃO PAULO
Continuação Lei n° 3.442, de 13 de maio de 2026.
módulos rurais: 3,71; módulo fiscal: 30 ha; nº de módulos fiscais: 5,0211; fração mínima de parcelamento: 2 há e
inscrito no NIRF: 0.235.295-8.
Art. 2º - A área descrita no artigo anterior foi objeto de parecer favorável por parte do
Conselho Municipal do Plano Diretor, através da Resolução CMPD nº 04/2025, devidamente
publicada no Semanário Oficial Eletrônico do Município, Edição nº 2705, de 08/04/2026,
página 01.
Art. 3º - Esta Lei entra em vigor da data de sua publicação, revogando-se as disposições
em contrário.
Prefeitura da Estância Turística de Avaré, 13 de maio de 2026.
ROBERTO DE ARAUJO
Prefeito
PRAÇA JUCA NOVAES, Nº 1.169, CENTRO, AVARÉ, SP, CEP 18.705-900, TEL.: (14) 3711-2507
SECRETARIADEGABINETE@AVARE.SP.GOV.BR

Estância Turística de Avaré – Estado de São Paulo
Instituído pela Lei nº 37, de 28 de março de 2001 e Decreto nº 5.057, de 03 de janeiro de 2018
Semanário Oficial assinado digitalmente conforme MP nº 2.200-2, de 2001, garantindo autenticidade, validade jurídica e integridade.
SEMANÁRIO
Oficial Eletrônico
avare.sp.gov.br
Quinta-feira, 14 de maio de 2026 Ano X | Edição nº 2733 Prefeito: Roberto Araujo
ESTÂNCIA TURÍSTICA DE AVARÉ
ESTADO DE SÃO PAULO
Lei nº 3.443, de 13 de maio de 2026.
(Dispõe sobre abertura de Crédito Adicional Especial que
especifica e dá providências).
Autoria: Prefeito Municipal (Projeto de Lei nº 113/2026).
ROBERTO DE ARAUJO, Prefeito da Estância Turística de Avaré, usando das
atribuições que lhe são conferidas por lei,
Faço saber que a Câmara Municipal da Estância Turística de Avaré aprovou e eu
sanciono e promulgo a seguinte Lei:
Artigo 1º- Nos termos do artigo 43 da Lei Federal nº 4.320 de 17 de Março de 1964
combinado com o artigo 167 § 2º da Constituição Federal, fica o Poder Executivo Municipal
autorizado a lançar no orçamento vigente, Lei Municipal nº 3.354 de 02/12/2025, através do
Departamento de Contabilidade e Orçamento da Municipalidade, um CRÉDITO
ADICIONAL ESPECIAL no valor de R$ 180.000,00 (cento e oitenta mil reais) para
atendimento das despesas do Fundo Municipal da Saúde na conformidade da funcional
programática e modalidade de aplicação detalhada abaixo:
ÓRGÃO 07 SECRETARIA MUNICIPAL DA SAÚDE
UNIDADE 01 FUNDO MUNICIPAL DA SAÚDE
SUBUNIDADE 15 COORDENAÇÃO ATENÇÃO ESPECIALIZADA
FUNÇÃO 10 SAÚDE
SUBFUNÇÃO 302 ASSISTÊNCIA HOSPITALAR E AMBULATORIAL
MEDIA E ALTA COMPLEXIDADE AMBULATORIAL E
PROGRAMA 1013
HOSPITALAR
ATIVIDADE/
2373 PROCEDIMENTO AMBULATORIAL - MAC
PROJETO
FONTE 05 TRANSFERÊNCIAS E CONVÊNIOS FEDERAIS
CÓD. APLICAÇÃO 302.011 FNS – (FAEC) PROG. MAIS ACESSO A ESPECIAL.
CATEGORIA OUTROS SERVIÇOS DE TERCEIROS - PESSOA
3.3.90.39.00 179.000,00
ECONÔMICA JURÍDICA
CATEGORIA
3.3.50.43.00 SUBVENÇÕES SOCIAIS 1.000,00
ECONÔMICA
TOTAL 180.000,00
TOTAL GERAL 180.000,00
Artigo 2º - Para cobertura das despesas com a execução desta Lei serão utilizados
recursos provenientes de EXCESSO DE ARRECADAÇÃO de repasses do governo Federal
consoante Portaria GM/MS Nº 8632/25.
______________________________________________________________________________________________
PRAÇA JUCA NOVAES, Nº 1.169, CENTRO, AVARÉ, SP, CEP 18.705-900, TEL.: (14) 3711-2507
SECRETARIADEGABINETE@AVARE.SP.GOV.BR

Estância Turística de Avaré – Estado de São Paulo
Instituído pela Lei nº 37, de 28 de março de 2001 e Decreto nº 5.057, de 03 de janeiro de 2018
Semanário Oficial assinado digitalmente conforme MP nº 2.200-2, de 2001, garantindo autenticidade, validade jurídica e integridade.
SEMANÁRIO
Oficial Eletrônico
avare.sp.gov.br
Quinta-feira, 14 de maio de 2026 Ano X | Edição nº 2733 Prefeito: Roberto Araujo
ESTÂNCIA TURÍSTICA DE AVARÉ
ESTADO DE SÃO PAULO
Continuação Lei n° 3.443, de 13 de maio de 2026.
Artigo 3º – Esta Lei entrará em vigor na data de sua publicação e terá vigência até 31 de
dezembro de 2026.
Prefeitura da Estância Turística de Avaré, 13 de maio de 2026.
ROBERTO DE ARAUJO
Prefeito
PRAÇA JUCA NOVAES, Nº 1.169, CENTRO, AVARÉ, SP, CEP 18.705-900, TEL.: (14) 3711-2507
SECRETARIADEGABINETE@AVARE.SP.GOV.BR

Estância Turística de Avaré – Estado de São Paulo
Instituído pela Lei nº 37, de 28 de março de 2001 e Decreto nº 5.057, de 03 de janeiro de 2018
Semanário Oficial assinado digitalmente conforme MP nº 2.200-2, de 2001, garantindo autenticidade, validade jurídica e integridade.
SEMANÁRIO
Oficial Eletrônico
avare.sp.gov.br
Quinta-feira, 14 de maio de 2026 Ano X | Edição nº 2733 Prefeito: Roberto Araujo
ESTÂNCIA TURÍSTICA DE AVARÉ
ESTADO DE SÃO PAULO
Lei nº 3.444, de 13 de maio de 2026.
(Dispõe sobre abertura de Crédito Adicional Especial que
especifica e dá providências).
Autoria: Prefeito Municipal (Projeto de Lei nº 114/2026).
ROBERTO DE ARAUJO, Prefeito da Estância Turística de Avaré, usando das
atribuições que lhe são conferidas por lei,
Faço saber que a Câmara Municipal da Estância Turística de Avaré aprovou e eu
sanciono e promulgo a seguinte Lei:
Artigo 1º- Nos termos do artigo 43 da Lei Federal nº 4.320 de 17 de Março de 1964
combinado com o artigo 167 § 2º da Constituição Federal, fica o Poder Executivo Municipal
autorizado a lançar no orçamento vigente, Lei Municipal nº 3.354 de 02/12/2025, através do
Departamento de Contabilidade e Orçamento da Municipalidade, um CRÉDITO
ADICIONAL ESPECIAL no valor de R$ 51.905,03 (cinquenta e um mil novecentos e
cinco reais e três centavos) para atendimento das despesas do Fundo Municipal da Saúde na
conformidade da funcional programática e modalidade de aplicação detalhada abaixo:
ÓRGÃO 07 SECRETARIA MUNICIPAL DA SAÚDE
UNIDADE 01 FUNDO MUNICIPAL DA SAÚDE
SUBUNIDADE 14 COORDENAÇÃO DA ATENÇÃO BÁSICA DA SAÚDE
FUNÇÃO 10 SAÚDE
SUBFUNÇÃO 301 ATENÇÃO BÁSICA
PROGRAMA 1012 ATENÇÃO BÁSICA
FORNECIMENTO DE LEITE E SUPLEMENTO
ATIVIDADE/PROJETO 2033
ALIMENTAR
TRANSFERÊNCIAS E CONVÊNIOS ESTADUAIS
FONTE 92
(EXERCÍCIOS ANTERIORES)
CÓD. APLICAÇÃO 803.011 EM.PARL. Nº 2025.065.69645 – RES. SS 99/25
CATEGORIA MATERIAL, BEM OU SERVIÇO PARA
3.3.90.32.00 51.905,03
ECONÔMICA DISTRIBUIÇÃO GRATUITA
TOTAL 51.905,03
Artigo 2º - Para cobertura das despesas com a execução desta Lei serão utilizados
recursos provenientes de ANULAÇÃO de repasses do governo Estadual consoante
EM.PARL. Nº 2025.065.69645 – RES. SS 99/25.
______________________________________________________________________________________________
PRAÇA JUCA NOVAES, Nº 1.169, CENTRO, AVARÉ, SP, CEP 18.705-900, TEL.: (14) 3711-2507
SECRETARIADEGABINETE@AVARE.SP.GOV.BR

Estância Turística de Avaré – Estado de São Paulo
Instituído pela Lei nº 37, de 28 de março de 2001 e Decreto nº 5.057, de 03 de janeiro de 2018
Semanário Oficial assinado digitalmente conforme MP nº 2.200-2, de 2001, garantindo autenticidade, validade jurídica e integridade.
SEMANÁRIO
Oficial Eletrônico
avare.sp.gov.br
Quinta-feira, 14 de maio de 2026 Ano X | Edição nº 2733 Prefeito: Roberto Araujo
ESTÂNCIA TURÍSTICA DE AVARÉ
ESTADO DE SÃO PAULO
Continuação Lei n° 3.444, de 13 de maio de 2026.
Artigo 3º – Esta Lei entrará em vigor na data de sua publicação e terá vigência até 31 de
dezembro de 2026.
Prefeitura da Estância Turística de Avaré, 13 de maio de 2026.
ROBERTO DE ARAUJO
Prefeito
PRAÇA JUCA NOVAES, Nº 1.169, CENTRO, AVARÉ, SP, CEP 18.705-900, TEL.: (14) 3711-2507
SECRETARIADEGABINETE@AVARE.SP.GOV.BR

Estância Turística de Avaré – Estado de São Paulo
Instituído pela Lei nº 37, de 28 de março de 2001 e Decreto nº 5.057, de 03 de janeiro de 2018
Semanário Oficial assinado digitalmente conforme MP nº 2.200-2, de 2001, garantindo autenticidade, validade jurídica e integridade.
SEMANÁRIO
Oficial Eletrônico
avare.sp.gov.br
Quinta-feira, 14 de maio de 2026 Ano X | Edição nº 2733 Prefeito: Roberto Araujo
ESTÂNCIA TURÍSTICA DE AVARÉ
ESTADO DE SÃO PAULO
Lei nº 3.445, de 13 de maio de 2026.
(Dispõe sobre abertura de Crédito Adicional Especial que
especifica e dá providências).
Autoria: Prefeito Municipal (Projeto de Lei nº 116/2026).
ROBERTO DE ARAUJO, Prefeito da Estância Turística de Avaré, usando das
atribuições que lhe são conferidas por lei,
Faço saber que a Câmara Municipal da Estância Turística de Avaré aprovou e eu
sanciono e promulgo a seguinte Lei:
Artigo 1º- Nos termos do artigo 43 da Lei Federal nº 4.320 de 17 de Março de 1964
combinado com o artigo 167 § 2º da Constituição Federal, fica o Poder Executivo Municipal
autorizado a lançar no orçamento vigente, Lei Municipal nº 3.354 de 02/12/2025, através do
Departamento de Contabilidade e Orçamento da Municipalidade, um CRÉDITO
ADICIONAL ESPECIAL no valor de R$ 150.253,66 (cento e cinquenta mil, duzentos e
cinquenta e três reais e sessenta e seis centavos), na conformidade da funcional programática
e modalidade de aplicação detalhada abaixo:
DESCRIÇÃO CODIGO DESCRIÇÃO VALOR - R$
ÓRGÃO 36 SECRETARIA MUN. DE SERVIÇOS
UNIDADE 02 DIVISÃO DE SERVIÇOS MUNICIPAIS
SUBUNIDADE 05 SETOR DE MANUTENÇÃO E LIMPEZA PÚBLICA
FUNÇÃO 26 TRANSPORTE
SUBFUNÇÃO 451 INFRAESTRUTURA URBANA
PROGRAMA 5003 INFRAESTRUTURA DE TRANSPORTE E SERV.COMPL.
ATIVIDADE 2173 CONSERVAÇÃO DE VIAS PUBLICAS
FONTE 02 TRANSF. E CONV. ESTADUAIS ESPECÍFICOS
CÓD. APLICAÇÃO 803.020 EMP.PARL.Nº 2026.014.81136- DEP.BETH SAHÃO
CAT.ECONÔMICA 4.4.90.52.00 EQUIPAMENTOS E MATERIAL PERMANENTE 150.253,66
TOTAL 150.253,66
Artigo 2º - Para cobertura das despesas com a execução desta Lei será utilizado recurso
proveniente de EXCESSO DE ARRECADAÇÃO consoante Emenda Parlamentar Individual
da Deputada Estadual Beth Sahão.
______________________________________________________________________________________________
PRAÇA JUCA NOVAES, Nº 1.169, CENTRO, AVARÉ, SP, CEP 18.705-900, TEL.: (14) 3711-2507
SECRETARIADEGABINETE@AVARE.SP.GOV.BR

Estância Turística de Avaré – Estado de São Paulo
Instituído pela Lei nº 37, de 28 de março de 2001 e Decreto nº 5.057, de 03 de janeiro de 2018
Semanário Oficial assinado digitalmente conforme MP nº 2.200-2, de 2001, garantindo autenticidade, validade jurídica e integridade.
SEMANÁRIO
Oficial Eletrônico
avare.sp.gov.br
Quinta-feira, 14 de maio de 2026 Ano X | Edição nº 2733 Prefeito: Roberto Araujo
ESTÂNCIA TURÍSTICA DE AVARÉ
ESTADO DE SÃO PAULO
Continuação Lei n° 3.445, de 13 de maio de 2026.
Artigo 3º – Esta Lei entrará em vigor na data de sua publicação e terá vigência até 31 de
dezembro de 2026.
Prefeitura da Estância Turística de Avaré, 13 de maio de 2026.
ROBERTO DE ARAUJO
Prefeito
PRAÇA JUCA NOVAES, Nº 1.169, CENTRO, AVARÉ, SP, CEP 18.705-900, TEL.: (14) 3711-2507
SECRETARIADEGABINETE@AVARE.SP.GOV.BR

Estância Turística de Avaré – Estado de São Paulo
Instituído pela Lei nº 37, de 28 de março de 2001 e Decreto nº 5.057, de 03 de janeiro de 2018
Semanário Oficial assinado digitalmente conforme MP nº 2.200-2, de 2001, garantindo autenticidade, validade jurídica e integridade.
SEMANÁRIO
Oficial Eletrônico
avare.sp.gov.br
Quinta-feira, 14 de maio de 2026 Ano X | Edição nº 2733 Prefeito: Roberto Araujo
ESTÂNCIA TURÍSTICA DE AVARÉ
ESTADO DE SÃO PAULO
Lei nº 3.446, de 13 de maio de 2026.
(Dispõe sobre abertura de Crédito Adicional
Especial que especifica e dá providências).
Autoria: Prefeito Municipal (Projeto de Lei nº 117/2026).
ROBERTO DE ARAUJO, Prefeito da Estância Turística de Avaré, usando das
atribuições que lhe são conferidas por lei,
Faço saber que a Câmara Municipal da Estância Turística de Avaré aprovou e eu
sanciono e promulgo a seguinte Lei:
Artigo 1º - Nos termos do artigo 43 da Lei Federal nº 4.320 de 17 de Março de 1964
combinado com o artigo 167 § 2º da Constituição Federal, fica o Poder Executivo Municipal
autorizado a lançar no orçamento vigente, Lei Municipal nº 3.354 de 02/12/2025, através do
Departamento de Contabilidade e Orçamento da Municipalidade, um CRÉDITO
ADICIONAL ESPECIAL no valor de R$ 681.800,00 (seiscentos e oitenta e um mil e
oitocentos reais), na conformidade da funcional programática e modalidade de aplicação
detalhada abaixo:
DESCRIÇÃO CODIGO DESCRIÇÃO VALOR - R$
ÓRGÃO 37 SECRETARIA MUN. DE PLANEJAMENTO E OBRAS
UNIDADE 02 COORD. DE EXECUÇÃO/FISCALIZAÇÃO DE OBRAS
SUBUNIDADE 01 DEPARTAMENTO DE ENGENHARIA
FUNÇÃO 15 URBANISMO
SUBFUNÇÃO 451 INFRAESTRUTURA URBANA
PROGRAMA 6004 DESENVOLVIMENTO DO TURISMO
ATIVIDADE 1155 CONSTR/AMPL/REFORMA OBRAS VINC.MIN.DO
TURISMO
FONTE 05 TRANSF. E CONV. FEDERAIS ESPECÍFICOS
CÓD. APLICAÇÃO 902.001 EMP. PARL .Nº 5007001- EMENDA DE COMISSÃO
CAT.ECONÔMICA 4.4.90.51.00 OBRAS E INSTALAÇÕES 681.800,00
TOTAL 681.800,00
Artigo 2º - Para cobertura das despesas com a execução desta Lei será utilizado recurso
proveniente de EXCESSO DE ARRECADAÇÃO consoante Emenda Parlamentar de
Comissão nº 50070001.
______________________________________________________________________________________________
PRAÇA JUCA NOVAES, Nº 1.169, CENTRO, AVARÉ, SP, CEP 18.705-900, TEL.: (14) 3711-2507
SECRETARIADEGABINETE@AVARE.SP.GOV.BR

Estância Turística de Avaré – Estado de São Paulo
Instituído pela Lei nº 37, de 28 de março de 2001 e Decreto nº 5.057, de 03 de janeiro de 2018
Semanário Oficial assinado digitalmente conforme MP nº 2.200-2, de 2001, garantindo autenticidade, validade jurídica e integridade.
SEMANÁRIO
Oficial Eletrônico
avare.sp.gov.br
Quinta-feira, 14 de maio de 2026 Ano X | Edição nº 2733 Prefeito: Roberto Araujo
ESTÂNCIA TURÍSTICA DE AVARÉ
ESTADO DE SÃO PAULO
Continuação Lei n° 3.446, de 13 de maio de 2026.
Artigo 3º – Esta Lei entrará em vigor na data de sua publicação e terá vigência até 31 de
dezembro de 2026.
Prefeitura da Estância Turística de Avaré, 13 de maio de 2026.
ROBERTO DE ARAUJO
Prefeito
PRAÇA JUCA NOVAES, Nº 1.169, CENTRO, AVARÉ, SP, CEP 18.705-900, TEL.: (14) 3711-2507
SECRETARIADEGABINETE@AVARE.SP.GOV.BR

Estância Turística de Avaré – Estado de São Paulo
Instituído pela Lei nº 37, de 28 de março de 2001 e Decreto nº 5.057, de 03 de janeiro de 2018
Semanário Oficial assinado digitalmente conforme MP nº 2.200-2, de 2001, garantindo autenticidade, validade jurídica e integridade.
SEMANÁRIO
Oficial Eletrônico
avare.sp.gov.br
Quinta-feira, 14 de maio de 2026 Ano X | Edição nº 2733 Prefeito: Roberto Araujo
Lei Complementar nº 401, de 13 de maio de 2026.
Dispõe sobre alteração do Anexo I
- Quadro de Pessoal Permanente –
Superior – Lei Complementar n°
126, de 02 de junho de 2010 e dá
outras providências.
Autoria: Prefeito Municipal (Projeto de Lei
Complementar nº 106/2026).
ROBERTO DE ARAUJO, Prefeito da Estância Turística
de Avaré, usando das atribuições que lhe são conferidas
por lei,
Faço saber que a Câmara Municipal da Estância
Turística de Avaré aprovou e eu sanciono e promulgo a
seguinte Lei:
Art. 1º – Fica criada 01 (uma) vaga para provimento
do cargo efetivo, abaixo relacionado, no Quadro de Pessoal
dos Servidores Públicos da Prefeitura da Estância Turística
de Avaré, acrescendo-a ao Anexo I – Quadro de Pessoal
Permanente - Superior, da Lei Complementar nº 126, de 02
de junho de 2010, e alterações, a saber:
Referência/
Denominação Nº cargo Carga horária Requisito
Padrão Salarial
Ensino Superior Completo com
Arquiteto 14-inicial 01 20 h/ semana formação na área Específica e
competente Registro no CREA.
Parágrafo único – Ficam mantidas as atribuições do
cargo mencionado no artigo 1º, as quais encontram-se
previstas nos anexos I, da Lei Complementar nº 188/2013 e
Lei Complementar nº 193/2014.
Art. 2º- Esta Lei entrará em vigor na data de sua
publicação.
Prefeitura da Estância Turística de Avaré, 13 de maio de
2026.
ROBERTO DE ARAUJO
Prefeito
...........................................................................................................

Estância Turística de Avaré – Estado de São Paulo
Instituído pela Lei nº 37, de 28 de março de 2001 e Decreto nº 5.057, de 03 de janeiro de 2018
Semanário Oficial assinado digitalmente conforme MP nº 2.200-2, de 2001, garantindo autenticidade, validade jurídica e integridade.
SEMANÁRIO
Oficial Eletrônico
avare.sp.gov.br
Quinta-feira, 14 de maio de 2026 Ano X | Edição nº 2733 Prefeito: Roberto Araujo
Decretos
Decretos
ESTÂNCIA TURÍSTICA DE AVARÉ
ESTADO DE SÃO PAULO
Decreto nº 8.746, de 14 de maio de 2026.
(Dispõe sobre abertura de Crédito Adicional Especial que
especifica e dá providências).
ROBERTO DE ARAUJO, Prefeito da Estância Turística de Avaré, usando das
atribuições que lhe são conferidas por lei,
DECRETA:
Artigo 1º- Nos termos do artigo 43 da Lei Federal nº 4.320 de 17 de Março de 1964
combinado com o artigo 167 § 2º da Constituição Federal, fica o Poder Executivo Municipal
autorizado a lançar no orçamento vigente, Lei Municipal nº 3.354 de 02/12/2025, através do
Departamento de Contabilidade e Orçamento da Municipalidade, um CRÉDITO
ADICIONAL ESPECIAL no valor de R$ 180.000,00 (cento e oitenta mil reais) para
atendimento das despesas do Fundo Municipal da Saúde na conformidade da funcional
programática e modalidade de aplicação detalhada abaixo:
ÓRGÃO 07 SECRETARIA MUNICIPAL DA SAÚDE
UNIDADE 01 FUNDO MUNICIPAL DA SAÚDE
SUBUNIDADE 15 COORDENAÇÃO ATENÇÃO ESPECIALIZADA
FUNÇÃO 10 SAÚDE
SUBFUNÇÃO 302 ASSISTÊNCIA HOSPITALAR E AMBULATORIAL
MEDIA E ALTA COMPLEXIDADE AMBULATORIAL E
PROGRAMA 1013
HOSPITALAR
ATIVIDADE/
2373 PROCEDIMENTO AMBULATORIAL - MAC
PROJETO
FONTE 05 TRANSFERÊNCIAS E CONVÊNIOS FEDERAIS
CÓD. APLICAÇÃO 302.011 FNS – (FAEC) PROG. MAIS ACESSO A ESPECIAL.
CATEGORIA OUTROS SERVIÇOS DE TERCEIROS - PESSOA
3.3.90.39.00 179.000,00
ECONÔMICA JURÍDICA
CATEGORIA
3.3.50.43.00 SUBVENÇÕES SOCIAIS 1.000,00
ECONÔMICA
TOTAL 180.000,00
TOTAL GERAL 180.000,00
Artigo 2º - Para cobertura das despesas com a execução deste decreto serão utilizados
recursos provenientes de EXCESSO DE ARRECADAÇÃO de repasses do governo Federal
consoante Portaria GM/MS Nº 8632/25.
______________________________________________________________________________________________
PRAÇA JUCA NOVAES, Nº 1.169, CENTRO, AVARÉ, SP, CEP 18.705-900, TEL.: (14) 3711-2507
SECRETARIADEGABINETE@AVARE.SP.GOV.BR

Estância Turística de Avaré – Estado de São Paulo
Instituído pela Lei nº 37, de 28 de março de 2001 e Decreto nº 5.057, de 03 de janeiro de 2018
Semanário Oficial assinado digitalmente conforme MP nº 2.200-2, de 2001, garantindo autenticidade, validade jurídica e integridade.
SEMANÁRIO
Oficial Eletrônico
avare.sp.gov.br
Quinta-feira, 14 de maio de 2026 Ano X | Edição nº 2733 Prefeito: Roberto Araujo
ESTÂNCIA TURÍSTICA DE AVARÉ
ESTADO DE SÃO PAULO
Continuação Decreto n° 8.746, de 14 de maio de 2026.
Artigo 3º – Este decreto entrará em vigor na data de sua publicação e terá vigência até
31 de dezembro de 2026.
Prefeitura da Estância Turística de Avaré, 14 de maio de 2026.
ROBERTO DE ARAUJO
Prefeito
PRAÇA JUCA NOVAES, Nº 1.169, CENTRO, AVARÉ, SP, CEP 18.705-900, TEL.: (14) 3711-2507
SECRETARIADEGABINETE@AVARE.SP.GOV.BR

Estância Turística de Avaré – Estado de São Paulo
Instituído pela Lei nº 37, de 28 de março de 2001 e Decreto nº 5.057, de 03 de janeiro de 2018
Semanário Oficial assinado digitalmente conforme MP nº 2.200-2, de 2001, garantindo autenticidade, validade jurídica e integridade.
SEMANÁRIO
Oficial Eletrônico
avare.sp.gov.br
Quinta-feira, 14 de maio de 2026 Ano X | Edição nº 2733 Prefeito: Roberto Araujo
ESTÂNCIA TURÍSTICA DE AVARÉ
ESTADO DE SÃO PAULO
Decreto nº 8.747, de 14 de maio de 2026.
(Dispõe sobre abertura de Crédito Adicional Especial que
especifica e dá providências).
ROBERTO DE ARAUJO, Prefeito da Estância Turística de Avaré, usando das
atribuições que lhe são conferidas por lei,
DECRETA:
Artigo 1º- Nos termos do artigo 43 da Lei Federal nº 4.320 de 17 de Março de 1964 combinado
com o artigo 167 § 2º da Constituição Federal, fica o Poder Executivo Municipal autorizado a lançar
no orçamento vigente, Lei Municipal nº 3.354 de 02/12/2025, através do Departamento de
Contabilidade e Orçamento da Municipalidade, um CRÉDITO ADICIONAL ESPECIAL no valor
de R$ 51.905,03 (cinquenta e um mil novecentos e cinco reais e três centavos) para atendimento das
despesas do Fundo Municipal da Saúde na conformidade da funcional programática e modalidade de
aplicação detalhada abaixo:
ÓRGÃO 07 SECRETARIA MUNICIPAL DA SAÚDE
UNIDADE 01 FUNDO MUNICIPAL DA SAÚDE
SUBUNIDADE 14 COORDENAÇÃO DA ATENÇÃO BÁSICA DA SAÚDE
FUNÇÃO 10 SAÚDE
SUBFUNÇÃO 301 ATENÇÃO BÁSICA
PROGRAMA 1012 ATENÇÃO BÁSICA
FORNECIMENTO DE LEITE E SUPLEMENTO
ATIVIDADE/PROJETO 2033
ALIMENTAR
TRANSFERÊNCIAS E CONVÊNIOS ESTADUAIS
FONTE 92
(EXERCÍCIOS ANTERIORES)
CÓD. APLICAÇÃO 803.011 EM.PARL. Nº 2025.065.69645 – RES. SS 99/25
CATEGORIA MATERIAL, BEM OU SERVIÇO PARA
3.3.90.32.00 51.905,03
ECONÔMICA DISTRIBUIÇÃO GRATUITA
TOTAL 51.905,03
Artigo 2º - Para cobertura das despesas com a execução deste decreto serão utilizados
recursos provenientes de ANULAÇÃO de repasses do governo Estadual consoante
EM.PARL. Nº 2025.065.69645 – RES. SS 99/25.
Artigo 3º – Este decreto entrará em vigor na data de sua publicação e terá vigência até
31 de dezembro de 2026.
Prefeitura da Estância Turística de Avaré, 14 de maio de 2026.
ROBERTO DE ARAUJO
Prefeito
______________________________________________________________________________________________
PRAÇA JUCA NOVAES, Nº 1.169, CENTRO, AVARÉ, SP, CEP 18.705-900, TEL.: (14) 3711-2507
SECRETARIADEGABINETE@AVARE.SP.GOV.BR

Estância Turística de Avaré – Estado de São Paulo
Instituído pela Lei nº 37, de 28 de março de 2001 e Decreto nº 5.057, de 03 de janeiro de 2018
Semanário Oficial assinado digitalmente conforme MP nº 2.200-2, de 2001, garantindo autenticidade, validade jurídica e integridade.
SEMANÁRIO
Oficial Eletrônico
avare.sp.gov.br
Quinta-feira, 14 de maio de 2026 Ano X | Edição nº 2733 Prefeito: Roberto Araujo
ESTÂNCIA TURÍSTICA DE AVARÉ
ESTADO DE SÃO PAULO
Decreto nº 8.748, de 14 de maio de 2026.
(Dispõe sobre abertura de Crédito Adicional Especial que
especifica e dá providências).
ROBERTO DE ARAUJO, Prefeito da Estância Turística de Avaré, usando das
atribuições que lhe são conferidas por lei,
DECRETA:
Artigo 1º- Nos termos do artigo 43 da Lei Federal nº 4.320 de 17 de Março de 1964
combinado com o artigo 167 § 2º da Constituição Federal, fica o Poder Executivo Municipal
autorizado a lançar no orçamento vigente, Lei Municipal nº 3.354 de 02/12/2025, através do
Departamento de Contabilidade e Orçamento da Municipalidade, um CRÉDITO
ADICIONAL ESPECIAL no valor de R$ 150.253,66 (cento e cinquenta mil, duzentos e
cinquenta e três reais e sessenta e seis centavos), na conformidade da funcional programática
e modalidade de aplicação detalhada abaixo:
DESCRIÇÃO CODIGO DESCRIÇÃO VALOR - R$
ÓRGÃO 36 SECRETARIA MUN. DE SERVIÇOS
UNIDADE 02 DIVISÃO DE SERVIÇOS MUNICIPAIS
SUBUNIDADE 05 SETOR DE MANUTENÇÃO E LIMPEZA PÚBLICA
FUNÇÃO 26 TRANSPORTE
SUBFUNÇÃO 451 INFRAESTRUTURA URBANA
PROGRAMA 5003 INFRAESTRUTURA DE TRANSPORTE E SERV.COMPL.
ATIVIDADE 2173 CONSERVAÇÃO DE VIAS PUBLICAS
FONTE 02 TRANSF. E CONV. ESTADUAIS ESPECÍFICOS
CÓD. APLICAÇÃO 803.020 EMP.PARL.Nº 2026.014.81136- DEP.BETH SAHÃO
CAT.ECONÔMICA 4.4.90.52.00 EQUIPAMENTOS E MATERIAL PERMANENTE 150.253,66
TOTAL 150.253,66
Artigo 2º - Para cobertura das despesas com a execução deste decreto será utilizado
recurso proveniente de EXCESSO DE ARRECADAÇÃO consoante Emenda Parlamentar
Individual da Deputada Estadual Beth Sahão.
______________________________________________________________________________________________
PRAÇA JUCA NOVAES, Nº 1.169, CENTRO, AVARÉ, SP, CEP 18.705-900, TEL.: (14) 3711-2507
SECRETARIADEGABINETE@AVARE.SP.GOV.BR

Estância Turística de Avaré – Estado de São Paulo
Instituído pela Lei nº 37, de 28 de março de 2001 e Decreto nº 5.057, de 03 de janeiro de 2018
Semanário Oficial assinado digitalmente conforme MP nº 2.200-2, de 2001, garantindo autenticidade, validade jurídica e integridade.
SEMANÁRIO
Oficial Eletrônico
avare.sp.gov.br
Quinta-feira, 14 de maio de 2026 Ano X | Edição nº 2733 Prefeito: Roberto Araujo
ESTÂNCIA TURÍSTICA DE AVARÉ
ESTADO DE SÃO PAULO
Continuação Decreto n° 8.748, de 14 de maio de 2026.
Artigo 3º – Este decreto entrará em vigor na data de sua publicação e terá vigência até
31 de dezembro de 2026.
Prefeitura da Estância Turística de Avaré, 14 de maio de 2026.
ROBERTO DE ARAUJO
Prefeito
PRAÇA JUCA NOVAES, Nº 1.169, CENTRO, AVARÉ, SP, CEP 18.705-900, TEL.: (14) 3711-2507
SECRETARIADEGABINETE@AVARE.SP.GOV.BR

Estância Turística de Avaré – Estado de São Paulo
Instituído pela Lei nº 37, de 28 de março de 2001 e Decreto nº 5.057, de 03 de janeiro de 2018
Semanário Oficial assinado digitalmente conforme MP nº 2.200-2, de 2001, garantindo autenticidade, validade jurídica e integridade.
SEMANÁRIO
Oficial Eletrônico
avare.sp.gov.br
Quinta-feira, 14 de maio de 2026 Ano X | Edição nº 2733 Prefeito: Roberto Araujo
ESTÂNCIA TURÍSTICA DE AVARÉ
ESTADO DE SÃO PAULO
Decreto nº 8.749, de 14 de maio de 2026.
(Dispõe sobre abertura de Crédito Adicional
Especial que especifica e dá providências).
ROBERTO DE ARAUJO, Prefeito da Estância Turística de Avaré, usando das
atribuições que lhe são conferidas por lei,
DECRETA:
Artigo 1º - Nos termos do artigo 43 da Lei Federal nº 4.320 de 17 de Março de 1964
combinado com o artigo 167 § 2º da Constituição Federal, fica o Poder Executivo Municipal
autorizado a lançar no orçamento vigente, Lei Municipal nº 3.354 de 02/12/2025, através do
Departamento de Contabilidade e Orçamento da Municipalidade, um CRÉDITO
ADICIONAL ESPECIAL no valor de R$ 681.800,00 (seiscentos e oitenta e um mil e
oitocentos reais), na conformidade da funcional programática e modalidade de aplicação
detalhada abaixo:
DESCRIÇÃO CODIGO DESCRIÇÃO VALOR - R$
ÓRGÃO 37 SECRETARIA MUN. DE PLANEJAMENTO E OBRAS
UNIDADE 02 COORD. DE EXECUÇÃO/FISCALIZAÇÃO DE OBRAS
SUBUNIDADE 01 DEPARTAMENTO DE ENGENHARIA
FUNÇÃO 15 URBANISMO
SUBFUNÇÃO 451 INFRAESTRUTURA URBANA
PROGRAMA 6004 DESENVOLVIMENTO DO TURISMO
ATIVIDADE 1155 CONSTR/AMPL/REFORMA OBRAS VINC.MIN.DO
TURISMO
FONTE 05 TRANSF. E CONV. FEDERAIS ESPECÍFICOS
CÓD. APLICAÇÃO 902.001 EMP. PARL .Nº 5007001- EMENDA DE COMISSÃO
CAT.ECONÔMICA 4.4.90.51.00 OBRAS E INSTALAÇÕES 681.800,00
TOTAL 681.800,00
Artigo 2º - Para cobertura das despesas com a execução deste decreto será utilizado
recurso proveniente de EXCESSO DE ARRECADAÇÃO consoante Emenda Parlamentar de
Comissão nº 50070001.
______________________________________________________________________________________________
PRAÇA JUCA NOVAES, Nº 1.169, CENTRO, AVARÉ, SP, CEP 18.705-900, TEL.: (14) 3711-2507
SECRETARIADEGABINETE@AVARE.SP.GOV.BR

Estância Turística de Avaré – Estado de São Paulo
Instituído pela Lei nº 37, de 28 de março de 2001 e Decreto nº 5.057, de 03 de janeiro de 2018
Semanário Oficial assinado digitalmente conforme MP nº 2.200-2, de 2001, garantindo autenticidade, validade jurídica e integridade.
SEMANÁRIO
Oficial Eletrônico
avare.sp.gov.br
Quinta-feira, 14 de maio de 2026 Ano X | Edição nº 2733 Prefeito: Roberto Araujo
ESTÂNCIA TURÍSTICA DE AVARÉ
ESTADO DE SÃO PAULO
Continuação Lei n° 8.749, de 14 de maio de 2026.
Artigo 3º – Este decreto entrará em vigor na data de sua publicação e terá vigência até
31 de dezembro de 2026.
Prefeitura da Estância Turística de Avaré, 14 de maio de 2026.
ROBERTO DE ARAUJO
Prefeito
PRAÇA JUCA NOVAES, Nº 1.169, CENTRO, AVARÉ, SP, CEP 18.705-900, TEL.: (14) 3711-2507
SECRETARIADEGABINETE@AVARE.SP.GOV.BR

Estância Turística de Avaré – Estado de São Paulo
Instituído pela Lei nº 37, de 28 de março de 2001 e Decreto nº 5.057, de 03 de janeiro de 2018
Semanário Oficial assinado digitalmente conforme MP nº 2.200-2, de 2001, garantindo autenticidade, validade jurídica e integridade.
SEMANÁRIO
Oficial Eletrônico
avare.sp.gov.br
Quinta-feira, 14 de maio de 2026 Ano X | Edição nº 2733 Prefeito: Roberto Araujo
Outros Atos
Outros Atos A Comissão Permanente de Readaptação
Funcional, reorganizada pelo Decreto nº 8.517, de 15 de
outubro de 2025, vem C O N V O C A R os servidores
abaixo relacionados a comparecerem na sede do D.E.S.S. –
Departamento de Saúde e Segurança do Servidor, sito a
Rua Pará, nº 673, Centro, para serem avaliados pela Equipe
Multidisciplinar a fim de instruir os Processos de
Readaptação Funcional, a saber:
PROC. SERVIDOR S SE OR CV IAIÇ LO ENFERMAGEM FISIOTERAPIA PSICOLOGIA MÉDICA S TREG AU BAR LA HN OÇA DOPSIQUIATRA
010/2026 M ZAA VR AC NIA E LR LE AG LIN OA PES - - 14/05/26 – 08:30 1 14 4/ :0 05 0/26 – 19/05/26 – 16:00 1 04 9/ :0 05 0/26 – -
011/2026 S AA RN MD AR NA D OCRISTINA - - 14/05/26 – 09:00 1 14 5/ :0 05 0/26 – 20/05/26 – 10:30 1 14 0/ :0 05 0/26 – -
...........................................................................................................
REUNIÃO DA COMISSÃO PERMANENTE DE
READAPTAÇÃO FUNCIONAL
De acordo com a Lei Municipal nº 2.145 de 10 de
outubro de 2017, ficam os membros da Comissão
Permanente de Readaptação Funcional, reorganizados
através de Decreto nº 8.517, de 15 de outubro de 2025,
CONVOCADOS a participarem da Reunião da Comissão
Permanente de Readaptação Funcional que será realizada
no dia 20/05/2026 às 14h00, nas dependências do
Departamento de Saúde e Segurança do Servidor –
D.E.S.S., Rua Pará, nº 673, Centro, Estância Turística de
Avaré, oportunidade em que serão discutidos Processos de
Readaptação Funcional.
A Comissão Permanente de Readaptação
Funcional
...........................................................................................................

Estância Turística de Avaré – Estado de São Paulo
Instituído pela Lei nº 37, de 28 de março de 2001 e Decreto nº 5.057, de 03 de janeiro de 2018
Semanário Oficial assinado digitalmente conforme MP nº 2.200-2, de 2001, garantindo autenticidade, validade jurídica e integridade.",https://www.dosp.com.br/exibe_do.php?i=ODE4MTk0,
DOA-037,2026-05-14,2733,Leis,3444 - abertura de crédito 51.905 - secretaria da saúde,Secretaria de Saúde,"SEMANÁRIO
Oficial Eletrônico
avare.sp.gov.br
Quinta-feira, 14 de maio de 2026 Ano X | Edição nº 2733 Prefeito: Roberto Araujo
Art. 4º- A denúncia deverá ser apresentada junto à
PODER EXECUTIVO
Secretaria Municipal de Meio Ambiente, Secretaria
Poder Executivo
Municipal de Fiscalização de Posturas Municipais, ou ao
Atos Oficiais
órgão que vier a ser apontado pelo Município, por meio de
Atos Oficiais
Leis canal oficial disponibilizado, incluindo atendimento
presencial, telefone ou sistema eletrônico.
Leis Lei nº 3.440, de 13 de maio de 2026. Art. 5º- O denunciante que agir de má fé,
apresentando denúncia falsa, fraudulenta ou com objetivo
Dispõe sobre o Programa
de prejudicar terceiros, ficará sujeito:
Municipal de Incentivo à
I - à perda do direito à recompensa;
Denúncia de Infrações
II - à aplicação de multa correspondente a 50%
Ambientais Urbanas em
(cinquenta por cento) do valor previsto para a infração
Avaré/SP, estabelece
indevidamente denunciada;
recompensa ao denunciante,
III - à responsabilização civil e criminal cabível.
prevê punição à má fé e dá
Art. 6º- O Poder Executivo regulamentará a presente
outras providências.
Lei dispondo sobre:
I - os canais oficiais de denúncia;
Autoria: Ver. Pedro Victor Alarcão Alves Fusco
II - os procedimentos de apuração e comprovação das
(Projeto de Lei nº 12/2026).
infrações;
ROBERTO DE ARAUJO, Prefeito da Estância Turística
III - os mecanismos de sigilo e proteção da identidade
de Avaré, usando das atribuições que lhe são conferidas
do denunciante;
por lei,
IV - as formas de pagamento da recompensa.
Faço saber que a Câmara Municipal da Estância
Art. 7º- As despesas decorrentes da execução desta
Turística de Avaré aprovou e eu sanciono e promulgo a
Lei correrão por conta das dotações orçamentárias
seguinte Lei:
próprias, suplementadas se necessário.
Art. 1º - Fica o Poder Executivo autorizado a
Art. 8º- Esta Lei entra em vigor na data de sua
instituir no Município de Avaré/SP o Programa Municipal de
publicação.
Incentivo à Denúncia de Infrações Ambientais Urbanas,
Prefeitura da Estância Turística de Avaré, 13 de maio
destinado a incentivar a população a denunciar infrações
de 2026.
previstas na Lei Municipal nº 176/1.997, que disciplina
ROBERTO DE ARAUJO
entre outras matérias, o descarte irregular de lixo, entulhos
Prefeito
e resíduos de qualquer espécie, incluindo, de forma
...........................................................................................................
exemplificativa:
Lei nº 3.441, de 13 de maio de 2026.
I - descarte de lixo em vias e logradouros públicos;
II - descarte de entulho ou resíduos de construção;
Dispõe sobre a autorização ao
III - deposição de resíduos em áreas verdes ou de
Poder Executivo a realizar
preservação;
alienação por meio de doação de
IV - lançamento de resíduos em bueiros, galerias
um imóvel para a associação
pluviais ou cursos d’água;
Residencial Terras Altas, e dá
V - qualquer outra infração relacionada ao manejo
outras providências.
irregular de resíduos urbanos prevista na legislação
mencionada. Autoria: Prefeito Municipal (Projeto de Lei nº
Art. 2º- O denunciante que auxiliar na identificação do 25/2026).
infrator, mediante denúncia fundamentada com elementos ROBERTO DE ARAUJO, Prefeito da Estância Turística
mínimos de prova (fotografia, vídeo, identificação de de Avaré, usando das atribuições que lhe são conferidas
veículo, local e horário), fará jus ao recebimento de 30% por lei,
(trinta por cento) do valor da multa efetivamente Faço saber que a Câmara Municipal da Estância
arrecadada pelo Município. Turística de Avaré aprovou e eu sanciono e promulgo a
§ 1º O pagamento ao denunciante será realizado em seguinte Lei:
até 30 (trinta) dias após o efetivo recolhimento da multa Art. 1º Fica desafetada, na integralidade, para fins de
pelo infrator, não cabendo qualquer adiantamento ou alteração de uso de bem público de uso comum para bem
antecipação de valores. dominical, a área institucional de propriedade do Município
§ 2º O denunciante poderá optar pelo sigilo de sua da Estância Turística de Avaré, classificada como SISTEMA
identidade, garantida a confidencialidade dos dados DE LAZER 4, DO LOTEAMENTO “RESIDENCIAL TERRAS
pessoais nos termos da legislação vigente. ALTAS”, SITUADO EM AVARÉ-SP, COM A SEGUINTE
Art. 3º- O valor da multa seguirá as disposições da Lei DESCRIÇÃO: INICIA-SE NO PONTO DE DIVISA ENTRE O LOTE
Municipal nº 176/1.997, ou outra que vier a substitui-la. 1 DA QUADRA F COM A RUA 02 E O SISTEMA DE LAZER 4 E

Estância Turística de Avaré – Estado de São Paulo
Instituído pela Lei nº 37, de 28 de março de 2001 e Decreto nº 5.057, de 03 de janeiro de 2018
Semanário Oficial assinado digitalmente conforme MP nº 2.200-2, de 2001, garantindo autenticidade, validade jurídica e integridade.
SEMANÁRIO
Oficial Eletrônico
avare.sp.gov.br
Quinta-feira, 14 de maio de 2026 Ano X | Edição nº 2733 Prefeito: Roberto Araujo
SEGUE 31,29 METROS CONFRONTANDO COM O LOTE 1 DA serem utilizadas pelos moradores locais, em especial ao
QUADRA F ATÉ ENCONTRAR A ÁREA REMANESCENTE 1; público infantil.
DEFLETE À ESQUERDA E SEGUE 41,16 METROS § 2º Nos termos do laudo de avaliação o imóvel possui
CONFRONTANDO COM A ÁREA REMANESCENTE 1; DEFLETE o valor referencial no importe de R$ 372.692,21 (trezentos
À ESQUERDA, E SEGUE 36,31 METROS NA CONFRONTAÇÃO e setenta e dois mil e seiscentos e noventa e dois reais e
COM A ÁREA REMANESCENTE 1, ATÉ ENCONTRAR COM O vinte e um centavos).
LOTE 09 DA QUADRA B; DEFLETE À ESQUERDA E SEGUE Art. 3º Para efeitos da alienação por meio de doação
34,07 METROS, CONFRONTANDO COM O LOTE 09 DA prevista nesta Lei, independe de procedimento licitatório
QUADRA B ATÉ CHEGAR NA RUA 02, FINALMENTE, DEFLETE nos termos da Lei Orgânica do Município, vez que, há
NOVAMENTE À ESQUERDA E SEGUE 8,14 METROS EM evidente interesse público.
CURVA, CONFRONTANDO COM A RUA 02, ATÉ O PONTO Art. 4º Ocorrerá caducidade da alienação por meio de
INICIAL, ENCERRANDO A ÁREA DE 1.459,44 METROS doação e reversão automática do
QUADRADOS, REGISTRADO SOB MATRÍCULA Nº 78.241, DO imóvel ao patrimônio do Município da Estância
LIVRO Nº 2 DO REGISTRO GERAL DO CARTÓRIO DE Turística de Avaré, caso a donatária não proceda com a
REGISTRO DE IMÓVEIS E ANEXOS DA COMARCA DE AVARE. execução, e/ou exercício dos direitos advindos, bem como a
§ 1º A área desafetada será destinada a viabilização alteração da finalidade especificada no § 1º do Art. 2º desta
de alienação por meio de doação a Associação Residencial Lei.
Terras Altas, pessoa jurídica de direito privado, inscrita, no § 1º É vedado o gravame do imóvel com ônus real de
CNPJ nº 23.831.117/0001-12, com sede na Rua Gilberto garantia, salvo, quando tratar-se de garantia para
Filgueiras S/N, Bairro Colina da Boa Vista, CEP18.706-240, financiamento vinculado à construção e/ou ampliação da
em Avaré-SP. edificação destinada nos termos do § 1º do Art. 1º desta
§ 2º A desafetação de que trata esta Lei implica a Lei.
transferência da destinação das áreas descritas de uso § 2º O imóvel doado será revertido sem ônus ao
comum para o patrimônio disponível do Município, Município da Estância Turística de Avaré em caso de
autorizando sua utilização conforme o interesse público extinção da donatária.
justificado. § 3º É facultado ao Poder Público Municipal o direito de
§3º O Poder Executivo Municipal fica autorizado a desistir da reversão do imóvel doado, desde que
adotar todas as providências administrativas, urbanísticas e comprovada a inconveniência técnica e julgada onerosa ao
registrais necessárias à implementação desta Lei. erário a transação.
Art. 2º Fica o Poder Executivo Municipal autorizado a § 4º Em caso de reversão, não haverá ônus ao
alienar por meio de doação, um imóvel a Associação Município da Estância Turística de Avaré, nem mesmo
Residencial Terras Altas, pessoa jurídica de direito privado, recairá direito a indenização sobre as benfeitorias
inscrita no CNPJ nº 23.831.117/0001-12, com sede na Rua realizadas.
Gilberto Filgueiras S/N, Bairro Colina da Boa Vista, CEP Art. 5º As despesas com custas e emolumentos
18.706-240, em Avaré-SP, com as seguintes descrições: inerentes ao tramite registral, decorrentes desta Lei,
SISTEMA DE LAZER 4, DO LOTEAMENTO “RESIDENCIAL correrão por conta da Associação Residencial Terras Altas.
TERRAS ALTAS”, SITUADO EM AVARÉ-SP, COM A SEGUINTE Art. 6º Esta entrará em vigor na data de sua
DESCRIÇÃO: INICIA-SE NO PONTO DE DIVISA ENTRE O LOTE publicação.
1 DA QUADRA F COM A RUA 02 E O SISTEMA DE LAZER 4 E Prefeitura da Estância Turística de Avaré, 13 de maio
SEGUE 31,29 METROS CONFRONTANDO COM O LOTE 1 DA de 2026.
QUADRA F ATÉ ENCONTRAR A ÁREA REMANESCENTE 1; ROBERTO DE ARAUJO
DEFLETE À ESQUERDA E SEGUE 41,16 METROS Prefeito
CONFRONTANDO COM A ÁREA REMANESCENTE 1; DEFLETE ...........................................................................................................
À ESQUERDA, E SEGUE 36,31 METROS NA CONFRONTAÇÃO
COM A ÁREA REMANESCENTE 1, ATÉ ENCONTRAR COM O
LOTE 09 DA QUADRA B; DEFLETE À ESQUERDA E SEGUE
34,07 METROS, CONFRONTANDO COM O LOTE 09 DA
QUADRA B ATÉ CHEGAR NA RUA 02, FINALMENTE, DEFLETE
NOVAMENTEÀ ESQUERDA E SEGUE 8,14 METROS EM
CURVA, CONFRONTANDO COM A RUA 02, ATÉ O PONTO
INICIAL, ENCERRANDO A ÁREA DE 1.459,44 METROS
QUADRADOS, REGISTRADO SOB MATRÍCULA Nº 78.241, DO
LIVRO Nº 2 DO REGISTRO GERAL DO CARTÓRIO DE
REGISTRO DE IMÓVEIS E ANEXOS DA COMARCA DE AVARÉ.
§1º O imóvel tem como finalidade e destinação a
regularização de melhorias para áreas de recreação a

Estância Turística de Avaré – Estado de São Paulo
Instituído pela Lei nº 37, de 28 de março de 2001 e Decreto nº 5.057, de 03 de janeiro de 2018
Semanário Oficial assinado digitalmente conforme MP nº 2.200-2, de 2001, garantindo autenticidade, validade jurídica e integridade.
SEMANÁRIO
Oficial Eletrônico
avare.sp.gov.br
Quinta-feira, 14 de maio de 2026 Ano X | Edição nº 2733 Prefeito: Roberto Araujo
ESTÂNCIA TURÍSTICA DE AVARÉ
ESTADO DE SÃO PAULO
Lei nº 3.442, de 13 de maio de 2026.
(Inclui a área objeto da matrícula nº 88.151 do Cartório de Registro
de Imóveis de Avaré no perímetro urbano do Município de Avaré e,
dá outras providências)
Autoria: Prefeito Municipal (Projeto de Lei nº 107/2026).
ROBERTO DE ARAUJO, Prefeito da Estância Turística de Avaré, usando das
atribuições que lhe são conferidas por lei,
Faço saber que a Câmara Municipal da Estância Turística de Avaré aprovou e eu
sanciono e promulgo a seguinte Lei:
Art. 1º - Fica Incluída no Perímetro Urbano de Avaré, a área de terra abaixo descrita,
objeto da Matrícula nº 88.151:
ÁREA DE TERRAS, contendo 2,0 hectares, perímetro 600,00 metros, denominada FAZENDA SANTA
TEREZA – GLEBA DESMEMBRADA, situada no município de Avaré-SP, com as seguintes medidas e
confrontações:
VÉRTICE SEGMENTO VANTE
código longitude latitude Altitude(m código azimute Dist. (m)
)
FGWM-M- - -23º08’33,373” 779,88 FGWM- 132º18’ 200,0
0012 48º58’33,661” M0013
FGWM-M- - -23º06’37,748” 777,92 FGWM- 222º18’ 100,0
0013 48º58’28,463” M-0014
FGWM-M- - -23º08’40,152” 778,35 CWAE- 312º17’ 200,0
0014 48º58’30,828” P3663
CONFRONTAÇÕES: Até aqui confrontando com a Gleba Remanescente da Fazenda Santa
Tereza (matrícula 84.392); deste ponto segue confrontando com a Rodovia Dr. Diamantino
Monteiro da Gama (SP-3/245), pelos seguintes trechos:
VÉRTICE SEGMENTO VANTE
código longitude latitude Altitude(m código azimute Dist. (m)
)
CWAE-P- - -23º06’35,777” 778,6 CWAE-P- 42º46’ 1,34
3663 48º58’36,025” 3664
CWAE-P- - -23º06’35,745” 778,77 FGWM- 42º17’ 98,66
3664 48º58’35,994” M-0012
Certificação da Poligonal pelo INCRA: 5c912114-e158-42be-9676-50198a8b7732
CADASTRO: 629.049.000.876-4 CCIR nº 45918150221, com os seguintes dados: módulo rural: 40,0629 ha; nº
______________________________________________________________________________________________
PRAÇA JUCA NOVAES, Nº 1.169, CENTRO, AVARÉ, SP, CEP 18.705-900, TEL.: (14) 3711-2507
SECRETARIADEGABINETE@AVARE.SP.GOV.BR

Estância Turística de Avaré – Estado de São Paulo
Instituído pela Lei nº 37, de 28 de março de 2001 e Decreto nº 5.057, de 03 de janeiro de 2018
Semanário Oficial assinado digitalmente conforme MP nº 2.200-2, de 2001, garantindo autenticidade, validade jurídica e integridade.
SEMANÁRIO
Oficial Eletrônico
avare.sp.gov.br
Quinta-feira, 14 de maio de 2026 Ano X | Edição nº 2733 Prefeito: Roberto Araujo
ESTÂNCIA TURÍSTICA DE AVARÉ
ESTADO DE SÃO PAULO
Continuação Lei n° 3.442, de 13 de maio de 2026.
módulos rurais: 3,71; módulo fiscal: 30 ha; nº de módulos fiscais: 5,0211; fração mínima de parcelamento: 2 há e
inscrito no NIRF: 0.235.295-8.
Art. 2º - A área descrita no artigo anterior foi objeto de parecer favorável por parte do
Conselho Municipal do Plano Diretor, através da Resolução CMPD nº 04/2025, devidamente
publicada no Semanário Oficial Eletrônico do Município, Edição nº 2705, de 08/04/2026,
página 01.
Art. 3º - Esta Lei entra em vigor da data de sua publicação, revogando-se as disposições
em contrário.
Prefeitura da Estância Turística de Avaré, 13 de maio de 2026.
ROBERTO DE ARAUJO
Prefeito
PRAÇA JUCA NOVAES, Nº 1.169, CENTRO, AVARÉ, SP, CEP 18.705-900, TEL.: (14) 3711-2507
SECRETARIADEGABINETE@AVARE.SP.GOV.BR

Estância Turística de Avaré – Estado de São Paulo
Instituído pela Lei nº 37, de 28 de março de 2001 e Decreto nº 5.057, de 03 de janeiro de 2018
Semanário Oficial assinado digitalmente conforme MP nº 2.200-2, de 2001, garantindo autenticidade, validade jurídica e integridade.
SEMANÁRIO
Oficial Eletrônico
avare.sp.gov.br
Quinta-feira, 14 de maio de 2026 Ano X | Edição nº 2733 Prefeito: Roberto Araujo
ESTÂNCIA TURÍSTICA DE AVARÉ
ESTADO DE SÃO PAULO
Lei nº 3.443, de 13 de maio de 2026.
(Dispõe sobre abertura de Crédito Adicional Especial que
especifica e dá providências).
Autoria: Prefeito Municipal (Projeto de Lei nº 113/2026).
ROBERTO DE ARAUJO, Prefeito da Estância Turística de Avaré, usando das
atribuições que lhe são conferidas por lei,
Faço saber que a Câmara Municipal da Estância Turística de Avaré aprovou e eu
sanciono e promulgo a seguinte Lei:
Artigo 1º- Nos termos do artigo 43 da Lei Federal nº 4.320 de 17 de Março de 1964
combinado com o artigo 167 § 2º da Constituição Federal, fica o Poder Executivo Municipal
autorizado a lançar no orçamento vigente, Lei Municipal nº 3.354 de 02/12/2025, através do
Departamento de Contabilidade e Orçamento da Municipalidade, um CRÉDITO
ADICIONAL ESPECIAL no valor de R$ 180.000,00 (cento e oitenta mil reais) para
atendimento das despesas do Fundo Municipal da Saúde na conformidade da funcional
programática e modalidade de aplicação detalhada abaixo:
ÓRGÃO 07 SECRETARIA MUNICIPAL DA SAÚDE
UNIDADE 01 FUNDO MUNICIPAL DA SAÚDE
SUBUNIDADE 15 COORDENAÇÃO ATENÇÃO ESPECIALIZADA
FUNÇÃO 10 SAÚDE
SUBFUNÇÃO 302 ASSISTÊNCIA HOSPITALAR E AMBULATORIAL
MEDIA E ALTA COMPLEXIDADE AMBULATORIAL E
PROGRAMA 1013
HOSPITALAR
ATIVIDADE/
2373 PROCEDIMENTO AMBULATORIAL - MAC
PROJETO
FONTE 05 TRANSFERÊNCIAS E CONVÊNIOS FEDERAIS
CÓD. APLICAÇÃO 302.011 FNS – (FAEC) PROG. MAIS ACESSO A ESPECIAL.
CATEGORIA OUTROS SERVIÇOS DE TERCEIROS - PESSOA
3.3.90.39.00 179.000,00
ECONÔMICA JURÍDICA
CATEGORIA
3.3.50.43.00 SUBVENÇÕES SOCIAIS 1.000,00
ECONÔMICA
TOTAL 180.000,00
TOTAL GERAL 180.000,00
Artigo 2º - Para cobertura das despesas com a execução desta Lei serão utilizados
recursos provenientes de EXCESSO DE ARRECADAÇÃO de repasses do governo Federal
consoante Portaria GM/MS Nº 8632/25.
______________________________________________________________________________________________
PRAÇA JUCA NOVAES, Nº 1.169, CENTRO, AVARÉ, SP, CEP 18.705-900, TEL.: (14) 3711-2507
SECRETARIADEGABINETE@AVARE.SP.GOV.BR

Estância Turística de Avaré – Estado de São Paulo
Instituído pela Lei nº 37, de 28 de março de 2001 e Decreto nº 5.057, de 03 de janeiro de 2018
Semanário Oficial assinado digitalmente conforme MP nº 2.200-2, de 2001, garantindo autenticidade, validade jurídica e integridade.
SEMANÁRIO
Oficial Eletrônico
avare.sp.gov.br
Quinta-feira, 14 de maio de 2026 Ano X | Edição nº 2733 Prefeito: Roberto Araujo
ESTÂNCIA TURÍSTICA DE AVARÉ
ESTADO DE SÃO PAULO
Continuação Lei n° 3.443, de 13 de maio de 2026.
Artigo 3º – Esta Lei entrará em vigor na data de sua publicação e terá vigência até 31 de
dezembro de 2026.
Prefeitura da Estância Turística de Avaré, 13 de maio de 2026.
ROBERTO DE ARAUJO
Prefeito
PRAÇA JUCA NOVAES, Nº 1.169, CENTRO, AVARÉ, SP, CEP 18.705-900, TEL.: (14) 3711-2507
SECRETARIADEGABINETE@AVARE.SP.GOV.BR

Estância Turística de Avaré – Estado de São Paulo
Instituído pela Lei nº 37, de 28 de março de 2001 e Decreto nº 5.057, de 03 de janeiro de 2018
Semanário Oficial assinado digitalmente conforme MP nº 2.200-2, de 2001, garantindo autenticidade, validade jurídica e integridade.
SEMANÁRIO
Oficial Eletrônico
avare.sp.gov.br
Quinta-feira, 14 de maio de 2026 Ano X | Edição nº 2733 Prefeito: Roberto Araujo
ESTÂNCIA TURÍSTICA DE AVARÉ
ESTADO DE SÃO PAULO
Lei nº 3.444, de 13 de maio de 2026.
(Dispõe sobre abertura de Crédito Adicional Especial que
especifica e dá providências).
Autoria: Prefeito Municipal (Projeto de Lei nº 114/2026).
ROBERTO DE ARAUJO, Prefeito da Estância Turística de Avaré, usando das
atribuições que lhe são conferidas por lei,
Faço saber que a Câmara Municipal da Estância Turística de Avaré aprovou e eu
sanciono e promulgo a seguinte Lei:
Artigo 1º- Nos termos do artigo 43 da Lei Federal nº 4.320 de 17 de Março de 1964
combinado com o artigo 167 § 2º da Constituição Federal, fica o Poder Executivo Municipal
autorizado a lançar no orçamento vigente, Lei Municipal nº 3.354 de 02/12/2025, através do
Departamento de Contabilidade e Orçamento da Municipalidade, um CRÉDITO
ADICIONAL ESPECIAL no valor de R$ 51.905,03 (cinquenta e um mil novecentos e
cinco reais e três centavos) para atendimento das despesas do Fundo Municipal da Saúde na
conformidade da funcional programática e modalidade de aplicação detalhada abaixo:
ÓRGÃO 07 SECRETARIA MUNICIPAL DA SAÚDE
UNIDADE 01 FUNDO MUNICIPAL DA SAÚDE
SUBUNIDADE 14 COORDENAÇÃO DA ATENÇÃO BÁSICA DA SAÚDE
FUNÇÃO 10 SAÚDE
SUBFUNÇÃO 301 ATENÇÃO BÁSICA
PROGRAMA 1012 ATENÇÃO BÁSICA
FORNECIMENTO DE LEITE E SUPLEMENTO
ATIVIDADE/PROJETO 2033
ALIMENTAR
TRANSFERÊNCIAS E CONVÊNIOS ESTADUAIS
FONTE 92
(EXERCÍCIOS ANTERIORES)
CÓD. APLICAÇÃO 803.011 EM.PARL. Nº 2025.065.69645 – RES. SS 99/25
CATEGORIA MATERIAL, BEM OU SERVIÇO PARA
3.3.90.32.00 51.905,03
ECONÔMICA DISTRIBUIÇÃO GRATUITA
TOTAL 51.905,03
Artigo 2º - Para cobertura das despesas com a execução desta Lei serão utilizados
recursos provenientes de ANULAÇÃO de repasses do governo Estadual consoante
EM.PARL. Nº 2025.065.69645 – RES. SS 99/25.
______________________________________________________________________________________________
PRAÇA JUCA NOVAES, Nº 1.169, CENTRO, AVARÉ, SP, CEP 18.705-900, TEL.: (14) 3711-2507
SECRETARIADEGABINETE@AVARE.SP.GOV.BR

Estância Turística de Avaré – Estado de São Paulo
Instituído pela Lei nº 37, de 28 de março de 2001 e Decreto nº 5.057, de 03 de janeiro de 2018
Semanário Oficial assinado digitalmente conforme MP nº 2.200-2, de 2001, garantindo autenticidade, validade jurídica e integridade.
SEMANÁRIO
Oficial Eletrônico
avare.sp.gov.br
Quinta-feira, 14 de maio de 2026 Ano X | Edição nº 2733 Prefeito: Roberto Araujo
ESTÂNCIA TURÍSTICA DE AVARÉ
ESTADO DE SÃO PAULO
Continuação Lei n° 3.444, de 13 de maio de 2026.
Artigo 3º – Esta Lei entrará em vigor na data de sua publicação e terá vigência até 31 de
dezembro de 2026.
Prefeitura da Estância Turística de Avaré, 13 de maio de 2026.
ROBERTO DE ARAUJO
Prefeito
PRAÇA JUCA NOVAES, Nº 1.169, CENTRO, AVARÉ, SP, CEP 18.705-900, TEL.: (14) 3711-2507
SECRETARIADEGABINETE@AVARE.SP.GOV.BR

Estância Turística de Avaré – Estado de São Paulo
Instituído pela Lei nº 37, de 28 de março de 2001 e Decreto nº 5.057, de 03 de janeiro de 2018
Semanário Oficial assinado digitalmente conforme MP nº 2.200-2, de 2001, garantindo autenticidade, validade jurídica e integridade.
SEMANÁRIO
Oficial Eletrônico
avare.sp.gov.br
Quinta-feira, 14 de maio de 2026 Ano X | Edição nº 2733 Prefeito: Roberto Araujo
ESTÂNCIA TURÍSTICA DE AVARÉ
ESTADO DE SÃO PAULO
Lei nº 3.445, de 13 de maio de 2026.
(Dispõe sobre abertura de Crédito Adicional Especial que
especifica e dá providências).
Autoria: Prefeito Municipal (Projeto de Lei nº 116/2026).
ROBERTO DE ARAUJO, Prefeito da Estância Turística de Avaré, usando das
atribuições que lhe são conferidas por lei,
Faço saber que a Câmara Municipal da Estância Turística de Avaré aprovou e eu
sanciono e promulgo a seguinte Lei:
Artigo 1º- Nos termos do artigo 43 da Lei Federal nº 4.320 de 17 de Março de 1964
combinado com o artigo 167 § 2º da Constituição Federal, fica o Poder Executivo Municipal
autorizado a lançar no orçamento vigente, Lei Municipal nº 3.354 de 02/12/2025, através do
Departamento de Contabilidade e Orçamento da Municipalidade, um CRÉDITO
ADICIONAL ESPECIAL no valor de R$ 150.253,66 (cento e cinquenta mil, duzentos e
cinquenta e três reais e sessenta e seis centavos), na conformidade da funcional programática
e modalidade de aplicação detalhada abaixo:
DESCRIÇÃO CODIGO DESCRIÇÃO VALOR - R$
ÓRGÃO 36 SECRETARIA MUN. DE SERVIÇOS
UNIDADE 02 DIVISÃO DE SERVIÇOS MUNICIPAIS
SUBUNIDADE 05 SETOR DE MANUTENÇÃO E LIMPEZA PÚBLICA
FUNÇÃO 26 TRANSPORTE
SUBFUNÇÃO 451 INFRAESTRUTURA URBANA
PROGRAMA 5003 INFRAESTRUTURA DE TRANSPORTE E SERV.COMPL.
ATIVIDADE 2173 CONSERVAÇÃO DE VIAS PUBLICAS
FONTE 02 TRANSF. E CONV. ESTADUAIS ESPECÍFICOS
CÓD. APLICAÇÃO 803.020 EMP.PARL.Nº 2026.014.81136- DEP.BETH SAHÃO
CAT.ECONÔMICA 4.4.90.52.00 EQUIPAMENTOS E MATERIAL PERMANENTE 150.253,66
TOTAL 150.253,66
Artigo 2º - Para cobertura das despesas com a execução desta Lei será utilizado recurso
proveniente de EXCESSO DE ARRECADAÇÃO consoante Emenda Parlamentar Individual
da Deputada Estadual Beth Sahão.
______________________________________________________________________________________________
PRAÇA JUCA NOVAES, Nº 1.169, CENTRO, AVARÉ, SP, CEP 18.705-900, TEL.: (14) 3711-2507
SECRETARIADEGABINETE@AVARE.SP.GOV.BR

Estância Turística de Avaré – Estado de São Paulo
Instituído pela Lei nº 37, de 28 de março de 2001 e Decreto nº 5.057, de 03 de janeiro de 2018
Semanário Oficial assinado digitalmente conforme MP nº 2.200-2, de 2001, garantindo autenticidade, validade jurídica e integridade.
SEMANÁRIO
Oficial Eletrônico
avare.sp.gov.br
Quinta-feira, 14 de maio de 2026 Ano X | Edição nº 2733 Prefeito: Roberto Araujo
ESTÂNCIA TURÍSTICA DE AVARÉ
ESTADO DE SÃO PAULO
Continuação Lei n° 3.445, de 13 de maio de 2026.
Artigo 3º – Esta Lei entrará em vigor na data de sua publicação e terá vigência até 31 de
dezembro de 2026.
Prefeitura da Estância Turística de Avaré, 13 de maio de 2026.
ROBERTO DE ARAUJO
Prefeito
PRAÇA JUCA NOVAES, Nº 1.169, CENTRO, AVARÉ, SP, CEP 18.705-900, TEL.: (14) 3711-2507
SECRETARIADEGABINETE@AVARE.SP.GOV.BR

Estância Turística de Avaré – Estado de São Paulo
Instituído pela Lei nº 37, de 28 de março de 2001 e Decreto nº 5.057, de 03 de janeiro de 2018
Semanário Oficial assinado digitalmente conforme MP nº 2.200-2, de 2001, garantindo autenticidade, validade jurídica e integridade.
SEMANÁRIO
Oficial Eletrônico
avare.sp.gov.br
Quinta-feira, 14 de maio de 2026 Ano X | Edição nº 2733 Prefeito: Roberto Araujo
ESTÂNCIA TURÍSTICA DE AVARÉ
ESTADO DE SÃO PAULO
Lei nº 3.446, de 13 de maio de 2026.
(Dispõe sobre abertura de Crédito Adicional
Especial que especifica e dá providências).
Autoria: Prefeito Municipal (Projeto de Lei nº 117/2026).
ROBERTO DE ARAUJO, Prefeito da Estância Turística de Avaré, usando das
atribuições que lhe são conferidas por lei,
Faço saber que a Câmara Municipal da Estância Turística de Avaré aprovou e eu
sanciono e promulgo a seguinte Lei:
Artigo 1º - Nos termos do artigo 43 da Lei Federal nº 4.320 de 17 de Março de 1964
combinado com o artigo 167 § 2º da Constituição Federal, fica o Poder Executivo Municipal
autorizado a lançar no orçamento vigente, Lei Municipal nº 3.354 de 02/12/2025, através do
Departamento de Contabilidade e Orçamento da Municipalidade, um CRÉDITO
ADICIONAL ESPECIAL no valor de R$ 681.800,00 (seiscentos e oitenta e um mil e
oitocentos reais), na conformidade da funcional programática e modalidade de aplicação
detalhada abaixo:
DESCRIÇÃO CODIGO DESCRIÇÃO VALOR - R$
ÓRGÃO 37 SECRETARIA MUN. DE PLANEJAMENTO E OBRAS
UNIDADE 02 COORD. DE EXECUÇÃO/FISCALIZAÇÃO DE OBRAS
SUBUNIDADE 01 DEPARTAMENTO DE ENGENHARIA
FUNÇÃO 15 URBANISMO
SUBFUNÇÃO 451 INFRAESTRUTURA URBANA
PROGRAMA 6004 DESENVOLVIMENTO DO TURISMO
ATIVIDADE 1155 CONSTR/AMPL/REFORMA OBRAS VINC.MIN.DO
TURISMO
FONTE 05 TRANSF. E CONV. FEDERAIS ESPECÍFICOS
CÓD. APLICAÇÃO 902.001 EMP. PARL .Nº 5007001- EMENDA DE COMISSÃO
CAT.ECONÔMICA 4.4.90.51.00 OBRAS E INSTALAÇÕES 681.800,00
TOTAL 681.800,00
Artigo 2º - Para cobertura das despesas com a execução desta Lei será utilizado recurso
proveniente de EXCESSO DE ARRECADAÇÃO consoante Emenda Parlamentar de
Comissão nº 50070001.
______________________________________________________________________________________________
PRAÇA JUCA NOVAES, Nº 1.169, CENTRO, AVARÉ, SP, CEP 18.705-900, TEL.: (14) 3711-2507
SECRETARIADEGABINETE@AVARE.SP.GOV.BR

Estância Turística de Avaré – Estado de São Paulo
Instituído pela Lei nº 37, de 28 de março de 2001 e Decreto nº 5.057, de 03 de janeiro de 2018
Semanário Oficial assinado digitalmente conforme MP nº 2.200-2, de 2001, garantindo autenticidade, validade jurídica e integridade.
SEMANÁRIO
Oficial Eletrônico
avare.sp.gov.br
Quinta-feira, 14 de maio de 2026 Ano X | Edição nº 2733 Prefeito: Roberto Araujo
ESTÂNCIA TURÍSTICA DE AVARÉ
ESTADO DE SÃO PAULO
Continuação Lei n° 3.446, de 13 de maio de 2026.
Artigo 3º – Esta Lei entrará em vigor na data de sua publicação e terá vigência até 31 de
dezembro de 2026.
Prefeitura da Estância Turística de Avaré, 13 de maio de 2026.
ROBERTO DE ARAUJO
Prefeito
PRAÇA JUCA NOVAES, Nº 1.169, CENTRO, AVARÉ, SP, CEP 18.705-900, TEL.: (14) 3711-2507
SECRETARIADEGABINETE@AVARE.SP.GOV.BR

Estância Turística de Avaré – Estado de São Paulo
Instituído pela Lei nº 37, de 28 de março de 2001 e Decreto nº 5.057, de 03 de janeiro de 2018
Semanário Oficial assinado digitalmente conforme MP nº 2.200-2, de 2001, garantindo autenticidade, validade jurídica e integridade.
SEMANÁRIO
Oficial Eletrônico
avare.sp.gov.br
Quinta-feira, 14 de maio de 2026 Ano X | Edição nº 2733 Prefeito: Roberto Araujo
Lei Complementar nº 401, de 13 de maio de 2026.
Dispõe sobre alteração do Anexo I
- Quadro de Pessoal Permanente –
Superior – Lei Complementar n°
126, de 02 de junho de 2010 e dá
outras providências.
Autoria: Prefeito Municipal (Projeto de Lei
Complementar nº 106/2026).
ROBERTO DE ARAUJO, Prefeito da Estância Turística
de Avaré, usando das atribuições que lhe são conferidas
por lei,
Faço saber que a Câmara Municipal da Estância
Turística de Avaré aprovou e eu sanciono e promulgo a
seguinte Lei:
Art. 1º – Fica criada 01 (uma) vaga para provimento
do cargo efetivo, abaixo relacionado, no Quadro de Pessoal
dos Servidores Públicos da Prefeitura da Estância Turística
de Avaré, acrescendo-a ao Anexo I – Quadro de Pessoal
Permanente - Superior, da Lei Complementar nº 126, de 02
de junho de 2010, e alterações, a saber:
Referência/
Denominação Nº cargo Carga horária Requisito
Padrão Salarial
Ensino Superior Completo com
Arquiteto 14-inicial 01 20 h/ semana formação na área Específica e
competente Registro no CREA.
Parágrafo único – Ficam mantidas as atribuições do
cargo mencionado no artigo 1º, as quais encontram-se
previstas nos anexos I, da Lei Complementar nº 188/2013 e
Lei Complementar nº 193/2014.
Art. 2º- Esta Lei entrará em vigor na data de sua
publicação.
Prefeitura da Estância Turística de Avaré, 13 de maio de
2026.
ROBERTO DE ARAUJO
Prefeito
...........................................................................................................

Estância Turística de Avaré – Estado de São Paulo
Instituído pela Lei nº 37, de 28 de março de 2001 e Decreto nº 5.057, de 03 de janeiro de 2018
Semanário Oficial assinado digitalmente conforme MP nº 2.200-2, de 2001, garantindo autenticidade, validade jurídica e integridade.
SEMANÁRIO
Oficial Eletrônico
avare.sp.gov.br
Quinta-feira, 14 de maio de 2026 Ano X | Edição nº 2733 Prefeito: Roberto Araujo
Decretos
Decretos
ESTÂNCIA TURÍSTICA DE AVARÉ
ESTADO DE SÃO PAULO
Decreto nº 8.746, de 14 de maio de 2026.
(Dispõe sobre abertura de Crédito Adicional Especial que
especifica e dá providências).
ROBERTO DE ARAUJO, Prefeito da Estância Turística de Avaré, usando das
atribuições que lhe são conferidas por lei,
DECRETA:
Artigo 1º- Nos termos do artigo 43 da Lei Federal nº 4.320 de 17 de Março de 1964
combinado com o artigo 167 § 2º da Constituição Federal, fica o Poder Executivo Municipal
autorizado a lançar no orçamento vigente, Lei Municipal nº 3.354 de 02/12/2025, através do
Departamento de Contabilidade e Orçamento da Municipalidade, um CRÉDITO
ADICIONAL ESPECIAL no valor de R$ 180.000,00 (cento e oitenta mil reais) para
atendimento das despesas do Fundo Municipal da Saúde na conformidade da funcional
programática e modalidade de aplicação detalhada abaixo:
ÓRGÃO 07 SECRETARIA MUNICIPAL DA SAÚDE
UNIDADE 01 FUNDO MUNICIPAL DA SAÚDE
SUBUNIDADE 15 COORDENAÇÃO ATENÇÃO ESPECIALIZADA
FUNÇÃO 10 SAÚDE
SUBFUNÇÃO 302 ASSISTÊNCIA HOSPITALAR E AMBULATORIAL
MEDIA E ALTA COMPLEXIDADE AMBULATORIAL E
PROGRAMA 1013
HOSPITALAR
ATIVIDADE/
2373 PROCEDIMENTO AMBULATORIAL - MAC
PROJETO
FONTE 05 TRANSFERÊNCIAS E CONVÊNIOS FEDERAIS
CÓD. APLICAÇÃO 302.011 FNS – (FAEC) PROG. MAIS ACESSO A ESPECIAL.
CATEGORIA OUTROS SERVIÇOS DE TERCEIROS - PESSOA
3.3.90.39.00 179.000,00
ECONÔMICA JURÍDICA
CATEGORIA
3.3.50.43.00 SUBVENÇÕES SOCIAIS 1.000,00
ECONÔMICA
TOTAL 180.000,00
TOTAL GERAL 180.000,00
Artigo 2º - Para cobertura das despesas com a execução deste decreto serão utilizados
recursos provenientes de EXCESSO DE ARRECADAÇÃO de repasses do governo Federal
consoante Portaria GM/MS Nº 8632/25.
______________________________________________________________________________________________
PRAÇA JUCA NOVAES, Nº 1.169, CENTRO, AVARÉ, SP, CEP 18.705-900, TEL.: (14) 3711-2507
SECRETARIADEGABINETE@AVARE.SP.GOV.BR

Estância Turística de Avaré – Estado de São Paulo
Instituído pela Lei nº 37, de 28 de março de 2001 e Decreto nº 5.057, de 03 de janeiro de 2018
Semanário Oficial assinado digitalmente conforme MP nº 2.200-2, de 2001, garantindo autenticidade, validade jurídica e integridade.
SEMANÁRIO
Oficial Eletrônico
avare.sp.gov.br
Quinta-feira, 14 de maio de 2026 Ano X | Edição nº 2733 Prefeito: Roberto Araujo
ESTÂNCIA TURÍSTICA DE AVARÉ
ESTADO DE SÃO PAULO
Continuação Decreto n° 8.746, de 14 de maio de 2026.
Artigo 3º – Este decreto entrará em vigor na data de sua publicação e terá vigência até
31 de dezembro de 2026.
Prefeitura da Estância Turística de Avaré, 14 de maio de 2026.
ROBERTO DE ARAUJO
Prefeito
PRAÇA JUCA NOVAES, Nº 1.169, CENTRO, AVARÉ, SP, CEP 18.705-900, TEL.: (14) 3711-2507
SECRETARIADEGABINETE@AVARE.SP.GOV.BR

Estância Turística de Avaré – Estado de São Paulo
Instituído pela Lei nº 37, de 28 de março de 2001 e Decreto nº 5.057, de 03 de janeiro de 2018
Semanário Oficial assinado digitalmente conforme MP nº 2.200-2, de 2001, garantindo autenticidade, validade jurídica e integridade.
SEMANÁRIO
Oficial Eletrônico
avare.sp.gov.br
Quinta-feira, 14 de maio de 2026 Ano X | Edição nº 2733 Prefeito: Roberto Araujo
ESTÂNCIA TURÍSTICA DE AVARÉ
ESTADO DE SÃO PAULO
Decreto nº 8.747, de 14 de maio de 2026.
(Dispõe sobre abertura de Crédito Adicional Especial que
especifica e dá providências).
ROBERTO DE ARAUJO, Prefeito da Estância Turística de Avaré, usando das
atribuições que lhe são conferidas por lei,
DECRETA:
Artigo 1º- Nos termos do artigo 43 da Lei Federal nº 4.320 de 17 de Março de 1964 combinado
com o artigo 167 § 2º da Constituição Federal, fica o Poder Executivo Municipal autorizado a lançar
no orçamento vigente, Lei Municipal nº 3.354 de 02/12/2025, através do Departamento de
Contabilidade e Orçamento da Municipalidade, um CRÉDITO ADICIONAL ESPECIAL no valor
de R$ 51.905,03 (cinquenta e um mil novecentos e cinco reais e três centavos) para atendimento das
despesas do Fundo Municipal da Saúde na conformidade da funcional programática e modalidade de
aplicação detalhada abaixo:
ÓRGÃO 07 SECRETARIA MUNICIPAL DA SAÚDE
UNIDADE 01 FUNDO MUNICIPAL DA SAÚDE
SUBUNIDADE 14 COORDENAÇÃO DA ATENÇÃO BÁSICA DA SAÚDE
FUNÇÃO 10 SAÚDE
SUBFUNÇÃO 301 ATENÇÃO BÁSICA
PROGRAMA 1012 ATENÇÃO BÁSICA
FORNECIMENTO DE LEITE E SUPLEMENTO
ATIVIDADE/PROJETO 2033
ALIMENTAR
TRANSFERÊNCIAS E CONVÊNIOS ESTADUAIS
FONTE 92
(EXERCÍCIOS ANTERIORES)
CÓD. APLICAÇÃO 803.011 EM.PARL. Nº 2025.065.69645 – RES. SS 99/25
CATEGORIA MATERIAL, BEM OU SERVIÇO PARA
3.3.90.32.00 51.905,03
ECONÔMICA DISTRIBUIÇÃO GRATUITA
TOTAL 51.905,03
Artigo 2º - Para cobertura das despesas com a execução deste decreto serão utilizados
recursos provenientes de ANULAÇÃO de repasses do governo Estadual consoante
EM.PARL. Nº 2025.065.69645 – RES. SS 99/25.
Artigo 3º – Este decreto entrará em vigor na data de sua publicação e terá vigência até
31 de dezembro de 2026.
Prefeitura da Estância Turística de Avaré, 14 de maio de 2026.
ROBERTO DE ARAUJO
Prefeito
______________________________________________________________________________________________
PRAÇA JUCA NOVAES, Nº 1.169, CENTRO, AVARÉ, SP, CEP 18.705-900, TEL.: (14) 3711-2507
SECRETARIADEGABINETE@AVARE.SP.GOV.BR

Estância Turística de Avaré – Estado de São Paulo
Instituído pela Lei nº 37, de 28 de março de 2001 e Decreto nº 5.057, de 03 de janeiro de 2018
Semanário Oficial assinado digitalmente conforme MP nº 2.200-2, de 2001, garantindo autenticidade, validade jurídica e integridade.
SEMANÁRIO
Oficial Eletrônico
avare.sp.gov.br
Quinta-feira, 14 de maio de 2026 Ano X | Edição nº 2733 Prefeito: Roberto Araujo
ESTÂNCIA TURÍSTICA DE AVARÉ
ESTADO DE SÃO PAULO
Decreto nº 8.748, de 14 de maio de 2026.
(Dispõe sobre abertura de Crédito Adicional Especial que
especifica e dá providências).
ROBERTO DE ARAUJO, Prefeito da Estância Turística de Avaré, usando das
atribuições que lhe são conferidas por lei,
DECRETA:
Artigo 1º- Nos termos do artigo 43 da Lei Federal nº 4.320 de 17 de Março de 1964
combinado com o artigo 167 § 2º da Constituição Federal, fica o Poder Executivo Municipal
autorizado a lançar no orçamento vigente, Lei Municipal nº 3.354 de 02/12/2025, através do
Departamento de Contabilidade e Orçamento da Municipalidade, um CRÉDITO
ADICIONAL ESPECIAL no valor de R$ 150.253,66 (cento e cinquenta mil, duzentos e
cinquenta e três reais e sessenta e seis centavos), na conformidade da funcional programática
e modalidade de aplicação detalhada abaixo:
DESCRIÇÃO CODIGO DESCRIÇÃO VALOR - R$
ÓRGÃO 36 SECRETARIA MUN. DE SERVIÇOS
UNIDADE 02 DIVISÃO DE SERVIÇOS MUNICIPAIS
SUBUNIDADE 05 SETOR DE MANUTENÇÃO E LIMPEZA PÚBLICA
FUNÇÃO 26 TRANSPORTE
SUBFUNÇÃO 451 INFRAESTRUTURA URBANA
PROGRAMA 5003 INFRAESTRUTURA DE TRANSPORTE E SERV.COMPL.
ATIVIDADE 2173 CONSERVAÇÃO DE VIAS PUBLICAS
FONTE 02 TRANSF. E CONV. ESTADUAIS ESPECÍFICOS
CÓD. APLICAÇÃO 803.020 EMP.PARL.Nº 2026.014.81136- DEP.BETH SAHÃO
CAT.ECONÔMICA 4.4.90.52.00 EQUIPAMENTOS E MATERIAL PERMANENTE 150.253,66
TOTAL 150.253,66
Artigo 2º - Para cobertura das despesas com a execução deste decreto será utilizado
recurso proveniente de EXCESSO DE ARRECADAÇÃO consoante Emenda Parlamentar
Individual da Deputada Estadual Beth Sahão.
______________________________________________________________________________________________
PRAÇA JUCA NOVAES, Nº 1.169, CENTRO, AVARÉ, SP, CEP 18.705-900, TEL.: (14) 3711-2507
SECRETARIADEGABINETE@AVARE.SP.GOV.BR

Estância Turística de Avaré – Estado de São Paulo
Instituído pela Lei nº 37, de 28 de março de 2001 e Decreto nº 5.057, de 03 de janeiro de 2018
Semanário Oficial assinado digitalmente conforme MP nº 2.200-2, de 2001, garantindo autenticidade, validade jurídica e integridade.
SEMANÁRIO
Oficial Eletrônico
avare.sp.gov.br
Quinta-feira, 14 de maio de 2026 Ano X | Edição nº 2733 Prefeito: Roberto Araujo
ESTÂNCIA TURÍSTICA DE AVARÉ
ESTADO DE SÃO PAULO
Continuação Decreto n° 8.748, de 14 de maio de 2026.
Artigo 3º – Este decreto entrará em vigor na data de sua publicação e terá vigência até
31 de dezembro de 2026.
Prefeitura da Estância Turística de Avaré, 14 de maio de 2026.
ROBERTO DE ARAUJO
Prefeito
PRAÇA JUCA NOVAES, Nº 1.169, CENTRO, AVARÉ, SP, CEP 18.705-900, TEL.: (14) 3711-2507
SECRETARIADEGABINETE@AVARE.SP.GOV.BR

Estância Turística de Avaré – Estado de São Paulo
Instituído pela Lei nº 37, de 28 de março de 2001 e Decreto nº 5.057, de 03 de janeiro de 2018
Semanário Oficial assinado digitalmente conforme MP nº 2.200-2, de 2001, garantindo autenticidade, validade jurídica e integridade.
SEMANÁRIO
Oficial Eletrônico
avare.sp.gov.br
Quinta-feira, 14 de maio de 2026 Ano X | Edição nº 2733 Prefeito: Roberto Araujo
ESTÂNCIA TURÍSTICA DE AVARÉ
ESTADO DE SÃO PAULO
Decreto nº 8.749, de 14 de maio de 2026.
(Dispõe sobre abertura de Crédito Adicional
Especial que especifica e dá providências).
ROBERTO DE ARAUJO, Prefeito da Estância Turística de Avaré, usando das
atribuições que lhe são conferidas por lei,
DECRETA:
Artigo 1º - Nos termos do artigo 43 da Lei Federal nº 4.320 de 17 de Março de 1964
combinado com o artigo 167 § 2º da Constituição Federal, fica o Poder Executivo Municipal
autorizado a lançar no orçamento vigente, Lei Municipal nº 3.354 de 02/12/2025, através do
Departamento de Contabilidade e Orçamento da Municipalidade, um CRÉDITO
ADICIONAL ESPECIAL no valor de R$ 681.800,00 (seiscentos e oitenta e um mil e
oitocentos reais), na conformidade da funcional programática e modalidade de aplicação
detalhada abaixo:
DESCRIÇÃO CODIGO DESCRIÇÃO VALOR - R$
ÓRGÃO 37 SECRETARIA MUN. DE PLANEJAMENTO E OBRAS
UNIDADE 02 COORD. DE EXECUÇÃO/FISCALIZAÇÃO DE OBRAS
SUBUNIDADE 01 DEPARTAMENTO DE ENGENHARIA
FUNÇÃO 15 URBANISMO
SUBFUNÇÃO 451 INFRAESTRUTURA URBANA
PROGRAMA 6004 DESENVOLVIMENTO DO TURISMO
ATIVIDADE 1155 CONSTR/AMPL/REFORMA OBRAS VINC.MIN.DO
TURISMO
FONTE 05 TRANSF. E CONV. FEDERAIS ESPECÍFICOS
CÓD. APLICAÇÃO 902.001 EMP. PARL .Nº 5007001- EMENDA DE COMISSÃO
CAT.ECONÔMICA 4.4.90.51.00 OBRAS E INSTALAÇÕES 681.800,00
TOTAL 681.800,00
Artigo 2º - Para cobertura das despesas com a execução deste decreto será utilizado
recurso proveniente de EXCESSO DE ARRECADAÇÃO consoante Emenda Parlamentar de
Comissão nº 50070001.
______________________________________________________________________________________________
PRAÇA JUCA NOVAES, Nº 1.169, CENTRO, AVARÉ, SP, CEP 18.705-900, TEL.: (14) 3711-2507
SECRETARIADEGABINETE@AVARE.SP.GOV.BR

Estância Turística de Avaré – Estado de São Paulo
Instituído pela Lei nº 37, de 28 de março de 2001 e Decreto nº 5.057, de 03 de janeiro de 2018
Semanário Oficial assinado digitalmente conforme MP nº 2.200-2, de 2001, garantindo autenticidade, validade jurídica e integridade.
SEMANÁRIO
Oficial Eletrônico
avare.sp.gov.br
Quinta-feira, 14 de maio de 2026 Ano X | Edição nº 2733 Prefeito: Roberto Araujo
ESTÂNCIA TURÍSTICA DE AVARÉ
ESTADO DE SÃO PAULO
Continuação Lei n° 8.749, de 14 de maio de 2026.
Artigo 3º – Este decreto entrará em vigor na data de sua publicação e terá vigência até
31 de dezembro de 2026.
Prefeitura da Estância Turística de Avaré, 14 de maio de 2026.
ROBERTO DE ARAUJO
Prefeito
PRAÇA JUCA NOVAES, Nº 1.169, CENTRO, AVARÉ, SP, CEP 18.705-900, TEL.: (14) 3711-2507
SECRETARIADEGABINETE@AVARE.SP.GOV.BR

Estância Turística de Avaré – Estado de São Paulo
Instituído pela Lei nº 37, de 28 de março de 2001 e Decreto nº 5.057, de 03 de janeiro de 2018
Semanário Oficial assinado digitalmente conforme MP nº 2.200-2, de 2001, garantindo autenticidade, validade jurídica e integridade.
SEMANÁRIO
Oficial Eletrônico
avare.sp.gov.br
Quinta-feira, 14 de maio de 2026 Ano X | Edição nº 2733 Prefeito: Roberto Araujo
Outros Atos
Outros Atos A Comissão Permanente de Readaptação
Funcional, reorganizada pelo Decreto nº 8.517, de 15 de
outubro de 2025, vem C O N V O C A R os servidores
abaixo relacionados a comparecerem na sede do D.E.S.S. –
Departamento de Saúde e Segurança do Servidor, sito a
Rua Pará, nº 673, Centro, para serem avaliados pela Equipe
Multidisciplinar a fim de instruir os Processos de
Readaptação Funcional, a saber:
PROC. SERVIDOR S SE OR CV IAIÇ LO ENFERMAGEM FISIOTERAPIA PSICOLOGIA MÉDICA S TREG AU BAR LA HN OÇA DOPSIQUIATRA
010/2026 M ZAA VR AC NIA E LR LE AG LIN OA PES - - 14/05/26 – 08:30 1 14 4/ :0 05 0/26 – 19/05/26 – 16:00 1 04 9/ :0 05 0/26 – -
011/2026 S AA RN MD AR NA D OCRISTINA - - 14/05/26 – 09:00 1 14 5/ :0 05 0/26 – 20/05/26 – 10:30 1 14 0/ :0 05 0/26 – -
...........................................................................................................
REUNIÃO DA COMISSÃO PERMANENTE DE
READAPTAÇÃO FUNCIONAL
De acordo com a Lei Municipal nº 2.145 de 10 de
outubro de 2017, ficam os membros da Comissão
Permanente de Readaptação Funcional, reorganizados
através de Decreto nº 8.517, de 15 de outubro de 2025,
CONVOCADOS a participarem da Reunião da Comissão
Permanente de Readaptação Funcional que será realizada
no dia 20/05/2026 às 14h00, nas dependências do
Departamento de Saúde e Segurança do Servidor –
D.E.S.S., Rua Pará, nº 673, Centro, Estância Turística de
Avaré, oportunidade em que serão discutidos Processos de
Readaptação Funcional.
A Comissão Permanente de Readaptação
Funcional
...........................................................................................................

Estância Turística de Avaré – Estado de São Paulo
Instituído pela Lei nº 37, de 28 de março de 2001 e Decreto nº 5.057, de 03 de janeiro de 2018
Semanário Oficial assinado digitalmente conforme MP nº 2.200-2, de 2001, garantindo autenticidade, validade jurídica e integridade.",https://www.dosp.com.br/exibe_do.php?i=ODE4MTk0,
DOA-038,2026-05-14,2733,Leis,3443 - abertura de crédito 180 mil - saúde,Secretaria de Saúde,"SEMANÁRIO
Oficial Eletrônico
avare.sp.gov.br
Quinta-feira, 14 de maio de 2026 Ano X | Edição nº 2733 Prefeito: Roberto Araujo
Art. 4º- A denúncia deverá ser apresentada junto à
PODER EXECUTIVO
Secretaria Municipal de Meio Ambiente, Secretaria
Poder Executivo
Municipal de Fiscalização de Posturas Municipais, ou ao
Atos Oficiais
órgão que vier a ser apontado pelo Município, por meio de
Atos Oficiais
Leis canal oficial disponibilizado, incluindo atendimento
presencial, telefone ou sistema eletrônico.
Leis Lei nº 3.440, de 13 de maio de 2026. Art. 5º- O denunciante que agir de má fé,
apresentando denúncia falsa, fraudulenta ou com objetivo
Dispõe sobre o Programa
de prejudicar terceiros, ficará sujeito:
Municipal de Incentivo à
I - à perda do direito à recompensa;
Denúncia de Infrações
II - à aplicação de multa correspondente a 50%
Ambientais Urbanas em
(cinquenta por cento) do valor previsto para a infração
Avaré/SP, estabelece
indevidamente denunciada;
recompensa ao denunciante,
III - à responsabilização civil e criminal cabível.
prevê punição à má fé e dá
Art. 6º- O Poder Executivo regulamentará a presente
outras providências.
Lei dispondo sobre:
I - os canais oficiais de denúncia;
Autoria: Ver. Pedro Victor Alarcão Alves Fusco
II - os procedimentos de apuração e comprovação das
(Projeto de Lei nº 12/2026).
infrações;
ROBERTO DE ARAUJO, Prefeito da Estância Turística
III - os mecanismos de sigilo e proteção da identidade
de Avaré, usando das atribuições que lhe são conferidas
do denunciante;
por lei,
IV - as formas de pagamento da recompensa.
Faço saber que a Câmara Municipal da Estância
Art. 7º- As despesas decorrentes da execução desta
Turística de Avaré aprovou e eu sanciono e promulgo a
Lei correrão por conta das dotações orçamentárias
seguinte Lei:
próprias, suplementadas se necessário.
Art. 1º - Fica o Poder Executivo autorizado a
Art. 8º- Esta Lei entra em vigor na data de sua
instituir no Município de Avaré/SP o Programa Municipal de
publicação.
Incentivo à Denúncia de Infrações Ambientais Urbanas,
Prefeitura da Estância Turística de Avaré, 13 de maio
destinado a incentivar a população a denunciar infrações
de 2026.
previstas na Lei Municipal nº 176/1.997, que disciplina
ROBERTO DE ARAUJO
entre outras matérias, o descarte irregular de lixo, entulhos
Prefeito
e resíduos de qualquer espécie, incluindo, de forma
...........................................................................................................
exemplificativa:
Lei nº 3.441, de 13 de maio de 2026.
I - descarte de lixo em vias e logradouros públicos;
II - descarte de entulho ou resíduos de construção;
Dispõe sobre a autorização ao
III - deposição de resíduos em áreas verdes ou de
Poder Executivo a realizar
preservação;
alienação por meio de doação de
IV - lançamento de resíduos em bueiros, galerias
um imóvel para a associação
pluviais ou cursos d’água;
Residencial Terras Altas, e dá
V - qualquer outra infração relacionada ao manejo
outras providências.
irregular de resíduos urbanos prevista na legislação
mencionada. Autoria: Prefeito Municipal (Projeto de Lei nº
Art. 2º- O denunciante que auxiliar na identificação do 25/2026).
infrator, mediante denúncia fundamentada com elementos ROBERTO DE ARAUJO, Prefeito da Estância Turística
mínimos de prova (fotografia, vídeo, identificação de de Avaré, usando das atribuições que lhe são conferidas
veículo, local e horário), fará jus ao recebimento de 30% por lei,
(trinta por cento) do valor da multa efetivamente Faço saber que a Câmara Municipal da Estância
arrecadada pelo Município. Turística de Avaré aprovou e eu sanciono e promulgo a
§ 1º O pagamento ao denunciante será realizado em seguinte Lei:
até 30 (trinta) dias após o efetivo recolhimento da multa Art. 1º Fica desafetada, na integralidade, para fins de
pelo infrator, não cabendo qualquer adiantamento ou alteração de uso de bem público de uso comum para bem
antecipação de valores. dominical, a área institucional de propriedade do Município
§ 2º O denunciante poderá optar pelo sigilo de sua da Estância Turística de Avaré, classificada como SISTEMA
identidade, garantida a confidencialidade dos dados DE LAZER 4, DO LOTEAMENTO “RESIDENCIAL TERRAS
pessoais nos termos da legislação vigente. ALTAS”, SITUADO EM AVARÉ-SP, COM A SEGUINTE
Art. 3º- O valor da multa seguirá as disposições da Lei DESCRIÇÃO: INICIA-SE NO PONTO DE DIVISA ENTRE O LOTE
Municipal nº 176/1.997, ou outra que vier a substitui-la. 1 DA QUADRA F COM A RUA 02 E O SISTEMA DE LAZER 4 E

Estância Turística de Avaré – Estado de São Paulo
Instituído pela Lei nº 37, de 28 de março de 2001 e Decreto nº 5.057, de 03 de janeiro de 2018
Semanário Oficial assinado digitalmente conforme MP nº 2.200-2, de 2001, garantindo autenticidade, validade jurídica e integridade.
SEMANÁRIO
Oficial Eletrônico
avare.sp.gov.br
Quinta-feira, 14 de maio de 2026 Ano X | Edição nº 2733 Prefeito: Roberto Araujo
SEGUE 31,29 METROS CONFRONTANDO COM O LOTE 1 DA serem utilizadas pelos moradores locais, em especial ao
QUADRA F ATÉ ENCONTRAR A ÁREA REMANESCENTE 1; público infantil.
DEFLETE À ESQUERDA E SEGUE 41,16 METROS § 2º Nos termos do laudo de avaliação o imóvel possui
CONFRONTANDO COM A ÁREA REMANESCENTE 1; DEFLETE o valor referencial no importe de R$ 372.692,21 (trezentos
À ESQUERDA, E SEGUE 36,31 METROS NA CONFRONTAÇÃO e setenta e dois mil e seiscentos e noventa e dois reais e
COM A ÁREA REMANESCENTE 1, ATÉ ENCONTRAR COM O vinte e um centavos).
LOTE 09 DA QUADRA B; DEFLETE À ESQUERDA E SEGUE Art. 3º Para efeitos da alienação por meio de doação
34,07 METROS, CONFRONTANDO COM O LOTE 09 DA prevista nesta Lei, independe de procedimento licitatório
QUADRA B ATÉ CHEGAR NA RUA 02, FINALMENTE, DEFLETE nos termos da Lei Orgânica do Município, vez que, há
NOVAMENTE À ESQUERDA E SEGUE 8,14 METROS EM evidente interesse público.
CURVA, CONFRONTANDO COM A RUA 02, ATÉ O PONTO Art. 4º Ocorrerá caducidade da alienação por meio de
INICIAL, ENCERRANDO A ÁREA DE 1.459,44 METROS doação e reversão automática do
QUADRADOS, REGISTRADO SOB MATRÍCULA Nº 78.241, DO imóvel ao patrimônio do Município da Estância
LIVRO Nº 2 DO REGISTRO GERAL DO CARTÓRIO DE Turística de Avaré, caso a donatária não proceda com a
REGISTRO DE IMÓVEIS E ANEXOS DA COMARCA DE AVARE. execução, e/ou exercício dos direitos advindos, bem como a
§ 1º A área desafetada será destinada a viabilização alteração da finalidade especificada no § 1º do Art. 2º desta
de alienação por meio de doação a Associação Residencial Lei.
Terras Altas, pessoa jurídica de direito privado, inscrita, no § 1º É vedado o gravame do imóvel com ônus real de
CNPJ nº 23.831.117/0001-12, com sede na Rua Gilberto garantia, salvo, quando tratar-se de garantia para
Filgueiras S/N, Bairro Colina da Boa Vista, CEP18.706-240, financiamento vinculado à construção e/ou ampliação da
em Avaré-SP. edificação destinada nos termos do § 1º do Art. 1º desta
§ 2º A desafetação de que trata esta Lei implica a Lei.
transferência da destinação das áreas descritas de uso § 2º O imóvel doado será revertido sem ônus ao
comum para o patrimônio disponível do Município, Município da Estância Turística de Avaré em caso de
autorizando sua utilização conforme o interesse público extinção da donatária.
justificado. § 3º É facultado ao Poder Público Municipal o direito de
§3º O Poder Executivo Municipal fica autorizado a desistir da reversão do imóvel doado, desde que
adotar todas as providências administrativas, urbanísticas e comprovada a inconveniência técnica e julgada onerosa ao
registrais necessárias à implementação desta Lei. erário a transação.
Art. 2º Fica o Poder Executivo Municipal autorizado a § 4º Em caso de reversão, não haverá ônus ao
alienar por meio de doação, um imóvel a Associação Município da Estância Turística de Avaré, nem mesmo
Residencial Terras Altas, pessoa jurídica de direito privado, recairá direito a indenização sobre as benfeitorias
inscrita no CNPJ nº 23.831.117/0001-12, com sede na Rua realizadas.
Gilberto Filgueiras S/N, Bairro Colina da Boa Vista, CEP Art. 5º As despesas com custas e emolumentos
18.706-240, em Avaré-SP, com as seguintes descrições: inerentes ao tramite registral, decorrentes desta Lei,
SISTEMA DE LAZER 4, DO LOTEAMENTO “RESIDENCIAL correrão por conta da Associação Residencial Terras Altas.
TERRAS ALTAS”, SITUADO EM AVARÉ-SP, COM A SEGUINTE Art. 6º Esta entrará em vigor na data de sua
DESCRIÇÃO: INICIA-SE NO PONTO DE DIVISA ENTRE O LOTE publicação.
1 DA QUADRA F COM A RUA 02 E O SISTEMA DE LAZER 4 E Prefeitura da Estância Turística de Avaré, 13 de maio
SEGUE 31,29 METROS CONFRONTANDO COM O LOTE 1 DA de 2026.
QUADRA F ATÉ ENCONTRAR A ÁREA REMANESCENTE 1; ROBERTO DE ARAUJO
DEFLETE À ESQUERDA E SEGUE 41,16 METROS Prefeito
CONFRONTANDO COM A ÁREA REMANESCENTE 1; DEFLETE ...........................................................................................................
À ESQUERDA, E SEGUE 36,31 METROS NA CONFRONTAÇÃO
COM A ÁREA REMANESCENTE 1, ATÉ ENCONTRAR COM O
LOTE 09 DA QUADRA B; DEFLETE À ESQUERDA E SEGUE
34,07 METROS, CONFRONTANDO COM O LOTE 09 DA
QUADRA B ATÉ CHEGAR NA RUA 02, FINALMENTE, DEFLETE
NOVAMENTEÀ ESQUERDA E SEGUE 8,14 METROS EM
CURVA, CONFRONTANDO COM A RUA 02, ATÉ O PONTO
INICIAL, ENCERRANDO A ÁREA DE 1.459,44 METROS
QUADRADOS, REGISTRADO SOB MATRÍCULA Nº 78.241, DO
LIVRO Nº 2 DO REGISTRO GERAL DO CARTÓRIO DE
REGISTRO DE IMÓVEIS E ANEXOS DA COMARCA DE AVARÉ.
§1º O imóvel tem como finalidade e destinação a
regularização de melhorias para áreas de recreação a

Estância Turística de Avaré – Estado de São Paulo
Instituído pela Lei nº 37, de 28 de março de 2001 e Decreto nº 5.057, de 03 de janeiro de 2018
Semanário Oficial assinado digitalmente conforme MP nº 2.200-2, de 2001, garantindo autenticidade, validade jurídica e integridade.
SEMANÁRIO
Oficial Eletrônico
avare.sp.gov.br
Quinta-feira, 14 de maio de 2026 Ano X | Edição nº 2733 Prefeito: Roberto Araujo
ESTÂNCIA TURÍSTICA DE AVARÉ
ESTADO DE SÃO PAULO
Lei nº 3.442, de 13 de maio de 2026.
(Inclui a área objeto da matrícula nº 88.151 do Cartório de Registro
de Imóveis de Avaré no perímetro urbano do Município de Avaré e,
dá outras providências)
Autoria: Prefeito Municipal (Projeto de Lei nº 107/2026).
ROBERTO DE ARAUJO, Prefeito da Estância Turística de Avaré, usando das
atribuições que lhe são conferidas por lei,
Faço saber que a Câmara Municipal da Estância Turística de Avaré aprovou e eu
sanciono e promulgo a seguinte Lei:
Art. 1º - Fica Incluída no Perímetro Urbano de Avaré, a área de terra abaixo descrita,
objeto da Matrícula nº 88.151:
ÁREA DE TERRAS, contendo 2,0 hectares, perímetro 600,00 metros, denominada FAZENDA SANTA
TEREZA – GLEBA DESMEMBRADA, situada no município de Avaré-SP, com as seguintes medidas e
confrontações:
VÉRTICE SEGMENTO VANTE
código longitude latitude Altitude(m código azimute Dist. (m)
)
FGWM-M- - -23º08’33,373” 779,88 FGWM- 132º18’ 200,0
0012 48º58’33,661” M0013
FGWM-M- - -23º06’37,748” 777,92 FGWM- 222º18’ 100,0
0013 48º58’28,463” M-0014
FGWM-M- - -23º08’40,152” 778,35 CWAE- 312º17’ 200,0
0014 48º58’30,828” P3663
CONFRONTAÇÕES: Até aqui confrontando com a Gleba Remanescente da Fazenda Santa
Tereza (matrícula 84.392); deste ponto segue confrontando com a Rodovia Dr. Diamantino
Monteiro da Gama (SP-3/245), pelos seguintes trechos:
VÉRTICE SEGMENTO VANTE
código longitude latitude Altitude(m código azimute Dist. (m)
)
CWAE-P- - -23º06’35,777” 778,6 CWAE-P- 42º46’ 1,34
3663 48º58’36,025” 3664
CWAE-P- - -23º06’35,745” 778,77 FGWM- 42º17’ 98,66
3664 48º58’35,994” M-0012
Certificação da Poligonal pelo INCRA: 5c912114-e158-42be-9676-50198a8b7732
CADASTRO: 629.049.000.876-4 CCIR nº 45918150221, com os seguintes dados: módulo rural: 40,0629 ha; nº
______________________________________________________________________________________________
PRAÇA JUCA NOVAES, Nº 1.169, CENTRO, AVARÉ, SP, CEP 18.705-900, TEL.: (14) 3711-2507
SECRETARIADEGABINETE@AVARE.SP.GOV.BR

Estância Turística de Avaré – Estado de São Paulo
Instituído pela Lei nº 37, de 28 de março de 2001 e Decreto nº 5.057, de 03 de janeiro de 2018
Semanário Oficial assinado digitalmente conforme MP nº 2.200-2, de 2001, garantindo autenticidade, validade jurídica e integridade.
SEMANÁRIO
Oficial Eletrônico
avare.sp.gov.br
Quinta-feira, 14 de maio de 2026 Ano X | Edição nº 2733 Prefeito: Roberto Araujo
ESTÂNCIA TURÍSTICA DE AVARÉ
ESTADO DE SÃO PAULO
Continuação Lei n° 3.442, de 13 de maio de 2026.
módulos rurais: 3,71; módulo fiscal: 30 ha; nº de módulos fiscais: 5,0211; fração mínima de parcelamento: 2 há e
inscrito no NIRF: 0.235.295-8.
Art. 2º - A área descrita no artigo anterior foi objeto de parecer favorável por parte do
Conselho Municipal do Plano Diretor, através da Resolução CMPD nº 04/2025, devidamente
publicada no Semanário Oficial Eletrônico do Município, Edição nº 2705, de 08/04/2026,
página 01.
Art. 3º - Esta Lei entra em vigor da data de sua publicação, revogando-se as disposições
em contrário.
Prefeitura da Estância Turística de Avaré, 13 de maio de 2026.
ROBERTO DE ARAUJO
Prefeito
PRAÇA JUCA NOVAES, Nº 1.169, CENTRO, AVARÉ, SP, CEP 18.705-900, TEL.: (14) 3711-2507
SECRETARIADEGABINETE@AVARE.SP.GOV.BR

Estância Turística de Avaré – Estado de São Paulo
Instituído pela Lei nº 37, de 28 de março de 2001 e Decreto nº 5.057, de 03 de janeiro de 2018
Semanário Oficial assinado digitalmente conforme MP nº 2.200-2, de 2001, garantindo autenticidade, validade jurídica e integridade.
SEMANÁRIO
Oficial Eletrônico
avare.sp.gov.br
Quinta-feira, 14 de maio de 2026 Ano X | Edição nº 2733 Prefeito: Roberto Araujo
ESTÂNCIA TURÍSTICA DE AVARÉ
ESTADO DE SÃO PAULO
Lei nº 3.443, de 13 de maio de 2026.
(Dispõe sobre abertura de Crédito Adicional Especial que
especifica e dá providências).
Autoria: Prefeito Municipal (Projeto de Lei nº 113/2026).
ROBERTO DE ARAUJO, Prefeito da Estância Turística de Avaré, usando das
atribuições que lhe são conferidas por lei,
Faço saber que a Câmara Municipal da Estância Turística de Avaré aprovou e eu
sanciono e promulgo a seguinte Lei:
Artigo 1º- Nos termos do artigo 43 da Lei Federal nº 4.320 de 17 de Março de 1964
combinado com o artigo 167 § 2º da Constituição Federal, fica o Poder Executivo Municipal
autorizado a lançar no orçamento vigente, Lei Municipal nº 3.354 de 02/12/2025, através do
Departamento de Contabilidade e Orçamento da Municipalidade, um CRÉDITO
ADICIONAL ESPECIAL no valor de R$ 180.000,00 (cento e oitenta mil reais) para
atendimento das despesas do Fundo Municipal da Saúde na conformidade da funcional
programática e modalidade de aplicação detalhada abaixo:
ÓRGÃO 07 SECRETARIA MUNICIPAL DA SAÚDE
UNIDADE 01 FUNDO MUNICIPAL DA SAÚDE
SUBUNIDADE 15 COORDENAÇÃO ATENÇÃO ESPECIALIZADA
FUNÇÃO 10 SAÚDE
SUBFUNÇÃO 302 ASSISTÊNCIA HOSPITALAR E AMBULATORIAL
MEDIA E ALTA COMPLEXIDADE AMBULATORIAL E
PROGRAMA 1013
HOSPITALAR
ATIVIDADE/
2373 PROCEDIMENTO AMBULATORIAL - MAC
PROJETO
FONTE 05 TRANSFERÊNCIAS E CONVÊNIOS FEDERAIS
CÓD. APLICAÇÃO 302.011 FNS – (FAEC) PROG. MAIS ACESSO A ESPECIAL.
CATEGORIA OUTROS SERVIÇOS DE TERCEIROS - PESSOA
3.3.90.39.00 179.000,00
ECONÔMICA JURÍDICA
CATEGORIA
3.3.50.43.00 SUBVENÇÕES SOCIAIS 1.000,00
ECONÔMICA
TOTAL 180.000,00
TOTAL GERAL 180.000,00
Artigo 2º - Para cobertura das despesas com a execução desta Lei serão utilizados
recursos provenientes de EXCESSO DE ARRECADAÇÃO de repasses do governo Federal
consoante Portaria GM/MS Nº 8632/25.
______________________________________________________________________________________________
PRAÇA JUCA NOVAES, Nº 1.169, CENTRO, AVARÉ, SP, CEP 18.705-900, TEL.: (14) 3711-2507
SECRETARIADEGABINETE@AVARE.SP.GOV.BR

Estância Turística de Avaré – Estado de São Paulo
Instituído pela Lei nº 37, de 28 de março de 2001 e Decreto nº 5.057, de 03 de janeiro de 2018
Semanário Oficial assinado digitalmente conforme MP nº 2.200-2, de 2001, garantindo autenticidade, validade jurídica e integridade.
SEMANÁRIO
Oficial Eletrônico
avare.sp.gov.br
Quinta-feira, 14 de maio de 2026 Ano X | Edição nº 2733 Prefeito: Roberto Araujo
ESTÂNCIA TURÍSTICA DE AVARÉ
ESTADO DE SÃO PAULO
Continuação Lei n° 3.443, de 13 de maio de 2026.
Artigo 3º – Esta Lei entrará em vigor na data de sua publicação e terá vigência até 31 de
dezembro de 2026.
Prefeitura da Estância Turística de Avaré, 13 de maio de 2026.
ROBERTO DE ARAUJO
Prefeito
PRAÇA JUCA NOVAES, Nº 1.169, CENTRO, AVARÉ, SP, CEP 18.705-900, TEL.: (14) 3711-2507
SECRETARIADEGABINETE@AVARE.SP.GOV.BR

Estância Turística de Avaré – Estado de São Paulo
Instituído pela Lei nº 37, de 28 de março de 2001 e Decreto nº 5.057, de 03 de janeiro de 2018
Semanário Oficial assinado digitalmente conforme MP nº 2.200-2, de 2001, garantindo autenticidade, validade jurídica e integridade.
SEMANÁRIO
Oficial Eletrônico
avare.sp.gov.br
Quinta-feira, 14 de maio de 2026 Ano X | Edição nº 2733 Prefeito: Roberto Araujo
ESTÂNCIA TURÍSTICA DE AVARÉ
ESTADO DE SÃO PAULO
Lei nº 3.444, de 13 de maio de 2026.
(Dispõe sobre abertura de Crédito Adicional Especial que
especifica e dá providências).
Autoria: Prefeito Municipal (Projeto de Lei nº 114/2026).
ROBERTO DE ARAUJO, Prefeito da Estância Turística de Avaré, usando das
atribuições que lhe são conferidas por lei,
Faço saber que a Câmara Municipal da Estância Turística de Avaré aprovou e eu
sanciono e promulgo a seguinte Lei:
Artigo 1º- Nos termos do artigo 43 da Lei Federal nº 4.320 de 17 de Março de 1964
combinado com o artigo 167 § 2º da Constituição Federal, fica o Poder Executivo Municipal
autorizado a lançar no orçamento vigente, Lei Municipal nº 3.354 de 02/12/2025, através do
Departamento de Contabilidade e Orçamento da Municipalidade, um CRÉDITO
ADICIONAL ESPECIAL no valor de R$ 51.905,03 (cinquenta e um mil novecentos e
cinco reais e três centavos) para atendimento das despesas do Fundo Municipal da Saúde na
conformidade da funcional programática e modalidade de aplicação detalhada abaixo:
ÓRGÃO 07 SECRETARIA MUNICIPAL DA SAÚDE
UNIDADE 01 FUNDO MUNICIPAL DA SAÚDE
SUBUNIDADE 14 COORDENAÇÃO DA ATENÇÃO BÁSICA DA SAÚDE
FUNÇÃO 10 SAÚDE
SUBFUNÇÃO 301 ATENÇÃO BÁSICA
PROGRAMA 1012 ATENÇÃO BÁSICA
FORNECIMENTO DE LEITE E SUPLEMENTO
ATIVIDADE/PROJETO 2033
ALIMENTAR
TRANSFERÊNCIAS E CONVÊNIOS ESTADUAIS
FONTE 92
(EXERCÍCIOS ANTERIORES)
CÓD. APLICAÇÃO 803.011 EM.PARL. Nº 2025.065.69645 – RES. SS 99/25
CATEGORIA MATERIAL, BEM OU SERVIÇO PARA
3.3.90.32.00 51.905,03
ECONÔMICA DISTRIBUIÇÃO GRATUITA
TOTAL 51.905,03
Artigo 2º - Para cobertura das despesas com a execução desta Lei serão utilizados
recursos provenientes de ANULAÇÃO de repasses do governo Estadual consoante
EM.PARL. Nº 2025.065.69645 – RES. SS 99/25.
______________________________________________________________________________________________
PRAÇA JUCA NOVAES, Nº 1.169, CENTRO, AVARÉ, SP, CEP 18.705-900, TEL.: (14) 3711-2507
SECRETARIADEGABINETE@AVARE.SP.GOV.BR

Estância Turística de Avaré – Estado de São Paulo
Instituído pela Lei nº 37, de 28 de março de 2001 e Decreto nº 5.057, de 03 de janeiro de 2018
Semanário Oficial assinado digitalmente conforme MP nº 2.200-2, de 2001, garantindo autenticidade, validade jurídica e integridade.
SEMANÁRIO
Oficial Eletrônico
avare.sp.gov.br
Quinta-feira, 14 de maio de 2026 Ano X | Edição nº 2733 Prefeito: Roberto Araujo
ESTÂNCIA TURÍSTICA DE AVARÉ
ESTADO DE SÃO PAULO
Continuação Lei n° 3.444, de 13 de maio de 2026.
Artigo 3º – Esta Lei entrará em vigor na data de sua publicação e terá vigência até 31 de
dezembro de 2026.
Prefeitura da Estância Turística de Avaré, 13 de maio de 2026.
ROBERTO DE ARAUJO
Prefeito
PRAÇA JUCA NOVAES, Nº 1.169, CENTRO, AVARÉ, SP, CEP 18.705-900, TEL.: (14) 3711-2507
SECRETARIADEGABINETE@AVARE.SP.GOV.BR

Estância Turística de Avaré – Estado de São Paulo
Instituído pela Lei nº 37, de 28 de março de 2001 e Decreto nº 5.057, de 03 de janeiro de 2018
Semanário Oficial assinado digitalmente conforme MP nº 2.200-2, de 2001, garantindo autenticidade, validade jurídica e integridade.
SEMANÁRIO
Oficial Eletrônico
avare.sp.gov.br
Quinta-feira, 14 de maio de 2026 Ano X | Edição nº 2733 Prefeito: Roberto Araujo
ESTÂNCIA TURÍSTICA DE AVARÉ
ESTADO DE SÃO PAULO
Lei nº 3.445, de 13 de maio de 2026.
(Dispõe sobre abertura de Crédito Adicional Especial que
especifica e dá providências).
Autoria: Prefeito Municipal (Projeto de Lei nº 116/2026).
ROBERTO DE ARAUJO, Prefeito da Estância Turística de Avaré, usando das
atribuições que lhe são conferidas por lei,
Faço saber que a Câmara Municipal da Estância Turística de Avaré aprovou e eu
sanciono e promulgo a seguinte Lei:
Artigo 1º- Nos termos do artigo 43 da Lei Federal nº 4.320 de 17 de Março de 1964
combinado com o artigo 167 § 2º da Constituição Federal, fica o Poder Executivo Municipal
autorizado a lançar no orçamento vigente, Lei Municipal nº 3.354 de 02/12/2025, através do
Departamento de Contabilidade e Orçamento da Municipalidade, um CRÉDITO
ADICIONAL ESPECIAL no valor de R$ 150.253,66 (cento e cinquenta mil, duzentos e
cinquenta e três reais e sessenta e seis centavos), na conformidade da funcional programática
e modalidade de aplicação detalhada abaixo:
DESCRIÇÃO CODIGO DESCRIÇÃO VALOR - R$
ÓRGÃO 36 SECRETARIA MUN. DE SERVIÇOS
UNIDADE 02 DIVISÃO DE SERVIÇOS MUNICIPAIS
SUBUNIDADE 05 SETOR DE MANUTENÇÃO E LIMPEZA PÚBLICA
FUNÇÃO 26 TRANSPORTE
SUBFUNÇÃO 451 INFRAESTRUTURA URBANA
PROGRAMA 5003 INFRAESTRUTURA DE TRANSPORTE E SERV.COMPL.
ATIVIDADE 2173 CONSERVAÇÃO DE VIAS PUBLICAS
FONTE 02 TRANSF. E CONV. ESTADUAIS ESPECÍFICOS
CÓD. APLICAÇÃO 803.020 EMP.PARL.Nº 2026.014.81136- DEP.BETH SAHÃO
CAT.ECONÔMICA 4.4.90.52.00 EQUIPAMENTOS E MATERIAL PERMANENTE 150.253,66
TOTAL 150.253,66
Artigo 2º - Para cobertura das despesas com a execução desta Lei será utilizado recurso
proveniente de EXCESSO DE ARRECADAÇÃO consoante Emenda Parlamentar Individual
da Deputada Estadual Beth Sahão.
______________________________________________________________________________________________
PRAÇA JUCA NOVAES, Nº 1.169, CENTRO, AVARÉ, SP, CEP 18.705-900, TEL.: (14) 3711-2507
SECRETARIADEGABINETE@AVARE.SP.GOV.BR

Estância Turística de Avaré – Estado de São Paulo
Instituído pela Lei nº 37, de 28 de março de 2001 e Decreto nº 5.057, de 03 de janeiro de 2018
Semanário Oficial assinado digitalmente conforme MP nº 2.200-2, de 2001, garantindo autenticidade, validade jurídica e integridade.
SEMANÁRIO
Oficial Eletrônico
avare.sp.gov.br
Quinta-feira, 14 de maio de 2026 Ano X | Edição nº 2733 Prefeito: Roberto Araujo
ESTÂNCIA TURÍSTICA DE AVARÉ
ESTADO DE SÃO PAULO
Continuação Lei n° 3.445, de 13 de maio de 2026.
Artigo 3º – Esta Lei entrará em vigor na data de sua publicação e terá vigência até 31 de
dezembro de 2026.
Prefeitura da Estância Turística de Avaré, 13 de maio de 2026.
ROBERTO DE ARAUJO
Prefeito
PRAÇA JUCA NOVAES, Nº 1.169, CENTRO, AVARÉ, SP, CEP 18.705-900, TEL.: (14) 3711-2507
SECRETARIADEGABINETE@AVARE.SP.GOV.BR

Estância Turística de Avaré – Estado de São Paulo
Instituído pela Lei nº 37, de 28 de março de 2001 e Decreto nº 5.057, de 03 de janeiro de 2018
Semanário Oficial assinado digitalmente conforme MP nº 2.200-2, de 2001, garantindo autenticidade, validade jurídica e integridade.
SEMANÁRIO
Oficial Eletrônico
avare.sp.gov.br
Quinta-feira, 14 de maio de 2026 Ano X | Edição nº 2733 Prefeito: Roberto Araujo
ESTÂNCIA TURÍSTICA DE AVARÉ
ESTADO DE SÃO PAULO
Lei nº 3.446, de 13 de maio de 2026.
(Dispõe sobre abertura de Crédito Adicional
Especial que especifica e dá providências).
Autoria: Prefeito Municipal (Projeto de Lei nº 117/2026).
ROBERTO DE ARAUJO, Prefeito da Estância Turística de Avaré, usando das
atribuições que lhe são conferidas por lei,
Faço saber que a Câmara Municipal da Estância Turística de Avaré aprovou e eu
sanciono e promulgo a seguinte Lei:
Artigo 1º - Nos termos do artigo 43 da Lei Federal nº 4.320 de 17 de Março de 1964
combinado com o artigo 167 § 2º da Constituição Federal, fica o Poder Executivo Municipal
autorizado a lançar no orçamento vigente, Lei Municipal nº 3.354 de 02/12/2025, através do
Departamento de Contabilidade e Orçamento da Municipalidade, um CRÉDITO
ADICIONAL ESPECIAL no valor de R$ 681.800,00 (seiscentos e oitenta e um mil e
oitocentos reais), na conformidade da funcional programática e modalidade de aplicação
detalhada abaixo:
DESCRIÇÃO CODIGO DESCRIÇÃO VALOR - R$
ÓRGÃO 37 SECRETARIA MUN. DE PLANEJAMENTO E OBRAS
UNIDADE 02 COORD. DE EXECUÇÃO/FISCALIZAÇÃO DE OBRAS
SUBUNIDADE 01 DEPARTAMENTO DE ENGENHARIA
FUNÇÃO 15 URBANISMO
SUBFUNÇÃO 451 INFRAESTRUTURA URBANA
PROGRAMA 6004 DESENVOLVIMENTO DO TURISMO
ATIVIDADE 1155 CONSTR/AMPL/REFORMA OBRAS VINC.MIN.DO
TURISMO
FONTE 05 TRANSF. E CONV. FEDERAIS ESPECÍFICOS
CÓD. APLICAÇÃO 902.001 EMP. PARL .Nº 5007001- EMENDA DE COMISSÃO
CAT.ECONÔMICA 4.4.90.51.00 OBRAS E INSTALAÇÕES 681.800,00
TOTAL 681.800,00
Artigo 2º - Para cobertura das despesas com a execução desta Lei será utilizado recurso
proveniente de EXCESSO DE ARRECADAÇÃO consoante Emenda Parlamentar de
Comissão nº 50070001.
______________________________________________________________________________________________
PRAÇA JUCA NOVAES, Nº 1.169, CENTRO, AVARÉ, SP, CEP 18.705-900, TEL.: (14) 3711-2507
SECRETARIADEGABINETE@AVARE.SP.GOV.BR

Estância Turística de Avaré – Estado de São Paulo
Instituído pela Lei nº 37, de 28 de março de 2001 e Decreto nº 5.057, de 03 de janeiro de 2018
Semanário Oficial assinado digitalmente conforme MP nº 2.200-2, de 2001, garantindo autenticidade, validade jurídica e integridade.
SEMANÁRIO
Oficial Eletrônico
avare.sp.gov.br
Quinta-feira, 14 de maio de 2026 Ano X | Edição nº 2733 Prefeito: Roberto Araujo
ESTÂNCIA TURÍSTICA DE AVARÉ
ESTADO DE SÃO PAULO
Continuação Lei n° 3.446, de 13 de maio de 2026.
Artigo 3º – Esta Lei entrará em vigor na data de sua publicação e terá vigência até 31 de
dezembro de 2026.
Prefeitura da Estância Turística de Avaré, 13 de maio de 2026.
ROBERTO DE ARAUJO
Prefeito
PRAÇA JUCA NOVAES, Nº 1.169, CENTRO, AVARÉ, SP, CEP 18.705-900, TEL.: (14) 3711-2507
SECRETARIADEGABINETE@AVARE.SP.GOV.BR

Estância Turística de Avaré – Estado de São Paulo
Instituído pela Lei nº 37, de 28 de março de 2001 e Decreto nº 5.057, de 03 de janeiro de 2018
Semanário Oficial assinado digitalmente conforme MP nº 2.200-2, de 2001, garantindo autenticidade, validade jurídica e integridade.
SEMANÁRIO
Oficial Eletrônico
avare.sp.gov.br
Quinta-feira, 14 de maio de 2026 Ano X | Edição nº 2733 Prefeito: Roberto Araujo
Lei Complementar nº 401, de 13 de maio de 2026.
Dispõe sobre alteração do Anexo I
- Quadro de Pessoal Permanente –
Superior – Lei Complementar n°
126, de 02 de junho de 2010 e dá
outras providências.
Autoria: Prefeito Municipal (Projeto de Lei
Complementar nº 106/2026).
ROBERTO DE ARAUJO, Prefeito da Estância Turística
de Avaré, usando das atribuições que lhe são conferidas
por lei,
Faço saber que a Câmara Municipal da Estância
Turística de Avaré aprovou e eu sanciono e promulgo a
seguinte Lei:
Art. 1º – Fica criada 01 (uma) vaga para provimento
do cargo efetivo, abaixo relacionado, no Quadro de Pessoal
dos Servidores Públicos da Prefeitura da Estância Turística
de Avaré, acrescendo-a ao Anexo I – Quadro de Pessoal
Permanente - Superior, da Lei Complementar nº 126, de 02
de junho de 2010, e alterações, a saber:
Referência/
Denominação Nº cargo Carga horária Requisito
Padrão Salarial
Ensino Superior Completo com
Arquiteto 14-inicial 01 20 h/ semana formação na área Específica e
competente Registro no CREA.
Parágrafo único – Ficam mantidas as atribuições do
cargo mencionado no artigo 1º, as quais encontram-se
previstas nos anexos I, da Lei Complementar nº 188/2013 e
Lei Complementar nº 193/2014.
Art. 2º- Esta Lei entrará em vigor na data de sua
publicação.
Prefeitura da Estância Turística de Avaré, 13 de maio de
2026.
ROBERTO DE ARAUJO
Prefeito
...........................................................................................................

Estância Turística de Avaré – Estado de São Paulo
Instituído pela Lei nº 37, de 28 de março de 2001 e Decreto nº 5.057, de 03 de janeiro de 2018
Semanário Oficial assinado digitalmente conforme MP nº 2.200-2, de 2001, garantindo autenticidade, validade jurídica e integridade.
SEMANÁRIO
Oficial Eletrônico
avare.sp.gov.br
Quinta-feira, 14 de maio de 2026 Ano X | Edição nº 2733 Prefeito: Roberto Araujo
Decretos
Decretos
ESTÂNCIA TURÍSTICA DE AVARÉ
ESTADO DE SÃO PAULO
Decreto nº 8.746, de 14 de maio de 2026.
(Dispõe sobre abertura de Crédito Adicional Especial que
especifica e dá providências).
ROBERTO DE ARAUJO, Prefeito da Estância Turística de Avaré, usando das
atribuições que lhe são conferidas por lei,
DECRETA:
Artigo 1º- Nos termos do artigo 43 da Lei Federal nº 4.320 de 17 de Março de 1964
combinado com o artigo 167 § 2º da Constituição Federal, fica o Poder Executivo Municipal
autorizado a lançar no orçamento vigente, Lei Municipal nº 3.354 de 02/12/2025, através do
Departamento de Contabilidade e Orçamento da Municipalidade, um CRÉDITO
ADICIONAL ESPECIAL no valor de R$ 180.000,00 (cento e oitenta mil reais) para
atendimento das despesas do Fundo Municipal da Saúde na conformidade da funcional
programática e modalidade de aplicação detalhada abaixo:
ÓRGÃO 07 SECRETARIA MUNICIPAL DA SAÚDE
UNIDADE 01 FUNDO MUNICIPAL DA SAÚDE
SUBUNIDADE 15 COORDENAÇÃO ATENÇÃO ESPECIALIZADA
FUNÇÃO 10 SAÚDE
SUBFUNÇÃO 302 ASSISTÊNCIA HOSPITALAR E AMBULATORIAL
MEDIA E ALTA COMPLEXIDADE AMBULATORIAL E
PROGRAMA 1013
HOSPITALAR
ATIVIDADE/
2373 PROCEDIMENTO AMBULATORIAL - MAC
PROJETO
FONTE 05 TRANSFERÊNCIAS E CONVÊNIOS FEDERAIS
CÓD. APLICAÇÃO 302.011 FNS – (FAEC) PROG. MAIS ACESSO A ESPECIAL.
CATEGORIA OUTROS SERVIÇOS DE TERCEIROS - PESSOA
3.3.90.39.00 179.000,00
ECONÔMICA JURÍDICA
CATEGORIA
3.3.50.43.00 SUBVENÇÕES SOCIAIS 1.000,00
ECONÔMICA
TOTAL 180.000,00
TOTAL GERAL 180.000,00
Artigo 2º - Para cobertura das despesas com a execução deste decreto serão utilizados
recursos provenientes de EXCESSO DE ARRECADAÇÃO de repasses do governo Federal
consoante Portaria GM/MS Nº 8632/25.
______________________________________________________________________________________________
PRAÇA JUCA NOVAES, Nº 1.169, CENTRO, AVARÉ, SP, CEP 18.705-900, TEL.: (14) 3711-2507
SECRETARIADEGABINETE@AVARE.SP.GOV.BR

Estância Turística de Avaré – Estado de São Paulo
Instituído pela Lei nº 37, de 28 de março de 2001 e Decreto nº 5.057, de 03 de janeiro de 2018
Semanário Oficial assinado digitalmente conforme MP nº 2.200-2, de 2001, garantindo autenticidade, validade jurídica e integridade.
SEMANÁRIO
Oficial Eletrônico
avare.sp.gov.br
Quinta-feira, 14 de maio de 2026 Ano X | Edição nº 2733 Prefeito: Roberto Araujo
ESTÂNCIA TURÍSTICA DE AVARÉ
ESTADO DE SÃO PAULO
Continuação Decreto n° 8.746, de 14 de maio de 2026.
Artigo 3º – Este decreto entrará em vigor na data de sua publicação e terá vigência até
31 de dezembro de 2026.
Prefeitura da Estância Turística de Avaré, 14 de maio de 2026.
ROBERTO DE ARAUJO
Prefeito
PRAÇA JUCA NOVAES, Nº 1.169, CENTRO, AVARÉ, SP, CEP 18.705-900, TEL.: (14) 3711-2507
SECRETARIADEGABINETE@AVARE.SP.GOV.BR

Estância Turística de Avaré – Estado de São Paulo
Instituído pela Lei nº 37, de 28 de março de 2001 e Decreto nº 5.057, de 03 de janeiro de 2018
Semanário Oficial assinado digitalmente conforme MP nº 2.200-2, de 2001, garantindo autenticidade, validade jurídica e integridade.
SEMANÁRIO
Oficial Eletrônico
avare.sp.gov.br
Quinta-feira, 14 de maio de 2026 Ano X | Edição nº 2733 Prefeito: Roberto Araujo
ESTÂNCIA TURÍSTICA DE AVARÉ
ESTADO DE SÃO PAULO
Decreto nº 8.747, de 14 de maio de 2026.
(Dispõe sobre abertura de Crédito Adicional Especial que
especifica e dá providências).
ROBERTO DE ARAUJO, Prefeito da Estância Turística de Avaré, usando das
atribuições que lhe são conferidas por lei,
DECRETA:
Artigo 1º- Nos termos do artigo 43 da Lei Federal nº 4.320 de 17 de Março de 1964 combinado
com o artigo 167 § 2º da Constituição Federal, fica o Poder Executivo Municipal autorizado a lançar
no orçamento vigente, Lei Municipal nº 3.354 de 02/12/2025, através do Departamento de
Contabilidade e Orçamento da Municipalidade, um CRÉDITO ADICIONAL ESPECIAL no valor
de R$ 51.905,03 (cinquenta e um mil novecentos e cinco reais e três centavos) para atendimento das
despesas do Fundo Municipal da Saúde na conformidade da funcional programática e modalidade de
aplicação detalhada abaixo:
ÓRGÃO 07 SECRETARIA MUNICIPAL DA SAÚDE
UNIDADE 01 FUNDO MUNICIPAL DA SAÚDE
SUBUNIDADE 14 COORDENAÇÃO DA ATENÇÃO BÁSICA DA SAÚDE
FUNÇÃO 10 SAÚDE
SUBFUNÇÃO 301 ATENÇÃO BÁSICA
PROGRAMA 1012 ATENÇÃO BÁSICA
FORNECIMENTO DE LEITE E SUPLEMENTO
ATIVIDADE/PROJETO 2033
ALIMENTAR
TRANSFERÊNCIAS E CONVÊNIOS ESTADUAIS
FONTE 92
(EXERCÍCIOS ANTERIORES)
CÓD. APLICAÇÃO 803.011 EM.PARL. Nº 2025.065.69645 – RES. SS 99/25
CATEGORIA MATERIAL, BEM OU SERVIÇO PARA
3.3.90.32.00 51.905,03
ECONÔMICA DISTRIBUIÇÃO GRATUITA
TOTAL 51.905,03
Artigo 2º - Para cobertura das despesas com a execução deste decreto serão utilizados
recursos provenientes de ANULAÇÃO de repasses do governo Estadual consoante
EM.PARL. Nº 2025.065.69645 – RES. SS 99/25.
Artigo 3º – Este decreto entrará em vigor na data de sua publicação e terá vigência até
31 de dezembro de 2026.
Prefeitura da Estância Turística de Avaré, 14 de maio de 2026.
ROBERTO DE ARAUJO
Prefeito
______________________________________________________________________________________________
PRAÇA JUCA NOVAES, Nº 1.169, CENTRO, AVARÉ, SP, CEP 18.705-900, TEL.: (14) 3711-2507
SECRETARIADEGABINETE@AVARE.SP.GOV.BR

Estância Turística de Avaré – Estado de São Paulo
Instituído pela Lei nº 37, de 28 de março de 2001 e Decreto nº 5.057, de 03 de janeiro de 2018
Semanário Oficial assinado digitalmente conforme MP nº 2.200-2, de 2001, garantindo autenticidade, validade jurídica e integridade.
SEMANÁRIO
Oficial Eletrônico
avare.sp.gov.br
Quinta-feira, 14 de maio de 2026 Ano X | Edição nº 2733 Prefeito: Roberto Araujo
ESTÂNCIA TURÍSTICA DE AVARÉ
ESTADO DE SÃO PAULO
Decreto nº 8.748, de 14 de maio de 2026.
(Dispõe sobre abertura de Crédito Adicional Especial que
especifica e dá providências).
ROBERTO DE ARAUJO, Prefeito da Estância Turística de Avaré, usando das
atribuições que lhe são conferidas por lei,
DECRETA:
Artigo 1º- Nos termos do artigo 43 da Lei Federal nº 4.320 de 17 de Março de 1964
combinado com o artigo 167 § 2º da Constituição Federal, fica o Poder Executivo Municipal
autorizado a lançar no orçamento vigente, Lei Municipal nº 3.354 de 02/12/2025, através do
Departamento de Contabilidade e Orçamento da Municipalidade, um CRÉDITO
ADICIONAL ESPECIAL no valor de R$ 150.253,66 (cento e cinquenta mil, duzentos e
cinquenta e três reais e sessenta e seis centavos), na conformidade da funcional programática
e modalidade de aplicação detalhada abaixo:
DESCRIÇÃO CODIGO DESCRIÇÃO VALOR - R$
ÓRGÃO 36 SECRETARIA MUN. DE SERVIÇOS
UNIDADE 02 DIVISÃO DE SERVIÇOS MUNICIPAIS
SUBUNIDADE 05 SETOR DE MANUTENÇÃO E LIMPEZA PÚBLICA
FUNÇÃO 26 TRANSPORTE
SUBFUNÇÃO 451 INFRAESTRUTURA URBANA
PROGRAMA 5003 INFRAESTRUTURA DE TRANSPORTE E SERV.COMPL.
ATIVIDADE 2173 CONSERVAÇÃO DE VIAS PUBLICAS
FONTE 02 TRANSF. E CONV. ESTADUAIS ESPECÍFICOS
CÓD. APLICAÇÃO 803.020 EMP.PARL.Nº 2026.014.81136- DEP.BETH SAHÃO
CAT.ECONÔMICA 4.4.90.52.00 EQUIPAMENTOS E MATERIAL PERMANENTE 150.253,66
TOTAL 150.253,66
Artigo 2º - Para cobertura das despesas com a execução deste decreto será utilizado
recurso proveniente de EXCESSO DE ARRECADAÇÃO consoante Emenda Parlamentar
Individual da Deputada Estadual Beth Sahão.
______________________________________________________________________________________________
PRAÇA JUCA NOVAES, Nº 1.169, CENTRO, AVARÉ, SP, CEP 18.705-900, TEL.: (14) 3711-2507
SECRETARIADEGABINETE@AVARE.SP.GOV.BR

Estância Turística de Avaré – Estado de São Paulo
Instituído pela Lei nº 37, de 28 de março de 2001 e Decreto nº 5.057, de 03 de janeiro de 2018
Semanário Oficial assinado digitalmente conforme MP nº 2.200-2, de 2001, garantindo autenticidade, validade jurídica e integridade.
SEMANÁRIO
Oficial Eletrônico
avare.sp.gov.br
Quinta-feira, 14 de maio de 2026 Ano X | Edição nº 2733 Prefeito: Roberto Araujo
ESTÂNCIA TURÍSTICA DE AVARÉ
ESTADO DE SÃO PAULO
Continuação Decreto n° 8.748, de 14 de maio de 2026.
Artigo 3º – Este decreto entrará em vigor na data de sua publicação e terá vigência até
31 de dezembro de 2026.
Prefeitura da Estância Turística de Avaré, 14 de maio de 2026.
ROBERTO DE ARAUJO
Prefeito
PRAÇA JUCA NOVAES, Nº 1.169, CENTRO, AVARÉ, SP, CEP 18.705-900, TEL.: (14) 3711-2507
SECRETARIADEGABINETE@AVARE.SP.GOV.BR

Estância Turística de Avaré – Estado de São Paulo
Instituído pela Lei nº 37, de 28 de março de 2001 e Decreto nº 5.057, de 03 de janeiro de 2018
Semanário Oficial assinado digitalmente conforme MP nº 2.200-2, de 2001, garantindo autenticidade, validade jurídica e integridade.
SEMANÁRIO
Oficial Eletrônico
avare.sp.gov.br
Quinta-feira, 14 de maio de 2026 Ano X | Edição nº 2733 Prefeito: Roberto Araujo
ESTÂNCIA TURÍSTICA DE AVARÉ
ESTADO DE SÃO PAULO
Decreto nº 8.749, de 14 de maio de 2026.
(Dispõe sobre abertura de Crédito Adicional
Especial que especifica e dá providências).
ROBERTO DE ARAUJO, Prefeito da Estância Turística de Avaré, usando das
atribuições que lhe são conferidas por lei,
DECRETA:
Artigo 1º - Nos termos do artigo 43 da Lei Federal nº 4.320 de 17 de Março de 1964
combinado com o artigo 167 § 2º da Constituição Federal, fica o Poder Executivo Municipal
autorizado a lançar no orçamento vigente, Lei Municipal nº 3.354 de 02/12/2025, através do
Departamento de Contabilidade e Orçamento da Municipalidade, um CRÉDITO
ADICIONAL ESPECIAL no valor de R$ 681.800,00 (seiscentos e oitenta e um mil e
oitocentos reais), na conformidade da funcional programática e modalidade de aplicação
detalhada abaixo:
DESCRIÇÃO CODIGO DESCRIÇÃO VALOR - R$
ÓRGÃO 37 SECRETARIA MUN. DE PLANEJAMENTO E OBRAS
UNIDADE 02 COORD. DE EXECUÇÃO/FISCALIZAÇÃO DE OBRAS
SUBUNIDADE 01 DEPARTAMENTO DE ENGENHARIA
FUNÇÃO 15 URBANISMO
SUBFUNÇÃO 451 INFRAESTRUTURA URBANA
PROGRAMA 6004 DESENVOLVIMENTO DO TURISMO
ATIVIDADE 1155 CONSTR/AMPL/REFORMA OBRAS VINC.MIN.DO
TURISMO
FONTE 05 TRANSF. E CONV. FEDERAIS ESPECÍFICOS
CÓD. APLICAÇÃO 902.001 EMP. PARL .Nº 5007001- EMENDA DE COMISSÃO
CAT.ECONÔMICA 4.4.90.51.00 OBRAS E INSTALAÇÕES 681.800,00
TOTAL 681.800,00
Artigo 2º - Para cobertura das despesas com a execução deste decreto será utilizado
recurso proveniente de EXCESSO DE ARRECADAÇÃO consoante Emenda Parlamentar de
Comissão nº 50070001.
______________________________________________________________________________________________
PRAÇA JUCA NOVAES, Nº 1.169, CENTRO, AVARÉ, SP, CEP 18.705-900, TEL.: (14) 3711-2507
SECRETARIADEGABINETE@AVARE.SP.GOV.BR

Estância Turística de Avaré – Estado de São Paulo
Instituído pela Lei nº 37, de 28 de março de 2001 e Decreto nº 5.057, de 03 de janeiro de 2018
Semanário Oficial assinado digitalmente conforme MP nº 2.200-2, de 2001, garantindo autenticidade, validade jurídica e integridade.
SEMANÁRIO
Oficial Eletrônico
avare.sp.gov.br
Quinta-feira, 14 de maio de 2026 Ano X | Edição nº 2733 Prefeito: Roberto Araujo
ESTÂNCIA TURÍSTICA DE AVARÉ
ESTADO DE SÃO PAULO
Continuação Lei n° 8.749, de 14 de maio de 2026.
Artigo 3º – Este decreto entrará em vigor na data de sua publicação e terá vigência até
31 de dezembro de 2026.
Prefeitura da Estância Turística de Avaré, 14 de maio de 2026.
ROBERTO DE ARAUJO
Prefeito
PRAÇA JUCA NOVAES, Nº 1.169, CENTRO, AVARÉ, SP, CEP 18.705-900, TEL.: (14) 3711-2507
SECRETARIADEGABINETE@AVARE.SP.GOV.BR

Estância Turística de Avaré – Estado de São Paulo
Instituído pela Lei nº 37, de 28 de março de 2001 e Decreto nº 5.057, de 03 de janeiro de 2018
Semanário Oficial assinado digitalmente conforme MP nº 2.200-2, de 2001, garantindo autenticidade, validade jurídica e integridade.
SEMANÁRIO
Oficial Eletrônico
avare.sp.gov.br
Quinta-feira, 14 de maio de 2026 Ano X | Edição nº 2733 Prefeito: Roberto Araujo
Outros Atos
Outros Atos A Comissão Permanente de Readaptação
Funcional, reorganizada pelo Decreto nº 8.517, de 15 de
outubro de 2025, vem C O N V O C A R os servidores
abaixo relacionados a comparecerem na sede do D.E.S.S. –
Departamento de Saúde e Segurança do Servidor, sito a
Rua Pará, nº 673, Centro, para serem avaliados pela Equipe
Multidisciplinar a fim de instruir os Processos de
Readaptação Funcional, a saber:
PROC. SERVIDOR S SE OR CV IAIÇ LO ENFERMAGEM FISIOTERAPIA PSICOLOGIA MÉDICA S TREG AU BAR LA HN OÇA DOPSIQUIATRA
010/2026 M ZAA VR AC NIA E LR LE AG LIN OA PES - - 14/05/26 – 08:30 1 14 4/ :0 05 0/26 – 19/05/26 – 16:00 1 04 9/ :0 05 0/26 – -
011/2026 S AA RN MD AR NA D OCRISTINA - - 14/05/26 – 09:00 1 14 5/ :0 05 0/26 – 20/05/26 – 10:30 1 14 0/ :0 05 0/26 – -
...........................................................................................................
REUNIÃO DA COMISSÃO PERMANENTE DE
READAPTAÇÃO FUNCIONAL
De acordo com a Lei Municipal nº 2.145 de 10 de
outubro de 2017, ficam os membros da Comissão
Permanente de Readaptação Funcional, reorganizados
através de Decreto nº 8.517, de 15 de outubro de 2025,
CONVOCADOS a participarem da Reunião da Comissão
Permanente de Readaptação Funcional que será realizada
no dia 20/05/2026 às 14h00, nas dependências do
Departamento de Saúde e Segurança do Servidor –
D.E.S.S., Rua Pará, nº 673, Centro, Estância Turística de
Avaré, oportunidade em que serão discutidos Processos de
Readaptação Funcional.
A Comissão Permanente de Readaptação
Funcional
...........................................................................................................

Estância Turística de Avaré – Estado de São Paulo
Instituído pela Lei nº 37, de 28 de março de 2001 e Decreto nº 5.057, de 03 de janeiro de 2018
Semanário Oficial assinado digitalmente conforme MP nº 2.200-2, de 2001, garantindo autenticidade, validade jurídica e integridade.",https://www.dosp.com.br/exibe_do.php?i=ODE4MTk0,
DOA-039,2026-05-14,2732,Portarias,1113 – (...),Não identificada,"Imprensa Oficial - Modo leitura em tela
Abrir Versão do Diário Eletrônico
Abrir Versão do Diário para Impressão
Ir para a lista de edições
IMPRENSA OFICIAL - AVARÉ
Publicado em 14 de maio de 2026 | Edição nº 2732 | Ano X
Entidade: Poder Executivo | Seção: Atos Oficiais | Subseção: Portarias
Portaria nº 1.113, de 06 de maio de 2026.
(Dispõe sobre enquadramento e ou reenquadramento dos Profissionais da Educação Básica).
ROBERTO DE ARAUJO
, Prefeito da Estância Turística de Avaré, usando suas atribuições que lhe são conferidas por Lei e,
Considerando
o disposto nos artigos 22 e 23
[1]
da Lei Complementar nº 216, de 03 de maio de 2016, publicada em 07 de maio de 2016, no Semanário Oficial nº 770 de 07/05/2016;
Considerando
a análise dos documentos comprobatórios exigidos para o enquadramento e ou reenquadramento e relatório emitido pela Comissão de Gestão de Carreiras e Remuneração da Educação Básica, designada através do Decreto nº 8402/2025,
Considerando
a pertinência dos títulos ou diplomas vinculados às atribuições do cargo e ao campo de atuação;
R E S O L V E:
Art. 1º
– Autorizar a implantação da alteração do “Nível”, mantendo-se o “Grau” no valor dos vencimentos do Profissional da Educação Básica abaixo, aos servidores abaixo discriminados, a partir do dia 01 de maio de 2026.
Mat.
Nome
Cargo
Título
Grau
Nível para enquadramento

Jaina Domingos da Silva
PEB I
Pós-Graduação
A
III
Prefeitura da
Estância Turística de Avaré, 06 de maio de 2026.
ROBERTO DE ARAUJO
PREFEITO
Registrado na Secretaria de Gabinete, publicado por afixação no local de costume.
[1]
Art. 22. Enquadramento ou reenquadramento é a passagem de um nível para superior, mantido o grau, segundo sua qualificação, mediante apresentação de títulos ou diplomas vinculados às atribuições do cargo e ao campo de atuação.
Parágrafo único. A Secretaria de Educação estabelecerá os procedimentos para apresentação e avaliação de títulos ou diplomas para fins de enquadramento e reenquadramento, cuja passagem de nível será imediata mediante a entrega dos títulos ou diplomas pelo profissional do Magistério Municipal.
Art. 23. Está habilitado ao enquadramento ou reenquadramento o Profissional da Educação Básica:
I - que tiver obtido a qualificação exigida;
II - que estiver em efetivo exercício.
§ 1° A qualificação exigida para o enquadramento e reenquadramento será mediante:
I - graduação;
II - titulação.
§ 2° A graduação e a titulação:
I - devem ser reconhecidas pelo Ministério da Educação;
II - dever ser da área da Educação;
III - têm validade indeterminada para os fins desta Lei;
IV - não podem ser utilizadas mais de uma vez para fins de evolução funcional.
Parágrafo único. O profissional da Educação Básica que obtiver a qualificação exigida para o enquadramento ou reenquadramento poderá a qualquer momento, mediante requerimento junto à Secretaria Municipal de Educação, solicitar a análise dos títulos para ter direito ao enquadramento ou reenquadramento, de acordo com os níveis constantes no anexo II desta Lei (Tabela de Vencimentos).
Este conteúdo não substitui o publicado na versão certificada.",https://www.dosp.com.br/exibe_do.php?i=ODE3ODM2,
DOA-040,2026-05-14,2733,Decretos,8746 - abertura de crédito 180 mil - saúde,Secretaria de Saúde,"SEMANÁRIO
Oficial Eletrônico
avare.sp.gov.br
Quinta-feira, 14 de maio de 2026 Ano X | Edição nº 2733 Prefeito: Roberto Araujo
Art. 4º- A denúncia deverá ser apresentada junto à
PODER EXECUTIVO
Secretaria Municipal de Meio Ambiente, Secretaria
Poder Executivo
Municipal de Fiscalização de Posturas Municipais, ou ao
Atos Oficiais
órgão que vier a ser apontado pelo Município, por meio de
Atos Oficiais
Leis canal oficial disponibilizado, incluindo atendimento
presencial, telefone ou sistema eletrônico.
Leis Lei nº 3.440, de 13 de maio de 2026. Art. 5º- O denunciante que agir de má fé,
apresentando denúncia falsa, fraudulenta ou com objetivo
Dispõe sobre o Programa
de prejudicar terceiros, ficará sujeito:
Municipal de Incentivo à
I - à perda do direito à recompensa;
Denúncia de Infrações
II - à aplicação de multa correspondente a 50%
Ambientais Urbanas em
(cinquenta por cento) do valor previsto para a infração
Avaré/SP, estabelece
indevidamente denunciada;
recompensa ao denunciante,
III - à responsabilização civil e criminal cabível.
prevê punição à má fé e dá
Art. 6º- O Poder Executivo regulamentará a presente
outras providências.
Lei dispondo sobre:
I - os canais oficiais de denúncia;
Autoria: Ver. Pedro Victor Alarcão Alves Fusco
II - os procedimentos de apuração e comprovação das
(Projeto de Lei nº 12/2026).
infrações;
ROBERTO DE ARAUJO, Prefeito da Estância Turística
III - os mecanismos de sigilo e proteção da identidade
de Avaré, usando das atribuições que lhe são conferidas
do denunciante;
por lei,
IV - as formas de pagamento da recompensa.
Faço saber que a Câmara Municipal da Estância
Art. 7º- As despesas decorrentes da execução desta
Turística de Avaré aprovou e eu sanciono e promulgo a
Lei correrão por conta das dotações orçamentárias
seguinte Lei:
próprias, suplementadas se necessário.
Art. 1º - Fica o Poder Executivo autorizado a
Art. 8º- Esta Lei entra em vigor na data de sua
instituir no Município de Avaré/SP o Programa Municipal de
publicação.
Incentivo à Denúncia de Infrações Ambientais Urbanas,
Prefeitura da Estância Turística de Avaré, 13 de maio
destinado a incentivar a população a denunciar infrações
de 2026.
previstas na Lei Municipal nº 176/1.997, que disciplina
ROBERTO DE ARAUJO
entre outras matérias, o descarte irregular de lixo, entulhos
Prefeito
e resíduos de qualquer espécie, incluindo, de forma
...........................................................................................................
exemplificativa:
Lei nº 3.441, de 13 de maio de 2026.
I - descarte de lixo em vias e logradouros públicos;
II - descarte de entulho ou resíduos de construção;
Dispõe sobre a autorização ao
III - deposição de resíduos em áreas verdes ou de
Poder Executivo a realizar
preservação;
alienação por meio de doação de
IV - lançamento de resíduos em bueiros, galerias
um imóvel para a associação
pluviais ou cursos d’água;
Residencial Terras Altas, e dá
V - qualquer outra infração relacionada ao manejo
outras providências.
irregular de resíduos urbanos prevista na legislação
mencionada. Autoria: Prefeito Municipal (Projeto de Lei nº
Art. 2º- O denunciante que auxiliar na identificação do 25/2026).
infrator, mediante denúncia fundamentada com elementos ROBERTO DE ARAUJO, Prefeito da Estância Turística
mínimos de prova (fotografia, vídeo, identificação de de Avaré, usando das atribuições que lhe são conferidas
veículo, local e horário), fará jus ao recebimento de 30% por lei,
(trinta por cento) do valor da multa efetivamente Faço saber que a Câmara Municipal da Estância
arrecadada pelo Município. Turística de Avaré aprovou e eu sanciono e promulgo a
§ 1º O pagamento ao denunciante será realizado em seguinte Lei:
até 30 (trinta) dias após o efetivo recolhimento da multa Art. 1º Fica desafetada, na integralidade, para fins de
pelo infrator, não cabendo qualquer adiantamento ou alteração de uso de bem público de uso comum para bem
antecipação de valores. dominical, a área institucional de propriedade do Município
§ 2º O denunciante poderá optar pelo sigilo de sua da Estância Turística de Avaré, classificada como SISTEMA
identidade, garantida a confidencialidade dos dados DE LAZER 4, DO LOTEAMENTO “RESIDENCIAL TERRAS
pessoais nos termos da legislação vigente. ALTAS”, SITUADO EM AVARÉ-SP, COM A SEGUINTE
Art. 3º- O valor da multa seguirá as disposições da Lei DESCRIÇÃO: INICIA-SE NO PONTO DE DIVISA ENTRE O LOTE
Municipal nº 176/1.997, ou outra que vier a substitui-la. 1 DA QUADRA F COM A RUA 02 E O SISTEMA DE LAZER 4 E

Estância Turística de Avaré – Estado de São Paulo
Instituído pela Lei nº 37, de 28 de março de 2001 e Decreto nº 5.057, de 03 de janeiro de 2018
Semanário Oficial assinado digitalmente conforme MP nº 2.200-2, de 2001, garantindo autenticidade, validade jurídica e integridade.
SEMANÁRIO
Oficial Eletrônico
avare.sp.gov.br
Quinta-feira, 14 de maio de 2026 Ano X | Edição nº 2733 Prefeito: Roberto Araujo
SEGUE 31,29 METROS CONFRONTANDO COM O LOTE 1 DA serem utilizadas pelos moradores locais, em especial ao
QUADRA F ATÉ ENCONTRAR A ÁREA REMANESCENTE 1; público infantil.
DEFLETE À ESQUERDA E SEGUE 41,16 METROS § 2º Nos termos do laudo de avaliação o imóvel possui
CONFRONTANDO COM A ÁREA REMANESCENTE 1; DEFLETE o valor referencial no importe de R$ 372.692,21 (trezentos
À ESQUERDA, E SEGUE 36,31 METROS NA CONFRONTAÇÃO e setenta e dois mil e seiscentos e noventa e dois reais e
COM A ÁREA REMANESCENTE 1, ATÉ ENCONTRAR COM O vinte e um centavos).
LOTE 09 DA QUADRA B; DEFLETE À ESQUERDA E SEGUE Art. 3º Para efeitos da alienação por meio de doação
34,07 METROS, CONFRONTANDO COM O LOTE 09 DA prevista nesta Lei, independe de procedimento licitatório
QUADRA B ATÉ CHEGAR NA RUA 02, FINALMENTE, DEFLETE nos termos da Lei Orgânica do Município, vez que, há
NOVAMENTE À ESQUERDA E SEGUE 8,14 METROS EM evidente interesse público.
CURVA, CONFRONTANDO COM A RUA 02, ATÉ O PONTO Art. 4º Ocorrerá caducidade da alienação por meio de
INICIAL, ENCERRANDO A ÁREA DE 1.459,44 METROS doação e reversão automática do
QUADRADOS, REGISTRADO SOB MATRÍCULA Nº 78.241, DO imóvel ao patrimônio do Município da Estância
LIVRO Nº 2 DO REGISTRO GERAL DO CARTÓRIO DE Turística de Avaré, caso a donatária não proceda com a
REGISTRO DE IMÓVEIS E ANEXOS DA COMARCA DE AVARE. execução, e/ou exercício dos direitos advindos, bem como a
§ 1º A área desafetada será destinada a viabilização alteração da finalidade especificada no § 1º do Art. 2º desta
de alienação por meio de doação a Associação Residencial Lei.
Terras Altas, pessoa jurídica de direito privado, inscrita, no § 1º É vedado o gravame do imóvel com ônus real de
CNPJ nº 23.831.117/0001-12, com sede na Rua Gilberto garantia, salvo, quando tratar-se de garantia para
Filgueiras S/N, Bairro Colina da Boa Vista, CEP18.706-240, financiamento vinculado à construção e/ou ampliação da
em Avaré-SP. edificação destinada nos termos do § 1º do Art. 1º desta
§ 2º A desafetação de que trata esta Lei implica a Lei.
transferência da destinação das áreas descritas de uso § 2º O imóvel doado será revertido sem ônus ao
comum para o patrimônio disponível do Município, Município da Estância Turística de Avaré em caso de
autorizando sua utilização conforme o interesse público extinção da donatária.
justificado. § 3º É facultado ao Poder Público Municipal o direito de
§3º O Poder Executivo Municipal fica autorizado a desistir da reversão do imóvel doado, desde que
adotar todas as providências administrativas, urbanísticas e comprovada a inconveniência técnica e julgada onerosa ao
registrais necessárias à implementação desta Lei. erário a transação.
Art. 2º Fica o Poder Executivo Municipal autorizado a § 4º Em caso de reversão, não haverá ônus ao
alienar por meio de doação, um imóvel a Associação Município da Estância Turística de Avaré, nem mesmo
Residencial Terras Altas, pessoa jurídica de direito privado, recairá direito a indenização sobre as benfeitorias
inscrita no CNPJ nº 23.831.117/0001-12, com sede na Rua realizadas.
Gilberto Filgueiras S/N, Bairro Colina da Boa Vista, CEP Art. 5º As despesas com custas e emolumentos
18.706-240, em Avaré-SP, com as seguintes descrições: inerentes ao tramite registral, decorrentes desta Lei,
SISTEMA DE LAZER 4, DO LOTEAMENTO “RESIDENCIAL correrão por conta da Associação Residencial Terras Altas.
TERRAS ALTAS”, SITUADO EM AVARÉ-SP, COM A SEGUINTE Art. 6º Esta entrará em vigor na data de sua
DESCRIÇÃO: INICIA-SE NO PONTO DE DIVISA ENTRE O LOTE publicação.
1 DA QUADRA F COM A RUA 02 E O SISTEMA DE LAZER 4 E Prefeitura da Estância Turística de Avaré, 13 de maio
SEGUE 31,29 METROS CONFRONTANDO COM O LOTE 1 DA de 2026.
QUADRA F ATÉ ENCONTRAR A ÁREA REMANESCENTE 1; ROBERTO DE ARAUJO
DEFLETE À ESQUERDA E SEGUE 41,16 METROS Prefeito
CONFRONTANDO COM A ÁREA REMANESCENTE 1; DEFLETE ...........................................................................................................
À ESQUERDA, E SEGUE 36,31 METROS NA CONFRONTAÇÃO
COM A ÁREA REMANESCENTE 1, ATÉ ENCONTRAR COM O
LOTE 09 DA QUADRA B; DEFLETE À ESQUERDA E SEGUE
34,07 METROS, CONFRONTANDO COM O LOTE 09 DA
QUADRA B ATÉ CHEGAR NA RUA 02, FINALMENTE, DEFLETE
NOVAMENTEÀ ESQUERDA E SEGUE 8,14 METROS EM
CURVA, CONFRONTANDO COM A RUA 02, ATÉ O PONTO
INICIAL, ENCERRANDO A ÁREA DE 1.459,44 METROS
QUADRADOS, REGISTRADO SOB MATRÍCULA Nº 78.241, DO
LIVRO Nº 2 DO REGISTRO GERAL DO CARTÓRIO DE
REGISTRO DE IMÓVEIS E ANEXOS DA COMARCA DE AVARÉ.
§1º O imóvel tem como finalidade e destinação a
regularização de melhorias para áreas de recreação a

Estância Turística de Avaré – Estado de São Paulo
Instituído pela Lei nº 37, de 28 de março de 2001 e Decreto nº 5.057, de 03 de janeiro de 2018
Semanário Oficial assinado digitalmente conforme MP nº 2.200-2, de 2001, garantindo autenticidade, validade jurídica e integridade.
SEMANÁRIO
Oficial Eletrônico
avare.sp.gov.br
Quinta-feira, 14 de maio de 2026 Ano X | Edição nº 2733 Prefeito: Roberto Araujo
ESTÂNCIA TURÍSTICA DE AVARÉ
ESTADO DE SÃO PAULO
Lei nº 3.442, de 13 de maio de 2026.
(Inclui a área objeto da matrícula nº 88.151 do Cartório de Registro
de Imóveis de Avaré no perímetro urbano do Município de Avaré e,
dá outras providências)
Autoria: Prefeito Municipal (Projeto de Lei nº 107/2026).
ROBERTO DE ARAUJO, Prefeito da Estância Turística de Avaré, usando das
atribuições que lhe são conferidas por lei,
Faço saber que a Câmara Municipal da Estância Turística de Avaré aprovou e eu
sanciono e promulgo a seguinte Lei:
Art. 1º - Fica Incluída no Perímetro Urbano de Avaré, a área de terra abaixo descrita,
objeto da Matrícula nº 88.151:
ÁREA DE TERRAS, contendo 2,0 hectares, perímetro 600,00 metros, denominada FAZENDA SANTA
TEREZA – GLEBA DESMEMBRADA, situada no município de Avaré-SP, com as seguintes medidas e
confrontações:
VÉRTICE SEGMENTO VANTE
código longitude latitude Altitude(m código azimute Dist. (m)
)
FGWM-M- - -23º08’33,373” 779,88 FGWM- 132º18’ 200,0
0012 48º58’33,661” M0013
FGWM-M- - -23º06’37,748” 777,92 FGWM- 222º18’ 100,0
0013 48º58’28,463” M-0014
FGWM-M- - -23º08’40,152” 778,35 CWAE- 312º17’ 200,0
0014 48º58’30,828” P3663
CONFRONTAÇÕES: Até aqui confrontando com a Gleba Remanescente da Fazenda Santa
Tereza (matrícula 84.392); deste ponto segue confrontando com a Rodovia Dr. Diamantino
Monteiro da Gama (SP-3/245), pelos seguintes trechos:
VÉRTICE SEGMENTO VANTE
código longitude latitude Altitude(m código azimute Dist. (m)
)
CWAE-P- - -23º06’35,777” 778,6 CWAE-P- 42º46’ 1,34
3663 48º58’36,025” 3664
CWAE-P- - -23º06’35,745” 778,77 FGWM- 42º17’ 98,66
3664 48º58’35,994” M-0012
Certificação da Poligonal pelo INCRA: 5c912114-e158-42be-9676-50198a8b7732
CADASTRO: 629.049.000.876-4 CCIR nº 45918150221, com os seguintes dados: módulo rural: 40,0629 ha; nº
______________________________________________________________________________________________
PRAÇA JUCA NOVAES, Nº 1.169, CENTRO, AVARÉ, SP, CEP 18.705-900, TEL.: (14) 3711-2507
SECRETARIADEGABINETE@AVARE.SP.GOV.BR

Estância Turística de Avaré – Estado de São Paulo
Instituído pela Lei nº 37, de 28 de março de 2001 e Decreto nº 5.057, de 03 de janeiro de 2018
Semanário Oficial assinado digitalmente conforme MP nº 2.200-2, de 2001, garantindo autenticidade, validade jurídica e integridade.
SEMANÁRIO
Oficial Eletrônico
avare.sp.gov.br
Quinta-feira, 14 de maio de 2026 Ano X | Edição nº 2733 Prefeito: Roberto Araujo
ESTÂNCIA TURÍSTICA DE AVARÉ
ESTADO DE SÃO PAULO
Continuação Lei n° 3.442, de 13 de maio de 2026.
módulos rurais: 3,71; módulo fiscal: 30 ha; nº de módulos fiscais: 5,0211; fração mínima de parcelamento: 2 há e
inscrito no NIRF: 0.235.295-8.
Art. 2º - A área descrita no artigo anterior foi objeto de parecer favorável por parte do
Conselho Municipal do Plano Diretor, através da Resolução CMPD nº 04/2025, devidamente
publicada no Semanário Oficial Eletrônico do Município, Edição nº 2705, de 08/04/2026,
página 01.
Art. 3º - Esta Lei entra em vigor da data de sua publicação, revogando-se as disposições
em contrário.
Prefeitura da Estância Turística de Avaré, 13 de maio de 2026.
ROBERTO DE ARAUJO
Prefeito
PRAÇA JUCA NOVAES, Nº 1.169, CENTRO, AVARÉ, SP, CEP 18.705-900, TEL.: (14) 3711-2507
SECRETARIADEGABINETE@AVARE.SP.GOV.BR

Estância Turística de Avaré – Estado de São Paulo
Instituído pela Lei nº 37, de 28 de março de 2001 e Decreto nº 5.057, de 03 de janeiro de 2018
Semanário Oficial assinado digitalmente conforme MP nº 2.200-2, de 2001, garantindo autenticidade, validade jurídica e integridade.
SEMANÁRIO
Oficial Eletrônico
avare.sp.gov.br
Quinta-feira, 14 de maio de 2026 Ano X | Edição nº 2733 Prefeito: Roberto Araujo
ESTÂNCIA TURÍSTICA DE AVARÉ
ESTADO DE SÃO PAULO
Lei nº 3.443, de 13 de maio de 2026.
(Dispõe sobre abertura de Crédito Adicional Especial que
especifica e dá providências).
Autoria: Prefeito Municipal (Projeto de Lei nº 113/2026).
ROBERTO DE ARAUJO, Prefeito da Estância Turística de Avaré, usando das
atribuições que lhe são conferidas por lei,
Faço saber que a Câmara Municipal da Estância Turística de Avaré aprovou e eu
sanciono e promulgo a seguinte Lei:
Artigo 1º- Nos termos do artigo 43 da Lei Federal nº 4.320 de 17 de Março de 1964
combinado com o artigo 167 § 2º da Constituição Federal, fica o Poder Executivo Municipal
autorizado a lançar no orçamento vigente, Lei Municipal nº 3.354 de 02/12/2025, através do
Departamento de Contabilidade e Orçamento da Municipalidade, um CRÉDITO
ADICIONAL ESPECIAL no valor de R$ 180.000,00 (cento e oitenta mil reais) para
atendimento das despesas do Fundo Municipal da Saúde na conformidade da funcional
programática e modalidade de aplicação detalhada abaixo:
ÓRGÃO 07 SECRETARIA MUNICIPAL DA SAÚDE
UNIDADE 01 FUNDO MUNICIPAL DA SAÚDE
SUBUNIDADE 15 COORDENAÇÃO ATENÇÃO ESPECIALIZADA
FUNÇÃO 10 SAÚDE
SUBFUNÇÃO 302 ASSISTÊNCIA HOSPITALAR E AMBULATORIAL
MEDIA E ALTA COMPLEXIDADE AMBULATORIAL E
PROGRAMA 1013
HOSPITALAR
ATIVIDADE/
2373 PROCEDIMENTO AMBULATORIAL - MAC
PROJETO
FONTE 05 TRANSFERÊNCIAS E CONVÊNIOS FEDERAIS
CÓD. APLICAÇÃO 302.011 FNS – (FAEC) PROG. MAIS ACESSO A ESPECIAL.
CATEGORIA OUTROS SERVIÇOS DE TERCEIROS - PESSOA
3.3.90.39.00 179.000,00
ECONÔMICA JURÍDICA
CATEGORIA
3.3.50.43.00 SUBVENÇÕES SOCIAIS 1.000,00
ECONÔMICA
TOTAL 180.000,00
TOTAL GERAL 180.000,00
Artigo 2º - Para cobertura das despesas com a execução desta Lei serão utilizados
recursos provenientes de EXCESSO DE ARRECADAÇÃO de repasses do governo Federal
consoante Portaria GM/MS Nº 8632/25.
______________________________________________________________________________________________
PRAÇA JUCA NOVAES, Nº 1.169, CENTRO, AVARÉ, SP, CEP 18.705-900, TEL.: (14) 3711-2507
SECRETARIADEGABINETE@AVARE.SP.GOV.BR

Estância Turística de Avaré – Estado de São Paulo
Instituído pela Lei nº 37, de 28 de março de 2001 e Decreto nº 5.057, de 03 de janeiro de 2018
Semanário Oficial assinado digitalmente conforme MP nº 2.200-2, de 2001, garantindo autenticidade, validade jurídica e integridade.
SEMANÁRIO
Oficial Eletrônico
avare.sp.gov.br
Quinta-feira, 14 de maio de 2026 Ano X | Edição nº 2733 Prefeito: Roberto Araujo
ESTÂNCIA TURÍSTICA DE AVARÉ
ESTADO DE SÃO PAULO
Continuação Lei n° 3.443, de 13 de maio de 2026.
Artigo 3º – Esta Lei entrará em vigor na data de sua publicação e terá vigência até 31 de
dezembro de 2026.
Prefeitura da Estância Turística de Avaré, 13 de maio de 2026.
ROBERTO DE ARAUJO
Prefeito
PRAÇA JUCA NOVAES, Nº 1.169, CENTRO, AVARÉ, SP, CEP 18.705-900, TEL.: (14) 3711-2507
SECRETARIADEGABINETE@AVARE.SP.GOV.BR

Estância Turística de Avaré – Estado de São Paulo
Instituído pela Lei nº 37, de 28 de março de 2001 e Decreto nº 5.057, de 03 de janeiro de 2018
Semanário Oficial assinado digitalmente conforme MP nº 2.200-2, de 2001, garantindo autenticidade, validade jurídica e integridade.
SEMANÁRIO
Oficial Eletrônico
avare.sp.gov.br
Quinta-feira, 14 de maio de 2026 Ano X | Edição nº 2733 Prefeito: Roberto Araujo
ESTÂNCIA TURÍSTICA DE AVARÉ
ESTADO DE SÃO PAULO
Lei nº 3.444, de 13 de maio de 2026.
(Dispõe sobre abertura de Crédito Adicional Especial que
especifica e dá providências).
Autoria: Prefeito Municipal (Projeto de Lei nº 114/2026).
ROBERTO DE ARAUJO, Prefeito da Estância Turística de Avaré, usando das
atribuições que lhe são conferidas por lei,
Faço saber que a Câmara Municipal da Estância Turística de Avaré aprovou e eu
sanciono e promulgo a seguinte Lei:
Artigo 1º- Nos termos do artigo 43 da Lei Federal nº 4.320 de 17 de Março de 1964
combinado com o artigo 167 § 2º da Constituição Federal, fica o Poder Executivo Municipal
autorizado a lançar no orçamento vigente, Lei Municipal nº 3.354 de 02/12/2025, através do
Departamento de Contabilidade e Orçamento da Municipalidade, um CRÉDITO
ADICIONAL ESPECIAL no valor de R$ 51.905,03 (cinquenta e um mil novecentos e
cinco reais e três centavos) para atendimento das despesas do Fundo Municipal da Saúde na
conformidade da funcional programática e modalidade de aplicação detalhada abaixo:
ÓRGÃO 07 SECRETARIA MUNICIPAL DA SAÚDE
UNIDADE 01 FUNDO MUNICIPAL DA SAÚDE
SUBUNIDADE 14 COORDENAÇÃO DA ATENÇÃO BÁSICA DA SAÚDE
FUNÇÃO 10 SAÚDE
SUBFUNÇÃO 301 ATENÇÃO BÁSICA
PROGRAMA 1012 ATENÇÃO BÁSICA
FORNECIMENTO DE LEITE E SUPLEMENTO
ATIVIDADE/PROJETO 2033
ALIMENTAR
TRANSFERÊNCIAS E CONVÊNIOS ESTADUAIS
FONTE 92
(EXERCÍCIOS ANTERIORES)
CÓD. APLICAÇÃO 803.011 EM.PARL. Nº 2025.065.69645 – RES. SS 99/25
CATEGORIA MATERIAL, BEM OU SERVIÇO PARA
3.3.90.32.00 51.905,03
ECONÔMICA DISTRIBUIÇÃO GRATUITA
TOTAL 51.905,03
Artigo 2º - Para cobertura das despesas com a execução desta Lei serão utilizados
recursos provenientes de ANULAÇÃO de repasses do governo Estadual consoante
EM.PARL. Nº 2025.065.69645 – RES. SS 99/25.
______________________________________________________________________________________________
PRAÇA JUCA NOVAES, Nº 1.169, CENTRO, AVARÉ, SP, CEP 18.705-900, TEL.: (14) 3711-2507
SECRETARIADEGABINETE@AVARE.SP.GOV.BR

Estância Turística de Avaré – Estado de São Paulo
Instituído pela Lei nº 37, de 28 de março de 2001 e Decreto nº 5.057, de 03 de janeiro de 2018
Semanário Oficial assinado digitalmente conforme MP nº 2.200-2, de 2001, garantindo autenticidade, validade jurídica e integridade.
SEMANÁRIO
Oficial Eletrônico
avare.sp.gov.br
Quinta-feira, 14 de maio de 2026 Ano X | Edição nº 2733 Prefeito: Roberto Araujo
ESTÂNCIA TURÍSTICA DE AVARÉ
ESTADO DE SÃO PAULO
Continuação Lei n° 3.444, de 13 de maio de 2026.
Artigo 3º – Esta Lei entrará em vigor na data de sua publicação e terá vigência até 31 de
dezembro de 2026.
Prefeitura da Estância Turística de Avaré, 13 de maio de 2026.
ROBERTO DE ARAUJO
Prefeito
PRAÇA JUCA NOVAES, Nº 1.169, CENTRO, AVARÉ, SP, CEP 18.705-900, TEL.: (14) 3711-2507
SECRETARIADEGABINETE@AVARE.SP.GOV.BR

Estância Turística de Avaré – Estado de São Paulo
Instituído pela Lei nº 37, de 28 de março de 2001 e Decreto nº 5.057, de 03 de janeiro de 2018
Semanário Oficial assinado digitalmente conforme MP nº 2.200-2, de 2001, garantindo autenticidade, validade jurídica e integridade.
SEMANÁRIO
Oficial Eletrônico
avare.sp.gov.br
Quinta-feira, 14 de maio de 2026 Ano X | Edição nº 2733 Prefeito: Roberto Araujo
ESTÂNCIA TURÍSTICA DE AVARÉ
ESTADO DE SÃO PAULO
Lei nº 3.445, de 13 de maio de 2026.
(Dispõe sobre abertura de Crédito Adicional Especial que
especifica e dá providências).
Autoria: Prefeito Municipal (Projeto de Lei nº 116/2026).
ROBERTO DE ARAUJO, Prefeito da Estância Turística de Avaré, usando das
atribuições que lhe são conferidas por lei,
Faço saber que a Câmara Municipal da Estância Turística de Avaré aprovou e eu
sanciono e promulgo a seguinte Lei:
Artigo 1º- Nos termos do artigo 43 da Lei Federal nº 4.320 de 17 de Março de 1964
combinado com o artigo 167 § 2º da Constituição Federal, fica o Poder Executivo Municipal
autorizado a lançar no orçamento vigente, Lei Municipal nº 3.354 de 02/12/2025, através do
Departamento de Contabilidade e Orçamento da Municipalidade, um CRÉDITO
ADICIONAL ESPECIAL no valor de R$ 150.253,66 (cento e cinquenta mil, duzentos e
cinquenta e três reais e sessenta e seis centavos), na conformidade da funcional programática
e modalidade de aplicação detalhada abaixo:
DESCRIÇÃO CODIGO DESCRIÇÃO VALOR - R$
ÓRGÃO 36 SECRETARIA MUN. DE SERVIÇOS
UNIDADE 02 DIVISÃO DE SERVIÇOS MUNICIPAIS
SUBUNIDADE 05 SETOR DE MANUTENÇÃO E LIMPEZA PÚBLICA
FUNÇÃO 26 TRANSPORTE
SUBFUNÇÃO 451 INFRAESTRUTURA URBANA
PROGRAMA 5003 INFRAESTRUTURA DE TRANSPORTE E SERV.COMPL.
ATIVIDADE 2173 CONSERVAÇÃO DE VIAS PUBLICAS
FONTE 02 TRANSF. E CONV. ESTADUAIS ESPECÍFICOS
CÓD. APLICAÇÃO 803.020 EMP.PARL.Nº 2026.014.81136- DEP.BETH SAHÃO
CAT.ECONÔMICA 4.4.90.52.00 EQUIPAMENTOS E MATERIAL PERMANENTE 150.253,66
TOTAL 150.253,66
Artigo 2º - Para cobertura das despesas com a execução desta Lei será utilizado recurso
proveniente de EXCESSO DE ARRECADAÇÃO consoante Emenda Parlamentar Individual
da Deputada Estadual Beth Sahão.
______________________________________________________________________________________________
PRAÇA JUCA NOVAES, Nº 1.169, CENTRO, AVARÉ, SP, CEP 18.705-900, TEL.: (14) 3711-2507
SECRETARIADEGABINETE@AVARE.SP.GOV.BR

Estância Turística de Avaré – Estado de São Paulo
Instituído pela Lei nº 37, de 28 de março de 2001 e Decreto nº 5.057, de 03 de janeiro de 2018
Semanário Oficial assinado digitalmente conforme MP nº 2.200-2, de 2001, garantindo autenticidade, validade jurídica e integridade.
SEMANÁRIO
Oficial Eletrônico
avare.sp.gov.br
Quinta-feira, 14 de maio de 2026 Ano X | Edição nº 2733 Prefeito: Roberto Araujo
ESTÂNCIA TURÍSTICA DE AVARÉ
ESTADO DE SÃO PAULO
Continuação Lei n° 3.445, de 13 de maio de 2026.
Artigo 3º – Esta Lei entrará em vigor na data de sua publicação e terá vigência até 31 de
dezembro de 2026.
Prefeitura da Estância Turística de Avaré, 13 de maio de 2026.
ROBERTO DE ARAUJO
Prefeito
PRAÇA JUCA NOVAES, Nº 1.169, CENTRO, AVARÉ, SP, CEP 18.705-900, TEL.: (14) 3711-2507
SECRETARIADEGABINETE@AVARE.SP.GOV.BR

Estância Turística de Avaré – Estado de São Paulo
Instituído pela Lei nº 37, de 28 de março de 2001 e Decreto nº 5.057, de 03 de janeiro de 2018
Semanário Oficial assinado digitalmente conforme MP nº 2.200-2, de 2001, garantindo autenticidade, validade jurídica e integridade.
SEMANÁRIO
Oficial Eletrônico
avare.sp.gov.br
Quinta-feira, 14 de maio de 2026 Ano X | Edição nº 2733 Prefeito: Roberto Araujo
ESTÂNCIA TURÍSTICA DE AVARÉ
ESTADO DE SÃO PAULO
Lei nº 3.446, de 13 de maio de 2026.
(Dispõe sobre abertura de Crédito Adicional
Especial que especifica e dá providências).
Autoria: Prefeito Municipal (Projeto de Lei nº 117/2026).
ROBERTO DE ARAUJO, Prefeito da Estância Turística de Avaré, usando das
atribuições que lhe são conferidas por lei,
Faço saber que a Câmara Municipal da Estância Turística de Avaré aprovou e eu
sanciono e promulgo a seguinte Lei:
Artigo 1º - Nos termos do artigo 43 da Lei Federal nº 4.320 de 17 de Março de 1964
combinado com o artigo 167 § 2º da Constituição Federal, fica o Poder Executivo Municipal
autorizado a lançar no orçamento vigente, Lei Municipal nº 3.354 de 02/12/2025, através do
Departamento de Contabilidade e Orçamento da Municipalidade, um CRÉDITO
ADICIONAL ESPECIAL no valor de R$ 681.800,00 (seiscentos e oitenta e um mil e
oitocentos reais), na conformidade da funcional programática e modalidade de aplicação
detalhada abaixo:
DESCRIÇÃO CODIGO DESCRIÇÃO VALOR - R$
ÓRGÃO 37 SECRETARIA MUN. DE PLANEJAMENTO E OBRAS
UNIDADE 02 COORD. DE EXECUÇÃO/FISCALIZAÇÃO DE OBRAS
SUBUNIDADE 01 DEPARTAMENTO DE ENGENHARIA
FUNÇÃO 15 URBANISMO
SUBFUNÇÃO 451 INFRAESTRUTURA URBANA
PROGRAMA 6004 DESENVOLVIMENTO DO TURISMO
ATIVIDADE 1155 CONSTR/AMPL/REFORMA OBRAS VINC.MIN.DO
TURISMO
FONTE 05 TRANSF. E CONV. FEDERAIS ESPECÍFICOS
CÓD. APLICAÇÃO 902.001 EMP. PARL .Nº 5007001- EMENDA DE COMISSÃO
CAT.ECONÔMICA 4.4.90.51.00 OBRAS E INSTALAÇÕES 681.800,00
TOTAL 681.800,00
Artigo 2º - Para cobertura das despesas com a execução desta Lei será utilizado recurso
proveniente de EXCESSO DE ARRECADAÇÃO consoante Emenda Parlamentar de
Comissão nº 50070001.
______________________________________________________________________________________________
PRAÇA JUCA NOVAES, Nº 1.169, CENTRO, AVARÉ, SP, CEP 18.705-900, TEL.: (14) 3711-2507
SECRETARIADEGABINETE@AVARE.SP.GOV.BR

Estância Turística de Avaré – Estado de São Paulo
Instituído pela Lei nº 37, de 28 de março de 2001 e Decreto nº 5.057, de 03 de janeiro de 2018
Semanário Oficial assinado digitalmente conforme MP nº 2.200-2, de 2001, garantindo autenticidade, validade jurídica e integridade.
SEMANÁRIO
Oficial Eletrônico
avare.sp.gov.br
Quinta-feira, 14 de maio de 2026 Ano X | Edição nº 2733 Prefeito: Roberto Araujo
ESTÂNCIA TURÍSTICA DE AVARÉ
ESTADO DE SÃO PAULO
Continuação Lei n° 3.446, de 13 de maio de 2026.
Artigo 3º – Esta Lei entrará em vigor na data de sua publicação e terá vigência até 31 de
dezembro de 2026.
Prefeitura da Estância Turística de Avaré, 13 de maio de 2026.
ROBERTO DE ARAUJO
Prefeito
PRAÇA JUCA NOVAES, Nº 1.169, CENTRO, AVARÉ, SP, CEP 18.705-900, TEL.: (14) 3711-2507
SECRETARIADEGABINETE@AVARE.SP.GOV.BR

Estância Turística de Avaré – Estado de São Paulo
Instituído pela Lei nº 37, de 28 de março de 2001 e Decreto nº 5.057, de 03 de janeiro de 2018
Semanário Oficial assinado digitalmente conforme MP nº 2.200-2, de 2001, garantindo autenticidade, validade jurídica e integridade.
SEMANÁRIO
Oficial Eletrônico
avare.sp.gov.br
Quinta-feira, 14 de maio de 2026 Ano X | Edição nº 2733 Prefeito: Roberto Araujo
Lei Complementar nº 401, de 13 de maio de 2026.
Dispõe sobre alteração do Anexo I
- Quadro de Pessoal Permanente –
Superior – Lei Complementar n°
126, de 02 de junho de 2010 e dá
outras providências.
Autoria: Prefeito Municipal (Projeto de Lei
Complementar nº 106/2026).
ROBERTO DE ARAUJO, Prefeito da Estância Turística
de Avaré, usando das atribuições que lhe são conferidas
por lei,
Faço saber que a Câmara Municipal da Estância
Turística de Avaré aprovou e eu sanciono e promulgo a
seguinte Lei:
Art. 1º – Fica criada 01 (uma) vaga para provimento
do cargo efetivo, abaixo relacionado, no Quadro de Pessoal
dos Servidores Públicos da Prefeitura da Estância Turística
de Avaré, acrescendo-a ao Anexo I – Quadro de Pessoal
Permanente - Superior, da Lei Complementar nº 126, de 02
de junho de 2010, e alterações, a saber:
Referência/
Denominação Nº cargo Carga horária Requisito
Padrão Salarial
Ensino Superior Completo com
Arquiteto 14-inicial 01 20 h/ semana formação na área Específica e
competente Registro no CREA.
Parágrafo único – Ficam mantidas as atribuições do
cargo mencionado no artigo 1º, as quais encontram-se
previstas nos anexos I, da Lei Complementar nº 188/2013 e
Lei Complementar nº 193/2014.
Art. 2º- Esta Lei entrará em vigor na data de sua
publicação.
Prefeitura da Estância Turística de Avaré, 13 de maio de
2026.
ROBERTO DE ARAUJO
Prefeito
...........................................................................................................

Estância Turística de Avaré – Estado de São Paulo
Instituído pela Lei nº 37, de 28 de março de 2001 e Decreto nº 5.057, de 03 de janeiro de 2018
Semanário Oficial assinado digitalmente conforme MP nº 2.200-2, de 2001, garantindo autenticidade, validade jurídica e integridade.
SEMANÁRIO
Oficial Eletrônico
avare.sp.gov.br
Quinta-feira, 14 de maio de 2026 Ano X | Edição nº 2733 Prefeito: Roberto Araujo
Decretos
Decretos
ESTÂNCIA TURÍSTICA DE AVARÉ
ESTADO DE SÃO PAULO
Decreto nº 8.746, de 14 de maio de 2026.
(Dispõe sobre abertura de Crédito Adicional Especial que
especifica e dá providências).
ROBERTO DE ARAUJO, Prefeito da Estância Turística de Avaré, usando das
atribuições que lhe são conferidas por lei,
DECRETA:
Artigo 1º- Nos termos do artigo 43 da Lei Federal nº 4.320 de 17 de Março de 1964
combinado com o artigo 167 § 2º da Constituição Federal, fica o Poder Executivo Municipal
autorizado a lançar no orçamento vigente, Lei Municipal nº 3.354 de 02/12/2025, através do
Departamento de Contabilidade e Orçamento da Municipalidade, um CRÉDITO
ADICIONAL ESPECIAL no valor de R$ 180.000,00 (cento e oitenta mil reais) para
atendimento das despesas do Fundo Municipal da Saúde na conformidade da funcional
programática e modalidade de aplicação detalhada abaixo:
ÓRGÃO 07 SECRETARIA MUNICIPAL DA SAÚDE
UNIDADE 01 FUNDO MUNICIPAL DA SAÚDE
SUBUNIDADE 15 COORDENAÇÃO ATENÇÃO ESPECIALIZADA
FUNÇÃO 10 SAÚDE
SUBFUNÇÃO 302 ASSISTÊNCIA HOSPITALAR E AMBULATORIAL
MEDIA E ALTA COMPLEXIDADE AMBULATORIAL E
PROGRAMA 1013
HOSPITALAR
ATIVIDADE/
2373 PROCEDIMENTO AMBULATORIAL - MAC
PROJETO
FONTE 05 TRANSFERÊNCIAS E CONVÊNIOS FEDERAIS
CÓD. APLICAÇÃO 302.011 FNS – (FAEC) PROG. MAIS ACESSO A ESPECIAL.
CATEGORIA OUTROS SERVIÇOS DE TERCEIROS - PESSOA
3.3.90.39.00 179.000,00
ECONÔMICA JURÍDICA
CATEGORIA
3.3.50.43.00 SUBVENÇÕES SOCIAIS 1.000,00
ECONÔMICA
TOTAL 180.000,00
TOTAL GERAL 180.000,00
Artigo 2º - Para cobertura das despesas com a execução deste decreto serão utilizados
recursos provenientes de EXCESSO DE ARRECADAÇÃO de repasses do governo Federal
consoante Portaria GM/MS Nº 8632/25.
______________________________________________________________________________________________
PRAÇA JUCA NOVAES, Nº 1.169, CENTRO, AVARÉ, SP, CEP 18.705-900, TEL.: (14) 3711-2507
SECRETARIADEGABINETE@AVARE.SP.GOV.BR

Estância Turística de Avaré – Estado de São Paulo
Instituído pela Lei nº 37, de 28 de março de 2001 e Decreto nº 5.057, de 03 de janeiro de 2018
Semanário Oficial assinado digitalmente conforme MP nº 2.200-2, de 2001, garantindo autenticidade, validade jurídica e integridade.
SEMANÁRIO
Oficial Eletrônico
avare.sp.gov.br
Quinta-feira, 14 de maio de 2026 Ano X | Edição nº 2733 Prefeito: Roberto Araujo
ESTÂNCIA TURÍSTICA DE AVARÉ
ESTADO DE SÃO PAULO
Continuação Decreto n° 8.746, de 14 de maio de 2026.
Artigo 3º – Este decreto entrará em vigor na data de sua publicação e terá vigência até
31 de dezembro de 2026.
Prefeitura da Estância Turística de Avaré, 14 de maio de 2026.
ROBERTO DE ARAUJO
Prefeito
PRAÇA JUCA NOVAES, Nº 1.169, CENTRO, AVARÉ, SP, CEP 18.705-900, TEL.: (14) 3711-2507
SECRETARIADEGABINETE@AVARE.SP.GOV.BR

Estância Turística de Avaré – Estado de São Paulo
Instituído pela Lei nº 37, de 28 de março de 2001 e Decreto nº 5.057, de 03 de janeiro de 2018
Semanário Oficial assinado digitalmente conforme MP nº 2.200-2, de 2001, garantindo autenticidade, validade jurídica e integridade.
SEMANÁRIO
Oficial Eletrônico
avare.sp.gov.br
Quinta-feira, 14 de maio de 2026 Ano X | Edição nº 2733 Prefeito: Roberto Araujo
ESTÂNCIA TURÍSTICA DE AVARÉ
ESTADO DE SÃO PAULO
Decreto nº 8.747, de 14 de maio de 2026.
(Dispõe sobre abertura de Crédito Adicional Especial que
especifica e dá providências).
ROBERTO DE ARAUJO, Prefeito da Estância Turística de Avaré, usando das
atribuições que lhe são conferidas por lei,
DECRETA:
Artigo 1º- Nos termos do artigo 43 da Lei Federal nº 4.320 de 17 de Março de 1964 combinado
com o artigo 167 § 2º da Constituição Federal, fica o Poder Executivo Municipal autorizado a lançar
no orçamento vigente, Lei Municipal nº 3.354 de 02/12/2025, através do Departamento de
Contabilidade e Orçamento da Municipalidade, um CRÉDITO ADICIONAL ESPECIAL no valor
de R$ 51.905,03 (cinquenta e um mil novecentos e cinco reais e três centavos) para atendimento das
despesas do Fundo Municipal da Saúde na conformidade da funcional programática e modalidade de
aplicação detalhada abaixo:
ÓRGÃO 07 SECRETARIA MUNICIPAL DA SAÚDE
UNIDADE 01 FUNDO MUNICIPAL DA SAÚDE
SUBUNIDADE 14 COORDENAÇÃO DA ATENÇÃO BÁSICA DA SAÚDE
FUNÇÃO 10 SAÚDE
SUBFUNÇÃO 301 ATENÇÃO BÁSICA
PROGRAMA 1012 ATENÇÃO BÁSICA
FORNECIMENTO DE LEITE E SUPLEMENTO
ATIVIDADE/PROJETO 2033
ALIMENTAR
TRANSFERÊNCIAS E CONVÊNIOS ESTADUAIS
FONTE 92
(EXERCÍCIOS ANTERIORES)
CÓD. APLICAÇÃO 803.011 EM.PARL. Nº 2025.065.69645 – RES. SS 99/25
CATEGORIA MATERIAL, BEM OU SERVIÇO PARA
3.3.90.32.00 51.905,03
ECONÔMICA DISTRIBUIÇÃO GRATUITA
TOTAL 51.905,03
Artigo 2º - Para cobertura das despesas com a execução deste decreto serão utilizados
recursos provenientes de ANULAÇÃO de repasses do governo Estadual consoante
EM.PARL. Nº 2025.065.69645 – RES. SS 99/25.
Artigo 3º – Este decreto entrará em vigor na data de sua publicação e terá vigência até
31 de dezembro de 2026.
Prefeitura da Estância Turística de Avaré, 14 de maio de 2026.
ROBERTO DE ARAUJO
Prefeito
______________________________________________________________________________________________
PRAÇA JUCA NOVAES, Nº 1.169, CENTRO, AVARÉ, SP, CEP 18.705-900, TEL.: (14) 3711-2507
SECRETARIADEGABINETE@AVARE.SP.GOV.BR

Estância Turística de Avaré – Estado de São Paulo
Instituído pela Lei nº 37, de 28 de março de 2001 e Decreto nº 5.057, de 03 de janeiro de 2018
Semanário Oficial assinado digitalmente conforme MP nº 2.200-2, de 2001, garantindo autenticidade, validade jurídica e integridade.
SEMANÁRIO
Oficial Eletrônico
avare.sp.gov.br
Quinta-feira, 14 de maio de 2026 Ano X | Edição nº 2733 Prefeito: Roberto Araujo
ESTÂNCIA TURÍSTICA DE AVARÉ
ESTADO DE SÃO PAULO
Decreto nº 8.748, de 14 de maio de 2026.
(Dispõe sobre abertura de Crédito Adicional Especial que
especifica e dá providências).
ROBERTO DE ARAUJO, Prefeito da Estância Turística de Avaré, usando das
atribuições que lhe são conferidas por lei,
DECRETA:
Artigo 1º- Nos termos do artigo 43 da Lei Federal nº 4.320 de 17 de Março de 1964
combinado com o artigo 167 § 2º da Constituição Federal, fica o Poder Executivo Municipal
autorizado a lançar no orçamento vigente, Lei Municipal nº 3.354 de 02/12/2025, através do
Departamento de Contabilidade e Orçamento da Municipalidade, um CRÉDITO
ADICIONAL ESPECIAL no valor de R$ 150.253,66 (cento e cinquenta mil, duzentos e
cinquenta e três reais e sessenta e seis centavos), na conformidade da funcional programática
e modalidade de aplicação detalhada abaixo:
DESCRIÇÃO CODIGO DESCRIÇÃO VALOR - R$
ÓRGÃO 36 SECRETARIA MUN. DE SERVIÇOS
UNIDADE 02 DIVISÃO DE SERVIÇOS MUNICIPAIS
SUBUNIDADE 05 SETOR DE MANUTENÇÃO E LIMPEZA PÚBLICA
FUNÇÃO 26 TRANSPORTE
SUBFUNÇÃO 451 INFRAESTRUTURA URBANA
PROGRAMA 5003 INFRAESTRUTURA DE TRANSPORTE E SERV.COMPL.
ATIVIDADE 2173 CONSERVAÇÃO DE VIAS PUBLICAS
FONTE 02 TRANSF. E CONV. ESTADUAIS ESPECÍFICOS
CÓD. APLICAÇÃO 803.020 EMP.PARL.Nº 2026.014.81136- DEP.BETH SAHÃO
CAT.ECONÔMICA 4.4.90.52.00 EQUIPAMENTOS E MATERIAL PERMANENTE 150.253,66
TOTAL 150.253,66
Artigo 2º - Para cobertura das despesas com a execução deste decreto será utilizado
recurso proveniente de EXCESSO DE ARRECADAÇÃO consoante Emenda Parlamentar
Individual da Deputada Estadual Beth Sahão.
______________________________________________________________________________________________
PRAÇA JUCA NOVAES, Nº 1.169, CENTRO, AVARÉ, SP, CEP 18.705-900, TEL.: (14) 3711-2507
SECRETARIADEGABINETE@AVARE.SP.GOV.BR

Estância Turística de Avaré – Estado de São Paulo
Instituído pela Lei nº 37, de 28 de março de 2001 e Decreto nº 5.057, de 03 de janeiro de 2018
Semanário Oficial assinado digitalmente conforme MP nº 2.200-2, de 2001, garantindo autenticidade, validade jurídica e integridade.
SEMANÁRIO
Oficial Eletrônico
avare.sp.gov.br
Quinta-feira, 14 de maio de 2026 Ano X | Edição nº 2733 Prefeito: Roberto Araujo
ESTÂNCIA TURÍSTICA DE AVARÉ
ESTADO DE SÃO PAULO
Continuação Decreto n° 8.748, de 14 de maio de 2026.
Artigo 3º – Este decreto entrará em vigor na data de sua publicação e terá vigência até
31 de dezembro de 2026.
Prefeitura da Estância Turística de Avaré, 14 de maio de 2026.
ROBERTO DE ARAUJO
Prefeito
PRAÇA JUCA NOVAES, Nº 1.169, CENTRO, AVARÉ, SP, CEP 18.705-900, TEL.: (14) 3711-2507
SECRETARIADEGABINETE@AVARE.SP.GOV.BR

Estância Turística de Avaré – Estado de São Paulo
Instituído pela Lei nº 37, de 28 de março de 2001 e Decreto nº 5.057, de 03 de janeiro de 2018
Semanário Oficial assinado digitalmente conforme MP nº 2.200-2, de 2001, garantindo autenticidade, validade jurídica e integridade.
SEMANÁRIO
Oficial Eletrônico
avare.sp.gov.br
Quinta-feira, 14 de maio de 2026 Ano X | Edição nº 2733 Prefeito: Roberto Araujo
ESTÂNCIA TURÍSTICA DE AVARÉ
ESTADO DE SÃO PAULO
Decreto nº 8.749, de 14 de maio de 2026.
(Dispõe sobre abertura de Crédito Adicional
Especial que especifica e dá providências).
ROBERTO DE ARAUJO, Prefeito da Estância Turística de Avaré, usando das
atribuições que lhe são conferidas por lei,
DECRETA:
Artigo 1º - Nos termos do artigo 43 da Lei Federal nº 4.320 de 17 de Março de 1964
combinado com o artigo 167 § 2º da Constituição Federal, fica o Poder Executivo Municipal
autorizado a lançar no orçamento vigente, Lei Municipal nº 3.354 de 02/12/2025, através do
Departamento de Contabilidade e Orçamento da Municipalidade, um CRÉDITO
ADICIONAL ESPECIAL no valor de R$ 681.800,00 (seiscentos e oitenta e um mil e
oitocentos reais), na conformidade da funcional programática e modalidade de aplicação
detalhada abaixo:
DESCRIÇÃO CODIGO DESCRIÇÃO VALOR - R$
ÓRGÃO 37 SECRETARIA MUN. DE PLANEJAMENTO E OBRAS
UNIDADE 02 COORD. DE EXECUÇÃO/FISCALIZAÇÃO DE OBRAS
SUBUNIDADE 01 DEPARTAMENTO DE ENGENHARIA
FUNÇÃO 15 URBANISMO
SUBFUNÇÃO 451 INFRAESTRUTURA URBANA
PROGRAMA 6004 DESENVOLVIMENTO DO TURISMO
ATIVIDADE 1155 CONSTR/AMPL/REFORMA OBRAS VINC.MIN.DO
TURISMO
FONTE 05 TRANSF. E CONV. FEDERAIS ESPECÍFICOS
CÓD. APLICAÇÃO 902.001 EMP. PARL .Nº 5007001- EMENDA DE COMISSÃO
CAT.ECONÔMICA 4.4.90.51.00 OBRAS E INSTALAÇÕES 681.800,00
TOTAL 681.800,00
Artigo 2º - Para cobertura das despesas com a execução deste decreto será utilizado
recurso proveniente de EXCESSO DE ARRECADAÇÃO consoante Emenda Parlamentar de
Comissão nº 50070001.
______________________________________________________________________________________________
PRAÇA JUCA NOVAES, Nº 1.169, CENTRO, AVARÉ, SP, CEP 18.705-900, TEL.: (14) 3711-2507
SECRETARIADEGABINETE@AVARE.SP.GOV.BR

Estância Turística de Avaré – Estado de São Paulo
Instituído pela Lei nº 37, de 28 de março de 2001 e Decreto nº 5.057, de 03 de janeiro de 2018
Semanário Oficial assinado digitalmente conforme MP nº 2.200-2, de 2001, garantindo autenticidade, validade jurídica e integridade.
SEMANÁRIO
Oficial Eletrônico
avare.sp.gov.br
Quinta-feira, 14 de maio de 2026 Ano X | Edição nº 2733 Prefeito: Roberto Araujo
ESTÂNCIA TURÍSTICA DE AVARÉ
ESTADO DE SÃO PAULO
Continuação Lei n° 8.749, de 14 de maio de 2026.
Artigo 3º – Este decreto entrará em vigor na data de sua publicação e terá vigência até
31 de dezembro de 2026.
Prefeitura da Estância Turística de Avaré, 14 de maio de 2026.
ROBERTO DE ARAUJO
Prefeito
PRAÇA JUCA NOVAES, Nº 1.169, CENTRO, AVARÉ, SP, CEP 18.705-900, TEL.: (14) 3711-2507
SECRETARIADEGABINETE@AVARE.SP.GOV.BR

Estância Turística de Avaré – Estado de São Paulo
Instituído pela Lei nº 37, de 28 de março de 2001 e Decreto nº 5.057, de 03 de janeiro de 2018
Semanário Oficial assinado digitalmente conforme MP nº 2.200-2, de 2001, garantindo autenticidade, validade jurídica e integridade.
SEMANÁRIO
Oficial Eletrônico
avare.sp.gov.br
Quinta-feira, 14 de maio de 2026 Ano X | Edição nº 2733 Prefeito: Roberto Araujo
Outros Atos
Outros Atos A Comissão Permanente de Readaptação
Funcional, reorganizada pelo Decreto nº 8.517, de 15 de
outubro de 2025, vem C O N V O C A R os servidores
abaixo relacionados a comparecerem na sede do D.E.S.S. –
Departamento de Saúde e Segurança do Servidor, sito a
Rua Pará, nº 673, Centro, para serem avaliados pela Equipe
Multidisciplinar a fim de instruir os Processos de
Readaptação Funcional, a saber:
PROC. SERVIDOR S SE OR CV IAIÇ LO ENFERMAGEM FISIOTERAPIA PSICOLOGIA MÉDICA S TREG AU BAR LA HN OÇA DOPSIQUIATRA
010/2026 M ZAA VR AC NIA E LR LE AG LIN OA PES - - 14/05/26 – 08:30 1 14 4/ :0 05 0/26 – 19/05/26 – 16:00 1 04 9/ :0 05 0/26 – -
011/2026 S AA RN MD AR NA D OCRISTINA - - 14/05/26 – 09:00 1 14 5/ :0 05 0/26 – 20/05/26 – 10:30 1 14 0/ :0 05 0/26 – -
...........................................................................................................
REUNIÃO DA COMISSÃO PERMANENTE DE
READAPTAÇÃO FUNCIONAL
De acordo com a Lei Municipal nº 2.145 de 10 de
outubro de 2017, ficam os membros da Comissão
Permanente de Readaptação Funcional, reorganizados
através de Decreto nº 8.517, de 15 de outubro de 2025,
CONVOCADOS a participarem da Reunião da Comissão
Permanente de Readaptação Funcional que será realizada
no dia 20/05/2026 às 14h00, nas dependências do
Departamento de Saúde e Segurança do Servidor –
D.E.S.S., Rua Pará, nº 673, Centro, Estância Turística de
Avaré, oportunidade em que serão discutidos Processos de
Readaptação Funcional.
A Comissão Permanente de Readaptação
Funcional
...........................................................................................................

Estância Turística de Avaré – Estado de São Paulo
Instituído pela Lei nº 37, de 28 de março de 2001 e Decreto nº 5.057, de 03 de janeiro de 2018
Semanário Oficial assinado digitalmente conforme MP nº 2.200-2, de 2001, garantindo autenticidade, validade jurídica e integridade.",https://www.dosp.com.br/exibe_do.php?i=ODE4MTk0,
DOA-041,2026-05-14,2733,Decretos,8749 - abertura de crédito 681.800 - secretaria de planejamento,Não identificada,"SEMANÁRIO
Oficial Eletrônico
avare.sp.gov.br
Quinta-feira, 14 de maio de 2026 Ano X | Edição nº 2733 Prefeito: Roberto Araujo
Art. 4º- A denúncia deverá ser apresentada junto à
PODER EXECUTIVO
Secretaria Municipal de Meio Ambiente, Secretaria
Poder Executivo
Municipal de Fiscalização de Posturas Municipais, ou ao
Atos Oficiais
órgão que vier a ser apontado pelo Município, por meio de
Atos Oficiais
Leis canal oficial disponibilizado, incluindo atendimento
presencial, telefone ou sistema eletrônico.
Leis Lei nº 3.440, de 13 de maio de 2026. Art. 5º- O denunciante que agir de má fé,
apresentando denúncia falsa, fraudulenta ou com objetivo
Dispõe sobre o Programa
de prejudicar terceiros, ficará sujeito:
Municipal de Incentivo à
I - à perda do direito à recompensa;
Denúncia de Infrações
II - à aplicação de multa correspondente a 50%
Ambientais Urbanas em
(cinquenta por cento) do valor previsto para a infração
Avaré/SP, estabelece
indevidamente denunciada;
recompensa ao denunciante,
III - à responsabilização civil e criminal cabível.
prevê punição à má fé e dá
Art. 6º- O Poder Executivo regulamentará a presente
outras providências.
Lei dispondo sobre:
I - os canais oficiais de denúncia;
Autoria: Ver. Pedro Victor Alarcão Alves Fusco
II - os procedimentos de apuração e comprovação das
(Projeto de Lei nº 12/2026).
infrações;
ROBERTO DE ARAUJO, Prefeito da Estância Turística
III - os mecanismos de sigilo e proteção da identidade
de Avaré, usando das atribuições que lhe são conferidas
do denunciante;
por lei,
IV - as formas de pagamento da recompensa.
Faço saber que a Câmara Municipal da Estância
Art. 7º- As despesas decorrentes da execução desta
Turística de Avaré aprovou e eu sanciono e promulgo a
Lei correrão por conta das dotações orçamentárias
seguinte Lei:
próprias, suplementadas se necessário.
Art. 1º - Fica o Poder Executivo autorizado a
Art. 8º- Esta Lei entra em vigor na data de sua
instituir no Município de Avaré/SP o Programa Municipal de
publicação.
Incentivo à Denúncia de Infrações Ambientais Urbanas,
Prefeitura da Estância Turística de Avaré, 13 de maio
destinado a incentivar a população a denunciar infrações
de 2026.
previstas na Lei Municipal nº 176/1.997, que disciplina
ROBERTO DE ARAUJO
entre outras matérias, o descarte irregular de lixo, entulhos
Prefeito
e resíduos de qualquer espécie, incluindo, de forma
...........................................................................................................
exemplificativa:
Lei nº 3.441, de 13 de maio de 2026.
I - descarte de lixo em vias e logradouros públicos;
II - descarte de entulho ou resíduos de construção;
Dispõe sobre a autorização ao
III - deposição de resíduos em áreas verdes ou de
Poder Executivo a realizar
preservação;
alienação por meio de doação de
IV - lançamento de resíduos em bueiros, galerias
um imóvel para a associação
pluviais ou cursos d’água;
Residencial Terras Altas, e dá
V - qualquer outra infração relacionada ao manejo
outras providências.
irregular de resíduos urbanos prevista na legislação
mencionada. Autoria: Prefeito Municipal (Projeto de Lei nº
Art. 2º- O denunciante que auxiliar na identificação do 25/2026).
infrator, mediante denúncia fundamentada com elementos ROBERTO DE ARAUJO, Prefeito da Estância Turística
mínimos de prova (fotografia, vídeo, identificação de de Avaré, usando das atribuições que lhe são conferidas
veículo, local e horário), fará jus ao recebimento de 30% por lei,
(trinta por cento) do valor da multa efetivamente Faço saber que a Câmara Municipal da Estância
arrecadada pelo Município. Turística de Avaré aprovou e eu sanciono e promulgo a
§ 1º O pagamento ao denunciante será realizado em seguinte Lei:
até 30 (trinta) dias após o efetivo recolhimento da multa Art. 1º Fica desafetada, na integralidade, para fins de
pelo infrator, não cabendo qualquer adiantamento ou alteração de uso de bem público de uso comum para bem
antecipação de valores. dominical, a área institucional de propriedade do Município
§ 2º O denunciante poderá optar pelo sigilo de sua da Estância Turística de Avaré, classificada como SISTEMA
identidade, garantida a confidencialidade dos dados DE LAZER 4, DO LOTEAMENTO “RESIDENCIAL TERRAS
pessoais nos termos da legislação vigente. ALTAS”, SITUADO EM AVARÉ-SP, COM A SEGUINTE
Art. 3º- O valor da multa seguirá as disposições da Lei DESCRIÇÃO: INICIA-SE NO PONTO DE DIVISA ENTRE O LOTE
Municipal nº 176/1.997, ou outra que vier a substitui-la. 1 DA QUADRA F COM A RUA 02 E O SISTEMA DE LAZER 4 E

Estância Turística de Avaré – Estado de São Paulo
Instituído pela Lei nº 37, de 28 de março de 2001 e Decreto nº 5.057, de 03 de janeiro de 2018
Semanário Oficial assinado digitalmente conforme MP nº 2.200-2, de 2001, garantindo autenticidade, validade jurídica e integridade.
SEMANÁRIO
Oficial Eletrônico
avare.sp.gov.br
Quinta-feira, 14 de maio de 2026 Ano X | Edição nº 2733 Prefeito: Roberto Araujo
SEGUE 31,29 METROS CONFRONTANDO COM O LOTE 1 DA serem utilizadas pelos moradores locais, em especial ao
QUADRA F ATÉ ENCONTRAR A ÁREA REMANESCENTE 1; público infantil.
DEFLETE À ESQUERDA E SEGUE 41,16 METROS § 2º Nos termos do laudo de avaliação o imóvel possui
CONFRONTANDO COM A ÁREA REMANESCENTE 1; DEFLETE o valor referencial no importe de R$ 372.692,21 (trezentos
À ESQUERDA, E SEGUE 36,31 METROS NA CONFRONTAÇÃO e setenta e dois mil e seiscentos e noventa e dois reais e
COM A ÁREA REMANESCENTE 1, ATÉ ENCONTRAR COM O vinte e um centavos).
LOTE 09 DA QUADRA B; DEFLETE À ESQUERDA E SEGUE Art. 3º Para efeitos da alienação por meio de doação
34,07 METROS, CONFRONTANDO COM O LOTE 09 DA prevista nesta Lei, independe de procedimento licitatório
QUADRA B ATÉ CHEGAR NA RUA 02, FINALMENTE, DEFLETE nos termos da Lei Orgânica do Município, vez que, há
NOVAMENTE À ESQUERDA E SEGUE 8,14 METROS EM evidente interesse público.
CURVA, CONFRONTANDO COM A RUA 02, ATÉ O PONTO Art. 4º Ocorrerá caducidade da alienação por meio de
INICIAL, ENCERRANDO A ÁREA DE 1.459,44 METROS doação e reversão automática do
QUADRADOS, REGISTRADO SOB MATRÍCULA Nº 78.241, DO imóvel ao patrimônio do Município da Estância
LIVRO Nº 2 DO REGISTRO GERAL DO CARTÓRIO DE Turística de Avaré, caso a donatária não proceda com a
REGISTRO DE IMÓVEIS E ANEXOS DA COMARCA DE AVARE. execução, e/ou exercício dos direitos advindos, bem como a
§ 1º A área desafetada será destinada a viabilização alteração da finalidade especificada no § 1º do Art. 2º desta
de alienação por meio de doação a Associação Residencial Lei.
Terras Altas, pessoa jurídica de direito privado, inscrita, no § 1º É vedado o gravame do imóvel com ônus real de
CNPJ nº 23.831.117/0001-12, com sede na Rua Gilberto garantia, salvo, quando tratar-se de garantia para
Filgueiras S/N, Bairro Colina da Boa Vista, CEP18.706-240, financiamento vinculado à construção e/ou ampliação da
em Avaré-SP. edificação destinada nos termos do § 1º do Art. 1º desta
§ 2º A desafetação de que trata esta Lei implica a Lei.
transferência da destinação das áreas descritas de uso § 2º O imóvel doado será revertido sem ônus ao
comum para o patrimônio disponível do Município, Município da Estância Turística de Avaré em caso de
autorizando sua utilização conforme o interesse público extinção da donatária.
justificado. § 3º É facultado ao Poder Público Municipal o direito de
§3º O Poder Executivo Municipal fica autorizado a desistir da reversão do imóvel doado, desde que
adotar todas as providências administrativas, urbanísticas e comprovada a inconveniência técnica e julgada onerosa ao
registrais necessárias à implementação desta Lei. erário a transação.
Art. 2º Fica o Poder Executivo Municipal autorizado a § 4º Em caso de reversão, não haverá ônus ao
alienar por meio de doação, um imóvel a Associação Município da Estância Turística de Avaré, nem mesmo
Residencial Terras Altas, pessoa jurídica de direito privado, recairá direito a indenização sobre as benfeitorias
inscrita no CNPJ nº 23.831.117/0001-12, com sede na Rua realizadas.
Gilberto Filgueiras S/N, Bairro Colina da Boa Vista, CEP Art. 5º As despesas com custas e emolumentos
18.706-240, em Avaré-SP, com as seguintes descrições: inerentes ao tramite registral, decorrentes desta Lei,
SISTEMA DE LAZER 4, DO LOTEAMENTO “RESIDENCIAL correrão por conta da Associação Residencial Terras Altas.
TERRAS ALTAS”, SITUADO EM AVARÉ-SP, COM A SEGUINTE Art. 6º Esta entrará em vigor na data de sua
DESCRIÇÃO: INICIA-SE NO PONTO DE DIVISA ENTRE O LOTE publicação.
1 DA QUADRA F COM A RUA 02 E O SISTEMA DE LAZER 4 E Prefeitura da Estância Turística de Avaré, 13 de maio
SEGUE 31,29 METROS CONFRONTANDO COM O LOTE 1 DA de 2026.
QUADRA F ATÉ ENCONTRAR A ÁREA REMANESCENTE 1; ROBERTO DE ARAUJO
DEFLETE À ESQUERDA E SEGUE 41,16 METROS Prefeito
CONFRONTANDO COM A ÁREA REMANESCENTE 1; DEFLETE ...........................................................................................................
À ESQUERDA, E SEGUE 36,31 METROS NA CONFRONTAÇÃO
COM A ÁREA REMANESCENTE 1, ATÉ ENCONTRAR COM O
LOTE 09 DA QUADRA B; DEFLETE À ESQUERDA E SEGUE
34,07 METROS, CONFRONTANDO COM O LOTE 09 DA
QUADRA B ATÉ CHEGAR NA RUA 02, FINALMENTE, DEFLETE
NOVAMENTEÀ ESQUERDA E SEGUE 8,14 METROS EM
CURVA, CONFRONTANDO COM A RUA 02, ATÉ O PONTO
INICIAL, ENCERRANDO A ÁREA DE 1.459,44 METROS
QUADRADOS, REGISTRADO SOB MATRÍCULA Nº 78.241, DO
LIVRO Nº 2 DO REGISTRO GERAL DO CARTÓRIO DE
REGISTRO DE IMÓVEIS E ANEXOS DA COMARCA DE AVARÉ.
§1º O imóvel tem como finalidade e destinação a
regularização de melhorias para áreas de recreação a

Estância Turística de Avaré – Estado de São Paulo
Instituído pela Lei nº 37, de 28 de março de 2001 e Decreto nº 5.057, de 03 de janeiro de 2018
Semanário Oficial assinado digitalmente conforme MP nº 2.200-2, de 2001, garantindo autenticidade, validade jurídica e integridade.
SEMANÁRIO
Oficial Eletrônico
avare.sp.gov.br
Quinta-feira, 14 de maio de 2026 Ano X | Edição nº 2733 Prefeito: Roberto Araujo
ESTÂNCIA TURÍSTICA DE AVARÉ
ESTADO DE SÃO PAULO
Lei nº 3.442, de 13 de maio de 2026.
(Inclui a área objeto da matrícula nº 88.151 do Cartório de Registro
de Imóveis de Avaré no perímetro urbano do Município de Avaré e,
dá outras providências)
Autoria: Prefeito Municipal (Projeto de Lei nº 107/2026).
ROBERTO DE ARAUJO, Prefeito da Estância Turística de Avaré, usando das
atribuições que lhe são conferidas por lei,
Faço saber que a Câmara Municipal da Estância Turística de Avaré aprovou e eu
sanciono e promulgo a seguinte Lei:
Art. 1º - Fica Incluída no Perímetro Urbano de Avaré, a área de terra abaixo descrita,
objeto da Matrícula nº 88.151:
ÁREA DE TERRAS, contendo 2,0 hectares, perímetro 600,00 metros, denominada FAZENDA SANTA
TEREZA – GLEBA DESMEMBRADA, situada no município de Avaré-SP, com as seguintes medidas e
confrontações:
VÉRTICE SEGMENTO VANTE
código longitude latitude Altitude(m código azimute Dist. (m)
)
FGWM-M- - -23º08’33,373” 779,88 FGWM- 132º18’ 200,0
0012 48º58’33,661” M0013
FGWM-M- - -23º06’37,748” 777,92 FGWM- 222º18’ 100,0
0013 48º58’28,463” M-0014
FGWM-M- - -23º08’40,152” 778,35 CWAE- 312º17’ 200,0
0014 48º58’30,828” P3663
CONFRONTAÇÕES: Até aqui confrontando com a Gleba Remanescente da Fazenda Santa
Tereza (matrícula 84.392); deste ponto segue confrontando com a Rodovia Dr. Diamantino
Monteiro da Gama (SP-3/245), pelos seguintes trechos:
VÉRTICE SEGMENTO VANTE
código longitude latitude Altitude(m código azimute Dist. (m)
)
CWAE-P- - -23º06’35,777” 778,6 CWAE-P- 42º46’ 1,34
3663 48º58’36,025” 3664
CWAE-P- - -23º06’35,745” 778,77 FGWM- 42º17’ 98,66
3664 48º58’35,994” M-0012
Certificação da Poligonal pelo INCRA: 5c912114-e158-42be-9676-50198a8b7732
CADASTRO: 629.049.000.876-4 CCIR nº 45918150221, com os seguintes dados: módulo rural: 40,0629 ha; nº
______________________________________________________________________________________________
PRAÇA JUCA NOVAES, Nº 1.169, CENTRO, AVARÉ, SP, CEP 18.705-900, TEL.: (14) 3711-2507
SECRETARIADEGABINETE@AVARE.SP.GOV.BR

Estância Turística de Avaré – Estado de São Paulo
Instituído pela Lei nº 37, de 28 de março de 2001 e Decreto nº 5.057, de 03 de janeiro de 2018
Semanário Oficial assinado digitalmente conforme MP nº 2.200-2, de 2001, garantindo autenticidade, validade jurídica e integridade.
SEMANÁRIO
Oficial Eletrônico
avare.sp.gov.br
Quinta-feira, 14 de maio de 2026 Ano X | Edição nº 2733 Prefeito: Roberto Araujo
ESTÂNCIA TURÍSTICA DE AVARÉ
ESTADO DE SÃO PAULO
Continuação Lei n° 3.442, de 13 de maio de 2026.
módulos rurais: 3,71; módulo fiscal: 30 ha; nº de módulos fiscais: 5,0211; fração mínima de parcelamento: 2 há e
inscrito no NIRF: 0.235.295-8.
Art. 2º - A área descrita no artigo anterior foi objeto de parecer favorável por parte do
Conselho Municipal do Plano Diretor, através da Resolução CMPD nº 04/2025, devidamente
publicada no Semanário Oficial Eletrônico do Município, Edição nº 2705, de 08/04/2026,
página 01.
Art. 3º - Esta Lei entra em vigor da data de sua publicação, revogando-se as disposições
em contrário.
Prefeitura da Estância Turística de Avaré, 13 de maio de 2026.
ROBERTO DE ARAUJO
Prefeito
PRAÇA JUCA NOVAES, Nº 1.169, CENTRO, AVARÉ, SP, CEP 18.705-900, TEL.: (14) 3711-2507
SECRETARIADEGABINETE@AVARE.SP.GOV.BR

Estância Turística de Avaré – Estado de São Paulo
Instituído pela Lei nº 37, de 28 de março de 2001 e Decreto nº 5.057, de 03 de janeiro de 2018
Semanário Oficial assinado digitalmente conforme MP nº 2.200-2, de 2001, garantindo autenticidade, validade jurídica e integridade.
SEMANÁRIO
Oficial Eletrônico
avare.sp.gov.br
Quinta-feira, 14 de maio de 2026 Ano X | Edição nº 2733 Prefeito: Roberto Araujo
ESTÂNCIA TURÍSTICA DE AVARÉ
ESTADO DE SÃO PAULO
Lei nº 3.443, de 13 de maio de 2026.
(Dispõe sobre abertura de Crédito Adicional Especial que
especifica e dá providências).
Autoria: Prefeito Municipal (Projeto de Lei nº 113/2026).
ROBERTO DE ARAUJO, Prefeito da Estância Turística de Avaré, usando das
atribuições que lhe são conferidas por lei,
Faço saber que a Câmara Municipal da Estância Turística de Avaré aprovou e eu
sanciono e promulgo a seguinte Lei:
Artigo 1º- Nos termos do artigo 43 da Lei Federal nº 4.320 de 17 de Março de 1964
combinado com o artigo 167 § 2º da Constituição Federal, fica o Poder Executivo Municipal
autorizado a lançar no orçamento vigente, Lei Municipal nº 3.354 de 02/12/2025, através do
Departamento de Contabilidade e Orçamento da Municipalidade, um CRÉDITO
ADICIONAL ESPECIAL no valor de R$ 180.000,00 (cento e oitenta mil reais) para
atendimento das despesas do Fundo Municipal da Saúde na conformidade da funcional
programática e modalidade de aplicação detalhada abaixo:
ÓRGÃO 07 SECRETARIA MUNICIPAL DA SAÚDE
UNIDADE 01 FUNDO MUNICIPAL DA SAÚDE
SUBUNIDADE 15 COORDENAÇÃO ATENÇÃO ESPECIALIZADA
FUNÇÃO 10 SAÚDE
SUBFUNÇÃO 302 ASSISTÊNCIA HOSPITALAR E AMBULATORIAL
MEDIA E ALTA COMPLEXIDADE AMBULATORIAL E
PROGRAMA 1013
HOSPITALAR
ATIVIDADE/
2373 PROCEDIMENTO AMBULATORIAL - MAC
PROJETO
FONTE 05 TRANSFERÊNCIAS E CONVÊNIOS FEDERAIS
CÓD. APLICAÇÃO 302.011 FNS – (FAEC) PROG. MAIS ACESSO A ESPECIAL.
CATEGORIA OUTROS SERVIÇOS DE TERCEIROS - PESSOA
3.3.90.39.00 179.000,00
ECONÔMICA JURÍDICA
CATEGORIA
3.3.50.43.00 SUBVENÇÕES SOCIAIS 1.000,00
ECONÔMICA
TOTAL 180.000,00
TOTAL GERAL 180.000,00
Artigo 2º - Para cobertura das despesas com a execução desta Lei serão utilizados
recursos provenientes de EXCESSO DE ARRECADAÇÃO de repasses do governo Federal
consoante Portaria GM/MS Nº 8632/25.
______________________________________________________________________________________________
PRAÇA JUCA NOVAES, Nº 1.169, CENTRO, AVARÉ, SP, CEP 18.705-900, TEL.: (14) 3711-2507
SECRETARIADEGABINETE@AVARE.SP.GOV.BR

Estância Turística de Avaré – Estado de São Paulo
Instituído pela Lei nº 37, de 28 de março de 2001 e Decreto nº 5.057, de 03 de janeiro de 2018
Semanário Oficial assinado digitalmente conforme MP nº 2.200-2, de 2001, garantindo autenticidade, validade jurídica e integridade.
SEMANÁRIO
Oficial Eletrônico
avare.sp.gov.br
Quinta-feira, 14 de maio de 2026 Ano X | Edição nº 2733 Prefeito: Roberto Araujo
ESTÂNCIA TURÍSTICA DE AVARÉ
ESTADO DE SÃO PAULO
Continuação Lei n° 3.443, de 13 de maio de 2026.
Artigo 3º – Esta Lei entrará em vigor na data de sua publicação e terá vigência até 31 de
dezembro de 2026.
Prefeitura da Estância Turística de Avaré, 13 de maio de 2026.
ROBERTO DE ARAUJO
Prefeito
PRAÇA JUCA NOVAES, Nº 1.169, CENTRO, AVARÉ, SP, CEP 18.705-900, TEL.: (14) 3711-2507
SECRETARIADEGABINETE@AVARE.SP.GOV.BR

Estância Turística de Avaré – Estado de São Paulo
Instituído pela Lei nº 37, de 28 de março de 2001 e Decreto nº 5.057, de 03 de janeiro de 2018
Semanário Oficial assinado digitalmente conforme MP nº 2.200-2, de 2001, garantindo autenticidade, validade jurídica e integridade.
SEMANÁRIO
Oficial Eletrônico
avare.sp.gov.br
Quinta-feira, 14 de maio de 2026 Ano X | Edição nº 2733 Prefeito: Roberto Araujo
ESTÂNCIA TURÍSTICA DE AVARÉ
ESTADO DE SÃO PAULO
Lei nº 3.444, de 13 de maio de 2026.
(Dispõe sobre abertura de Crédito Adicional Especial que
especifica e dá providências).
Autoria: Prefeito Municipal (Projeto de Lei nº 114/2026).
ROBERTO DE ARAUJO, Prefeito da Estância Turística de Avaré, usando das
atribuições que lhe são conferidas por lei,
Faço saber que a Câmara Municipal da Estância Turística de Avaré aprovou e eu
sanciono e promulgo a seguinte Lei:
Artigo 1º- Nos termos do artigo 43 da Lei Federal nº 4.320 de 17 de Março de 1964
combinado com o artigo 167 § 2º da Constituição Federal, fica o Poder Executivo Municipal
autorizado a lançar no orçamento vigente, Lei Municipal nº 3.354 de 02/12/2025, através do
Departamento de Contabilidade e Orçamento da Municipalidade, um CRÉDITO
ADICIONAL ESPECIAL no valor de R$ 51.905,03 (cinquenta e um mil novecentos e
cinco reais e três centavos) para atendimento das despesas do Fundo Municipal da Saúde na
conformidade da funcional programática e modalidade de aplicação detalhada abaixo:
ÓRGÃO 07 SECRETARIA MUNICIPAL DA SAÚDE
UNIDADE 01 FUNDO MUNICIPAL DA SAÚDE
SUBUNIDADE 14 COORDENAÇÃO DA ATENÇÃO BÁSICA DA SAÚDE
FUNÇÃO 10 SAÚDE
SUBFUNÇÃO 301 ATENÇÃO BÁSICA
PROGRAMA 1012 ATENÇÃO BÁSICA
FORNECIMENTO DE LEITE E SUPLEMENTO
ATIVIDADE/PROJETO 2033
ALIMENTAR
TRANSFERÊNCIAS E CONVÊNIOS ESTADUAIS
FONTE 92
(EXERCÍCIOS ANTERIORES)
CÓD. APLICAÇÃO 803.011 EM.PARL. Nº 2025.065.69645 – RES. SS 99/25
CATEGORIA MATERIAL, BEM OU SERVIÇO PARA
3.3.90.32.00 51.905,03
ECONÔMICA DISTRIBUIÇÃO GRATUITA
TOTAL 51.905,03
Artigo 2º - Para cobertura das despesas com a execução desta Lei serão utilizados
recursos provenientes de ANULAÇÃO de repasses do governo Estadual consoante
EM.PARL. Nº 2025.065.69645 – RES. SS 99/25.
______________________________________________________________________________________________
PRAÇA JUCA NOVAES, Nº 1.169, CENTRO, AVARÉ, SP, CEP 18.705-900, TEL.: (14) 3711-2507
SECRETARIADEGABINETE@AVARE.SP.GOV.BR

Estância Turística de Avaré – Estado de São Paulo
Instituído pela Lei nº 37, de 28 de março de 2001 e Decreto nº 5.057, de 03 de janeiro de 2018
Semanário Oficial assinado digitalmente conforme MP nº 2.200-2, de 2001, garantindo autenticidade, validade jurídica e integridade.
SEMANÁRIO
Oficial Eletrônico
avare.sp.gov.br
Quinta-feira, 14 de maio de 2026 Ano X | Edição nº 2733 Prefeito: Roberto Araujo
ESTÂNCIA TURÍSTICA DE AVARÉ
ESTADO DE SÃO PAULO
Continuação Lei n° 3.444, de 13 de maio de 2026.
Artigo 3º – Esta Lei entrará em vigor na data de sua publicação e terá vigência até 31 de
dezembro de 2026.
Prefeitura da Estância Turística de Avaré, 13 de maio de 2026.
ROBERTO DE ARAUJO
Prefeito
PRAÇA JUCA NOVAES, Nº 1.169, CENTRO, AVARÉ, SP, CEP 18.705-900, TEL.: (14) 3711-2507
SECRETARIADEGABINETE@AVARE.SP.GOV.BR

Estância Turística de Avaré – Estado de São Paulo
Instituído pela Lei nº 37, de 28 de março de 2001 e Decreto nº 5.057, de 03 de janeiro de 2018
Semanário Oficial assinado digitalmente conforme MP nº 2.200-2, de 2001, garantindo autenticidade, validade jurídica e integridade.
SEMANÁRIO
Oficial Eletrônico
avare.sp.gov.br
Quinta-feira, 14 de maio de 2026 Ano X | Edição nº 2733 Prefeito: Roberto Araujo
ESTÂNCIA TURÍSTICA DE AVARÉ
ESTADO DE SÃO PAULO
Lei nº 3.445, de 13 de maio de 2026.
(Dispõe sobre abertura de Crédito Adicional Especial que
especifica e dá providências).
Autoria: Prefeito Municipal (Projeto de Lei nº 116/2026).
ROBERTO DE ARAUJO, Prefeito da Estância Turística de Avaré, usando das
atribuições que lhe são conferidas por lei,
Faço saber que a Câmara Municipal da Estância Turística de Avaré aprovou e eu
sanciono e promulgo a seguinte Lei:
Artigo 1º- Nos termos do artigo 43 da Lei Federal nº 4.320 de 17 de Março de 1964
combinado com o artigo 167 § 2º da Constituição Federal, fica o Poder Executivo Municipal
autorizado a lançar no orçamento vigente, Lei Municipal nº 3.354 de 02/12/2025, através do
Departamento de Contabilidade e Orçamento da Municipalidade, um CRÉDITO
ADICIONAL ESPECIAL no valor de R$ 150.253,66 (cento e cinquenta mil, duzentos e
cinquenta e três reais e sessenta e seis centavos), na conformidade da funcional programática
e modalidade de aplicação detalhada abaixo:
DESCRIÇÃO CODIGO DESCRIÇÃO VALOR - R$
ÓRGÃO 36 SECRETARIA MUN. DE SERVIÇOS
UNIDADE 02 DIVISÃO DE SERVIÇOS MUNICIPAIS
SUBUNIDADE 05 SETOR DE MANUTENÇÃO E LIMPEZA PÚBLICA
FUNÇÃO 26 TRANSPORTE
SUBFUNÇÃO 451 INFRAESTRUTURA URBANA
PROGRAMA 5003 INFRAESTRUTURA DE TRANSPORTE E SERV.COMPL.
ATIVIDADE 2173 CONSERVAÇÃO DE VIAS PUBLICAS
FONTE 02 TRANSF. E CONV. ESTADUAIS ESPECÍFICOS
CÓD. APLICAÇÃO 803.020 EMP.PARL.Nº 2026.014.81136- DEP.BETH SAHÃO
CAT.ECONÔMICA 4.4.90.52.00 EQUIPAMENTOS E MATERIAL PERMANENTE 150.253,66
TOTAL 150.253,66
Artigo 2º - Para cobertura das despesas com a execução desta Lei será utilizado recurso
proveniente de EXCESSO DE ARRECADAÇÃO consoante Emenda Parlamentar Individual
da Deputada Estadual Beth Sahão.
______________________________________________________________________________________________
PRAÇA JUCA NOVAES, Nº 1.169, CENTRO, AVARÉ, SP, CEP 18.705-900, TEL.: (14) 3711-2507
SECRETARIADEGABINETE@AVARE.SP.GOV.BR

Estância Turística de Avaré – Estado de São Paulo
Instituído pela Lei nº 37, de 28 de março de 2001 e Decreto nº 5.057, de 03 de janeiro de 2018
Semanário Oficial assinado digitalmente conforme MP nº 2.200-2, de 2001, garantindo autenticidade, validade jurídica e integridade.
SEMANÁRIO
Oficial Eletrônico
avare.sp.gov.br
Quinta-feira, 14 de maio de 2026 Ano X | Edição nº 2733 Prefeito: Roberto Araujo
ESTÂNCIA TURÍSTICA DE AVARÉ
ESTADO DE SÃO PAULO
Continuação Lei n° 3.445, de 13 de maio de 2026.
Artigo 3º – Esta Lei entrará em vigor na data de sua publicação e terá vigência até 31 de
dezembro de 2026.
Prefeitura da Estância Turística de Avaré, 13 de maio de 2026.
ROBERTO DE ARAUJO
Prefeito
PRAÇA JUCA NOVAES, Nº 1.169, CENTRO, AVARÉ, SP, CEP 18.705-900, TEL.: (14) 3711-2507
SECRETARIADEGABINETE@AVARE.SP.GOV.BR

Estância Turística de Avaré – Estado de São Paulo
Instituído pela Lei nº 37, de 28 de março de 2001 e Decreto nº 5.057, de 03 de janeiro de 2018
Semanário Oficial assinado digitalmente conforme MP nº 2.200-2, de 2001, garantindo autenticidade, validade jurídica e integridade.
SEMANÁRIO
Oficial Eletrônico
avare.sp.gov.br
Quinta-feira, 14 de maio de 2026 Ano X | Edição nº 2733 Prefeito: Roberto Araujo
ESTÂNCIA TURÍSTICA DE AVARÉ
ESTADO DE SÃO PAULO
Lei nº 3.446, de 13 de maio de 2026.
(Dispõe sobre abertura de Crédito Adicional
Especial que especifica e dá providências).
Autoria: Prefeito Municipal (Projeto de Lei nº 117/2026).
ROBERTO DE ARAUJO, Prefeito da Estância Turística de Avaré, usando das
atribuições que lhe são conferidas por lei,
Faço saber que a Câmara Municipal da Estância Turística de Avaré aprovou e eu
sanciono e promulgo a seguinte Lei:
Artigo 1º - Nos termos do artigo 43 da Lei Federal nº 4.320 de 17 de Março de 1964
combinado com o artigo 167 § 2º da Constituição Federal, fica o Poder Executivo Municipal
autorizado a lançar no orçamento vigente, Lei Municipal nº 3.354 de 02/12/2025, através do
Departamento de Contabilidade e Orçamento da Municipalidade, um CRÉDITO
ADICIONAL ESPECIAL no valor de R$ 681.800,00 (seiscentos e oitenta e um mil e
oitocentos reais), na conformidade da funcional programática e modalidade de aplicação
detalhada abaixo:
DESCRIÇÃO CODIGO DESCRIÇÃO VALOR - R$
ÓRGÃO 37 SECRETARIA MUN. DE PLANEJAMENTO E OBRAS
UNIDADE 02 COORD. DE EXECUÇÃO/FISCALIZAÇÃO DE OBRAS
SUBUNIDADE 01 DEPARTAMENTO DE ENGENHARIA
FUNÇÃO 15 URBANISMO
SUBFUNÇÃO 451 INFRAESTRUTURA URBANA
PROGRAMA 6004 DESENVOLVIMENTO DO TURISMO
ATIVIDADE 1155 CONSTR/AMPL/REFORMA OBRAS VINC.MIN.DO
TURISMO
FONTE 05 TRANSF. E CONV. FEDERAIS ESPECÍFICOS
CÓD. APLICAÇÃO 902.001 EMP. PARL .Nº 5007001- EMENDA DE COMISSÃO
CAT.ECONÔMICA 4.4.90.51.00 OBRAS E INSTALAÇÕES 681.800,00
TOTAL 681.800,00
Artigo 2º - Para cobertura das despesas com a execução desta Lei será utilizado recurso
proveniente de EXCESSO DE ARRECADAÇÃO consoante Emenda Parlamentar de
Comissão nº 50070001.
______________________________________________________________________________________________
PRAÇA JUCA NOVAES, Nº 1.169, CENTRO, AVARÉ, SP, CEP 18.705-900, TEL.: (14) 3711-2507
SECRETARIADEGABINETE@AVARE.SP.GOV.BR

Estância Turística de Avaré – Estado de São Paulo
Instituído pela Lei nº 37, de 28 de março de 2001 e Decreto nº 5.057, de 03 de janeiro de 2018
Semanário Oficial assinado digitalmente conforme MP nº 2.200-2, de 2001, garantindo autenticidade, validade jurídica e integridade.
SEMANÁRIO
Oficial Eletrônico
avare.sp.gov.br
Quinta-feira, 14 de maio de 2026 Ano X | Edição nº 2733 Prefeito: Roberto Araujo
ESTÂNCIA TURÍSTICA DE AVARÉ
ESTADO DE SÃO PAULO
Continuação Lei n° 3.446, de 13 de maio de 2026.
Artigo 3º – Esta Lei entrará em vigor na data de sua publicação e terá vigência até 31 de
dezembro de 2026.
Prefeitura da Estância Turística de Avaré, 13 de maio de 2026.
ROBERTO DE ARAUJO
Prefeito
PRAÇA JUCA NOVAES, Nº 1.169, CENTRO, AVARÉ, SP, CEP 18.705-900, TEL.: (14) 3711-2507
SECRETARIADEGABINETE@AVARE.SP.GOV.BR

Estância Turística de Avaré – Estado de São Paulo
Instituído pela Lei nº 37, de 28 de março de 2001 e Decreto nº 5.057, de 03 de janeiro de 2018
Semanário Oficial assinado digitalmente conforme MP nº 2.200-2, de 2001, garantindo autenticidade, validade jurídica e integridade.
SEMANÁRIO
Oficial Eletrônico
avare.sp.gov.br
Quinta-feira, 14 de maio de 2026 Ano X | Edição nº 2733 Prefeito: Roberto Araujo
Lei Complementar nº 401, de 13 de maio de 2026.
Dispõe sobre alteração do Anexo I
- Quadro de Pessoal Permanente –
Superior – Lei Complementar n°
126, de 02 de junho de 2010 e dá
outras providências.
Autoria: Prefeito Municipal (Projeto de Lei
Complementar nº 106/2026).
ROBERTO DE ARAUJO, Prefeito da Estância Turística
de Avaré, usando das atribuições que lhe são conferidas
por lei,
Faço saber que a Câmara Municipal da Estância
Turística de Avaré aprovou e eu sanciono e promulgo a
seguinte Lei:
Art. 1º – Fica criada 01 (uma) vaga para provimento
do cargo efetivo, abaixo relacionado, no Quadro de Pessoal
dos Servidores Públicos da Prefeitura da Estância Turística
de Avaré, acrescendo-a ao Anexo I – Quadro de Pessoal
Permanente - Superior, da Lei Complementar nº 126, de 02
de junho de 2010, e alterações, a saber:
Referência/
Denominação Nº cargo Carga horária Requisito
Padrão Salarial
Ensino Superior Completo com
Arquiteto 14-inicial 01 20 h/ semana formação na área Específica e
competente Registro no CREA.
Parágrafo único – Ficam mantidas as atribuições do
cargo mencionado no artigo 1º, as quais encontram-se
previstas nos anexos I, da Lei Complementar nº 188/2013 e
Lei Complementar nº 193/2014.
Art. 2º- Esta Lei entrará em vigor na data de sua
publicação.
Prefeitura da Estância Turística de Avaré, 13 de maio de
2026.
ROBERTO DE ARAUJO
Prefeito
...........................................................................................................

Estância Turística de Avaré – Estado de São Paulo
Instituído pela Lei nº 37, de 28 de março de 2001 e Decreto nº 5.057, de 03 de janeiro de 2018
Semanário Oficial assinado digitalmente conforme MP nº 2.200-2, de 2001, garantindo autenticidade, validade jurídica e integridade.
SEMANÁRIO
Oficial Eletrônico
avare.sp.gov.br
Quinta-feira, 14 de maio de 2026 Ano X | Edição nº 2733 Prefeito: Roberto Araujo
Decretos
Decretos
ESTÂNCIA TURÍSTICA DE AVARÉ
ESTADO DE SÃO PAULO
Decreto nº 8.746, de 14 de maio de 2026.
(Dispõe sobre abertura de Crédito Adicional Especial que
especifica e dá providências).
ROBERTO DE ARAUJO, Prefeito da Estância Turística de Avaré, usando das
atribuições que lhe são conferidas por lei,
DECRETA:
Artigo 1º- Nos termos do artigo 43 da Lei Federal nº 4.320 de 17 de Março de 1964
combinado com o artigo 167 § 2º da Constituição Federal, fica o Poder Executivo Municipal
autorizado a lançar no orçamento vigente, Lei Municipal nº 3.354 de 02/12/2025, através do
Departamento de Contabilidade e Orçamento da Municipalidade, um CRÉDITO
ADICIONAL ESPECIAL no valor de R$ 180.000,00 (cento e oitenta mil reais) para
atendimento das despesas do Fundo Municipal da Saúde na conformidade da funcional
programática e modalidade de aplicação detalhada abaixo:
ÓRGÃO 07 SECRETARIA MUNICIPAL DA SAÚDE
UNIDADE 01 FUNDO MUNICIPAL DA SAÚDE
SUBUNIDADE 15 COORDENAÇÃO ATENÇÃO ESPECIALIZADA
FUNÇÃO 10 SAÚDE
SUBFUNÇÃO 302 ASSISTÊNCIA HOSPITALAR E AMBULATORIAL
MEDIA E ALTA COMPLEXIDADE AMBULATORIAL E
PROGRAMA 1013
HOSPITALAR
ATIVIDADE/
2373 PROCEDIMENTO AMBULATORIAL - MAC
PROJETO
FONTE 05 TRANSFERÊNCIAS E CONVÊNIOS FEDERAIS
CÓD. APLICAÇÃO 302.011 FNS – (FAEC) PROG. MAIS ACESSO A ESPECIAL.
CATEGORIA OUTROS SERVIÇOS DE TERCEIROS - PESSOA
3.3.90.39.00 179.000,00
ECONÔMICA JURÍDICA
CATEGORIA
3.3.50.43.00 SUBVENÇÕES SOCIAIS 1.000,00
ECONÔMICA
TOTAL 180.000,00
TOTAL GERAL 180.000,00
Artigo 2º - Para cobertura das despesas com a execução deste decreto serão utilizados
recursos provenientes de EXCESSO DE ARRECADAÇÃO de repasses do governo Federal
consoante Portaria GM/MS Nº 8632/25.
______________________________________________________________________________________________
PRAÇA JUCA NOVAES, Nº 1.169, CENTRO, AVARÉ, SP, CEP 18.705-900, TEL.: (14) 3711-2507
SECRETARIADEGABINETE@AVARE.SP.GOV.BR

Estância Turística de Avaré – Estado de São Paulo
Instituído pela Lei nº 37, de 28 de março de 2001 e Decreto nº 5.057, de 03 de janeiro de 2018
Semanário Oficial assinado digitalmente conforme MP nº 2.200-2, de 2001, garantindo autenticidade, validade jurídica e integridade.
SEMANÁRIO
Oficial Eletrônico
avare.sp.gov.br
Quinta-feira, 14 de maio de 2026 Ano X | Edição nº 2733 Prefeito: Roberto Araujo
ESTÂNCIA TURÍSTICA DE AVARÉ
ESTADO DE SÃO PAULO
Continuação Decreto n° 8.746, de 14 de maio de 2026.
Artigo 3º – Este decreto entrará em vigor na data de sua publicação e terá vigência até
31 de dezembro de 2026.
Prefeitura da Estância Turística de Avaré, 14 de maio de 2026.
ROBERTO DE ARAUJO
Prefeito
PRAÇA JUCA NOVAES, Nº 1.169, CENTRO, AVARÉ, SP, CEP 18.705-900, TEL.: (14) 3711-2507
SECRETARIADEGABINETE@AVARE.SP.GOV.BR

Estância Turística de Avaré – Estado de São Paulo
Instituído pela Lei nº 37, de 28 de março de 2001 e Decreto nº 5.057, de 03 de janeiro de 2018
Semanário Oficial assinado digitalmente conforme MP nº 2.200-2, de 2001, garantindo autenticidade, validade jurídica e integridade.
SEMANÁRIO
Oficial Eletrônico
avare.sp.gov.br
Quinta-feira, 14 de maio de 2026 Ano X | Edição nº 2733 Prefeito: Roberto Araujo
ESTÂNCIA TURÍSTICA DE AVARÉ
ESTADO DE SÃO PAULO
Decreto nº 8.747, de 14 de maio de 2026.
(Dispõe sobre abertura de Crédito Adicional Especial que
especifica e dá providências).
ROBERTO DE ARAUJO, Prefeito da Estância Turística de Avaré, usando das
atribuições que lhe são conferidas por lei,
DECRETA:
Artigo 1º- Nos termos do artigo 43 da Lei Federal nº 4.320 de 17 de Março de 1964 combinado
com o artigo 167 § 2º da Constituição Federal, fica o Poder Executivo Municipal autorizado a lançar
no orçamento vigente, Lei Municipal nº 3.354 de 02/12/2025, através do Departamento de
Contabilidade e Orçamento da Municipalidade, um CRÉDITO ADICIONAL ESPECIAL no valor
de R$ 51.905,03 (cinquenta e um mil novecentos e cinco reais e três centavos) para atendimento das
despesas do Fundo Municipal da Saúde na conformidade da funcional programática e modalidade de
aplicação detalhada abaixo:
ÓRGÃO 07 SECRETARIA MUNICIPAL DA SAÚDE
UNIDADE 01 FUNDO MUNICIPAL DA SAÚDE
SUBUNIDADE 14 COORDENAÇÃO DA ATENÇÃO BÁSICA DA SAÚDE
FUNÇÃO 10 SAÚDE
SUBFUNÇÃO 301 ATENÇÃO BÁSICA
PROGRAMA 1012 ATENÇÃO BÁSICA
FORNECIMENTO DE LEITE E SUPLEMENTO
ATIVIDADE/PROJETO 2033
ALIMENTAR
TRANSFERÊNCIAS E CONVÊNIOS ESTADUAIS
FONTE 92
(EXERCÍCIOS ANTERIORES)
CÓD. APLICAÇÃO 803.011 EM.PARL. Nº 2025.065.69645 – RES. SS 99/25
CATEGORIA MATERIAL, BEM OU SERVIÇO PARA
3.3.90.32.00 51.905,03
ECONÔMICA DISTRIBUIÇÃO GRATUITA
TOTAL 51.905,03
Artigo 2º - Para cobertura das despesas com a execução deste decreto serão utilizados
recursos provenientes de ANULAÇÃO de repasses do governo Estadual consoante
EM.PARL. Nº 2025.065.69645 – RES. SS 99/25.
Artigo 3º – Este decreto entrará em vigor na data de sua publicação e terá vigência até
31 de dezembro de 2026.
Prefeitura da Estância Turística de Avaré, 14 de maio de 2026.
ROBERTO DE ARAUJO
Prefeito
______________________________________________________________________________________________
PRAÇA JUCA NOVAES, Nº 1.169, CENTRO, AVARÉ, SP, CEP 18.705-900, TEL.: (14) 3711-2507
SECRETARIADEGABINETE@AVARE.SP.GOV.BR

Estância Turística de Avaré – Estado de São Paulo
Instituído pela Lei nº 37, de 28 de março de 2001 e Decreto nº 5.057, de 03 de janeiro de 2018
Semanário Oficial assinado digitalmente conforme MP nº 2.200-2, de 2001, garantindo autenticidade, validade jurídica e integridade.
SEMANÁRIO
Oficial Eletrônico
avare.sp.gov.br
Quinta-feira, 14 de maio de 2026 Ano X | Edição nº 2733 Prefeito: Roberto Araujo
ESTÂNCIA TURÍSTICA DE AVARÉ
ESTADO DE SÃO PAULO
Decreto nº 8.748, de 14 de maio de 2026.
(Dispõe sobre abertura de Crédito Adicional Especial que
especifica e dá providências).
ROBERTO DE ARAUJO, Prefeito da Estância Turística de Avaré, usando das
atribuições que lhe são conferidas por lei,
DECRETA:
Artigo 1º- Nos termos do artigo 43 da Lei Federal nº 4.320 de 17 de Março de 1964
combinado com o artigo 167 § 2º da Constituição Federal, fica o Poder Executivo Municipal
autorizado a lançar no orçamento vigente, Lei Municipal nº 3.354 de 02/12/2025, através do
Departamento de Contabilidade e Orçamento da Municipalidade, um CRÉDITO
ADICIONAL ESPECIAL no valor de R$ 150.253,66 (cento e cinquenta mil, duzentos e
cinquenta e três reais e sessenta e seis centavos), na conformidade da funcional programática
e modalidade de aplicação detalhada abaixo:
DESCRIÇÃO CODIGO DESCRIÇÃO VALOR - R$
ÓRGÃO 36 SECRETARIA MUN. DE SERVIÇOS
UNIDADE 02 DIVISÃO DE SERVIÇOS MUNICIPAIS
SUBUNIDADE 05 SETOR DE MANUTENÇÃO E LIMPEZA PÚBLICA
FUNÇÃO 26 TRANSPORTE
SUBFUNÇÃO 451 INFRAESTRUTURA URBANA
PROGRAMA 5003 INFRAESTRUTURA DE TRANSPORTE E SERV.COMPL.
ATIVIDADE 2173 CONSERVAÇÃO DE VIAS PUBLICAS
FONTE 02 TRANSF. E CONV. ESTADUAIS ESPECÍFICOS
CÓD. APLICAÇÃO 803.020 EMP.PARL.Nº 2026.014.81136- DEP.BETH SAHÃO
CAT.ECONÔMICA 4.4.90.52.00 EQUIPAMENTOS E MATERIAL PERMANENTE 150.253,66
TOTAL 150.253,66
Artigo 2º - Para cobertura das despesas com a execução deste decreto será utilizado
recurso proveniente de EXCESSO DE ARRECADAÇÃO consoante Emenda Parlamentar
Individual da Deputada Estadual Beth Sahão.
______________________________________________________________________________________________
PRAÇA JUCA NOVAES, Nº 1.169, CENTRO, AVARÉ, SP, CEP 18.705-900, TEL.: (14) 3711-2507
SECRETARIADEGABINETE@AVARE.SP.GOV.BR

Estância Turística de Avaré – Estado de São Paulo
Instituído pela Lei nº 37, de 28 de março de 2001 e Decreto nº 5.057, de 03 de janeiro de 2018
Semanário Oficial assinado digitalmente conforme MP nº 2.200-2, de 2001, garantindo autenticidade, validade jurídica e integridade.
SEMANÁRIO
Oficial Eletrônico
avare.sp.gov.br
Quinta-feira, 14 de maio de 2026 Ano X | Edição nº 2733 Prefeito: Roberto Araujo
ESTÂNCIA TURÍSTICA DE AVARÉ
ESTADO DE SÃO PAULO
Continuação Decreto n° 8.748, de 14 de maio de 2026.
Artigo 3º – Este decreto entrará em vigor na data de sua publicação e terá vigência até
31 de dezembro de 2026.
Prefeitura da Estância Turística de Avaré, 14 de maio de 2026.
ROBERTO DE ARAUJO
Prefeito
PRAÇA JUCA NOVAES, Nº 1.169, CENTRO, AVARÉ, SP, CEP 18.705-900, TEL.: (14) 3711-2507
SECRETARIADEGABINETE@AVARE.SP.GOV.BR

Estância Turística de Avaré – Estado de São Paulo
Instituído pela Lei nº 37, de 28 de março de 2001 e Decreto nº 5.057, de 03 de janeiro de 2018
Semanário Oficial assinado digitalmente conforme MP nº 2.200-2, de 2001, garantindo autenticidade, validade jurídica e integridade.
SEMANÁRIO
Oficial Eletrônico
avare.sp.gov.br
Quinta-feira, 14 de maio de 2026 Ano X | Edição nº 2733 Prefeito: Roberto Araujo
ESTÂNCIA TURÍSTICA DE AVARÉ
ESTADO DE SÃO PAULO
Decreto nº 8.749, de 14 de maio de 2026.
(Dispõe sobre abertura de Crédito Adicional
Especial que especifica e dá providências).
ROBERTO DE ARAUJO, Prefeito da Estância Turística de Avaré, usando das
atribuições que lhe são conferidas por lei,
DECRETA:
Artigo 1º - Nos termos do artigo 43 da Lei Federal nº 4.320 de 17 de Março de 1964
combinado com o artigo 167 § 2º da Constituição Federal, fica o Poder Executivo Municipal
autorizado a lançar no orçamento vigente, Lei Municipal nº 3.354 de 02/12/2025, através do
Departamento de Contabilidade e Orçamento da Municipalidade, um CRÉDITO
ADICIONAL ESPECIAL no valor de R$ 681.800,00 (seiscentos e oitenta e um mil e
oitocentos reais), na conformidade da funcional programática e modalidade de aplicação
detalhada abaixo:
DESCRIÇÃO CODIGO DESCRIÇÃO VALOR - R$
ÓRGÃO 37 SECRETARIA MUN. DE PLANEJAMENTO E OBRAS
UNIDADE 02 COORD. DE EXECUÇÃO/FISCALIZAÇÃO DE OBRAS
SUBUNIDADE 01 DEPARTAMENTO DE ENGENHARIA
FUNÇÃO 15 URBANISMO
SUBFUNÇÃO 451 INFRAESTRUTURA URBANA
PROGRAMA 6004 DESENVOLVIMENTO DO TURISMO
ATIVIDADE 1155 CONSTR/AMPL/REFORMA OBRAS VINC.MIN.DO
TURISMO
FONTE 05 TRANSF. E CONV. FEDERAIS ESPECÍFICOS
CÓD. APLICAÇÃO 902.001 EMP. PARL .Nº 5007001- EMENDA DE COMISSÃO
CAT.ECONÔMICA 4.4.90.51.00 OBRAS E INSTALAÇÕES 681.800,00
TOTAL 681.800,00
Artigo 2º - Para cobertura das despesas com a execução deste decreto será utilizado
recurso proveniente de EXCESSO DE ARRECADAÇÃO consoante Emenda Parlamentar de
Comissão nº 50070001.
______________________________________________________________________________________________
PRAÇA JUCA NOVAES, Nº 1.169, CENTRO, AVARÉ, SP, CEP 18.705-900, TEL.: (14) 3711-2507
SECRETARIADEGABINETE@AVARE.SP.GOV.BR

Estância Turística de Avaré – Estado de São Paulo
Instituído pela Lei nº 37, de 28 de março de 2001 e Decreto nº 5.057, de 03 de janeiro de 2018
Semanário Oficial assinado digitalmente conforme MP nº 2.200-2, de 2001, garantindo autenticidade, validade jurídica e integridade.
SEMANÁRIO
Oficial Eletrônico
avare.sp.gov.br
Quinta-feira, 14 de maio de 2026 Ano X | Edição nº 2733 Prefeito: Roberto Araujo
ESTÂNCIA TURÍSTICA DE AVARÉ
ESTADO DE SÃO PAULO
Continuação Lei n° 8.749, de 14 de maio de 2026.
Artigo 3º – Este decreto entrará em vigor na data de sua publicação e terá vigência até
31 de dezembro de 2026.
Prefeitura da Estância Turística de Avaré, 14 de maio de 2026.
ROBERTO DE ARAUJO
Prefeito
PRAÇA JUCA NOVAES, Nº 1.169, CENTRO, AVARÉ, SP, CEP 18.705-900, TEL.: (14) 3711-2507
SECRETARIADEGABINETE@AVARE.SP.GOV.BR

Estância Turística de Avaré – Estado de São Paulo
Instituído pela Lei nº 37, de 28 de março de 2001 e Decreto nº 5.057, de 03 de janeiro de 2018
Semanário Oficial assinado digitalmente conforme MP nº 2.200-2, de 2001, garantindo autenticidade, validade jurídica e integridade.
SEMANÁRIO
Oficial Eletrônico
avare.sp.gov.br
Quinta-feira, 14 de maio de 2026 Ano X | Edição nº 2733 Prefeito: Roberto Araujo
Outros Atos
Outros Atos A Comissão Permanente de Readaptação
Funcional, reorganizada pelo Decreto nº 8.517, de 15 de
outubro de 2025, vem C O N V O C A R os servidores
abaixo relacionados a comparecerem na sede do D.E.S.S. –
Departamento de Saúde e Segurança do Servidor, sito a
Rua Pará, nº 673, Centro, para serem avaliados pela Equipe
Multidisciplinar a fim de instruir os Processos de
Readaptação Funcional, a saber:
PROC. SERVIDOR S SE OR CV IAIÇ LO ENFERMAGEM FISIOTERAPIA PSICOLOGIA MÉDICA S TREG AU BAR LA HN OÇA DOPSIQUIATRA
010/2026 M ZAA VR AC NIA E LR LE AG LIN OA PES - - 14/05/26 – 08:30 1 14 4/ :0 05 0/26 – 19/05/26 – 16:00 1 04 9/ :0 05 0/26 – -
011/2026 S AA RN MD AR NA D OCRISTINA - - 14/05/26 – 09:00 1 14 5/ :0 05 0/26 – 20/05/26 – 10:30 1 14 0/ :0 05 0/26 – -
...........................................................................................................
REUNIÃO DA COMISSÃO PERMANENTE DE
READAPTAÇÃO FUNCIONAL
De acordo com a Lei Municipal nº 2.145 de 10 de
outubro de 2017, ficam os membros da Comissão
Permanente de Readaptação Funcional, reorganizados
através de Decreto nº 8.517, de 15 de outubro de 2025,
CONVOCADOS a participarem da Reunião da Comissão
Permanente de Readaptação Funcional que será realizada
no dia 20/05/2026 às 14h00, nas dependências do
Departamento de Saúde e Segurança do Servidor –
D.E.S.S., Rua Pará, nº 673, Centro, Estância Turística de
Avaré, oportunidade em que serão discutidos Processos de
Readaptação Funcional.
A Comissão Permanente de Readaptação
Funcional
...........................................................................................................

Estância Turística de Avaré – Estado de São Paulo
Instituído pela Lei nº 37, de 28 de março de 2001 e Decreto nº 5.057, de 03 de janeiro de 2018
Semanário Oficial assinado digitalmente conforme MP nº 2.200-2, de 2001, garantindo autenticidade, validade jurídica e integridade.",https://www.dosp.com.br/exibe_do.php?i=ODE4MTk0,
DOA-042,2026-05-14,2733,Leis,3445 - abertura de crédito 150.253 - secretaria de serviços,Não identificada,"SEMANÁRIO
Oficial Eletrônico
avare.sp.gov.br
Quinta-feira, 14 de maio de 2026 Ano X | Edição nº 2733 Prefeito: Roberto Araujo
Art. 4º- A denúncia deverá ser apresentada junto à
PODER EXECUTIVO
Secretaria Municipal de Meio Ambiente, Secretaria
Poder Executivo
Municipal de Fiscalização de Posturas Municipais, ou ao
Atos Oficiais
órgão que vier a ser apontado pelo Município, por meio de
Atos Oficiais
Leis canal oficial disponibilizado, incluindo atendimento
presencial, telefone ou sistema eletrônico.
Leis Lei nº 3.440, de 13 de maio de 2026. Art. 5º- O denunciante que agir de má fé,
apresentando denúncia falsa, fraudulenta ou com objetivo
Dispõe sobre o Programa
de prejudicar terceiros, ficará sujeito:
Municipal de Incentivo à
I - à perda do direito à recompensa;
Denúncia de Infrações
II - à aplicação de multa correspondente a 50%
Ambientais Urbanas em
(cinquenta por cento) do valor previsto para a infração
Avaré/SP, estabelece
indevidamente denunciada;
recompensa ao denunciante,
III - à responsabilização civil e criminal cabível.
prevê punição à má fé e dá
Art. 6º- O Poder Executivo regulamentará a presente
outras providências.
Lei dispondo sobre:
I - os canais oficiais de denúncia;
Autoria: Ver. Pedro Victor Alarcão Alves Fusco
II - os procedimentos de apuração e comprovação das
(Projeto de Lei nº 12/2026).
infrações;
ROBERTO DE ARAUJO, Prefeito da Estância Turística
III - os mecanismos de sigilo e proteção da identidade
de Avaré, usando das atribuições que lhe são conferidas
do denunciante;
por lei,
IV - as formas de pagamento da recompensa.
Faço saber que a Câmara Municipal da Estância
Art. 7º- As despesas decorrentes da execução desta
Turística de Avaré aprovou e eu sanciono e promulgo a
Lei correrão por conta das dotações orçamentárias
seguinte Lei:
próprias, suplementadas se necessário.
Art. 1º - Fica o Poder Executivo autorizado a
Art. 8º- Esta Lei entra em vigor na data de sua
instituir no Município de Avaré/SP o Programa Municipal de
publicação.
Incentivo à Denúncia de Infrações Ambientais Urbanas,
Prefeitura da Estância Turística de Avaré, 13 de maio
destinado a incentivar a população a denunciar infrações
de 2026.
previstas na Lei Municipal nº 176/1.997, que disciplina
ROBERTO DE ARAUJO
entre outras matérias, o descarte irregular de lixo, entulhos
Prefeito
e resíduos de qualquer espécie, incluindo, de forma
...........................................................................................................
exemplificativa:
Lei nº 3.441, de 13 de maio de 2026.
I - descarte de lixo em vias e logradouros públicos;
II - descarte de entulho ou resíduos de construção;
Dispõe sobre a autorização ao
III - deposição de resíduos em áreas verdes ou de
Poder Executivo a realizar
preservação;
alienação por meio de doação de
IV - lançamento de resíduos em bueiros, galerias
um imóvel para a associação
pluviais ou cursos d’água;
Residencial Terras Altas, e dá
V - qualquer outra infração relacionada ao manejo
outras providências.
irregular de resíduos urbanos prevista na legislação
mencionada. Autoria: Prefeito Municipal (Projeto de Lei nº
Art. 2º- O denunciante que auxiliar na identificação do 25/2026).
infrator, mediante denúncia fundamentada com elementos ROBERTO DE ARAUJO, Prefeito da Estância Turística
mínimos de prova (fotografia, vídeo, identificação de de Avaré, usando das atribuições que lhe são conferidas
veículo, local e horário), fará jus ao recebimento de 30% por lei,
(trinta por cento) do valor da multa efetivamente Faço saber que a Câmara Municipal da Estância
arrecadada pelo Município. Turística de Avaré aprovou e eu sanciono e promulgo a
§ 1º O pagamento ao denunciante será realizado em seguinte Lei:
até 30 (trinta) dias após o efetivo recolhimento da multa Art. 1º Fica desafetada, na integralidade, para fins de
pelo infrator, não cabendo qualquer adiantamento ou alteração de uso de bem público de uso comum para bem
antecipação de valores. dominical, a área institucional de propriedade do Município
§ 2º O denunciante poderá optar pelo sigilo de sua da Estância Turística de Avaré, classificada como SISTEMA
identidade, garantida a confidencialidade dos dados DE LAZER 4, DO LOTEAMENTO “RESIDENCIAL TERRAS
pessoais nos termos da legislação vigente. ALTAS”, SITUADO EM AVARÉ-SP, COM A SEGUINTE
Art. 3º- O valor da multa seguirá as disposições da Lei DESCRIÇÃO: INICIA-SE NO PONTO DE DIVISA ENTRE O LOTE
Municipal nº 176/1.997, ou outra que vier a substitui-la. 1 DA QUADRA F COM A RUA 02 E O SISTEMA DE LAZER 4 E

Estância Turística de Avaré – Estado de São Paulo
Instituído pela Lei nº 37, de 28 de março de 2001 e Decreto nº 5.057, de 03 de janeiro de 2018
Semanário Oficial assinado digitalmente conforme MP nº 2.200-2, de 2001, garantindo autenticidade, validade jurídica e integridade.
SEMANÁRIO
Oficial Eletrônico
avare.sp.gov.br
Quinta-feira, 14 de maio de 2026 Ano X | Edição nº 2733 Prefeito: Roberto Araujo
SEGUE 31,29 METROS CONFRONTANDO COM O LOTE 1 DA serem utilizadas pelos moradores locais, em especial ao
QUADRA F ATÉ ENCONTRAR A ÁREA REMANESCENTE 1; público infantil.
DEFLETE À ESQUERDA E SEGUE 41,16 METROS § 2º Nos termos do laudo de avaliação o imóvel possui
CONFRONTANDO COM A ÁREA REMANESCENTE 1; DEFLETE o valor referencial no importe de R$ 372.692,21 (trezentos
À ESQUERDA, E SEGUE 36,31 METROS NA CONFRONTAÇÃO e setenta e dois mil e seiscentos e noventa e dois reais e
COM A ÁREA REMANESCENTE 1, ATÉ ENCONTRAR COM O vinte e um centavos).
LOTE 09 DA QUADRA B; DEFLETE À ESQUERDA E SEGUE Art. 3º Para efeitos da alienação por meio de doação
34,07 METROS, CONFRONTANDO COM O LOTE 09 DA prevista nesta Lei, independe de procedimento licitatório
QUADRA B ATÉ CHEGAR NA RUA 02, FINALMENTE, DEFLETE nos termos da Lei Orgânica do Município, vez que, há
NOVAMENTE À ESQUERDA E SEGUE 8,14 METROS EM evidente interesse público.
CURVA, CONFRONTANDO COM A RUA 02, ATÉ O PONTO Art. 4º Ocorrerá caducidade da alienação por meio de
INICIAL, ENCERRANDO A ÁREA DE 1.459,44 METROS doação e reversão automática do
QUADRADOS, REGISTRADO SOB MATRÍCULA Nº 78.241, DO imóvel ao patrimônio do Município da Estância
LIVRO Nº 2 DO REGISTRO GERAL DO CARTÓRIO DE Turística de Avaré, caso a donatária não proceda com a
REGISTRO DE IMÓVEIS E ANEXOS DA COMARCA DE AVARE. execução, e/ou exercício dos direitos advindos, bem como a
§ 1º A área desafetada será destinada a viabilização alteração da finalidade especificada no § 1º do Art. 2º desta
de alienação por meio de doação a Associação Residencial Lei.
Terras Altas, pessoa jurídica de direito privado, inscrita, no § 1º É vedado o gravame do imóvel com ônus real de
CNPJ nº 23.831.117/0001-12, com sede na Rua Gilberto garantia, salvo, quando tratar-se de garantia para
Filgueiras S/N, Bairro Colina da Boa Vista, CEP18.706-240, financiamento vinculado à construção e/ou ampliação da
em Avaré-SP. edificação destinada nos termos do § 1º do Art. 1º desta
§ 2º A desafetação de que trata esta Lei implica a Lei.
transferência da destinação das áreas descritas de uso § 2º O imóvel doado será revertido sem ônus ao
comum para o patrimônio disponível do Município, Município da Estância Turística de Avaré em caso de
autorizando sua utilização conforme o interesse público extinção da donatária.
justificado. § 3º É facultado ao Poder Público Municipal o direito de
§3º O Poder Executivo Municipal fica autorizado a desistir da reversão do imóvel doado, desde que
adotar todas as providências administrativas, urbanísticas e comprovada a inconveniência técnica e julgada onerosa ao
registrais necessárias à implementação desta Lei. erário a transação.
Art. 2º Fica o Poder Executivo Municipal autorizado a § 4º Em caso de reversão, não haverá ônus ao
alienar por meio de doação, um imóvel a Associação Município da Estância Turística de Avaré, nem mesmo
Residencial Terras Altas, pessoa jurídica de direito privado, recairá direito a indenização sobre as benfeitorias
inscrita no CNPJ nº 23.831.117/0001-12, com sede na Rua realizadas.
Gilberto Filgueiras S/N, Bairro Colina da Boa Vista, CEP Art. 5º As despesas com custas e emolumentos
18.706-240, em Avaré-SP, com as seguintes descrições: inerentes ao tramite registral, decorrentes desta Lei,
SISTEMA DE LAZER 4, DO LOTEAMENTO “RESIDENCIAL correrão por conta da Associação Residencial Terras Altas.
TERRAS ALTAS”, SITUADO EM AVARÉ-SP, COM A SEGUINTE Art. 6º Esta entrará em vigor na data de sua
DESCRIÇÃO: INICIA-SE NO PONTO DE DIVISA ENTRE O LOTE publicação.
1 DA QUADRA F COM A RUA 02 E O SISTEMA DE LAZER 4 E Prefeitura da Estância Turística de Avaré, 13 de maio
SEGUE 31,29 METROS CONFRONTANDO COM O LOTE 1 DA de 2026.
QUADRA F ATÉ ENCONTRAR A ÁREA REMANESCENTE 1; ROBERTO DE ARAUJO
DEFLETE À ESQUERDA E SEGUE 41,16 METROS Prefeito
CONFRONTANDO COM A ÁREA REMANESCENTE 1; DEFLETE ...........................................................................................................
À ESQUERDA, E SEGUE 36,31 METROS NA CONFRONTAÇÃO
COM A ÁREA REMANESCENTE 1, ATÉ ENCONTRAR COM O
LOTE 09 DA QUADRA B; DEFLETE À ESQUERDA E SEGUE
34,07 METROS, CONFRONTANDO COM O LOTE 09 DA
QUADRA B ATÉ CHEGAR NA RUA 02, FINALMENTE, DEFLETE
NOVAMENTEÀ ESQUERDA E SEGUE 8,14 METROS EM
CURVA, CONFRONTANDO COM A RUA 02, ATÉ O PONTO
INICIAL, ENCERRANDO A ÁREA DE 1.459,44 METROS
QUADRADOS, REGISTRADO SOB MATRÍCULA Nº 78.241, DO
LIVRO Nº 2 DO REGISTRO GERAL DO CARTÓRIO DE
REGISTRO DE IMÓVEIS E ANEXOS DA COMARCA DE AVARÉ.
§1º O imóvel tem como finalidade e destinação a
regularização de melhorias para áreas de recreação a

Estância Turística de Avaré – Estado de São Paulo
Instituído pela Lei nº 37, de 28 de março de 2001 e Decreto nº 5.057, de 03 de janeiro de 2018
Semanário Oficial assinado digitalmente conforme MP nº 2.200-2, de 2001, garantindo autenticidade, validade jurídica e integridade.
SEMANÁRIO
Oficial Eletrônico
avare.sp.gov.br
Quinta-feira, 14 de maio de 2026 Ano X | Edição nº 2733 Prefeito: Roberto Araujo
ESTÂNCIA TURÍSTICA DE AVARÉ
ESTADO DE SÃO PAULO
Lei nº 3.442, de 13 de maio de 2026.
(Inclui a área objeto da matrícula nº 88.151 do Cartório de Registro
de Imóveis de Avaré no perímetro urbano do Município de Avaré e,
dá outras providências)
Autoria: Prefeito Municipal (Projeto de Lei nº 107/2026).
ROBERTO DE ARAUJO, Prefeito da Estância Turística de Avaré, usando das
atribuições que lhe são conferidas por lei,
Faço saber que a Câmara Municipal da Estância Turística de Avaré aprovou e eu
sanciono e promulgo a seguinte Lei:
Art. 1º - Fica Incluída no Perímetro Urbano de Avaré, a área de terra abaixo descrita,
objeto da Matrícula nº 88.151:
ÁREA DE TERRAS, contendo 2,0 hectares, perímetro 600,00 metros, denominada FAZENDA SANTA
TEREZA – GLEBA DESMEMBRADA, situada no município de Avaré-SP, com as seguintes medidas e
confrontações:
VÉRTICE SEGMENTO VANTE
código longitude latitude Altitude(m código azimute Dist. (m)
)
FGWM-M- - -23º08’33,373” 779,88 FGWM- 132º18’ 200,0
0012 48º58’33,661” M0013
FGWM-M- - -23º06’37,748” 777,92 FGWM- 222º18’ 100,0
0013 48º58’28,463” M-0014
FGWM-M- - -23º08’40,152” 778,35 CWAE- 312º17’ 200,0
0014 48º58’30,828” P3663
CONFRONTAÇÕES: Até aqui confrontando com a Gleba Remanescente da Fazenda Santa
Tereza (matrícula 84.392); deste ponto segue confrontando com a Rodovia Dr. Diamantino
Monteiro da Gama (SP-3/245), pelos seguintes trechos:
VÉRTICE SEGMENTO VANTE
código longitude latitude Altitude(m código azimute Dist. (m)
)
CWAE-P- - -23º06’35,777” 778,6 CWAE-P- 42º46’ 1,34
3663 48º58’36,025” 3664
CWAE-P- - -23º06’35,745” 778,77 FGWM- 42º17’ 98,66
3664 48º58’35,994” M-0012
Certificação da Poligonal pelo INCRA: 5c912114-e158-42be-9676-50198a8b7732
CADASTRO: 629.049.000.876-4 CCIR nº 45918150221, com os seguintes dados: módulo rural: 40,0629 ha; nº
______________________________________________________________________________________________
PRAÇA JUCA NOVAES, Nº 1.169, CENTRO, AVARÉ, SP, CEP 18.705-900, TEL.: (14) 3711-2507
SECRETARIADEGABINETE@AVARE.SP.GOV.BR

Estância Turística de Avaré – Estado de São Paulo
Instituído pela Lei nº 37, de 28 de março de 2001 e Decreto nº 5.057, de 03 de janeiro de 2018
Semanário Oficial assinado digitalmente conforme MP nº 2.200-2, de 2001, garantindo autenticidade, validade jurídica e integridade.
SEMANÁRIO
Oficial Eletrônico
avare.sp.gov.br
Quinta-feira, 14 de maio de 2026 Ano X | Edição nº 2733 Prefeito: Roberto Araujo
ESTÂNCIA TURÍSTICA DE AVARÉ
ESTADO DE SÃO PAULO
Continuação Lei n° 3.442, de 13 de maio de 2026.
módulos rurais: 3,71; módulo fiscal: 30 ha; nº de módulos fiscais: 5,0211; fração mínima de parcelamento: 2 há e
inscrito no NIRF: 0.235.295-8.
Art. 2º - A área descrita no artigo anterior foi objeto de parecer favorável por parte do
Conselho Municipal do Plano Diretor, através da Resolução CMPD nº 04/2025, devidamente
publicada no Semanário Oficial Eletrônico do Município, Edição nº 2705, de 08/04/2026,
página 01.
Art. 3º - Esta Lei entra em vigor da data de sua publicação, revogando-se as disposições
em contrário.
Prefeitura da Estância Turística de Avaré, 13 de maio de 2026.
ROBERTO DE ARAUJO
Prefeito
PRAÇA JUCA NOVAES, Nº 1.169, CENTRO, AVARÉ, SP, CEP 18.705-900, TEL.: (14) 3711-2507
SECRETARIADEGABINETE@AVARE.SP.GOV.BR

Estância Turística de Avaré – Estado de São Paulo
Instituído pela Lei nº 37, de 28 de março de 2001 e Decreto nº 5.057, de 03 de janeiro de 2018
Semanário Oficial assinado digitalmente conforme MP nº 2.200-2, de 2001, garantindo autenticidade, validade jurídica e integridade.
SEMANÁRIO
Oficial Eletrônico
avare.sp.gov.br
Quinta-feira, 14 de maio de 2026 Ano X | Edição nº 2733 Prefeito: Roberto Araujo
ESTÂNCIA TURÍSTICA DE AVARÉ
ESTADO DE SÃO PAULO
Lei nº 3.443, de 13 de maio de 2026.
(Dispõe sobre abertura de Crédito Adicional Especial que
especifica e dá providências).
Autoria: Prefeito Municipal (Projeto de Lei nº 113/2026).
ROBERTO DE ARAUJO, Prefeito da Estância Turística de Avaré, usando das
atribuições que lhe são conferidas por lei,
Faço saber que a Câmara Municipal da Estância Turística de Avaré aprovou e eu
sanciono e promulgo a seguinte Lei:
Artigo 1º- Nos termos do artigo 43 da Lei Federal nº 4.320 de 17 de Março de 1964
combinado com o artigo 167 § 2º da Constituição Federal, fica o Poder Executivo Municipal
autorizado a lançar no orçamento vigente, Lei Municipal nº 3.354 de 02/12/2025, através do
Departamento de Contabilidade e Orçamento da Municipalidade, um CRÉDITO
ADICIONAL ESPECIAL no valor de R$ 180.000,00 (cento e oitenta mil reais) para
atendimento das despesas do Fundo Municipal da Saúde na conformidade da funcional
programática e modalidade de aplicação detalhada abaixo:
ÓRGÃO 07 SECRETARIA MUNICIPAL DA SAÚDE
UNIDADE 01 FUNDO MUNICIPAL DA SAÚDE
SUBUNIDADE 15 COORDENAÇÃO ATENÇÃO ESPECIALIZADA
FUNÇÃO 10 SAÚDE
SUBFUNÇÃO 302 ASSISTÊNCIA HOSPITALAR E AMBULATORIAL
MEDIA E ALTA COMPLEXIDADE AMBULATORIAL E
PROGRAMA 1013
HOSPITALAR
ATIVIDADE/
2373 PROCEDIMENTO AMBULATORIAL - MAC
PROJETO
FONTE 05 TRANSFERÊNCIAS E CONVÊNIOS FEDERAIS
CÓD. APLICAÇÃO 302.011 FNS – (FAEC) PROG. MAIS ACESSO A ESPECIAL.
CATEGORIA OUTROS SERVIÇOS DE TERCEIROS - PESSOA
3.3.90.39.00 179.000,00
ECONÔMICA JURÍDICA
CATEGORIA
3.3.50.43.00 SUBVENÇÕES SOCIAIS 1.000,00
ECONÔMICA
TOTAL 180.000,00
TOTAL GERAL 180.000,00
Artigo 2º - Para cobertura das despesas com a execução desta Lei serão utilizados
recursos provenientes de EXCESSO DE ARRECADAÇÃO de repasses do governo Federal
consoante Portaria GM/MS Nº 8632/25.
______________________________________________________________________________________________
PRAÇA JUCA NOVAES, Nº 1.169, CENTRO, AVARÉ, SP, CEP 18.705-900, TEL.: (14) 3711-2507
SECRETARIADEGABINETE@AVARE.SP.GOV.BR

Estância Turística de Avaré – Estado de São Paulo
Instituído pela Lei nº 37, de 28 de março de 2001 e Decreto nº 5.057, de 03 de janeiro de 2018
Semanário Oficial assinado digitalmente conforme MP nº 2.200-2, de 2001, garantindo autenticidade, validade jurídica e integridade.
SEMANÁRIO
Oficial Eletrônico
avare.sp.gov.br
Quinta-feira, 14 de maio de 2026 Ano X | Edição nº 2733 Prefeito: Roberto Araujo
ESTÂNCIA TURÍSTICA DE AVARÉ
ESTADO DE SÃO PAULO
Continuação Lei n° 3.443, de 13 de maio de 2026.
Artigo 3º – Esta Lei entrará em vigor na data de sua publicação e terá vigência até 31 de
dezembro de 2026.
Prefeitura da Estância Turística de Avaré, 13 de maio de 2026.
ROBERTO DE ARAUJO
Prefeito
PRAÇA JUCA NOVAES, Nº 1.169, CENTRO, AVARÉ, SP, CEP 18.705-900, TEL.: (14) 3711-2507
SECRETARIADEGABINETE@AVARE.SP.GOV.BR

Estância Turística de Avaré – Estado de São Paulo
Instituído pela Lei nº 37, de 28 de março de 2001 e Decreto nº 5.057, de 03 de janeiro de 2018
Semanário Oficial assinado digitalmente conforme MP nº 2.200-2, de 2001, garantindo autenticidade, validade jurídica e integridade.
SEMANÁRIO
Oficial Eletrônico
avare.sp.gov.br
Quinta-feira, 14 de maio de 2026 Ano X | Edição nº 2733 Prefeito: Roberto Araujo
ESTÂNCIA TURÍSTICA DE AVARÉ
ESTADO DE SÃO PAULO
Lei nº 3.444, de 13 de maio de 2026.
(Dispõe sobre abertura de Crédito Adicional Especial que
especifica e dá providências).
Autoria: Prefeito Municipal (Projeto de Lei nº 114/2026).
ROBERTO DE ARAUJO, Prefeito da Estância Turística de Avaré, usando das
atribuições que lhe são conferidas por lei,
Faço saber que a Câmara Municipal da Estância Turística de Avaré aprovou e eu
sanciono e promulgo a seguinte Lei:
Artigo 1º- Nos termos do artigo 43 da Lei Federal nº 4.320 de 17 de Março de 1964
combinado com o artigo 167 § 2º da Constituição Federal, fica o Poder Executivo Municipal
autorizado a lançar no orçamento vigente, Lei Municipal nº 3.354 de 02/12/2025, através do
Departamento de Contabilidade e Orçamento da Municipalidade, um CRÉDITO
ADICIONAL ESPECIAL no valor de R$ 51.905,03 (cinquenta e um mil novecentos e
cinco reais e três centavos) para atendimento das despesas do Fundo Municipal da Saúde na
conformidade da funcional programática e modalidade de aplicação detalhada abaixo:
ÓRGÃO 07 SECRETARIA MUNICIPAL DA SAÚDE
UNIDADE 01 FUNDO MUNICIPAL DA SAÚDE
SUBUNIDADE 14 COORDENAÇÃO DA ATENÇÃO BÁSICA DA SAÚDE
FUNÇÃO 10 SAÚDE
SUBFUNÇÃO 301 ATENÇÃO BÁSICA
PROGRAMA 1012 ATENÇÃO BÁSICA
FORNECIMENTO DE LEITE E SUPLEMENTO
ATIVIDADE/PROJETO 2033
ALIMENTAR
TRANSFERÊNCIAS E CONVÊNIOS ESTADUAIS
FONTE 92
(EXERCÍCIOS ANTERIORES)
CÓD. APLICAÇÃO 803.011 EM.PARL. Nº 2025.065.69645 – RES. SS 99/25
CATEGORIA MATERIAL, BEM OU SERVIÇO PARA
3.3.90.32.00 51.905,03
ECONÔMICA DISTRIBUIÇÃO GRATUITA
TOTAL 51.905,03
Artigo 2º - Para cobertura das despesas com a execução desta Lei serão utilizados
recursos provenientes de ANULAÇÃO de repasses do governo Estadual consoante
EM.PARL. Nº 2025.065.69645 – RES. SS 99/25.
______________________________________________________________________________________________
PRAÇA JUCA NOVAES, Nº 1.169, CENTRO, AVARÉ, SP, CEP 18.705-900, TEL.: (14) 3711-2507
SECRETARIADEGABINETE@AVARE.SP.GOV.BR

Estância Turística de Avaré – Estado de São Paulo
Instituído pela Lei nº 37, de 28 de março de 2001 e Decreto nº 5.057, de 03 de janeiro de 2018
Semanário Oficial assinado digitalmente conforme MP nº 2.200-2, de 2001, garantindo autenticidade, validade jurídica e integridade.
SEMANÁRIO
Oficial Eletrônico
avare.sp.gov.br
Quinta-feira, 14 de maio de 2026 Ano X | Edição nº 2733 Prefeito: Roberto Araujo
ESTÂNCIA TURÍSTICA DE AVARÉ
ESTADO DE SÃO PAULO
Continuação Lei n° 3.444, de 13 de maio de 2026.
Artigo 3º – Esta Lei entrará em vigor na data de sua publicação e terá vigência até 31 de
dezembro de 2026.
Prefeitura da Estância Turística de Avaré, 13 de maio de 2026.
ROBERTO DE ARAUJO
Prefeito
PRAÇA JUCA NOVAES, Nº 1.169, CENTRO, AVARÉ, SP, CEP 18.705-900, TEL.: (14) 3711-2507
SECRETARIADEGABINETE@AVARE.SP.GOV.BR

Estância Turística de Avaré – Estado de São Paulo
Instituído pela Lei nº 37, de 28 de março de 2001 e Decreto nº 5.057, de 03 de janeiro de 2018
Semanário Oficial assinado digitalmente conforme MP nº 2.200-2, de 2001, garantindo autenticidade, validade jurídica e integridade.
SEMANÁRIO
Oficial Eletrônico
avare.sp.gov.br
Quinta-feira, 14 de maio de 2026 Ano X | Edição nº 2733 Prefeito: Roberto Araujo
ESTÂNCIA TURÍSTICA DE AVARÉ
ESTADO DE SÃO PAULO
Lei nº 3.445, de 13 de maio de 2026.
(Dispõe sobre abertura de Crédito Adicional Especial que
especifica e dá providências).
Autoria: Prefeito Municipal (Projeto de Lei nº 116/2026).
ROBERTO DE ARAUJO, Prefeito da Estância Turística de Avaré, usando das
atribuições que lhe são conferidas por lei,
Faço saber que a Câmara Municipal da Estância Turística de Avaré aprovou e eu
sanciono e promulgo a seguinte Lei:
Artigo 1º- Nos termos do artigo 43 da Lei Federal nº 4.320 de 17 de Março de 1964
combinado com o artigo 167 § 2º da Constituição Federal, fica o Poder Executivo Municipal
autorizado a lançar no orçamento vigente, Lei Municipal nº 3.354 de 02/12/2025, através do
Departamento de Contabilidade e Orçamento da Municipalidade, um CRÉDITO
ADICIONAL ESPECIAL no valor de R$ 150.253,66 (cento e cinquenta mil, duzentos e
cinquenta e três reais e sessenta e seis centavos), na conformidade da funcional programática
e modalidade de aplicação detalhada abaixo:
DESCRIÇÃO CODIGO DESCRIÇÃO VALOR - R$
ÓRGÃO 36 SECRETARIA MUN. DE SERVIÇOS
UNIDADE 02 DIVISÃO DE SERVIÇOS MUNICIPAIS
SUBUNIDADE 05 SETOR DE MANUTENÇÃO E LIMPEZA PÚBLICA
FUNÇÃO 26 TRANSPORTE
SUBFUNÇÃO 451 INFRAESTRUTURA URBANA
PROGRAMA 5003 INFRAESTRUTURA DE TRANSPORTE E SERV.COMPL.
ATIVIDADE 2173 CONSERVAÇÃO DE VIAS PUBLICAS
FONTE 02 TRANSF. E CONV. ESTADUAIS ESPECÍFICOS
CÓD. APLICAÇÃO 803.020 EMP.PARL.Nº 2026.014.81136- DEP.BETH SAHÃO
CAT.ECONÔMICA 4.4.90.52.00 EQUIPAMENTOS E MATERIAL PERMANENTE 150.253,66
TOTAL 150.253,66
Artigo 2º - Para cobertura das despesas com a execução desta Lei será utilizado recurso
proveniente de EXCESSO DE ARRECADAÇÃO consoante Emenda Parlamentar Individual
da Deputada Estadual Beth Sahão.
______________________________________________________________________________________________
PRAÇA JUCA NOVAES, Nº 1.169, CENTRO, AVARÉ, SP, CEP 18.705-900, TEL.: (14) 3711-2507
SECRETARIADEGABINETE@AVARE.SP.GOV.BR

Estância Turística de Avaré – Estado de São Paulo
Instituído pela Lei nº 37, de 28 de março de 2001 e Decreto nº 5.057, de 03 de janeiro de 2018
Semanário Oficial assinado digitalmente conforme MP nº 2.200-2, de 2001, garantindo autenticidade, validade jurídica e integridade.
SEMANÁRIO
Oficial Eletrônico
avare.sp.gov.br
Quinta-feira, 14 de maio de 2026 Ano X | Edição nº 2733 Prefeito: Roberto Araujo
ESTÂNCIA TURÍSTICA DE AVARÉ
ESTADO DE SÃO PAULO
Continuação Lei n° 3.445, de 13 de maio de 2026.
Artigo 3º – Esta Lei entrará em vigor na data de sua publicação e terá vigência até 31 de
dezembro de 2026.
Prefeitura da Estância Turística de Avaré, 13 de maio de 2026.
ROBERTO DE ARAUJO
Prefeito
PRAÇA JUCA NOVAES, Nº 1.169, CENTRO, AVARÉ, SP, CEP 18.705-900, TEL.: (14) 3711-2507
SECRETARIADEGABINETE@AVARE.SP.GOV.BR

Estância Turística de Avaré – Estado de São Paulo
Instituído pela Lei nº 37, de 28 de março de 2001 e Decreto nº 5.057, de 03 de janeiro de 2018
Semanário Oficial assinado digitalmente conforme MP nº 2.200-2, de 2001, garantindo autenticidade, validade jurídica e integridade.
SEMANÁRIO
Oficial Eletrônico
avare.sp.gov.br
Quinta-feira, 14 de maio de 2026 Ano X | Edição nº 2733 Prefeito: Roberto Araujo
ESTÂNCIA TURÍSTICA DE AVARÉ
ESTADO DE SÃO PAULO
Lei nº 3.446, de 13 de maio de 2026.
(Dispõe sobre abertura de Crédito Adicional
Especial que especifica e dá providências).
Autoria: Prefeito Municipal (Projeto de Lei nº 117/2026).
ROBERTO DE ARAUJO, Prefeito da Estância Turística de Avaré, usando das
atribuições que lhe são conferidas por lei,
Faço saber que a Câmara Municipal da Estância Turística de Avaré aprovou e eu
sanciono e promulgo a seguinte Lei:
Artigo 1º - Nos termos do artigo 43 da Lei Federal nº 4.320 de 17 de Março de 1964
combinado com o artigo 167 § 2º da Constituição Federal, fica o Poder Executivo Municipal
autorizado a lançar no orçamento vigente, Lei Municipal nº 3.354 de 02/12/2025, através do
Departamento de Contabilidade e Orçamento da Municipalidade, um CRÉDITO
ADICIONAL ESPECIAL no valor de R$ 681.800,00 (seiscentos e oitenta e um mil e
oitocentos reais), na conformidade da funcional programática e modalidade de aplicação
detalhada abaixo:
DESCRIÇÃO CODIGO DESCRIÇÃO VALOR - R$
ÓRGÃO 37 SECRETARIA MUN. DE PLANEJAMENTO E OBRAS
UNIDADE 02 COORD. DE EXECUÇÃO/FISCALIZAÇÃO DE OBRAS
SUBUNIDADE 01 DEPARTAMENTO DE ENGENHARIA
FUNÇÃO 15 URBANISMO
SUBFUNÇÃO 451 INFRAESTRUTURA URBANA
PROGRAMA 6004 DESENVOLVIMENTO DO TURISMO
ATIVIDADE 1155 CONSTR/AMPL/REFORMA OBRAS VINC.MIN.DO
TURISMO
FONTE 05 TRANSF. E CONV. FEDERAIS ESPECÍFICOS
CÓD. APLICAÇÃO 902.001 EMP. PARL .Nº 5007001- EMENDA DE COMISSÃO
CAT.ECONÔMICA 4.4.90.51.00 OBRAS E INSTALAÇÕES 681.800,00
TOTAL 681.800,00
Artigo 2º - Para cobertura das despesas com a execução desta Lei será utilizado recurso
proveniente de EXCESSO DE ARRECADAÇÃO consoante Emenda Parlamentar de
Comissão nº 50070001.
______________________________________________________________________________________________
PRAÇA JUCA NOVAES, Nº 1.169, CENTRO, AVARÉ, SP, CEP 18.705-900, TEL.: (14) 3711-2507
SECRETARIADEGABINETE@AVARE.SP.GOV.BR

Estância Turística de Avaré – Estado de São Paulo
Instituído pela Lei nº 37, de 28 de março de 2001 e Decreto nº 5.057, de 03 de janeiro de 2018
Semanário Oficial assinado digitalmente conforme MP nº 2.200-2, de 2001, garantindo autenticidade, validade jurídica e integridade.
SEMANÁRIO
Oficial Eletrônico
avare.sp.gov.br
Quinta-feira, 14 de maio de 2026 Ano X | Edição nº 2733 Prefeito: Roberto Araujo
ESTÂNCIA TURÍSTICA DE AVARÉ
ESTADO DE SÃO PAULO
Continuação Lei n° 3.446, de 13 de maio de 2026.
Artigo 3º – Esta Lei entrará em vigor na data de sua publicação e terá vigência até 31 de
dezembro de 2026.
Prefeitura da Estância Turística de Avaré, 13 de maio de 2026.
ROBERTO DE ARAUJO
Prefeito
PRAÇA JUCA NOVAES, Nº 1.169, CENTRO, AVARÉ, SP, CEP 18.705-900, TEL.: (14) 3711-2507
SECRETARIADEGABINETE@AVARE.SP.GOV.BR

Estância Turística de Avaré – Estado de São Paulo
Instituído pela Lei nº 37, de 28 de março de 2001 e Decreto nº 5.057, de 03 de janeiro de 2018
Semanário Oficial assinado digitalmente conforme MP nº 2.200-2, de 2001, garantindo autenticidade, validade jurídica e integridade.
SEMANÁRIO
Oficial Eletrônico
avare.sp.gov.br
Quinta-feira, 14 de maio de 2026 Ano X | Edição nº 2733 Prefeito: Roberto Araujo
Lei Complementar nº 401, de 13 de maio de 2026.
Dispõe sobre alteração do Anexo I
- Quadro de Pessoal Permanente –
Superior – Lei Complementar n°
126, de 02 de junho de 2010 e dá
outras providências.
Autoria: Prefeito Municipal (Projeto de Lei
Complementar nº 106/2026).
ROBERTO DE ARAUJO, Prefeito da Estância Turística
de Avaré, usando das atribuições que lhe são conferidas
por lei,
Faço saber que a Câmara Municipal da Estância
Turística de Avaré aprovou e eu sanciono e promulgo a
seguinte Lei:
Art. 1º – Fica criada 01 (uma) vaga para provimento
do cargo efetivo, abaixo relacionado, no Quadro de Pessoal
dos Servidores Públicos da Prefeitura da Estância Turística
de Avaré, acrescendo-a ao Anexo I – Quadro de Pessoal
Permanente - Superior, da Lei Complementar nº 126, de 02
de junho de 2010, e alterações, a saber:
Referência/
Denominação Nº cargo Carga horária Requisito
Padrão Salarial
Ensino Superior Completo com
Arquiteto 14-inicial 01 20 h/ semana formação na área Específica e
competente Registro no CREA.
Parágrafo único – Ficam mantidas as atribuições do
cargo mencionado no artigo 1º, as quais encontram-se
previstas nos anexos I, da Lei Complementar nº 188/2013 e
Lei Complementar nº 193/2014.
Art. 2º- Esta Lei entrará em vigor na data de sua
publicação.
Prefeitura da Estância Turística de Avaré, 13 de maio de
2026.
ROBERTO DE ARAUJO
Prefeito
...........................................................................................................

Estância Turística de Avaré – Estado de São Paulo
Instituído pela Lei nº 37, de 28 de março de 2001 e Decreto nº 5.057, de 03 de janeiro de 2018
Semanário Oficial assinado digitalmente conforme MP nº 2.200-2, de 2001, garantindo autenticidade, validade jurídica e integridade.
SEMANÁRIO
Oficial Eletrônico
avare.sp.gov.br
Quinta-feira, 14 de maio de 2026 Ano X | Edição nº 2733 Prefeito: Roberto Araujo
Decretos
Decretos
ESTÂNCIA TURÍSTICA DE AVARÉ
ESTADO DE SÃO PAULO
Decreto nº 8.746, de 14 de maio de 2026.
(Dispõe sobre abertura de Crédito Adicional Especial que
especifica e dá providências).
ROBERTO DE ARAUJO, Prefeito da Estância Turística de Avaré, usando das
atribuições que lhe são conferidas por lei,
DECRETA:
Artigo 1º- Nos termos do artigo 43 da Lei Federal nº 4.320 de 17 de Março de 1964
combinado com o artigo 167 § 2º da Constituição Federal, fica o Poder Executivo Municipal
autorizado a lançar no orçamento vigente, Lei Municipal nº 3.354 de 02/12/2025, através do
Departamento de Contabilidade e Orçamento da Municipalidade, um CRÉDITO
ADICIONAL ESPECIAL no valor de R$ 180.000,00 (cento e oitenta mil reais) para
atendimento das despesas do Fundo Municipal da Saúde na conformidade da funcional
programática e modalidade de aplicação detalhada abaixo:
ÓRGÃO 07 SECRETARIA MUNICIPAL DA SAÚDE
UNIDADE 01 FUNDO MUNICIPAL DA SAÚDE
SUBUNIDADE 15 COORDENAÇÃO ATENÇÃO ESPECIALIZADA
FUNÇÃO 10 SAÚDE
SUBFUNÇÃO 302 ASSISTÊNCIA HOSPITALAR E AMBULATORIAL
MEDIA E ALTA COMPLEXIDADE AMBULATORIAL E
PROGRAMA 1013
HOSPITALAR
ATIVIDADE/
2373 PROCEDIMENTO AMBULATORIAL - MAC
PROJETO
FONTE 05 TRANSFERÊNCIAS E CONVÊNIOS FEDERAIS
CÓD. APLICAÇÃO 302.011 FNS – (FAEC) PROG. MAIS ACESSO A ESPECIAL.
CATEGORIA OUTROS SERVIÇOS DE TERCEIROS - PESSOA
3.3.90.39.00 179.000,00
ECONÔMICA JURÍDICA
CATEGORIA
3.3.50.43.00 SUBVENÇÕES SOCIAIS 1.000,00
ECONÔMICA
TOTAL 180.000,00
TOTAL GERAL 180.000,00
Artigo 2º - Para cobertura das despesas com a execução deste decreto serão utilizados
recursos provenientes de EXCESSO DE ARRECADAÇÃO de repasses do governo Federal
consoante Portaria GM/MS Nº 8632/25.
______________________________________________________________________________________________
PRAÇA JUCA NOVAES, Nº 1.169, CENTRO, AVARÉ, SP, CEP 18.705-900, TEL.: (14) 3711-2507
SECRETARIADEGABINETE@AVARE.SP.GOV.BR

Estância Turística de Avaré – Estado de São Paulo
Instituído pela Lei nº 37, de 28 de março de 2001 e Decreto nº 5.057, de 03 de janeiro de 2018
Semanário Oficial assinado digitalmente conforme MP nº 2.200-2, de 2001, garantindo autenticidade, validade jurídica e integridade.
SEMANÁRIO
Oficial Eletrônico
avare.sp.gov.br
Quinta-feira, 14 de maio de 2026 Ano X | Edição nº 2733 Prefeito: Roberto Araujo
ESTÂNCIA TURÍSTICA DE AVARÉ
ESTADO DE SÃO PAULO
Continuação Decreto n° 8.746, de 14 de maio de 2026.
Artigo 3º – Este decreto entrará em vigor na data de sua publicação e terá vigência até
31 de dezembro de 2026.
Prefeitura da Estância Turística de Avaré, 14 de maio de 2026.
ROBERTO DE ARAUJO
Prefeito
PRAÇA JUCA NOVAES, Nº 1.169, CENTRO, AVARÉ, SP, CEP 18.705-900, TEL.: (14) 3711-2507
SECRETARIADEGABINETE@AVARE.SP.GOV.BR

Estância Turística de Avaré – Estado de São Paulo
Instituído pela Lei nº 37, de 28 de março de 2001 e Decreto nº 5.057, de 03 de janeiro de 2018
Semanário Oficial assinado digitalmente conforme MP nº 2.200-2, de 2001, garantindo autenticidade, validade jurídica e integridade.
SEMANÁRIO
Oficial Eletrônico
avare.sp.gov.br
Quinta-feira, 14 de maio de 2026 Ano X | Edição nº 2733 Prefeito: Roberto Araujo
ESTÂNCIA TURÍSTICA DE AVARÉ
ESTADO DE SÃO PAULO
Decreto nº 8.747, de 14 de maio de 2026.
(Dispõe sobre abertura de Crédito Adicional Especial que
especifica e dá providências).
ROBERTO DE ARAUJO, Prefeito da Estância Turística de Avaré, usando das
atribuições que lhe são conferidas por lei,
DECRETA:
Artigo 1º- Nos termos do artigo 43 da Lei Federal nº 4.320 de 17 de Março de 1964 combinado
com o artigo 167 § 2º da Constituição Federal, fica o Poder Executivo Municipal autorizado a lançar
no orçamento vigente, Lei Municipal nº 3.354 de 02/12/2025, através do Departamento de
Contabilidade e Orçamento da Municipalidade, um CRÉDITO ADICIONAL ESPECIAL no valor
de R$ 51.905,03 (cinquenta e um mil novecentos e cinco reais e três centavos) para atendimento das
despesas do Fundo Municipal da Saúde na conformidade da funcional programática e modalidade de
aplicação detalhada abaixo:
ÓRGÃO 07 SECRETARIA MUNICIPAL DA SAÚDE
UNIDADE 01 FUNDO MUNICIPAL DA SAÚDE
SUBUNIDADE 14 COORDENAÇÃO DA ATENÇÃO BÁSICA DA SAÚDE
FUNÇÃO 10 SAÚDE
SUBFUNÇÃO 301 ATENÇÃO BÁSICA
PROGRAMA 1012 ATENÇÃO BÁSICA
FORNECIMENTO DE LEITE E SUPLEMENTO
ATIVIDADE/PROJETO 2033
ALIMENTAR
TRANSFERÊNCIAS E CONVÊNIOS ESTADUAIS
FONTE 92
(EXERCÍCIOS ANTERIORES)
CÓD. APLICAÇÃO 803.011 EM.PARL. Nº 2025.065.69645 – RES. SS 99/25
CATEGORIA MATERIAL, BEM OU SERVIÇO PARA
3.3.90.32.00 51.905,03
ECONÔMICA DISTRIBUIÇÃO GRATUITA
TOTAL 51.905,03
Artigo 2º - Para cobertura das despesas com a execução deste decreto serão utilizados
recursos provenientes de ANULAÇÃO de repasses do governo Estadual consoante
EM.PARL. Nº 2025.065.69645 – RES. SS 99/25.
Artigo 3º – Este decreto entrará em vigor na data de sua publicação e terá vigência até
31 de dezembro de 2026.
Prefeitura da Estância Turística de Avaré, 14 de maio de 2026.
ROBERTO DE ARAUJO
Prefeito
______________________________________________________________________________________________
PRAÇA JUCA NOVAES, Nº 1.169, CENTRO, AVARÉ, SP, CEP 18.705-900, TEL.: (14) 3711-2507
SECRETARIADEGABINETE@AVARE.SP.GOV.BR

Estância Turística de Avaré – Estado de São Paulo
Instituído pela Lei nº 37, de 28 de março de 2001 e Decreto nº 5.057, de 03 de janeiro de 2018
Semanário Oficial assinado digitalmente conforme MP nº 2.200-2, de 2001, garantindo autenticidade, validade jurídica e integridade.
SEMANÁRIO
Oficial Eletrônico
avare.sp.gov.br
Quinta-feira, 14 de maio de 2026 Ano X | Edição nº 2733 Prefeito: Roberto Araujo
ESTÂNCIA TURÍSTICA DE AVARÉ
ESTADO DE SÃO PAULO
Decreto nº 8.748, de 14 de maio de 2026.
(Dispõe sobre abertura de Crédito Adicional Especial que
especifica e dá providências).
ROBERTO DE ARAUJO, Prefeito da Estância Turística de Avaré, usando das
atribuições que lhe são conferidas por lei,
DECRETA:
Artigo 1º- Nos termos do artigo 43 da Lei Federal nº 4.320 de 17 de Março de 1964
combinado com o artigo 167 § 2º da Constituição Federal, fica o Poder Executivo Municipal
autorizado a lançar no orçamento vigente, Lei Municipal nº 3.354 de 02/12/2025, através do
Departamento de Contabilidade e Orçamento da Municipalidade, um CRÉDITO
ADICIONAL ESPECIAL no valor de R$ 150.253,66 (cento e cinquenta mil, duzentos e
cinquenta e três reais e sessenta e seis centavos), na conformidade da funcional programática
e modalidade de aplicação detalhada abaixo:
DESCRIÇÃO CODIGO DESCRIÇÃO VALOR - R$
ÓRGÃO 36 SECRETARIA MUN. DE SERVIÇOS
UNIDADE 02 DIVISÃO DE SERVIÇOS MUNICIPAIS
SUBUNIDADE 05 SETOR DE MANUTENÇÃO E LIMPEZA PÚBLICA
FUNÇÃO 26 TRANSPORTE
SUBFUNÇÃO 451 INFRAESTRUTURA URBANA
PROGRAMA 5003 INFRAESTRUTURA DE TRANSPORTE E SERV.COMPL.
ATIVIDADE 2173 CONSERVAÇÃO DE VIAS PUBLICAS
FONTE 02 TRANSF. E CONV. ESTADUAIS ESPECÍFICOS
CÓD. APLICAÇÃO 803.020 EMP.PARL.Nº 2026.014.81136- DEP.BETH SAHÃO
CAT.ECONÔMICA 4.4.90.52.00 EQUIPAMENTOS E MATERIAL PERMANENTE 150.253,66
TOTAL 150.253,66
Artigo 2º - Para cobertura das despesas com a execução deste decreto será utilizado
recurso proveniente de EXCESSO DE ARRECADAÇÃO consoante Emenda Parlamentar
Individual da Deputada Estadual Beth Sahão.
______________________________________________________________________________________________
PRAÇA JUCA NOVAES, Nº 1.169, CENTRO, AVARÉ, SP, CEP 18.705-900, TEL.: (14) 3711-2507
SECRETARIADEGABINETE@AVARE.SP.GOV.BR

Estância Turística de Avaré – Estado de São Paulo
Instituído pela Lei nº 37, de 28 de março de 2001 e Decreto nº 5.057, de 03 de janeiro de 2018
Semanário Oficial assinado digitalmente conforme MP nº 2.200-2, de 2001, garantindo autenticidade, validade jurídica e integridade.
SEMANÁRIO
Oficial Eletrônico
avare.sp.gov.br
Quinta-feira, 14 de maio de 2026 Ano X | Edição nº 2733 Prefeito: Roberto Araujo
ESTÂNCIA TURÍSTICA DE AVARÉ
ESTADO DE SÃO PAULO
Continuação Decreto n° 8.748, de 14 de maio de 2026.
Artigo 3º – Este decreto entrará em vigor na data de sua publicação e terá vigência até
31 de dezembro de 2026.
Prefeitura da Estância Turística de Avaré, 14 de maio de 2026.
ROBERTO DE ARAUJO
Prefeito
PRAÇA JUCA NOVAES, Nº 1.169, CENTRO, AVARÉ, SP, CEP 18.705-900, TEL.: (14) 3711-2507
SECRETARIADEGABINETE@AVARE.SP.GOV.BR

Estância Turística de Avaré – Estado de São Paulo
Instituído pela Lei nº 37, de 28 de março de 2001 e Decreto nº 5.057, de 03 de janeiro de 2018
Semanário Oficial assinado digitalmente conforme MP nº 2.200-2, de 2001, garantindo autenticidade, validade jurídica e integridade.
SEMANÁRIO
Oficial Eletrônico
avare.sp.gov.br
Quinta-feira, 14 de maio de 2026 Ano X | Edição nº 2733 Prefeito: Roberto Araujo
ESTÂNCIA TURÍSTICA DE AVARÉ
ESTADO DE SÃO PAULO
Decreto nº 8.749, de 14 de maio de 2026.
(Dispõe sobre abertura de Crédito Adicional
Especial que especifica e dá providências).
ROBERTO DE ARAUJO, Prefeito da Estância Turística de Avaré, usando das
atribuições que lhe são conferidas por lei,
DECRETA:
Artigo 1º - Nos termos do artigo 43 da Lei Federal nº 4.320 de 17 de Março de 1964
combinado com o artigo 167 § 2º da Constituição Federal, fica o Poder Executivo Municipal
autorizado a lançar no orçamento vigente, Lei Municipal nº 3.354 de 02/12/2025, através do
Departamento de Contabilidade e Orçamento da Municipalidade, um CRÉDITO
ADICIONAL ESPECIAL no valor de R$ 681.800,00 (seiscentos e oitenta e um mil e
oitocentos reais), na conformidade da funcional programática e modalidade de aplicação
detalhada abaixo:
DESCRIÇÃO CODIGO DESCRIÇÃO VALOR - R$
ÓRGÃO 37 SECRETARIA MUN. DE PLANEJAMENTO E OBRAS
UNIDADE 02 COORD. DE EXECUÇÃO/FISCALIZAÇÃO DE OBRAS
SUBUNIDADE 01 DEPARTAMENTO DE ENGENHARIA
FUNÇÃO 15 URBANISMO
SUBFUNÇÃO 451 INFRAESTRUTURA URBANA
PROGRAMA 6004 DESENVOLVIMENTO DO TURISMO
ATIVIDADE 1155 CONSTR/AMPL/REFORMA OBRAS VINC.MIN.DO
TURISMO
FONTE 05 TRANSF. E CONV. FEDERAIS ESPECÍFICOS
CÓD. APLICAÇÃO 902.001 EMP. PARL .Nº 5007001- EMENDA DE COMISSÃO
CAT.ECONÔMICA 4.4.90.51.00 OBRAS E INSTALAÇÕES 681.800,00
TOTAL 681.800,00
Artigo 2º - Para cobertura das despesas com a execução deste decreto será utilizado
recurso proveniente de EXCESSO DE ARRECADAÇÃO consoante Emenda Parlamentar de
Comissão nº 50070001.
______________________________________________________________________________________________
PRAÇA JUCA NOVAES, Nº 1.169, CENTRO, AVARÉ, SP, CEP 18.705-900, TEL.: (14) 3711-2507
SECRETARIADEGABINETE@AVARE.SP.GOV.BR

Estância Turística de Avaré – Estado de São Paulo
Instituído pela Lei nº 37, de 28 de março de 2001 e Decreto nº 5.057, de 03 de janeiro de 2018
Semanário Oficial assinado digitalmente conforme MP nº 2.200-2, de 2001, garantindo autenticidade, validade jurídica e integridade.
SEMANÁRIO
Oficial Eletrônico
avare.sp.gov.br
Quinta-feira, 14 de maio de 2026 Ano X | Edição nº 2733 Prefeito: Roberto Araujo
ESTÂNCIA TURÍSTICA DE AVARÉ
ESTADO DE SÃO PAULO
Continuação Lei n° 8.749, de 14 de maio de 2026.
Artigo 3º – Este decreto entrará em vigor na data de sua publicação e terá vigência até
31 de dezembro de 2026.
Prefeitura da Estância Turística de Avaré, 14 de maio de 2026.
ROBERTO DE ARAUJO
Prefeito
PRAÇA JUCA NOVAES, Nº 1.169, CENTRO, AVARÉ, SP, CEP 18.705-900, TEL.: (14) 3711-2507
SECRETARIADEGABINETE@AVARE.SP.GOV.BR

Estância Turística de Avaré – Estado de São Paulo
Instituído pela Lei nº 37, de 28 de março de 2001 e Decreto nº 5.057, de 03 de janeiro de 2018
Semanário Oficial assinado digitalmente conforme MP nº 2.200-2, de 2001, garantindo autenticidade, validade jurídica e integridade.
SEMANÁRIO
Oficial Eletrônico
avare.sp.gov.br
Quinta-feira, 14 de maio de 2026 Ano X | Edição nº 2733 Prefeito: Roberto Araujo
Outros Atos
Outros Atos A Comissão Permanente de Readaptação
Funcional, reorganizada pelo Decreto nº 8.517, de 15 de
outubro de 2025, vem C O N V O C A R os servidores
abaixo relacionados a comparecerem na sede do D.E.S.S. –
Departamento de Saúde e Segurança do Servidor, sito a
Rua Pará, nº 673, Centro, para serem avaliados pela Equipe
Multidisciplinar a fim de instruir os Processos de
Readaptação Funcional, a saber:
PROC. SERVIDOR S SE OR CV IAIÇ LO ENFERMAGEM FISIOTERAPIA PSICOLOGIA MÉDICA S TREG AU BAR LA HN OÇA DOPSIQUIATRA
010/2026 M ZAA VR AC NIA E LR LE AG LIN OA PES - - 14/05/26 – 08:30 1 14 4/ :0 05 0/26 – 19/05/26 – 16:00 1 04 9/ :0 05 0/26 – -
011/2026 S AA RN MD AR NA D OCRISTINA - - 14/05/26 – 09:00 1 14 5/ :0 05 0/26 – 20/05/26 – 10:30 1 14 0/ :0 05 0/26 – -
...........................................................................................................
REUNIÃO DA COMISSÃO PERMANENTE DE
READAPTAÇÃO FUNCIONAL
De acordo com a Lei Municipal nº 2.145 de 10 de
outubro de 2017, ficam os membros da Comissão
Permanente de Readaptação Funcional, reorganizados
através de Decreto nº 8.517, de 15 de outubro de 2025,
CONVOCADOS a participarem da Reunião da Comissão
Permanente de Readaptação Funcional que será realizada
no dia 20/05/2026 às 14h00, nas dependências do
Departamento de Saúde e Segurança do Servidor –
D.E.S.S., Rua Pará, nº 673, Centro, Estância Turística de
Avaré, oportunidade em que serão discutidos Processos de
Readaptação Funcional.
A Comissão Permanente de Readaptação
Funcional
...........................................................................................................

Estância Turística de Avaré – Estado de São Paulo
Instituído pela Lei nº 37, de 28 de março de 2001 e Decreto nº 5.057, de 03 de janeiro de 2018
Semanário Oficial assinado digitalmente conforme MP nº 2.200-2, de 2001, garantindo autenticidade, validade jurídica e integridade.",https://www.dosp.com.br/exibe_do.php?i=ODE4MTk0,
DOA-043,2026-05-14,2733,Leis,3440 - dispõe sobre programa de incentivo a denúncia de infrações ambientais urbanas,Não identificada,"Imprensa Oficial - Modo leitura em tela
Abrir Versão do Diário Eletrônico
Abrir Versão do Diário para Impressão
Ir para a lista de edições
IMPRENSA OFICIAL - AVARÉ
Publicado em 14 de maio de 2026 | Edição nº 2733 | Ano X
Entidade: Poder Executivo | Seção: Atos Oficiais | Subseção: Leis
Lei nº 3.440, de 13 de maio de 2026.
Dispõe sobre o Programa Municipal de Incentivo à Denúncia de Infrações Ambientais Urbanas em Avaré/SP, estabelece recompensa ao denunciante, prevê punição à má fé e dá outras providências.
Autoria: Ver. Pedro Victor Alarcão Alves Fusco (Projeto de Lei nº 12/2026).
ROBERTO DE ARAUJO
, Prefeito da Estância Turística de Avaré, usando das atribuições que lhe são conferidas por lei,
Faço saber que a Câmara Municipal da Estância Turística de Avaré aprovou e eu sanciono e promulgo a seguinte Lei:
Art. 1º - Fica o Poder Executivo autorizado a instituir
no Município de Avaré/SP o Programa Municipal de Incentivo à Denúncia de Infrações Ambientais Urbanas, destinado a incentivar a população a denunciar infrações previstas na Lei Municipal nº 176/1.997, que disciplina entre outras matérias, o descarte irregular de lixo, entulhos e resíduos de qualquer espécie, incluindo, de forma exemplificativa:
I -
descarte de lixo em vias e logradouros públicos;
II -
descarte de entulho ou resíduos de construção;
III -
deposição de resíduos em áreas verdes ou de preservação;
IV -
lançamento de resíduos em bueiros, galerias pluviais ou cursos d’água;
V -
qualquer outra infração relacionada ao manejo irregular de resíduos urbanos prevista na legislação mencionada.
Art. 2º-
O denunciante que auxiliar na identificação do infrator, mediante denúncia fundamentada com elementos mínimos de prova (fotografia, vídeo, identificação de veículo, local e horário), fará jus ao recebimento de 30% (trinta por cento) do valor da multa efetivamente arrecadada pelo Município.
§ 1º
O pagamento ao denunciante será realizado em até 30 (trinta) dias após o efetivo recolhimento da multa pelo infrator, não cabendo qualquer adiantamento ou antecipação de valores.
§ 2º
O denunciante poderá optar pelo sigilo de sua identidade, garantida a confidencialidade dos dados pessoais nos termos da legislação vigente.
Art. 3º-
O valor da multa seguirá as disposições da Lei Municipal nº 176/1.997, ou outra que vier a substitui-la.
Art. 4º-
A denúncia deverá ser apresentada junto à Secretaria Municipal de Meio Ambiente, Secretaria Municipal de Fiscalização de Posturas Municipais
,
ou ao órgão que vier a ser apontado pelo Município, por meio de canal oficial disponibilizado, incluindo atendimento presencial, telefone ou sistema eletrônico.
Art. 5º-
O denunciante que agir de má fé, apresentando denúncia falsa, fraudulenta ou com objetivo de prejudicar terceiros, ficará sujeito:
I -
à perda do direito à recompensa;
II -
à aplicação de multa correspondente a 50% (cinquenta por cento) do valor previsto para a infração indevidamente denunciada;
III -
à responsabilização civil e criminal cabível.
Art. 6º-
O Poder Executivo regulamentará a presente Lei dispondo sobre:
I -
os canais oficiais de denúncia;
II -
os procedimentos de apuração e comprovação das infrações;
III -
os mecanismos de sigilo e proteção da identidade do denunciante;
IV -
as formas de pagamento da recompensa.
Art. 7º-
As despesas decorrentes da execução desta Lei correrão por conta das dotações orçamentárias próprias, suplementadas se necessário.
Art. 8º-
Esta Lei entra em vigor na data de sua publicação.
Prefeitura da Estância Turística de Avaré, 13 de maio de 2026.
ROBERTO DE ARAUJO
Prefeito
Este conteúdo não substitui o publicado na versão certificada.",https://www.dosp.com.br/exibe_do.php?i=ODE4MTk0,
DOA-044,2026-05-14,2733,Decretos,8748 - abertura de crédito 150.253 - secretaria de serviços,Não identificada,"SEMANÁRIO
Oficial Eletrônico
avare.sp.gov.br
Quinta-feira, 14 de maio de 2026 Ano X | Edição nº 2733 Prefeito: Roberto Araujo
Art. 4º- A denúncia deverá ser apresentada junto à
PODER EXECUTIVO
Secretaria Municipal de Meio Ambiente, Secretaria
Poder Executivo
Municipal de Fiscalização de Posturas Municipais, ou ao
Atos Oficiais
órgão que vier a ser apontado pelo Município, por meio de
Atos Oficiais
Leis canal oficial disponibilizado, incluindo atendimento
presencial, telefone ou sistema eletrônico.
Leis Lei nº 3.440, de 13 de maio de 2026. Art. 5º- O denunciante que agir de má fé,
apresentando denúncia falsa, fraudulenta ou com objetivo
Dispõe sobre o Programa
de prejudicar terceiros, ficará sujeito:
Municipal de Incentivo à
I - à perda do direito à recompensa;
Denúncia de Infrações
II - à aplicação de multa correspondente a 50%
Ambientais Urbanas em
(cinquenta por cento) do valor previsto para a infração
Avaré/SP, estabelece
indevidamente denunciada;
recompensa ao denunciante,
III - à responsabilização civil e criminal cabível.
prevê punição à má fé e dá
Art. 6º- O Poder Executivo regulamentará a presente
outras providências.
Lei dispondo sobre:
I - os canais oficiais de denúncia;
Autoria: Ver. Pedro Victor Alarcão Alves Fusco
II - os procedimentos de apuração e comprovação das
(Projeto de Lei nº 12/2026).
infrações;
ROBERTO DE ARAUJO, Prefeito da Estância Turística
III - os mecanismos de sigilo e proteção da identidade
de Avaré, usando das atribuições que lhe são conferidas
do denunciante;
por lei,
IV - as formas de pagamento da recompensa.
Faço saber que a Câmara Municipal da Estância
Art. 7º- As despesas decorrentes da execução desta
Turística de Avaré aprovou e eu sanciono e promulgo a
Lei correrão por conta das dotações orçamentárias
seguinte Lei:
próprias, suplementadas se necessário.
Art. 1º - Fica o Poder Executivo autorizado a
Art. 8º- Esta Lei entra em vigor na data de sua
instituir no Município de Avaré/SP o Programa Municipal de
publicação.
Incentivo à Denúncia de Infrações Ambientais Urbanas,
Prefeitura da Estância Turística de Avaré, 13 de maio
destinado a incentivar a população a denunciar infrações
de 2026.
previstas na Lei Municipal nº 176/1.997, que disciplina
ROBERTO DE ARAUJO
entre outras matérias, o descarte irregular de lixo, entulhos
Prefeito
e resíduos de qualquer espécie, incluindo, de forma
...........................................................................................................
exemplificativa:
Lei nº 3.441, de 13 de maio de 2026.
I - descarte de lixo em vias e logradouros públicos;
II - descarte de entulho ou resíduos de construção;
Dispõe sobre a autorização ao
III - deposição de resíduos em áreas verdes ou de
Poder Executivo a realizar
preservação;
alienação por meio de doação de
IV - lançamento de resíduos em bueiros, galerias
um imóvel para a associação
pluviais ou cursos d’água;
Residencial Terras Altas, e dá
V - qualquer outra infração relacionada ao manejo
outras providências.
irregular de resíduos urbanos prevista na legislação
mencionada. Autoria: Prefeito Municipal (Projeto de Lei nº
Art. 2º- O denunciante que auxiliar na identificação do 25/2026).
infrator, mediante denúncia fundamentada com elementos ROBERTO DE ARAUJO, Prefeito da Estância Turística
mínimos de prova (fotografia, vídeo, identificação de de Avaré, usando das atribuições que lhe são conferidas
veículo, local e horário), fará jus ao recebimento de 30% por lei,
(trinta por cento) do valor da multa efetivamente Faço saber que a Câmara Municipal da Estância
arrecadada pelo Município. Turística de Avaré aprovou e eu sanciono e promulgo a
§ 1º O pagamento ao denunciante será realizado em seguinte Lei:
até 30 (trinta) dias após o efetivo recolhimento da multa Art. 1º Fica desafetada, na integralidade, para fins de
pelo infrator, não cabendo qualquer adiantamento ou alteração de uso de bem público de uso comum para bem
antecipação de valores. dominical, a área institucional de propriedade do Município
§ 2º O denunciante poderá optar pelo sigilo de sua da Estância Turística de Avaré, classificada como SISTEMA
identidade, garantida a confidencialidade dos dados DE LAZER 4, DO LOTEAMENTO “RESIDENCIAL TERRAS
pessoais nos termos da legislação vigente. ALTAS”, SITUADO EM AVARÉ-SP, COM A SEGUINTE
Art. 3º- O valor da multa seguirá as disposições da Lei DESCRIÇÃO: INICIA-SE NO PONTO DE DIVISA ENTRE O LOTE
Municipal nº 176/1.997, ou outra que vier a substitui-la. 1 DA QUADRA F COM A RUA 02 E O SISTEMA DE LAZER 4 E

Estância Turística de Avaré – Estado de São Paulo
Instituído pela Lei nº 37, de 28 de março de 2001 e Decreto nº 5.057, de 03 de janeiro de 2018
Semanário Oficial assinado digitalmente conforme MP nº 2.200-2, de 2001, garantindo autenticidade, validade jurídica e integridade.
SEMANÁRIO
Oficial Eletrônico
avare.sp.gov.br
Quinta-feira, 14 de maio de 2026 Ano X | Edição nº 2733 Prefeito: Roberto Araujo
SEGUE 31,29 METROS CONFRONTANDO COM O LOTE 1 DA serem utilizadas pelos moradores locais, em especial ao
QUADRA F ATÉ ENCONTRAR A ÁREA REMANESCENTE 1; público infantil.
DEFLETE À ESQUERDA E SEGUE 41,16 METROS § 2º Nos termos do laudo de avaliação o imóvel possui
CONFRONTANDO COM A ÁREA REMANESCENTE 1; DEFLETE o valor referencial no importe de R$ 372.692,21 (trezentos
À ESQUERDA, E SEGUE 36,31 METROS NA CONFRONTAÇÃO e setenta e dois mil e seiscentos e noventa e dois reais e
COM A ÁREA REMANESCENTE 1, ATÉ ENCONTRAR COM O vinte e um centavos).
LOTE 09 DA QUADRA B; DEFLETE À ESQUERDA E SEGUE Art. 3º Para efeitos da alienação por meio de doação
34,07 METROS, CONFRONTANDO COM O LOTE 09 DA prevista nesta Lei, independe de procedimento licitatório
QUADRA B ATÉ CHEGAR NA RUA 02, FINALMENTE, DEFLETE nos termos da Lei Orgânica do Município, vez que, há
NOVAMENTE À ESQUERDA E SEGUE 8,14 METROS EM evidente interesse público.
CURVA, CONFRONTANDO COM A RUA 02, ATÉ O PONTO Art. 4º Ocorrerá caducidade da alienação por meio de
INICIAL, ENCERRANDO A ÁREA DE 1.459,44 METROS doação e reversão automática do
QUADRADOS, REGISTRADO SOB MATRÍCULA Nº 78.241, DO imóvel ao patrimônio do Município da Estância
LIVRO Nº 2 DO REGISTRO GERAL DO CARTÓRIO DE Turística de Avaré, caso a donatária não proceda com a
REGISTRO DE IMÓVEIS E ANEXOS DA COMARCA DE AVARE. execução, e/ou exercício dos direitos advindos, bem como a
§ 1º A área desafetada será destinada a viabilização alteração da finalidade especificada no § 1º do Art. 2º desta
de alienação por meio de doação a Associação Residencial Lei.
Terras Altas, pessoa jurídica de direito privado, inscrita, no § 1º É vedado o gravame do imóvel com ônus real de
CNPJ nº 23.831.117/0001-12, com sede na Rua Gilberto garantia, salvo, quando tratar-se de garantia para
Filgueiras S/N, Bairro Colina da Boa Vista, CEP18.706-240, financiamento vinculado à construção e/ou ampliação da
em Avaré-SP. edificação destinada nos termos do § 1º do Art. 1º desta
§ 2º A desafetação de que trata esta Lei implica a Lei.
transferência da destinação das áreas descritas de uso § 2º O imóvel doado será revertido sem ônus ao
comum para o patrimônio disponível do Município, Município da Estância Turística de Avaré em caso de
autorizando sua utilização conforme o interesse público extinção da donatária.
justificado. § 3º É facultado ao Poder Público Municipal o direito de
§3º O Poder Executivo Municipal fica autorizado a desistir da reversão do imóvel doado, desde que
adotar todas as providências administrativas, urbanísticas e comprovada a inconveniência técnica e julgada onerosa ao
registrais necessárias à implementação desta Lei. erário a transação.
Art. 2º Fica o Poder Executivo Municipal autorizado a § 4º Em caso de reversão, não haverá ônus ao
alienar por meio de doação, um imóvel a Associação Município da Estância Turística de Avaré, nem mesmo
Residencial Terras Altas, pessoa jurídica de direito privado, recairá direito a indenização sobre as benfeitorias
inscrita no CNPJ nº 23.831.117/0001-12, com sede na Rua realizadas.
Gilberto Filgueiras S/N, Bairro Colina da Boa Vista, CEP Art. 5º As despesas com custas e emolumentos
18.706-240, em Avaré-SP, com as seguintes descrições: inerentes ao tramite registral, decorrentes desta Lei,
SISTEMA DE LAZER 4, DO LOTEAMENTO “RESIDENCIAL correrão por conta da Associação Residencial Terras Altas.
TERRAS ALTAS”, SITUADO EM AVARÉ-SP, COM A SEGUINTE Art. 6º Esta entrará em vigor na data de sua
DESCRIÇÃO: INICIA-SE NO PONTO DE DIVISA ENTRE O LOTE publicação.
1 DA QUADRA F COM A RUA 02 E O SISTEMA DE LAZER 4 E Prefeitura da Estância Turística de Avaré, 13 de maio
SEGUE 31,29 METROS CONFRONTANDO COM O LOTE 1 DA de 2026.
QUADRA F ATÉ ENCONTRAR A ÁREA REMANESCENTE 1; ROBERTO DE ARAUJO
DEFLETE À ESQUERDA E SEGUE 41,16 METROS Prefeito
CONFRONTANDO COM A ÁREA REMANESCENTE 1; DEFLETE ...........................................................................................................
À ESQUERDA, E SEGUE 36,31 METROS NA CONFRONTAÇÃO
COM A ÁREA REMANESCENTE 1, ATÉ ENCONTRAR COM O
LOTE 09 DA QUADRA B; DEFLETE À ESQUERDA E SEGUE
34,07 METROS, CONFRONTANDO COM O LOTE 09 DA
QUADRA B ATÉ CHEGAR NA RUA 02, FINALMENTE, DEFLETE
NOVAMENTEÀ ESQUERDA E SEGUE 8,14 METROS EM
CURVA, CONFRONTANDO COM A RUA 02, ATÉ O PONTO
INICIAL, ENCERRANDO A ÁREA DE 1.459,44 METROS
QUADRADOS, REGISTRADO SOB MATRÍCULA Nº 78.241, DO
LIVRO Nº 2 DO REGISTRO GERAL DO CARTÓRIO DE
REGISTRO DE IMÓVEIS E ANEXOS DA COMARCA DE AVARÉ.
§1º O imóvel tem como finalidade e destinação a
regularização de melhorias para áreas de recreação a

Estância Turística de Avaré – Estado de São Paulo
Instituído pela Lei nº 37, de 28 de março de 2001 e Decreto nº 5.057, de 03 de janeiro de 2018
Semanário Oficial assinado digitalmente conforme MP nº 2.200-2, de 2001, garantindo autenticidade, validade jurídica e integridade.
SEMANÁRIO
Oficial Eletrônico
avare.sp.gov.br
Quinta-feira, 14 de maio de 2026 Ano X | Edição nº 2733 Prefeito: Roberto Araujo
ESTÂNCIA TURÍSTICA DE AVARÉ
ESTADO DE SÃO PAULO
Lei nº 3.442, de 13 de maio de 2026.
(Inclui a área objeto da matrícula nº 88.151 do Cartório de Registro
de Imóveis de Avaré no perímetro urbano do Município de Avaré e,
dá outras providências)
Autoria: Prefeito Municipal (Projeto de Lei nº 107/2026).
ROBERTO DE ARAUJO, Prefeito da Estância Turística de Avaré, usando das
atribuições que lhe são conferidas por lei,
Faço saber que a Câmara Municipal da Estância Turística de Avaré aprovou e eu
sanciono e promulgo a seguinte Lei:
Art. 1º - Fica Incluída no Perímetro Urbano de Avaré, a área de terra abaixo descrita,
objeto da Matrícula nº 88.151:
ÁREA DE TERRAS, contendo 2,0 hectares, perímetro 600,00 metros, denominada FAZENDA SANTA
TEREZA – GLEBA DESMEMBRADA, situada no município de Avaré-SP, com as seguintes medidas e
confrontações:
VÉRTICE SEGMENTO VANTE
código longitude latitude Altitude(m código azimute Dist. (m)
)
FGWM-M- - -23º08’33,373” 779,88 FGWM- 132º18’ 200,0
0012 48º58’33,661” M0013
FGWM-M- - -23º06’37,748” 777,92 FGWM- 222º18’ 100,0
0013 48º58’28,463” M-0014
FGWM-M- - -23º08’40,152” 778,35 CWAE- 312º17’ 200,0
0014 48º58’30,828” P3663
CONFRONTAÇÕES: Até aqui confrontando com a Gleba Remanescente da Fazenda Santa
Tereza (matrícula 84.392); deste ponto segue confrontando com a Rodovia Dr. Diamantino
Monteiro da Gama (SP-3/245), pelos seguintes trechos:
VÉRTICE SEGMENTO VANTE
código longitude latitude Altitude(m código azimute Dist. (m)
)
CWAE-P- - -23º06’35,777” 778,6 CWAE-P- 42º46’ 1,34
3663 48º58’36,025” 3664
CWAE-P- - -23º06’35,745” 778,77 FGWM- 42º17’ 98,66
3664 48º58’35,994” M-0012
Certificação da Poligonal pelo INCRA: 5c912114-e158-42be-9676-50198a8b7732
CADASTRO: 629.049.000.876-4 CCIR nº 45918150221, com os seguintes dados: módulo rural: 40,0629 ha; nº
______________________________________________________________________________________________
PRAÇA JUCA NOVAES, Nº 1.169, CENTRO, AVARÉ, SP, CEP 18.705-900, TEL.: (14) 3711-2507
SECRETARIADEGABINETE@AVARE.SP.GOV.BR

Estância Turística de Avaré – Estado de São Paulo
Instituído pela Lei nº 37, de 28 de março de 2001 e Decreto nº 5.057, de 03 de janeiro de 2018
Semanário Oficial assinado digitalmente conforme MP nº 2.200-2, de 2001, garantindo autenticidade, validade jurídica e integridade.
SEMANÁRIO
Oficial Eletrônico
avare.sp.gov.br
Quinta-feira, 14 de maio de 2026 Ano X | Edição nº 2733 Prefeito: Roberto Araujo
ESTÂNCIA TURÍSTICA DE AVARÉ
ESTADO DE SÃO PAULO
Continuação Lei n° 3.442, de 13 de maio de 2026.
módulos rurais: 3,71; módulo fiscal: 30 ha; nº de módulos fiscais: 5,0211; fração mínima de parcelamento: 2 há e
inscrito no NIRF: 0.235.295-8.
Art. 2º - A área descrita no artigo anterior foi objeto de parecer favorável por parte do
Conselho Municipal do Plano Diretor, através da Resolução CMPD nº 04/2025, devidamente
publicada no Semanário Oficial Eletrônico do Município, Edição nº 2705, de 08/04/2026,
página 01.
Art. 3º - Esta Lei entra em vigor da data de sua publicação, revogando-se as disposições
em contrário.
Prefeitura da Estância Turística de Avaré, 13 de maio de 2026.
ROBERTO DE ARAUJO
Prefeito
PRAÇA JUCA NOVAES, Nº 1.169, CENTRO, AVARÉ, SP, CEP 18.705-900, TEL.: (14) 3711-2507
SECRETARIADEGABINETE@AVARE.SP.GOV.BR

Estância Turística de Avaré – Estado de São Paulo
Instituído pela Lei nº 37, de 28 de março de 2001 e Decreto nº 5.057, de 03 de janeiro de 2018
Semanário Oficial assinado digitalmente conforme MP nº 2.200-2, de 2001, garantindo autenticidade, validade jurídica e integridade.
SEMANÁRIO
Oficial Eletrônico
avare.sp.gov.br
Quinta-feira, 14 de maio de 2026 Ano X | Edição nº 2733 Prefeito: Roberto Araujo
ESTÂNCIA TURÍSTICA DE AVARÉ
ESTADO DE SÃO PAULO
Lei nº 3.443, de 13 de maio de 2026.
(Dispõe sobre abertura de Crédito Adicional Especial que
especifica e dá providências).
Autoria: Prefeito Municipal (Projeto de Lei nº 113/2026).
ROBERTO DE ARAUJO, Prefeito da Estância Turística de Avaré, usando das
atribuições que lhe são conferidas por lei,
Faço saber que a Câmara Municipal da Estância Turística de Avaré aprovou e eu
sanciono e promulgo a seguinte Lei:
Artigo 1º- Nos termos do artigo 43 da Lei Federal nº 4.320 de 17 de Março de 1964
combinado com o artigo 167 § 2º da Constituição Federal, fica o Poder Executivo Municipal
autorizado a lançar no orçamento vigente, Lei Municipal nº 3.354 de 02/12/2025, através do
Departamento de Contabilidade e Orçamento da Municipalidade, um CRÉDITO
ADICIONAL ESPECIAL no valor de R$ 180.000,00 (cento e oitenta mil reais) para
atendimento das despesas do Fundo Municipal da Saúde na conformidade da funcional
programática e modalidade de aplicação detalhada abaixo:
ÓRGÃO 07 SECRETARIA MUNICIPAL DA SAÚDE
UNIDADE 01 FUNDO MUNICIPAL DA SAÚDE
SUBUNIDADE 15 COORDENAÇÃO ATENÇÃO ESPECIALIZADA
FUNÇÃO 10 SAÚDE
SUBFUNÇÃO 302 ASSISTÊNCIA HOSPITALAR E AMBULATORIAL
MEDIA E ALTA COMPLEXIDADE AMBULATORIAL E
PROGRAMA 1013
HOSPITALAR
ATIVIDADE/
2373 PROCEDIMENTO AMBULATORIAL - MAC
PROJETO
FONTE 05 TRANSFERÊNCIAS E CONVÊNIOS FEDERAIS
CÓD. APLICAÇÃO 302.011 FNS – (FAEC) PROG. MAIS ACESSO A ESPECIAL.
CATEGORIA OUTROS SERVIÇOS DE TERCEIROS - PESSOA
3.3.90.39.00 179.000,00
ECONÔMICA JURÍDICA
CATEGORIA
3.3.50.43.00 SUBVENÇÕES SOCIAIS 1.000,00
ECONÔMICA
TOTAL 180.000,00
TOTAL GERAL 180.000,00
Artigo 2º - Para cobertura das despesas com a execução desta Lei serão utilizados
recursos provenientes de EXCESSO DE ARRECADAÇÃO de repasses do governo Federal
consoante Portaria GM/MS Nº 8632/25.
______________________________________________________________________________________________
PRAÇA JUCA NOVAES, Nº 1.169, CENTRO, AVARÉ, SP, CEP 18.705-900, TEL.: (14) 3711-2507
SECRETARIADEGABINETE@AVARE.SP.GOV.BR

Estância Turística de Avaré – Estado de São Paulo
Instituído pela Lei nº 37, de 28 de março de 2001 e Decreto nº 5.057, de 03 de janeiro de 2018
Semanário Oficial assinado digitalmente conforme MP nº 2.200-2, de 2001, garantindo autenticidade, validade jurídica e integridade.
SEMANÁRIO
Oficial Eletrônico
avare.sp.gov.br
Quinta-feira, 14 de maio de 2026 Ano X | Edição nº 2733 Prefeito: Roberto Araujo
ESTÂNCIA TURÍSTICA DE AVARÉ
ESTADO DE SÃO PAULO
Continuação Lei n° 3.443, de 13 de maio de 2026.
Artigo 3º – Esta Lei entrará em vigor na data de sua publicação e terá vigência até 31 de
dezembro de 2026.
Prefeitura da Estância Turística de Avaré, 13 de maio de 2026.
ROBERTO DE ARAUJO
Prefeito
PRAÇA JUCA NOVAES, Nº 1.169, CENTRO, AVARÉ, SP, CEP 18.705-900, TEL.: (14) 3711-2507
SECRETARIADEGABINETE@AVARE.SP.GOV.BR

Estância Turística de Avaré – Estado de São Paulo
Instituído pela Lei nº 37, de 28 de março de 2001 e Decreto nº 5.057, de 03 de janeiro de 2018
Semanário Oficial assinado digitalmente conforme MP nº 2.200-2, de 2001, garantindo autenticidade, validade jurídica e integridade.
SEMANÁRIO
Oficial Eletrônico
avare.sp.gov.br
Quinta-feira, 14 de maio de 2026 Ano X | Edição nº 2733 Prefeito: Roberto Araujo
ESTÂNCIA TURÍSTICA DE AVARÉ
ESTADO DE SÃO PAULO
Lei nº 3.444, de 13 de maio de 2026.
(Dispõe sobre abertura de Crédito Adicional Especial que
especifica e dá providências).
Autoria: Prefeito Municipal (Projeto de Lei nº 114/2026).
ROBERTO DE ARAUJO, Prefeito da Estância Turística de Avaré, usando das
atribuições que lhe são conferidas por lei,
Faço saber que a Câmara Municipal da Estância Turística de Avaré aprovou e eu
sanciono e promulgo a seguinte Lei:
Artigo 1º- Nos termos do artigo 43 da Lei Federal nº 4.320 de 17 de Março de 1964
combinado com o artigo 167 § 2º da Constituição Federal, fica o Poder Executivo Municipal
autorizado a lançar no orçamento vigente, Lei Municipal nº 3.354 de 02/12/2025, através do
Departamento de Contabilidade e Orçamento da Municipalidade, um CRÉDITO
ADICIONAL ESPECIAL no valor de R$ 51.905,03 (cinquenta e um mil novecentos e
cinco reais e três centavos) para atendimento das despesas do Fundo Municipal da Saúde na
conformidade da funcional programática e modalidade de aplicação detalhada abaixo:
ÓRGÃO 07 SECRETARIA MUNICIPAL DA SAÚDE
UNIDADE 01 FUNDO MUNICIPAL DA SAÚDE
SUBUNIDADE 14 COORDENAÇÃO DA ATENÇÃO BÁSICA DA SAÚDE
FUNÇÃO 10 SAÚDE
SUBFUNÇÃO 301 ATENÇÃO BÁSICA
PROGRAMA 1012 ATENÇÃO BÁSICA
FORNECIMENTO DE LEITE E SUPLEMENTO
ATIVIDADE/PROJETO 2033
ALIMENTAR
TRANSFERÊNCIAS E CONVÊNIOS ESTADUAIS
FONTE 92
(EXERCÍCIOS ANTERIORES)
CÓD. APLICAÇÃO 803.011 EM.PARL. Nº 2025.065.69645 – RES. SS 99/25
CATEGORIA MATERIAL, BEM OU SERVIÇO PARA
3.3.90.32.00 51.905,03
ECONÔMICA DISTRIBUIÇÃO GRATUITA
TOTAL 51.905,03
Artigo 2º - Para cobertura das despesas com a execução desta Lei serão utilizados
recursos provenientes de ANULAÇÃO de repasses do governo Estadual consoante
EM.PARL. Nº 2025.065.69645 – RES. SS 99/25.
______________________________________________________________________________________________
PRAÇA JUCA NOVAES, Nº 1.169, CENTRO, AVARÉ, SP, CEP 18.705-900, TEL.: (14) 3711-2507
SECRETARIADEGABINETE@AVARE.SP.GOV.BR

Estância Turística de Avaré – Estado de São Paulo
Instituído pela Lei nº 37, de 28 de março de 2001 e Decreto nº 5.057, de 03 de janeiro de 2018
Semanário Oficial assinado digitalmente conforme MP nº 2.200-2, de 2001, garantindo autenticidade, validade jurídica e integridade.
SEMANÁRIO
Oficial Eletrônico
avare.sp.gov.br
Quinta-feira, 14 de maio de 2026 Ano X | Edição nº 2733 Prefeito: Roberto Araujo
ESTÂNCIA TURÍSTICA DE AVARÉ
ESTADO DE SÃO PAULO
Continuação Lei n° 3.444, de 13 de maio de 2026.
Artigo 3º – Esta Lei entrará em vigor na data de sua publicação e terá vigência até 31 de
dezembro de 2026.
Prefeitura da Estância Turística de Avaré, 13 de maio de 2026.
ROBERTO DE ARAUJO
Prefeito
PRAÇA JUCA NOVAES, Nº 1.169, CENTRO, AVARÉ, SP, CEP 18.705-900, TEL.: (14) 3711-2507
SECRETARIADEGABINETE@AVARE.SP.GOV.BR

Estância Turística de Avaré – Estado de São Paulo
Instituído pela Lei nº 37, de 28 de março de 2001 e Decreto nº 5.057, de 03 de janeiro de 2018
Semanário Oficial assinado digitalmente conforme MP nº 2.200-2, de 2001, garantindo autenticidade, validade jurídica e integridade.
SEMANÁRIO
Oficial Eletrônico
avare.sp.gov.br
Quinta-feira, 14 de maio de 2026 Ano X | Edição nº 2733 Prefeito: Roberto Araujo
ESTÂNCIA TURÍSTICA DE AVARÉ
ESTADO DE SÃO PAULO
Lei nº 3.445, de 13 de maio de 2026.
(Dispõe sobre abertura de Crédito Adicional Especial que
especifica e dá providências).
Autoria: Prefeito Municipal (Projeto de Lei nº 116/2026).
ROBERTO DE ARAUJO, Prefeito da Estância Turística de Avaré, usando das
atribuições que lhe são conferidas por lei,
Faço saber que a Câmara Municipal da Estância Turística de Avaré aprovou e eu
sanciono e promulgo a seguinte Lei:
Artigo 1º- Nos termos do artigo 43 da Lei Federal nº 4.320 de 17 de Março de 1964
combinado com o artigo 167 § 2º da Constituição Federal, fica o Poder Executivo Municipal
autorizado a lançar no orçamento vigente, Lei Municipal nº 3.354 de 02/12/2025, através do
Departamento de Contabilidade e Orçamento da Municipalidade, um CRÉDITO
ADICIONAL ESPECIAL no valor de R$ 150.253,66 (cento e cinquenta mil, duzentos e
cinquenta e três reais e sessenta e seis centavos), na conformidade da funcional programática
e modalidade de aplicação detalhada abaixo:
DESCRIÇÃO CODIGO DESCRIÇÃO VALOR - R$
ÓRGÃO 36 SECRETARIA MUN. DE SERVIÇOS
UNIDADE 02 DIVISÃO DE SERVIÇOS MUNICIPAIS
SUBUNIDADE 05 SETOR DE MANUTENÇÃO E LIMPEZA PÚBLICA
FUNÇÃO 26 TRANSPORTE
SUBFUNÇÃO 451 INFRAESTRUTURA URBANA
PROGRAMA 5003 INFRAESTRUTURA DE TRANSPORTE E SERV.COMPL.
ATIVIDADE 2173 CONSERVAÇÃO DE VIAS PUBLICAS
FONTE 02 TRANSF. E CONV. ESTADUAIS ESPECÍFICOS
CÓD. APLICAÇÃO 803.020 EMP.PARL.Nº 2026.014.81136- DEP.BETH SAHÃO
CAT.ECONÔMICA 4.4.90.52.00 EQUIPAMENTOS E MATERIAL PERMANENTE 150.253,66
TOTAL 150.253,66
Artigo 2º - Para cobertura das despesas com a execução desta Lei será utilizado recurso
proveniente de EXCESSO DE ARRECADAÇÃO consoante Emenda Parlamentar Individual
da Deputada Estadual Beth Sahão.
______________________________________________________________________________________________
PRAÇA JUCA NOVAES, Nº 1.169, CENTRO, AVARÉ, SP, CEP 18.705-900, TEL.: (14) 3711-2507
SECRETARIADEGABINETE@AVARE.SP.GOV.BR

Estância Turística de Avaré – Estado de São Paulo
Instituído pela Lei nº 37, de 28 de março de 2001 e Decreto nº 5.057, de 03 de janeiro de 2018
Semanário Oficial assinado digitalmente conforme MP nº 2.200-2, de 2001, garantindo autenticidade, validade jurídica e integridade.
SEMANÁRIO
Oficial Eletrônico
avare.sp.gov.br
Quinta-feira, 14 de maio de 2026 Ano X | Edição nº 2733 Prefeito: Roberto Araujo
ESTÂNCIA TURÍSTICA DE AVARÉ
ESTADO DE SÃO PAULO
Continuação Lei n° 3.445, de 13 de maio de 2026.
Artigo 3º – Esta Lei entrará em vigor na data de sua publicação e terá vigência até 31 de
dezembro de 2026.
Prefeitura da Estância Turística de Avaré, 13 de maio de 2026.
ROBERTO DE ARAUJO
Prefeito
PRAÇA JUCA NOVAES, Nº 1.169, CENTRO, AVARÉ, SP, CEP 18.705-900, TEL.: (14) 3711-2507
SECRETARIADEGABINETE@AVARE.SP.GOV.BR

Estância Turística de Avaré – Estado de São Paulo
Instituído pela Lei nº 37, de 28 de março de 2001 e Decreto nº 5.057, de 03 de janeiro de 2018
Semanário Oficial assinado digitalmente conforme MP nº 2.200-2, de 2001, garantindo autenticidade, validade jurídica e integridade.
SEMANÁRIO
Oficial Eletrônico
avare.sp.gov.br
Quinta-feira, 14 de maio de 2026 Ano X | Edição nº 2733 Prefeito: Roberto Araujo
ESTÂNCIA TURÍSTICA DE AVARÉ
ESTADO DE SÃO PAULO
Lei nº 3.446, de 13 de maio de 2026.
(Dispõe sobre abertura de Crédito Adicional
Especial que especifica e dá providências).
Autoria: Prefeito Municipal (Projeto de Lei nº 117/2026).
ROBERTO DE ARAUJO, Prefeito da Estância Turística de Avaré, usando das
atribuições que lhe são conferidas por lei,
Faço saber que a Câmara Municipal da Estância Turística de Avaré aprovou e eu
sanciono e promulgo a seguinte Lei:
Artigo 1º - Nos termos do artigo 43 da Lei Federal nº 4.320 de 17 de Março de 1964
combinado com o artigo 167 § 2º da Constituição Federal, fica o Poder Executivo Municipal
autorizado a lançar no orçamento vigente, Lei Municipal nº 3.354 de 02/12/2025, através do
Departamento de Contabilidade e Orçamento da Municipalidade, um CRÉDITO
ADICIONAL ESPECIAL no valor de R$ 681.800,00 (seiscentos e oitenta e um mil e
oitocentos reais), na conformidade da funcional programática e modalidade de aplicação
detalhada abaixo:
DESCRIÇÃO CODIGO DESCRIÇÃO VALOR - R$
ÓRGÃO 37 SECRETARIA MUN. DE PLANEJAMENTO E OBRAS
UNIDADE 02 COORD. DE EXECUÇÃO/FISCALIZAÇÃO DE OBRAS
SUBUNIDADE 01 DEPARTAMENTO DE ENGENHARIA
FUNÇÃO 15 URBANISMO
SUBFUNÇÃO 451 INFRAESTRUTURA URBANA
PROGRAMA 6004 DESENVOLVIMENTO DO TURISMO
ATIVIDADE 1155 CONSTR/AMPL/REFORMA OBRAS VINC.MIN.DO
TURISMO
FONTE 05 TRANSF. E CONV. FEDERAIS ESPECÍFICOS
CÓD. APLICAÇÃO 902.001 EMP. PARL .Nº 5007001- EMENDA DE COMISSÃO
CAT.ECONÔMICA 4.4.90.51.00 OBRAS E INSTALAÇÕES 681.800,00
TOTAL 681.800,00
Artigo 2º - Para cobertura das despesas com a execução desta Lei será utilizado recurso
proveniente de EXCESSO DE ARRECADAÇÃO consoante Emenda Parlamentar de
Comissão nº 50070001.
______________________________________________________________________________________________
PRAÇA JUCA NOVAES, Nº 1.169, CENTRO, AVARÉ, SP, CEP 18.705-900, TEL.: (14) 3711-2507
SECRETARIADEGABINETE@AVARE.SP.GOV.BR

Estância Turística de Avaré – Estado de São Paulo
Instituído pela Lei nº 37, de 28 de março de 2001 e Decreto nº 5.057, de 03 de janeiro de 2018
Semanário Oficial assinado digitalmente conforme MP nº 2.200-2, de 2001, garantindo autenticidade, validade jurídica e integridade.
SEMANÁRIO
Oficial Eletrônico
avare.sp.gov.br
Quinta-feira, 14 de maio de 2026 Ano X | Edição nº 2733 Prefeito: Roberto Araujo
ESTÂNCIA TURÍSTICA DE AVARÉ
ESTADO DE SÃO PAULO
Continuação Lei n° 3.446, de 13 de maio de 2026.
Artigo 3º – Esta Lei entrará em vigor na data de sua publicação e terá vigência até 31 de
dezembro de 2026.
Prefeitura da Estância Turística de Avaré, 13 de maio de 2026.
ROBERTO DE ARAUJO
Prefeito
PRAÇA JUCA NOVAES, Nº 1.169, CENTRO, AVARÉ, SP, CEP 18.705-900, TEL.: (14) 3711-2507
SECRETARIADEGABINETE@AVARE.SP.GOV.BR

Estância Turística de Avaré – Estado de São Paulo
Instituído pela Lei nº 37, de 28 de março de 2001 e Decreto nº 5.057, de 03 de janeiro de 2018
Semanário Oficial assinado digitalmente conforme MP nº 2.200-2, de 2001, garantindo autenticidade, validade jurídica e integridade.
SEMANÁRIO
Oficial Eletrônico
avare.sp.gov.br
Quinta-feira, 14 de maio de 2026 Ano X | Edição nº 2733 Prefeito: Roberto Araujo
Lei Complementar nº 401, de 13 de maio de 2026.
Dispõe sobre alteração do Anexo I
- Quadro de Pessoal Permanente –
Superior – Lei Complementar n°
126, de 02 de junho de 2010 e dá
outras providências.
Autoria: Prefeito Municipal (Projeto de Lei
Complementar nº 106/2026).
ROBERTO DE ARAUJO, Prefeito da Estância Turística
de Avaré, usando das atribuições que lhe são conferidas
por lei,
Faço saber que a Câmara Municipal da Estância
Turística de Avaré aprovou e eu sanciono e promulgo a
seguinte Lei:
Art. 1º – Fica criada 01 (uma) vaga para provimento
do cargo efetivo, abaixo relacionado, no Quadro de Pessoal
dos Servidores Públicos da Prefeitura da Estância Turística
de Avaré, acrescendo-a ao Anexo I – Quadro de Pessoal
Permanente - Superior, da Lei Complementar nº 126, de 02
de junho de 2010, e alterações, a saber:
Referência/
Denominação Nº cargo Carga horária Requisito
Padrão Salarial
Ensino Superior Completo com
Arquiteto 14-inicial 01 20 h/ semana formação na área Específica e
competente Registro no CREA.
Parágrafo único – Ficam mantidas as atribuições do
cargo mencionado no artigo 1º, as quais encontram-se
previstas nos anexos I, da Lei Complementar nº 188/2013 e
Lei Complementar nº 193/2014.
Art. 2º- Esta Lei entrará em vigor na data de sua
publicação.
Prefeitura da Estância Turística de Avaré, 13 de maio de
2026.
ROBERTO DE ARAUJO
Prefeito
...........................................................................................................

Estância Turística de Avaré – Estado de São Paulo
Instituído pela Lei nº 37, de 28 de março de 2001 e Decreto nº 5.057, de 03 de janeiro de 2018
Semanário Oficial assinado digitalmente conforme MP nº 2.200-2, de 2001, garantindo autenticidade, validade jurídica e integridade.
SEMANÁRIO
Oficial Eletrônico
avare.sp.gov.br
Quinta-feira, 14 de maio de 2026 Ano X | Edição nº 2733 Prefeito: Roberto Araujo
Decretos
Decretos
ESTÂNCIA TURÍSTICA DE AVARÉ
ESTADO DE SÃO PAULO
Decreto nº 8.746, de 14 de maio de 2026.
(Dispõe sobre abertura de Crédito Adicional Especial que
especifica e dá providências).
ROBERTO DE ARAUJO, Prefeito da Estância Turística de Avaré, usando das
atribuições que lhe são conferidas por lei,
DECRETA:
Artigo 1º- Nos termos do artigo 43 da Lei Federal nº 4.320 de 17 de Março de 1964
combinado com o artigo 167 § 2º da Constituição Federal, fica o Poder Executivo Municipal
autorizado a lançar no orçamento vigente, Lei Municipal nº 3.354 de 02/12/2025, através do
Departamento de Contabilidade e Orçamento da Municipalidade, um CRÉDITO
ADICIONAL ESPECIAL no valor de R$ 180.000,00 (cento e oitenta mil reais) para
atendimento das despesas do Fundo Municipal da Saúde na conformidade da funcional
programática e modalidade de aplicação detalhada abaixo:
ÓRGÃO 07 SECRETARIA MUNICIPAL DA SAÚDE
UNIDADE 01 FUNDO MUNICIPAL DA SAÚDE
SUBUNIDADE 15 COORDENAÇÃO ATENÇÃO ESPECIALIZADA
FUNÇÃO 10 SAÚDE
SUBFUNÇÃO 302 ASSISTÊNCIA HOSPITALAR E AMBULATORIAL
MEDIA E ALTA COMPLEXIDADE AMBULATORIAL E
PROGRAMA 1013
HOSPITALAR
ATIVIDADE/
2373 PROCEDIMENTO AMBULATORIAL - MAC
PROJETO
FONTE 05 TRANSFERÊNCIAS E CONVÊNIOS FEDERAIS
CÓD. APLICAÇÃO 302.011 FNS – (FAEC) PROG. MAIS ACESSO A ESPECIAL.
CATEGORIA OUTROS SERVIÇOS DE TERCEIROS - PESSOA
3.3.90.39.00 179.000,00
ECONÔMICA JURÍDICA
CATEGORIA
3.3.50.43.00 SUBVENÇÕES SOCIAIS 1.000,00
ECONÔMICA
TOTAL 180.000,00
TOTAL GERAL 180.000,00
Artigo 2º - Para cobertura das despesas com a execução deste decreto serão utilizados
recursos provenientes de EXCESSO DE ARRECADAÇÃO de repasses do governo Federal
consoante Portaria GM/MS Nº 8632/25.
______________________________________________________________________________________________
PRAÇA JUCA NOVAES, Nº 1.169, CENTRO, AVARÉ, SP, CEP 18.705-900, TEL.: (14) 3711-2507
SECRETARIADEGABINETE@AVARE.SP.GOV.BR

Estância Turística de Avaré – Estado de São Paulo
Instituído pela Lei nº 37, de 28 de março de 2001 e Decreto nº 5.057, de 03 de janeiro de 2018
Semanário Oficial assinado digitalmente conforme MP nº 2.200-2, de 2001, garantindo autenticidade, validade jurídica e integridade.
SEMANÁRIO
Oficial Eletrônico
avare.sp.gov.br
Quinta-feira, 14 de maio de 2026 Ano X | Edição nº 2733 Prefeito: Roberto Araujo
ESTÂNCIA TURÍSTICA DE AVARÉ
ESTADO DE SÃO PAULO
Continuação Decreto n° 8.746, de 14 de maio de 2026.
Artigo 3º – Este decreto entrará em vigor na data de sua publicação e terá vigência até
31 de dezembro de 2026.
Prefeitura da Estância Turística de Avaré, 14 de maio de 2026.
ROBERTO DE ARAUJO
Prefeito
PRAÇA JUCA NOVAES, Nº 1.169, CENTRO, AVARÉ, SP, CEP 18.705-900, TEL.: (14) 3711-2507
SECRETARIADEGABINETE@AVARE.SP.GOV.BR

Estância Turística de Avaré – Estado de São Paulo
Instituído pela Lei nº 37, de 28 de março de 2001 e Decreto nº 5.057, de 03 de janeiro de 2018
Semanário Oficial assinado digitalmente conforme MP nº 2.200-2, de 2001, garantindo autenticidade, validade jurídica e integridade.
SEMANÁRIO
Oficial Eletrônico
avare.sp.gov.br
Quinta-feira, 14 de maio de 2026 Ano X | Edição nº 2733 Prefeito: Roberto Araujo
ESTÂNCIA TURÍSTICA DE AVARÉ
ESTADO DE SÃO PAULO
Decreto nº 8.747, de 14 de maio de 2026.
(Dispõe sobre abertura de Crédito Adicional Especial que
especifica e dá providências).
ROBERTO DE ARAUJO, Prefeito da Estância Turística de Avaré, usando das
atribuições que lhe são conferidas por lei,
DECRETA:
Artigo 1º- Nos termos do artigo 43 da Lei Federal nº 4.320 de 17 de Março de 1964 combinado
com o artigo 167 § 2º da Constituição Federal, fica o Poder Executivo Municipal autorizado a lançar
no orçamento vigente, Lei Municipal nº 3.354 de 02/12/2025, através do Departamento de
Contabilidade e Orçamento da Municipalidade, um CRÉDITO ADICIONAL ESPECIAL no valor
de R$ 51.905,03 (cinquenta e um mil novecentos e cinco reais e três centavos) para atendimento das
despesas do Fundo Municipal da Saúde na conformidade da funcional programática e modalidade de
aplicação detalhada abaixo:
ÓRGÃO 07 SECRETARIA MUNICIPAL DA SAÚDE
UNIDADE 01 FUNDO MUNICIPAL DA SAÚDE
SUBUNIDADE 14 COORDENAÇÃO DA ATENÇÃO BÁSICA DA SAÚDE
FUNÇÃO 10 SAÚDE
SUBFUNÇÃO 301 ATENÇÃO BÁSICA
PROGRAMA 1012 ATENÇÃO BÁSICA
FORNECIMENTO DE LEITE E SUPLEMENTO
ATIVIDADE/PROJETO 2033
ALIMENTAR
TRANSFERÊNCIAS E CONVÊNIOS ESTADUAIS
FONTE 92
(EXERCÍCIOS ANTERIORES)
CÓD. APLICAÇÃO 803.011 EM.PARL. Nº 2025.065.69645 – RES. SS 99/25
CATEGORIA MATERIAL, BEM OU SERVIÇO PARA
3.3.90.32.00 51.905,03
ECONÔMICA DISTRIBUIÇÃO GRATUITA
TOTAL 51.905,03
Artigo 2º - Para cobertura das despesas com a execução deste decreto serão utilizados
recursos provenientes de ANULAÇÃO de repasses do governo Estadual consoante
EM.PARL. Nº 2025.065.69645 – RES. SS 99/25.
Artigo 3º – Este decreto entrará em vigor na data de sua publicação e terá vigência até
31 de dezembro de 2026.
Prefeitura da Estância Turística de Avaré, 14 de maio de 2026.
ROBERTO DE ARAUJO
Prefeito
______________________________________________________________________________________________
PRAÇA JUCA NOVAES, Nº 1.169, CENTRO, AVARÉ, SP, CEP 18.705-900, TEL.: (14) 3711-2507
SECRETARIADEGABINETE@AVARE.SP.GOV.BR

Estância Turística de Avaré – Estado de São Paulo
Instituído pela Lei nº 37, de 28 de março de 2001 e Decreto nº 5.057, de 03 de janeiro de 2018
Semanário Oficial assinado digitalmente conforme MP nº 2.200-2, de 2001, garantindo autenticidade, validade jurídica e integridade.
SEMANÁRIO
Oficial Eletrônico
avare.sp.gov.br
Quinta-feira, 14 de maio de 2026 Ano X | Edição nº 2733 Prefeito: Roberto Araujo
ESTÂNCIA TURÍSTICA DE AVARÉ
ESTADO DE SÃO PAULO
Decreto nº 8.748, de 14 de maio de 2026.
(Dispõe sobre abertura de Crédito Adicional Especial que
especifica e dá providências).
ROBERTO DE ARAUJO, Prefeito da Estância Turística de Avaré, usando das
atribuições que lhe são conferidas por lei,
DECRETA:
Artigo 1º- Nos termos do artigo 43 da Lei Federal nº 4.320 de 17 de Março de 1964
combinado com o artigo 167 § 2º da Constituição Federal, fica o Poder Executivo Municipal
autorizado a lançar no orçamento vigente, Lei Municipal nº 3.354 de 02/12/2025, através do
Departamento de Contabilidade e Orçamento da Municipalidade, um CRÉDITO
ADICIONAL ESPECIAL no valor de R$ 150.253,66 (cento e cinquenta mil, duzentos e
cinquenta e três reais e sessenta e seis centavos), na conformidade da funcional programática
e modalidade de aplicação detalhada abaixo:
DESCRIÇÃO CODIGO DESCRIÇÃO VALOR - R$
ÓRGÃO 36 SECRETARIA MUN. DE SERVIÇOS
UNIDADE 02 DIVISÃO DE SERVIÇOS MUNICIPAIS
SUBUNIDADE 05 SETOR DE MANUTENÇÃO E LIMPEZA PÚBLICA
FUNÇÃO 26 TRANSPORTE
SUBFUNÇÃO 451 INFRAESTRUTURA URBANA
PROGRAMA 5003 INFRAESTRUTURA DE TRANSPORTE E SERV.COMPL.
ATIVIDADE 2173 CONSERVAÇÃO DE VIAS PUBLICAS
FONTE 02 TRANSF. E CONV. ESTADUAIS ESPECÍFICOS
CÓD. APLICAÇÃO 803.020 EMP.PARL.Nº 2026.014.81136- DEP.BETH SAHÃO
CAT.ECONÔMICA 4.4.90.52.00 EQUIPAMENTOS E MATERIAL PERMANENTE 150.253,66
TOTAL 150.253,66
Artigo 2º - Para cobertura das despesas com a execução deste decreto será utilizado
recurso proveniente de EXCESSO DE ARRECADAÇÃO consoante Emenda Parlamentar
Individual da Deputada Estadual Beth Sahão.
______________________________________________________________________________________________
PRAÇA JUCA NOVAES, Nº 1.169, CENTRO, AVARÉ, SP, CEP 18.705-900, TEL.: (14) 3711-2507
SECRETARIADEGABINETE@AVARE.SP.GOV.BR

Estância Turística de Avaré – Estado de São Paulo
Instituído pela Lei nº 37, de 28 de março de 2001 e Decreto nº 5.057, de 03 de janeiro de 2018
Semanário Oficial assinado digitalmente conforme MP nº 2.200-2, de 2001, garantindo autenticidade, validade jurídica e integridade.
SEMANÁRIO
Oficial Eletrônico
avare.sp.gov.br
Quinta-feira, 14 de maio de 2026 Ano X | Edição nº 2733 Prefeito: Roberto Araujo
ESTÂNCIA TURÍSTICA DE AVARÉ
ESTADO DE SÃO PAULO
Continuação Decreto n° 8.748, de 14 de maio de 2026.
Artigo 3º – Este decreto entrará em vigor na data de sua publicação e terá vigência até
31 de dezembro de 2026.
Prefeitura da Estância Turística de Avaré, 14 de maio de 2026.
ROBERTO DE ARAUJO
Prefeito
PRAÇA JUCA NOVAES, Nº 1.169, CENTRO, AVARÉ, SP, CEP 18.705-900, TEL.: (14) 3711-2507
SECRETARIADEGABINETE@AVARE.SP.GOV.BR

Estância Turística de Avaré – Estado de São Paulo
Instituído pela Lei nº 37, de 28 de março de 2001 e Decreto nº 5.057, de 03 de janeiro de 2018
Semanário Oficial assinado digitalmente conforme MP nº 2.200-2, de 2001, garantindo autenticidade, validade jurídica e integridade.
SEMANÁRIO
Oficial Eletrônico
avare.sp.gov.br
Quinta-feira, 14 de maio de 2026 Ano X | Edição nº 2733 Prefeito: Roberto Araujo
ESTÂNCIA TURÍSTICA DE AVARÉ
ESTADO DE SÃO PAULO
Decreto nº 8.749, de 14 de maio de 2026.
(Dispõe sobre abertura de Crédito Adicional
Especial que especifica e dá providências).
ROBERTO DE ARAUJO, Prefeito da Estância Turística de Avaré, usando das
atribuições que lhe são conferidas por lei,
DECRETA:
Artigo 1º - Nos termos do artigo 43 da Lei Federal nº 4.320 de 17 de Março de 1964
combinado com o artigo 167 § 2º da Constituição Federal, fica o Poder Executivo Municipal
autorizado a lançar no orçamento vigente, Lei Municipal nº 3.354 de 02/12/2025, através do
Departamento de Contabilidade e Orçamento da Municipalidade, um CRÉDITO
ADICIONAL ESPECIAL no valor de R$ 681.800,00 (seiscentos e oitenta e um mil e
oitocentos reais), na conformidade da funcional programática e modalidade de aplicação
detalhada abaixo:
DESCRIÇÃO CODIGO DESCRIÇÃO VALOR - R$
ÓRGÃO 37 SECRETARIA MUN. DE PLANEJAMENTO E OBRAS
UNIDADE 02 COORD. DE EXECUÇÃO/FISCALIZAÇÃO DE OBRAS
SUBUNIDADE 01 DEPARTAMENTO DE ENGENHARIA
FUNÇÃO 15 URBANISMO
SUBFUNÇÃO 451 INFRAESTRUTURA URBANA
PROGRAMA 6004 DESENVOLVIMENTO DO TURISMO
ATIVIDADE 1155 CONSTR/AMPL/REFORMA OBRAS VINC.MIN.DO
TURISMO
FONTE 05 TRANSF. E CONV. FEDERAIS ESPECÍFICOS
CÓD. APLICAÇÃO 902.001 EMP. PARL .Nº 5007001- EMENDA DE COMISSÃO
CAT.ECONÔMICA 4.4.90.51.00 OBRAS E INSTALAÇÕES 681.800,00
TOTAL 681.800,00
Artigo 2º - Para cobertura das despesas com a execução deste decreto será utilizado
recurso proveniente de EXCESSO DE ARRECADAÇÃO consoante Emenda Parlamentar de
Comissão nº 50070001.
______________________________________________________________________________________________
PRAÇA JUCA NOVAES, Nº 1.169, CENTRO, AVARÉ, SP, CEP 18.705-900, TEL.: (14) 3711-2507
SECRETARIADEGABINETE@AVARE.SP.GOV.BR

Estância Turística de Avaré – Estado de São Paulo
Instituído pela Lei nº 37, de 28 de março de 2001 e Decreto nº 5.057, de 03 de janeiro de 2018
Semanário Oficial assinado digitalmente conforme MP nº 2.200-2, de 2001, garantindo autenticidade, validade jurídica e integridade.
SEMANÁRIO
Oficial Eletrônico
avare.sp.gov.br
Quinta-feira, 14 de maio de 2026 Ano X | Edição nº 2733 Prefeito: Roberto Araujo
ESTÂNCIA TURÍSTICA DE AVARÉ
ESTADO DE SÃO PAULO
Continuação Lei n° 8.749, de 14 de maio de 2026.
Artigo 3º – Este decreto entrará em vigor na data de sua publicação e terá vigência até
31 de dezembro de 2026.
Prefeitura da Estância Turística de Avaré, 14 de maio de 2026.
ROBERTO DE ARAUJO
Prefeito
PRAÇA JUCA NOVAES, Nº 1.169, CENTRO, AVARÉ, SP, CEP 18.705-900, TEL.: (14) 3711-2507
SECRETARIADEGABINETE@AVARE.SP.GOV.BR

Estância Turística de Avaré – Estado de São Paulo
Instituído pela Lei nº 37, de 28 de março de 2001 e Decreto nº 5.057, de 03 de janeiro de 2018
Semanário Oficial assinado digitalmente conforme MP nº 2.200-2, de 2001, garantindo autenticidade, validade jurídica e integridade.
SEMANÁRIO
Oficial Eletrônico
avare.sp.gov.br
Quinta-feira, 14 de maio de 2026 Ano X | Edição nº 2733 Prefeito: Roberto Araujo
Outros Atos
Outros Atos A Comissão Permanente de Readaptação
Funcional, reorganizada pelo Decreto nº 8.517, de 15 de
outubro de 2025, vem C O N V O C A R os servidores
abaixo relacionados a comparecerem na sede do D.E.S.S. –
Departamento de Saúde e Segurança do Servidor, sito a
Rua Pará, nº 673, Centro, para serem avaliados pela Equipe
Multidisciplinar a fim de instruir os Processos de
Readaptação Funcional, a saber:
PROC. SERVIDOR S SE OR CV IAIÇ LO ENFERMAGEM FISIOTERAPIA PSICOLOGIA MÉDICA S TREG AU BAR LA HN OÇA DOPSIQUIATRA
010/2026 M ZAA VR AC NIA E LR LE AG LIN OA PES - - 14/05/26 – 08:30 1 14 4/ :0 05 0/26 – 19/05/26 – 16:00 1 04 9/ :0 05 0/26 – -
011/2026 S AA RN MD AR NA D OCRISTINA - - 14/05/26 – 09:00 1 14 5/ :0 05 0/26 – 20/05/26 – 10:30 1 14 0/ :0 05 0/26 – -
...........................................................................................................
REUNIÃO DA COMISSÃO PERMANENTE DE
READAPTAÇÃO FUNCIONAL
De acordo com a Lei Municipal nº 2.145 de 10 de
outubro de 2017, ficam os membros da Comissão
Permanente de Readaptação Funcional, reorganizados
através de Decreto nº 8.517, de 15 de outubro de 2025,
CONVOCADOS a participarem da Reunião da Comissão
Permanente de Readaptação Funcional que será realizada
no dia 20/05/2026 às 14h00, nas dependências do
Departamento de Saúde e Segurança do Servidor –
D.E.S.S., Rua Pará, nº 673, Centro, Estância Turística de
Avaré, oportunidade em que serão discutidos Processos de
Readaptação Funcional.
A Comissão Permanente de Readaptação
Funcional
...........................................................................................................

Estância Turística de Avaré – Estado de São Paulo
Instituído pela Lei nº 37, de 28 de março de 2001 e Decreto nº 5.057, de 03 de janeiro de 2018
Semanário Oficial assinado digitalmente conforme MP nº 2.200-2, de 2001, garantindo autenticidade, validade jurídica e integridade.",https://www.dosp.com.br/exibe_do.php?i=ODE4MTk0,
DOA-045,2026-05-13,2731,Decretos,8736 - PROLONGAMENTO RUA NESTOR RODRIGUES PEDROSO,Não identificada,"Imprensa Oficial - Modo leitura em tela
Abrir Versão do Diário Eletrônico
Abrir Versão do Diário para Impressão
Ir para a lista de edições
IMPRENSA OFICIAL - AVARÉ
Publicado em 13 de maio de 2026 | Edição nº 2731 | Ano X
Entidade: Poder Executivo | Seção: Atos Oficiais | Subseção: Decretos
Decreto nº 8.736, de 06 de maio de 2026.
(Dispõe sobre o prolongamento de via pública e a oficialização de área de terreno integrada ao patrimônio municipal, e dá outras providências.)
ROBERTO DE ARAUJO
Prefeito Municipal de Avaré, no uso das atribuições legais que lhe são conferidas pela Lei Orgânica do Município e demais legislações vigentes;
CONSIDERANDO
que o imóvel objeto da matrícula nº 96.686 do Cartório de Registro de Imóveis de Avaré/SP já consta como de propriedade do Município de Avaré (CNPJ nº 46.634.168/0001-50);
CONSIDERANDO
a necessidade administrativa de expansão e melhoria do sistema viário local, visando o interesse público e a mobilidade urbana;
CONSIDERANDO
que o prolongamento de vias existentes é modalidade de parcelamento do solo urbano, prevista na legislação federal ;
DECRETA:
Art. 1º
Fica decretado o prolongamento da via pública denominada
Rua Nestor Rodrigues Pedroso
, situada na Chácara Pratânia, neste Município, mediante a oficialização da área de terreno designada como
ÁREA 3
, objeto da
Matrícula nº 96.686
do Registro de Imóveis de Avaré.
Art. 2º
A área objeto deste prolongamento possui 3.809,82 m² (três mil, oitocentos e nove metros e oitenta e dois decímetros quadrados), com as seguintes confrontações e medidas constantes na referida matrícula:
•
Início:
Marco 01, na divisa da Rua José Ortega;
•
Descrição:
Segue com azimute 145º50'06"" na distância de 29,00 metros até o vértice 02; segue em curva com raio 9,00m e desenvolvimento 14,17m até o vértice 03; segue com azimute 235º50'06” na distância de 52,81m até o vértice 04; segue em curva com raio 19,50m e desenvolvimento 18,21m até o vértice 05; segue com azimute 182º20'17” na distância de 91,64m até o vértice 06; conforme demais especificações técnicas da matrícula 96.686.
•
Confrontações:
Confronta-se com a Área 2, Área 1, Área 05 e Área 4 (áreas a serem desmembradas), encerrando o perímetro no Marco 01.
Art. 3º
A via ora prolongada manterá a denominação de
Rua Nestor Rodrigues Pedroso
em toda a sua nova extensão.
Art. 4º
As despesas decorrentes da execução deste Decreto correrão por conta de dotações orçamentárias próprias, suplementadas se necessário.
Art. 5º
Este Decreto entra em vigor na data de sua publicação, ficando revogado o
Decreto nº 8.733, de 04 de maio de 2026.
Prefeitura da Estância Turística de Avaré, 06 de maio de 2026.
ROBERTO DE ARAUJO
PREFEITO
Este conteúdo não substitui o publicado na versão certificada.",https://www.dosp.com.br/exibe_do.php?i=ODE3MjY5,
DOA-046,2026-05-08,2727,Leis,3433 - realização de palestras - combate a pedofilia,Não identificada,"Imprensa Oficial - Modo leitura em tela
Abrir Versão do Diário Eletrônico
Abrir Versão do Diário para Impressão
Ir para a lista de edições
IMPRENSA OFICIAL - AVARÉ
Publicado em 08 de maio de 2026 | Edição nº 2727 | Ano X
Entidade: Poder Executivo | Seção: Atos Oficiais | Subseção: Leis
Lei nº 3.433, de 05 de maio de 2026.
Dispõe sobre a realização de palestras, campanhas e ações educativas voltadas à prevenção, identificação e combate à pedofilia e à violência sexual contra crianças e adolescentes nas escolas, unidades de saúde e demais espaços públicos do município de Avaré/SP, e dá outras providências.
Autoria: Ver. Hidalgo André de Freitas (Projeto de Lei nº 36/2026).
ROBERTO DE ARAUJO
, Prefeito da Estância Turística de Avaré, usando das atribuições que lhe são conferidas por lei,
Faço saber que a Câmara Municipal da Estância Turística de Avaré aprovou e eu sanciono e promulgo a seguinte Lei:
Art. 1º
- Fica instituído, no âmbito do Município de Avaré, o Programa Municipal de Prevenção e Combate à Pedofilia e à Violência Sexual contra Crianças e Adolescentes, por meio da realização de palestras, campanhas e ações educativas.
Art. 2
° -
As ações previstas nesta Lei deverão ser realizadas de
forma periódica e contínua, no mínimo uma vez a cada semestre, nos seguintes locais:
I – escolas da rede pública e privada de ensino;
II – unidades Básicas de Saúde (UBS);
III – outros espaços públicos e comunitários que se mostrarem necessários, conforme avaliação do Poder Executivo.
Art. 3°
-
As atividades previstas nesta Lei deverão ser desenvolvidas de forma integrada entre os seguintes órgãos e instituições:
I – Secretaria Municipal da Educação;
II – Secretaria Municipal da Saúde;
III – Secretaria Municipal de Assistência e Desenvolvimento Social;
IV – Secretaria Municipal da Juventude;
V – Conselho Tutelar;
VI – forças de segurança pública, especialmente policiais civis e militares;
VII – profissionais da saúde, assistência social e educação;
VIII – entidades da sociedade civil e organizações não governamentais que atuem na proteção da criança e do adolescente.
Art. 4°
-
O objetivo das palestras e ações educativas é:
I – orientar crianças, adolescentes, pais, responsáveis e profissionais da rede de proteção sobre como prevenir situações de abuso sexual;
II – capacitar a comunidade escolar e de saúde para identificar sinais de violência ou exploração sexual infantil;
III – divulgar canais de denúncia e procedimentos adequados para combater e enfrentar casos de pedofilia
Art. 5º
-
O Poder Executivo promoverá campanhas educativas permanentes, inclusive com distribuição de materiais informativos, realização de seminários, rodas de conversa e outras atividades que fortaleçam a rede de proteção à infância.
Art. 6º
-
As despesas decorrentes da execução desta Lei correrão por conta de dotações orçamentárias próprias, suplementadas se necessário.
Art. 7º
-
O Poder Executivo regulamentará a presente Lei no que couber.
Art. 8º
-
Esta Lei entra em vigor na data de sua publicação.
Prefeitura da Estância Turística de Avaré, 05 de maio de 2026.
ROBERTO DE ARAUJO
Prefeito
Este conteúdo não substitui o publicado na versão certificada.",https://www.dosp.com.br/exibe_do.php?i=ODE1MDgw,
DOA-047,2026-05-08,2727,Leis,3437 - abertura de crédito adicional suplementar 100.000 semads,Não identificada,"Imprensa Oficial - Modo leitura em tela
Abrir Versão do Diário Eletrônico
Abrir Versão do Diário para Impressão
Ir para a lista de edições
IMPRENSA OFICIAL - AVARÉ
Publicado em 08 de maio de 2026 | Edição nº 2727 | Ano X
Entidade: Poder Executivo | Seção: Atos Oficiais | Subseção: Leis
Lei nº 3.437, de 05 de maio de 2026.
Dispõe sobre abertura de Crédito Adicional Suplementar que especifica e dá providências.
Autoria: Prefeito Municipal (Projeto de Lei nº 109/2026).
ROBERTO DE ARAUJO
, Prefeito da Estância Turística de Avaré, usando das atribuições que lhe são conferidas por lei,
Faço saber que a Câmara Municipal da Estância Turística de Avaré aprovou e eu sanciono e promulgo a seguinte Lei:
Art. 1º-
Nos termos do artigo 43 da Lei Federal nº 4.320 de 17 de março de 1964 combinado com o artigo 167 § 2º da Constituição Federal, fica o Poder Executivo Municipal autorizado a lançar no orçamento vigente, Lei Municipal nº 3.354 de 02/12/2025, através do Departamento de Contabilidade e Orçamento da Municipalidade, um
CRÉDITO ADICIONAL SUPLEMENTAR no valor de R$ 100.000,00
(cem mil reais), na conformidade da funcional programática e modalidade de aplicação detalhada abaixo:
DESCRIÇÃO
CODIGO
DESCRIÇÃO
VALOR - R$
ÓRGÃO
08.00.00
SECRETARIA MUNICIPAL DE ASSISTÊNCIA E DESENVOLVIMENTO SOCIAL
UNIDADE
08.02.00
FMAS - FUNDO MUNICIPAL DE ASSISTÊNCIA SOCIAL
SUBUNIDADE
08.02.01
FMAS - FUNDO MUNICIPAL DE ASSISTÊNCIA SOCIAL
FUNÇÃO

ASSISTÊNCIA SOCIAL
SUBFUNÇÃO

SERVIÇOS SOCIOASSISTENCIAIS
PROGRAMA

PROTEÇÃO SOCIAL DE ALTA COMPLEXIDADE
ATIVIDADE

CONVÊNIOS ENTIDADES ASSISTENCIAIS – P.S.A.C
FONTE

TRANSFERÊNCIAS E CONVÊNIOS ESTADUAIS
CÓD. APLICAÇÃO
500.006
PROGRAMA DE PROTEÇÃO SOCIAL ESPECIAL
CAT. ECONOMICA
3.3.50.43.00
SUBVENÇÕES SOCIAIS
100.000,00
TOTAL DA ABERTURA DE CRÉDITO
100.000,00
Art. 2º
- Para cobertura das despesas com a execução desta Lei serão utilizados recursos provenientes de EXCESSO DE ARRECADAÇÃO decorrentes de recursos financeiros estaduais para os Programas Sociais de Alta Complexidade.
Art. 3º –
Esta Lei entrará em vigor na data de sua publicação e terá vigência até 31 de dezembro de 2026.
Prefeitura da Estância Turística de Avaré, 05 de maio de 2026.
ROBERTO DE ARAUJO
Prefeito
Este conteúdo não substitui o publicado na versão certificada.",https://www.dosp.com.br/exibe_do.php?i=ODE1MDgw,
DOA-048,2026-05-08,2727,Leis,3434 - programa de fornecimento complementar de medicamentos,Não identificada,"Imprensa Oficial - Modo leitura em tela
Abrir Versão do Diário Eletrônico
Abrir Versão do Diário para Impressão
Ir para a lista de edições
IMPRENSA OFICIAL - AVARÉ
Publicado em 08 de maio de 2026 | Edição nº 2727 | Ano X
Entidade: Poder Executivo | Seção: Atos Oficiais | Subseção: Leis
Lei nº 3.434, de 05 de maio de 2026.
Institui o Programa Municipal de Fornecimento Complementar de Medicamentos, mediante credenciamento de farmácias e drogarias privadas no município, nos casos de falta ou indisponibilidade de medicamentos na rede pública municipal de saúde.
Autoria: Ver. Hidalgo André de Freitas (Projeto de Lei nº 85/2026).
ROBERTO DE ARAUJO
, Prefeito da Estância Turística de Avaré, usando das atribuições que lhe são conferidas por lei,
Faço saber que a Câmara Municipal da Estância Turística de Avaré aprovou e eu sanciono e promulgo a seguinte Lei:
Art. 1º
- É instituído o Programa Municipal de Fornecimento Complementar de Medicamentos, com o objetivo de garantir a continuidade do tratamento dos usuários do Sistema Único de Saúde (SUS), mediante credenciamento de farmácias e drogarias privadas para fornecimento gratuito de medicamentos padronizados quando houver falta ou indisponibilidade na rede pública municipal de saúde.
Parágrafo único
. O Programa terá caráter complementar, emergencial e temporário, aplicando-se exclusivamente aos casos em que houver comprovada indisponibilidade do medicamento na rede municipal.
Art. 2°
-
O Poder Executivo Municipal poderá credenciar farmácias e drogarias privadas, regularmente estabelecidas no Município de Avaré, para a dispensação gratuita de medicamentos aos usuários do SUS municipal.
§ 1º.
O credenciamento será realizado mediante chamamento público, observados os princípios da legalidade, impessoalidade, moralidade, publicidade, eficiência e economicidade.
§ 2º.
Poderão participar do credenciamento estabelecimentos que atendam às normas sanitárias e legais vigentes, bem como às exigências definidas pela Secretaria Municipal de Saúde.
Art. 3°
-
O fornecimento do medicamento pela farmácia credenciada ocorrerá quando, após atendimento na rede pública municipal de saúde, for formalmente constatada a indisponibilidade do medicamento prescrito na farmácia da rede pública.
Art. 4°
-
Para a retirada do medicamento em farmácia credenciada, o usuário deverá apresentar:
I –
receita médica válida emitida por profissional da rede pública municipal de saúde ou conveniada ao SUS;
II –
documento oficial de identificação com foto;
III –
comprovante de residência no Município de Avaré;
IV –
documento ou declaração oficial que comprove a indisponibilidade do medicamento na rede pública municipal.
§ 1º.
O fornecimento será realizado sem qualquer custo ao paciente.
§ 2º.
A receita deverá ser retida ou registrada digitalmente pela farmácia credenciada, conforme normas sanitárias e regulamentação municipal.
Art. 5º
-
Para fins desta lei, considera-se:
I
– medicamentos padronizados: aqueles constantes da Relação Municipal de Medicamentos Essenciais (REMUME) ou lista oficial da Assistência Farmacêutica Municipal;
II
– indisponibilidade: ausência temporária do medicamento no estoque das unidades da rede pública municipal, devidamente registrada em sistema oficial ou documento emitido pela Secretaria Municipal de Saúde;
III
– farmácia credenciada: estabelecimento privado que aderiu formalmente ao Programa por meio de termo de credenciamento firmado com o Município.
Art. 6º
-
As farmácias e drogarias credenciadas serão reembolsadas pelo Município pelos medicamentos efetivamente dispensados, mediante apresentação de:
I –
nota fiscal dos medicamentos fornecidos;
II –
registro da receita médica;
III –
comprovante de dispensação assinado pelo beneficiário ou responsável legal;
IV –
relatório mensal detalhado dos atendimentos realizados.
§ 1º
. O valor do reembolso observará tabela de referência definida pela Secretaria Municipal de Saúde, com base em preços de mercado, compras públicas e princípios da economicidade e eficiência.
§ 2º
. O pagamento estará condicionado à auditoria e validação dos documentos apresentados.
Art. 7º
-
O termo de credenciamento deverá estabelecer, no mínimo:
I –
as obrigações e responsabilidades das partes;
II –
os critérios de controle, fiscalização e auditoria;
III –
os padrões de qualidade no atendimento ao usuário;
IV –
a obrigatoriedade de presença de farmacêutico responsável técnico;
V –
a integração com os sistemas de controle da Assistência Farmacêutica Municipal.
Art. 8º
-
O Poder Executivo deverá regulamentar esta Lei no prazo de até 90 (noventa) dias, definindo:
I –
os procedimentos operacionais do Programa;
II –
os critérios de prioridade para atendimento;
III –
os limites financeiros e orçamentários;
IV –
os mecanismos de controle, transparência e avaliação de resultados.
Art. 9º
-
O descumprimento das normas do credenciamento sujeitará a farmácia credenciada às seguintes penalidades, garantido o contraditório e a ampla defesa:
I –
advertência;
II –
suspensão temporária do credenciamento;
III –
descredenciamento;
IV –
demais sanções administrativas previstas na legislação vigente.
Art. 10
-
As despesas decorrentes da execução desta lei correrão por conta de dotações orçamentárias próprias da Secretaria Municipal de Saúde, podendo ser suplementadas se necessário, observada a legislação fiscal vigente.
Art. 11
-
Esta lei entra em vigor na data de sua publicação.
Prefeitura da Estância Turística de Avaré, 05 de maio de 2026.
ROBERTO DE ARAUJO
Prefeito
Este conteúdo não substitui o publicado na versão certificada.",https://www.dosp.com.br/exibe_do.php?i=ODE1MDgw,
DOA-049,2026-05-08,2727,Decretos,8739 - abertura de crédito adicional suplementar 100.000 semads,Não identificada,"Imprensa Oficial - Modo leitura em tela
Abrir Versão do Diário Eletrônico
Abrir Versão do Diário para Impressão
Ir para a lista de edições
IMPRENSA OFICIAL - AVARÉ
Publicado em 08 de maio de 2026 | Edição nº 2727 | Ano X
Entidade: Poder Executivo | Seção: Atos Oficiais | Subseção: Decretos
Decreto nº 8.739, de 07 de maio de 2026.
Dispõe sobre abertura de Crédito Adicional Suplementar que especifica e dá providências.
ROBERTO DE ARAUJO
, Prefeito da Estância Turística de Avaré, usando das atribuições que lhe são conferidas por lei,
DECRETA:
Art. 1º-
Nos termos do artigo 43 da Lei Federal nº 4.320 de 17 de março de 1964 combinado com o artigo 167 § 2º da Constituição Federal, fica o Poder Executivo Municipal autorizado a lançar no orçamento vigente, Lei Municipal nº 3.354 de 02/12/2025, através do Departamento de Contabilidade e Orçamento da Municipalidade, um
CRÉDITO ADICIONAL SUPLEMENTAR no valor de R$ 100.000,00
(cem mil reais), na conformidade da funcional programática e modalidade de aplicação detalhada abaixo:
DESCRIÇÃO
CODIGO
DESCRIÇÃO
VALOR - R$
ÓRGÃO
08.00.00
SECRETARIA MUNICIPAL DE ASSISTÊNCIA E DESENVOLVIMENTO SOCIAL
UNIDADE
08.02.00
FMAS - FUNDO MUNICIPAL DE ASSISTÊNCIA SOCIAL
SUBUNIDADE
08.02.01
FMAS - FUNDO MUNICIPAL DE ASSISTÊNCIA SOCIAL
FUNÇÃO

ASSISTÊNCIA SOCIAL
SUBFUNÇÃO

SERVIÇOS SOCIOASSISTENCIAIS
PROGRAMA

PROTEÇÃO SOCIAL DE ALTA COMPLEXIDADE
ATIVIDADE

CONVÊNIOS ENTIDADES ASSISTENCIAIS – P.S.A.C
FONTE

TRANSFERÊNCIAS E CONVÊNIOS ESTADUAIS
CÓD. APLICAÇÃO
500.006
PROGRAMA DE PROTEÇÃO SOCIAL ESPECIAL
CAT. ECONOMICA
3.3.50.43.00
SUBVENÇÕES SOCIAIS
100.000,00
TOTAL DA ABERTURA DE CRÉDITO
100.000,00
Art. 2º
- Para cobertura das despesas com a execução deste decreto serão utilizados recursos provenientes de EXCESSO DE ARRECADAÇÃO decorrentes de recursos financeiros estaduais para os Programas Sociais de Alta Complexidade.
Art. 3º –
Este decreto entrará em vigor na data de sua publicação e terá vigência até 31 de dezembro de 2026.
Prefeitura da Estância Turística de Avaré, 07 de maio de 2026.
ROBERTO DE ARAUJO
Prefeito
Este conteúdo não substitui o publicado na versão certificada.",https://www.dosp.com.br/exibe_do.php?i=ODE1MDgw,
DOA-050,2026-05-08,2727,Decretos,8740 - abertura de crédito adicional suplementar 141.892 semads,Não identificada,"Imprensa Oficial - Modo leitura em tela
Abrir Versão do Diário Eletrônico
Abrir Versão do Diário para Impressão
Ir para a lista de edições
IMPRENSA OFICIAL - AVARÉ
Publicado em 08 de maio de 2026 | Edição nº 2727 | Ano X
Entidade: Poder Executivo | Seção: Atos Oficiais | Subseção: Decretos
Decreto nº 8.740, de 07 de maio de 2026.
Dispõe sobre abertura de Crédito Adicional Especial que especifica e dá providências.
ROBERTO DE ARAUJO
, Prefeito da Estância Turística de Avaré, usando das atribuições que lhe são conferidas por lei,
DECRETA:
Art. 1º-
Nos termos do artigo 43 da Lei Federal nº 4.320 de 17 de Março de 1964 combinado com o artigo 167 § 2º da Constituição Federal, fica o Poder Executivo Municipal autorizado a lançar no orçamento vigente, Lei Municipal nº 3.354 de 02/12/2025, através do Departamento de Contabilidade e Orçamento da Municipalidade, um
CRÉDITO ADICIONAL ESPECIAL no valor de R$ 141.892,45
(Cento e quarenta e um mil oitocentos e noventa e dois reais e quarenta e cinco centavos), na conformidade da funcional programática e modalidade de aplicação detalhada abaixo:
DESCRIÇÃO
CODIGO
DESCRIÇÃO
VALOR - R$
ORGÃO

SECRETARIA MUNICIPAL DA ASSIST. E DESENVOLVIMENTO SOCIAL
UNIDADE

FMAS – FDO. MUNIC. DE ASSIST. SOCIAL
SUBUNIDADE

FMAS – FDO. MUNIC. DE ASSIST. SOCIAL
FUNÇÃO

ASSISTÊNCIA SOCIAL
SUBFUNÇÃO

SERVIÇOS SOCIOASSISTENCIAIS
PROGRAMA

PROTEÇÃO SOCIAL DE MÉDIA COMPLEXIDADE
ATIVIDADE

MANUTENÇÃO DO CENTRO DIA DO IDOSO
FONTE

TRANSFERÊNCIAS E CONVÊNIOS ESTADUAIS
CÓD. APLICAÇÃO
500.006
PROGRAMA DE PROTEÇÃO SOCIAL ESPECIAL
CAT. ECONOMICA
3.3.90.30.00
MATERIAL DE CONSUMO
30.000,00
CAT. ECONOMICA
3.3.90.39.00
OUTROS SERV. DE TERCEIROS - PJ
10.000,00
PROGRAMA

PROTEÇÃO SOCIAL DE ALTA COMPLEXIDADE
ATIVIDADE

MANUTENÇÃO DA CASA DE PASSAGEM
CAT. ECONOMICA
3.3.90.30.00
MATERIAL DE CONSUMO
70.000,00
CAT. ECONOMICA
3.3.90.39.00
OUTROS SERV. DE TERCEIROS - PJ
10.000,00
ATIVIDADE

S.A.I – SERVIÇO DE ACOLHIMENTO INSTITUCIONAL
CAT. ECONOMICA
3.3.90.30.00
MATERIAL DE CONSUMO
21.892,45
TOTAL DA ABERTURA DO CRÉDITO
141.892,45
Art. 2º
- Para cobertura das despesas com a execução deste decreto serão utilizados recursos provenientes de EXCESSO DE ARRECADAÇÃO decorrentes de recursos financeiros estaduais para os Programas Sociais de Média e Alta Complexidade.
Art. 3º –
Este decreto entrará em vigor na data de sua publicação e terá vigência até 31 de dezembro de 2026.
Prefeitura da Estância Turística de Avaré, 07 de maio de 2026.
ROBERTO DE ARAUJO
Prefeito
Este conteúdo não substitui o publicado na versão certificada.",https://www.dosp.com.br/exibe_do.php?i=ODE1MDgw,
