data_publicacao,numero_edicao,titulo_ato,tipo_ato,url_documento,url_texto,secretaria
2026-05-22,2739,8755 - Dispõe sobre a criação do serviço de Capelania no poder executivo,Decretos,https://www.dosp.com.br/exibe_do.php?i=ODIyMjk4,https://www.dosp.com.br/leituratexto?p=MjYzODIzNg==,Não identificada
2026-05-21,2738,8750 - autoriza recomposição da base tarifária de embarque - revoga 8242,Decretos,https://www.dosp.com.br/exibe_do.php?i=ODIxNTQ3,https://www.dosp.com.br/leituratexto?p=MjYzNTU4NA==,Não identificada
2026-05-21,2738,8754 - exonera Secretária da Mulher - Patrícia Estela Monteiro Pereira,Decretos,https://www.dosp.com.br/exibe_do.php?i=ODIxNTQ3,https://www.dosp.com.br/leituratexto?p=MjYzNTY0MQ==,Não identificada
2026-05-19,2736,3447 - autoriza sepultamento de cães e gatos em jazigos de tutores ou familiares,Leis,https://www.dosp.com.br/exibe_do.php?i=ODIwMDky,https://www.dosp.com.br/leituratexto?p=MjYyOTc0NA==,Não identificada
2026-05-19,2736,3450 - autoriza poder executivo desafetar e efetuar alienação do imóvel matrícula 14.978 e 90.858 e 90.859,Leis,https://www.dosp.com.br/exibe_do.php?i=ODIwMDky,https://www.dosp.com.br/leituratexto?p=MjYyOTc0MQ==,Não identificada
2026-05-19,2736,3449 - áreas destinadas às pessoas com deficiência PCD e TEA,Leis,https://www.dosp.com.br/exibe_do.php?i=ODIwMDky,https://www.dosp.com.br/leituratexto?p=MjYyOTc0Mg==,Não identificada
2026-05-19,2736,3451 - Altera Lei 3207-2025 - Associação Nacional do CAvalo de Rédeas ANCR,Leis,https://www.dosp.com.br/exibe_do.php?i=ODIwMDky,https://www.dosp.com.br/leituratexto?p=MjYyOTc0MA==,Não identificada
2026-05-19,2736,3448 - implantação de espaços sensoriais em praças públicas TEA,Leis,https://www.dosp.com.br/exibe_do.php?i=ODIwMDky,https://www.dosp.com.br/leituratexto?p=MjYyOTc0Mw==,Não identificada
2026-05-15,2734,8744 - Reorganiza Comite Intersetorial da politica publica para monitoramento do Plano Municipal da Primeira Infancia - revoga 8619,Decretos,https://www.dosp.com.br/exibe_do.php?i=ODE4ODQw,https://www.dosp.com.br/leituratexto?p=MjYyMzkzMA==,Não identificada
2026-05-15,2734,8737 - Convoca a XIII conferencia municipal dos direitos da criança e do adolescente,Decretos,https://www.dosp.com.br/exibe_do.php?i=ODE4ODQw,https://www.dosp.com.br/leituratexto?p=MjYyMzkzMw==,Não identificada
2026-05-15,2734,8738 -  Nomeia a Comissão Organizadora da XIII Conferência Municipal dos Direitos da Criança e do Adolescente,Decretos,https://www.dosp.com.br/exibe_do.php?i=ODE4ODQw,https://www.dosp.com.br/leituratexto?p=MjYyMzkzMg==,Não identificada
2026-05-15,2734,8743 -  nomeia comissão de apoio delegações esportivas 68 jogos regionais santana do parnaíba,Decretos,https://www.dosp.com.br/exibe_do.php?i=ODE4ODQw,https://www.dosp.com.br/leituratexto?p=MjYyMzkzMQ==,Não identificada
2026-05-14,2733,3442 - inclui área matrícula 88.151 no perímetro urbano,Leis,https://www.dosp.com.br/exibe_do.php?i=ODE4MTk0,,Não identificada
2026-05-14,2733,8748 - abertura de crédito 150.253 - secretaria de serviços,Decretos,https://www.dosp.com.br/exibe_do.php?i=ODE4MTk0,,Não identificada
2026-05-14,2733,8749 - abertura de crédito 681.800 - secretaria de planejamento,Decretos,https://www.dosp.com.br/exibe_do.php?i=ODE4MTk0,,Não identificada
2026-05-14,2733,8746 - abertura de crédito 180 mil - saúde,Decretos,https://www.dosp.com.br/exibe_do.php?i=ODE4MTk0,,Secretaria de Saúde
2026-05-14,2733,8747 - abertura de crédito 51.905 - secretaria da saúde,Decretos,https://www.dosp.com.br/exibe_do.php?i=ODE4MTk0,,Secretaria de Saúde
2026-05-14,2732,1113 – (...),Portarias,https://www.dosp.com.br/exibe_do.php?i=ODE3ODM2,https://www.dosp.com.br/leituratexto?p=MjYyMjIxMw==,Não identificada
2026-05-14,2733,3445 - abertura de crédito 150.253 - secretaria de serviços,Leis,https://www.dosp.com.br/exibe_do.php?i=ODE4MTk0,,Não identificada
2026-05-14,2733,3443 - abertura de crédito 180 mil - saúde,Leis,https://www.dosp.com.br/exibe_do.php?i=ODE4MTk0,,Secretaria de Saúde
2026-05-14,2733,3446 - abertura de crédito 681.800 - secretaria de planejamento,Leis,https://www.dosp.com.br/exibe_do.php?i=ODE4MTk0,,Não identificada
2026-05-14,2733,401 - dispõe sobre autorização para realizar alienação doação de imóvel para associação Residencial Terras Altas,Leis,https://www.dosp.com.br/exibe_do.php?i=ODE4MTk0,https://www.dosp.com.br/leituratexto?p=MjYyMjk3Mg==,Não identificada
2026-05-14,2733,3440 - dispõe sobre programa de incentivo a denúncia de infrações ambientais urbanas,Leis,https://www.dosp.com.br/exibe_do.php?i=ODE4MTk0,https://www.dosp.com.br/leituratexto?p=MjYyMjk3OQ==,Não identificada
2026-05-14,2733,3444 - abertura de crédito 51.905 - secretaria da saúde,Leis,https://www.dosp.com.br/exibe_do.php?i=ODE4MTk0,,Secretaria de Saúde
2026-05-14,2733,3441 - dispõe sobre autorização para realizar alienação doação de imóvel para associação Residencial Terras Altas,Leis,https://www.dosp.com.br/exibe_do.php?i=ODE4MTk0,https://www.dosp.com.br/leituratexto?p=MjYyMjk3OA==,Não identificada
2026-05-13,2731,8736 - PROLONGAMENTO RUA NESTOR RODRIGUES PEDROSO,Decretos,https://www.dosp.com.br/exibe_do.php?i=ODE3MjY5,https://www.dosp.com.br/leituratexto?p=MjYyMDE5MA==,Não identificada
2026-05-08,2727,3435 - autoriza alienação de por meio de doação de imóvel À Fazenda do Estado SP,Leis,https://www.dosp.com.br/exibe_do.php?i=ODE1MDgw,https://www.dosp.com.br/leituratexto?p=MjYxMzQwNw==,Não identificada
2026-05-08,2727,8740 - abertura de crédito adicional suplementar 141.892 semads,Decretos,https://www.dosp.com.br/exibe_do.php?i=ODE1MDgw,https://www.dosp.com.br/leituratexto?p=MjYxMzQxMg==,Não identificada
2026-05-08,2727,8739 - abertura de crédito adicional suplementar 100.000 semads,Decretos,https://www.dosp.com.br/exibe_do.php?i=ODE1MDgw,https://www.dosp.com.br/leituratexto?p=MjYxMzQxMw==,Não identificada
2026-05-08,2727,3434 - programa de fornecimento complementar de medicamentos,Leis,https://www.dosp.com.br/exibe_do.php?i=ODE1MDgw,https://www.dosp.com.br/leituratexto?p=MjYxMzQwOA==,Não identificada
2026-05-08,2727,3433 - realização de palestras - combate a pedofilia,Leis,https://www.dosp.com.br/exibe_do.php?i=ODE1MDgw,https://www.dosp.com.br/leituratexto?p=MjYxMzQwOQ==,Não identificada
2026-05-08,2727,3436 - estabelece o índice para revisão geral anual com recomposição de poder de compra da remuneração da Câmara de Vereadores,Leis,https://www.dosp.com.br/exibe_do.php?i=ODE1MDgw,https://www.dosp.com.br/leituratexto?p=MjYxMzQwNg==,Não identificada
2026-05-08,2727,3438 - abertura de crédito adicional suplementar 141.892 semads,Leis,https://www.dosp.com.br/exibe_do.php?i=ODE1MDgw,https://www.dosp.com.br/leituratexto?p=MjYxMzQwNA==,Não identificada
2026-05-08,2727,3432 - institui programa semana saúde nos bairros,Leis,https://www.dosp.com.br/exibe_do.php?i=ODE1MDgw,https://www.dosp.com.br/leituratexto?p=MjYxMzQxMA==,Secretaria de Saúde
2026-05-08,2727,3439 - revisão das aliquotas adicionais - contribuição previdenciária  - déficit atuarial,Leis,https://www.dosp.com.br/exibe_do.php?i=ODE1MDgw,https://www.dosp.com.br/leituratexto?p=MjYxMzQwMw==,Não identificada
2026-05-08,2727,3431 - criação de salas sensoriais alunos autistas e neuroatípicos,Leis,https://www.dosp.com.br/exibe_do.php?i=ODE1MDgw,https://www.dosp.com.br/leituratexto?p=MjYxMzQxMQ==,Não identificada
2026-05-08,2727,3437 - abertura de crédito adicional suplementar 100.000 semads,Leis,https://www.dosp.com.br/exibe_do.php?i=ODE1MDgw,https://www.dosp.com.br/leituratexto?p=MjYxMzQwNQ==,Não identificada
2026-05-05,2725,8733 - PROLONGAMENTO RUA JOSE ORTEGA,Decretos,https://www.dosp.com.br/exibe_do.php?i=ODEzNDAy,https://www.dosp.com.br/leituratexto?p=MjYwOTMyMQ==,Não identificada
2026-05-04,2724,8731 - abertura de crédito adicional especial 105.819 saúde,Decretos,https://www.dosp.com.br/exibe_do.php?i=ODEyNzQ5,https://www.dosp.com.br/leituratexto?p=MjYwNzU4OQ==,Secretaria de Saúde
2026-05-04,2724,1109 – (...),Portarias,https://www.dosp.com.br/exibe_do.php?i=ODEyNzQ5,https://www.dosp.com.br/leituratexto?p=MjYwNTAzNQ==,Não identificada
2026-05-04,2724,8732 - abertura de crédito adicional especial 21.538 semads,Decretos,https://www.dosp.com.br/exibe_do.php?i=ODEyNzQ5,https://www.dosp.com.br/leituratexto?p=MjYwNzU4OA==,Não identificada
2026-05-04,2724,3426 - institui no calendário Semana do EScoteiro,Leis,https://www.dosp.com.br/exibe_do.php?i=ODEyNzQ5,https://www.dosp.com.br/leituratexto?p=MjYwNzU3OA==,Não identificada
2026-05-04,2724,3424 - conversão de penalidade de multa em advertência doação de sangue,Leis,https://www.dosp.com.br/exibe_do.php?i=ODEyNzQ5,https://www.dosp.com.br/leituratexto?p=MjYwNzU4MA==,Não identificada
2026-05-04,2724,3428 - institui programa de incentivo a corrida de rua,Leis,https://www.dosp.com.br/exibe_do.php?i=ODEyNzQ5,https://www.dosp.com.br/leituratexto?p=MjYwNzU3Ng==,Não identificada
2026-05-04,2724,"3427 - institui campanha permanente vaga especial não é privilégio, é direito",Leis,https://www.dosp.com.br/exibe_do.php?i=ODEyNzQ5,https://www.dosp.com.br/leituratexto?p=MjYwNzU3Nw==,Não identificada
2026-05-04,2724,3429 - abertura de crédito adicional especial 105.819 saúde,Leis,https://www.dosp.com.br/exibe_do.php?i=ODEyNzQ5,https://www.dosp.com.br/leituratexto?p=MjYwNzU3NQ==,Secretaria de Saúde
2026-05-04,2724,3425 - inclusão de QR Code informativo nas placas de vias com biografia do homenageado,Leis,https://www.dosp.com.br/exibe_do.php?i=ODEyNzQ5,https://www.dosp.com.br/leituratexto?p=MjYwNzU3OQ==,Não identificada
2026-05-04,2724,3430 - abertura de crédito adicional especial 21.538 semads,Leis,https://www.dosp.com.br/exibe_do.php?i=ODEyNzQ5,https://www.dosp.com.br/leituratexto?p=MjYwNzU3NA==,Não identificada
2026-04-30,2723,8730 -  nomeia mesa diretora do conselho defesa do meio ambiente,Decretos,https://www.dosp.com.br/exibe_do.php?i=ODExODk0,https://www.dosp.com.br/leituratexto?p=MjYwNTQ5OA==,Secretaria de Meio Ambiente
2026-04-28,2718,8728 - declaração de utilidade pública 74.489 passagem - são rogério III e IV,Decretos,https://www.dosp.com.br/exibe_do.php?i=ODEwMTE5,https://www.dosp.com.br/leituratexto?p=MjU5OTk5Mg==,Não identificada
2026-04-28,2718,8720 - Reorganiza o conselho municipal de assistencia social - CMAS - revoga 8570,Decretos,https://www.dosp.com.br/exibe_do.php?i=ODEwMTE5,https://www.dosp.com.br/leituratexto?p=MjU5OTk5MQ==,Secretaria de Assistência Social
2026-04-22,2714,8724 - Suspende lançamento da TAXA DE DESASTRE E PROTEÇÃO,Decretos,https://www.dosp.com.br/exibe_do.php?i=ODA3NzA2,https://www.dosp.com.br/leituratexto?p=MjU5MjkwNA==,Não identificada
2026-04-17,2713,8725 - Autoriza Planos de Loteamento Residencial São Francisco,Decretos,https://www.dosp.com.br/exibe_do.php?i=ODA2NzY3,,Não identificada
2026-04-16,2711,8721 -  Progressão março 26 - Alessandra Bagali,Decretos,https://www.dosp.com.br/exibe_do.php?i=ODA1OTU5,https://www.dosp.com.br/leituratexto?p=MjU4NzUxNA==,Não identificada
2026-04-16,2711,8710 -  nomeia comissão organizadora 3 avare rock fest 2026,Decretos,https://www.dosp.com.br/exibe_do.php?i=ODA1OTU5,https://www.dosp.com.br/leituratexto?p=MjU4NjE3Mw==,Não identificada
2026-04-15,2710,8719 - abertura crédito adicional especial - educação 97.512,Decretos,https://www.dosp.com.br/exibe_do.php?i=ODA1MjAw,https://www.dosp.com.br/leituratexto?p=MjU4NTQ2Mw==,Secretaria de Educação
2026-04-15,2710,3422 - declara e reconhece a Marcha para Jesus - patrimônio Cultural de natureza imaterial,Leis,https://www.dosp.com.br/exibe_do.php?i=ODA1MjAw,https://www.dosp.com.br/leituratexto?p=MjU4NTQ1OQ==,Secretaria de Cultura
2026-04-15,2710,3423 - institui dia da Marcha para Jesus,Leis,https://www.dosp.com.br/exibe_do.php?i=ODA1MjAw,https://www.dosp.com.br/leituratexto?p=MjU4NTQ1OA==,Não identificada
2026-04-15,2710,3420 - autoriza desafetar área  - futura doação matrícula 96.596 - Golf Country,Leis,https://www.dosp.com.br/exibe_do.php?i=ODA1MjAw,https://www.dosp.com.br/leituratexto?p=MjU4NTQ2MQ==,Não identificada
2026-04-15,2710,3421 - abertura crédito adicional especial - educação 97.512,Leis,https://www.dosp.com.br/exibe_do.php?i=ODA1MjAw,https://www.dosp.com.br/leituratexto?p=MjU4NTQ2MA==,Secretaria de Educação
2026-04-13,2708,8717- DECRETO DENOMINA AVR 070,Decretos,https://www.dosp.com.br/exibe_do.php?i=ODAzOTc0,https://www.dosp.com.br/leituratexto?p=MjU4MjE5NQ==,Não identificada
2026-04-07,2703,8712 - DISSOLUÇÃO NCE,Decretos,https://www.dosp.com.br/exibe_do.php?i=ODAxMjgx,https://www.dosp.com.br/leituratexto?p=MjU3NDI1OA==,Não identificada
2026-04-07,2703,3419 - crédito adicional especial - meio ambiente 1.311.383,Leis,https://www.dosp.com.br/exibe_do.php?i=ODAxMjgx,,Secretaria de Meio Ambiente
2026-04-07,2703,400 - Dispõe sobre alteração do artigo 45 da LC 126-2010,Leis,https://www.dosp.com.br/exibe_do.php?i=ODAxMjgx,,Não identificada
2026-04-07,2703,8713 - crédito adicional especial - meio ambiente 1.311.383,Decretos,https://www.dosp.com.br/exibe_do.php?i=ODAxMjgx,,Secretaria de Meio Ambiente
2026-04-02,2700,8706 - 2. SEMANA da JUVENTUDE,Decretos,https://www.dosp.com.br/exibe_do.php?i=Nzk5NjQ2,https://www.dosp.com.br/leituratexto?p=MjU2OTQ0Mg==,Não identificada
2026-04-01,2699,8709 - crédito adicional especial - semads 248.366,Decretos,https://www.dosp.com.br/exibe_do.php?i=Nzk4OTky,https://www.dosp.com.br/leituratexto?p=MjU2NzUyMQ==,Não identificada
2026-04-01,2699,3418 - crédito adicional especial - semads 248.366,Leis,https://www.dosp.com.br/exibe_do.php?i=Nzk4OTky,https://www.dosp.com.br/leituratexto?p=MjU2NzUxMw==,Não identificada
2026-04-01,2699,3417 - Institui e inclui Semana da Criatividadee Inovação,Leis,https://www.dosp.com.br/exibe_do.php?i=Nzk4OTky,https://www.dosp.com.br/leituratexto?p=MjU2NzUxNA==,Não identificada
2026-04-01,2699,3416 - Programa Gincana Estudantil de Avaré,Leis,https://www.dosp.com.br/exibe_do.php?i=Nzk4OTky,https://www.dosp.com.br/leituratexto?p=MjU2NzUxNQ==,Não identificada
2026-03-27,2696,8683 -  nomeia comissão organizadora do campeonato Ronaldo Araujo Edição 2026,Decretos,https://www.dosp.com.br/exibe_do.php?i=Nzk3MDM2,https://www.dosp.com.br/leituratexto?p=MjU1OTk3Nw==,Não identificada
2026-03-27,2696,8684 - institui o regulamento do campeonato municipal de futebol Ronaldo Araujo,Decretos,https://www.dosp.com.br/exibe_do.php?i=Nzk3MDM2,https://www.dosp.com.br/leituratexto?p=MjU1OTk3Ng==,Não identificada
2026-03-27,2696,8702 -  homologação progressão Horizontal profissionais - 25-03,Decretos,https://www.dosp.com.br/exibe_do.php?i=Nzk3MDM2,https://www.dosp.com.br/leituratexto?p=MjU1OTk3NQ==,Não identificada
2026-03-27,2696,8703 -  retificação Progressão Horizontal PEB I - Priscila - 26-03,Decretos,https://www.dosp.com.br/exibe_do.php?i=Nzk3MDM2,https://www.dosp.com.br/leituratexto?p=MjU1OTk3NA==,Não identificada
2026-03-25,2693,8685 - Reorganiza membros Corregedoria do Conselho Tutelar - revoga 7933,Decretos,https://www.dosp.com.br/exibe_do.php?i=Nzk1NTI0,https://www.dosp.com.br/leituratexto?p=MjU1NjM5OA==,Não identificada
2026-03-24,2692,8695 - abertura de crédito - semads 5.533,Decretos,https://www.dosp.com.br/exibe_do.php?i=Nzk0OTE0,https://www.dosp.com.br/leituratexto?p=MjU1NDQ2NA==,Não identificada
2026-03-24,2692,3414 - abertura de crédito - educação 274.019,Leis,https://www.dosp.com.br/exibe_do.php?i=Nzk0OTE0,https://www.dosp.com.br/leituratexto?p=MjU1NDQ0Ng==,Secretaria de Educação
2026-03-24,2692,8694 - abertura de crédito - semads 5.299,Decretos,https://www.dosp.com.br/exibe_do.php?i=Nzk0OTE0,https://www.dosp.com.br/leituratexto?p=MjU1NDQ2NQ==,Não identificada
2026-03-24,2692,8687 - abertura de crédito - semads 4.500,Decretos,https://www.dosp.com.br/exibe_do.php?i=Nzk0OTE0,https://www.dosp.com.br/leituratexto?p=MjU1NDQ3Mg==,Não identificada
2026-03-24,2692,8698 - abertura de crédito - educação 274.019,Decretos,https://www.dosp.com.br/exibe_do.php?i=Nzk0OTE0,https://www.dosp.com.br/leituratexto?p=MjU1NDQ2MQ==,Secretaria de Educação
2026-03-24,2692,8691 - abertura de crédito - semads 1.713,Decretos,https://www.dosp.com.br/exibe_do.php?i=Nzk0OTE0,https://www.dosp.com.br/leituratexto?p=MjU1NDQ2OA==,Não identificada
2026-03-24,2692,8699 - abertura de crédito - educação 767.701,Decretos,https://www.dosp.com.br/exibe_do.php?i=Nzk0OTE0,https://www.dosp.com.br/leituratexto?p=MjU1NDQ2MA==,Secretaria de Educação
2026-03-24,2692,8688 - abertura de crédito - semads 2.736,Decretos,https://www.dosp.com.br/exibe_do.php?i=Nzk0OTE0,https://www.dosp.com.br/leituratexto?p=MjU1NDQ3MQ==,Não identificada
2026-03-24,2692,8697 - abertura de crédito - semads 1.785,Decretos,https://www.dosp.com.br/exibe_do.php?i=Nzk0OTE0,https://www.dosp.com.br/leituratexto?p=MjU1NDQ2Mg==,Não identificada
2026-03-24,2692,3411 - abertura de crédito - semads 5.533,Leis,https://www.dosp.com.br/exibe_do.php?i=Nzk0OTE0,https://www.dosp.com.br/leituratexto?p=MjU1NDQ0OQ==,Não identificada
2026-03-24,2692,8692 - abertura de crédito - semads 851,Decretos,https://www.dosp.com.br/exibe_do.php?i=Nzk0OTE0,https://www.dosp.com.br/leituratexto?p=MjU1NDQ2Nw==,Não identificada
2026-03-24,2692,8696 - abertura de crédito - semads 3.259,Decretos,https://www.dosp.com.br/exibe_do.php?i=Nzk0OTE0,https://www.dosp.com.br/leituratexto?p=MjU1NDQ2Mw==,Não identificada
2026-03-24,2692,8689 - abertura de crédito - semads 2.033,Decretos,https://www.dosp.com.br/exibe_do.php?i=Nzk0OTE0,https://www.dosp.com.br/leituratexto?p=MjU1NDQ3MA==,Não identificada
2026-03-24,2692,8693 - abertura de crédito - semads 3.778,Decretos,https://www.dosp.com.br/exibe_do.php?i=Nzk0OTE0,https://www.dosp.com.br/leituratexto?p=MjU1NDQ2Ng==,Não identificada
2026-03-24,2692,3415 - abertura de crédito - educação 767.701,Leis,https://www.dosp.com.br/exibe_do.php?i=Nzk0OTE0,https://www.dosp.com.br/leituratexto?p=MjU1NDQ0NQ==,Secretaria de Educação
2026-03-24,2692,3407 - abertura de crédito - semads 1.713,Leis,https://www.dosp.com.br/exibe_do.php?i=Nzk0OTE0,https://www.dosp.com.br/leituratexto?p=MjU1NDQ1Mw==,Não identificada
2026-03-24,2692,3404 - abertura de crédito - semads 2.736,Leis,https://www.dosp.com.br/exibe_do.php?i=Nzk0OTE0,https://www.dosp.com.br/leituratexto?p=MjU1NDQ1Ng==,Não identificada
2026-03-24,2692,8690 - abertura de crédito - semads 1.128,Decretos,https://www.dosp.com.br/exibe_do.php?i=Nzk0OTE0,https://www.dosp.com.br/leituratexto?p=MjU1NDQ2OQ==,Não identificada
2026-03-24,2692,3408 - abertura de crédito - semads 851,Leis,https://www.dosp.com.br/exibe_do.php?i=Nzk0OTE0,https://www.dosp.com.br/leituratexto?p=MjU1NDQ1Mg==,Não identificada
2026-03-24,2692,3412 - abertura de crédito - semads 3.259,Leis,https://www.dosp.com.br/exibe_do.php?i=Nzk0OTE0,https://www.dosp.com.br/leituratexto?p=MjU1NDQ0OA==,Não identificada
2026-03-24,2692,3405 - abertura de crédito - semads 2.033,Leis,https://www.dosp.com.br/exibe_do.php?i=Nzk0OTE0,https://www.dosp.com.br/leituratexto?p=MjU1NDQ1NQ==,Não identificada
2026-03-24,2692,3409 - abertura de crédito - semads 3.778,Leis,https://www.dosp.com.br/exibe_do.php?i=Nzk0OTE0,https://www.dosp.com.br/leituratexto?p=MjU1NDQ1MQ==,Não identificada
2026-03-24,2692,3413 - abertura de crédito - semads 1.785,Leis,https://www.dosp.com.br/exibe_do.php?i=Nzk0OTE0,https://www.dosp.com.br/leituratexto?p=MjU1NDQ0Nw==,Não identificada
2026-03-24,2692,3406 - abertura de crédito - semads 1.128,Leis,https://www.dosp.com.br/exibe_do.php?i=Nzk0OTE0,https://www.dosp.com.br/leituratexto?p=MjU1NDQ1NA==,Não identificada
2026-03-24,2692,3410 - abertura de crédito - semads 5.299,Leis,https://www.dosp.com.br/exibe_do.php?i=Nzk0OTE0,https://www.dosp.com.br/leituratexto?p=MjU1NDQ1MA==,Não identificada
2026-03-24,2692,3403 - abertura de crédito - semads 4.500,Leis,https://www.dosp.com.br/exibe_do.php?i=Nzk0OTE0,https://www.dosp.com.br/leituratexto?p=MjU1NDQ1Nw==,Não identificada
2026-03-23,2691,8663 -  retificação Progressão Horizontal PEB I - Priscila,Decretos,https://www.dosp.com.br/exibe_do.php?i=Nzk0Mjc1,https://www.dosp.com.br/leituratexto?p=MjU1MjU2OQ==,Não identificada
2026-03-23,2691,8664 -  homologação progressão Horizontal profissionais,Decretos,https://www.dosp.com.br/exibe_do.php?i=Nzk0Mjc1,,Não identificada
2026-03-19,2689,3392 - abertura de crédito - semads 35.242,Leis,https://www.dosp.com.br/exibe_do.php?i=NzkzMDkx,,Não identificada
2026-03-19,2689,8670 - abertura de crédito - semads 31.707,Decretos,https://www.dosp.com.br/exibe_do.php?i=NzkzMDkx,,Não identificada
2026-03-19,2689,3401 - abertura de crédito - saude 2.019.091,Leis,https://www.dosp.com.br/exibe_do.php?i=NzkzMDkx,,Não identificada
2026-03-19,2689,3390 - abertura de crédito - semads 31.707,Leis,https://www.dosp.com.br/exibe_do.php?i=NzkzMDkx,,Não identificada
2026-03-19,2689,3399 - abertura de crédito - semads 65.248,Leis,https://www.dosp.com.br/exibe_do.php?i=NzkzMDkx,,Não identificada
2026-03-19,2689,8682 - abertura de crédito - saude 1.106.878,Decretos,https://www.dosp.com.br/exibe_do.php?i=NzkzMDkx,,Não identificada
2026-03-19,2689,8679 - abertura de crédito - semads 65.248,Decretos,https://www.dosp.com.br/exibe_do.php?i=NzkzMDkx,,Não identificada
2026-03-19,2689,8672 - abertura de crédito - semads 35.242,Decretos,https://www.dosp.com.br/exibe_do.php?i=NzkzMDkx,,Não identificada
2026-03-19,2689,8676 - abertura de crédito - semads 67.532,Decretos,https://www.dosp.com.br/exibe_do.php?i=NzkzMDkx,,Não identificada
2026-03-19,2689,8669 - abertura de crédito - semads 31.418,Decretos,https://www.dosp.com.br/exibe_do.php?i=NzkzMDkx,,Não identificada
2026-03-19,2689,8673 - abertura de crédito - semads 32.821,Decretos,https://www.dosp.com.br/exibe_do.php?i=NzkzMDkx,,Não identificada
2026-03-19,2689,8677 - abertura de crédito - semads 17.466,Decretos,https://www.dosp.com.br/exibe_do.php?i=NzkzMDkx,,Não identificada
2026-03-19,2689,8681 - abertura de crédito - saude 2.019.091,Decretos,https://www.dosp.com.br/exibe_do.php?i=NzkzMDkx,,Não identificada
2026-03-19,2689,3387 - abertura de crédito - agricultura e abastecimento 101.014,Leis,https://www.dosp.com.br/exibe_do.php?i=NzkzMDkx,,Secretaria de Cultura
2026-03-19,2689,8674 - abertura de crédito - semads 32.424,Decretos,https://www.dosp.com.br/exibe_do.php?i=NzkzMDkx,,Não identificada
2026-03-19,2689,8667 - abertura de crédito - agricultura e abastecimento 101.014,Decretos,https://www.dosp.com.br/exibe_do.php?i=NzkzMDkx,,Secretaria de Cultura
2026-03-19,2689,8678 - abertura de crédito - semads 9.029,Decretos,https://www.dosp.com.br/exibe_do.php?i=NzkzMDkx,,Não identificada
2026-03-19,2689,8671 - abertura de crédito - semads 10.264,Decretos,https://www.dosp.com.br/exibe_do.php?i=NzkzMDkx,,Não identificada
2026-03-19,2689,3397 - abertura de crédito - semads 17.466,Leis,https://www.dosp.com.br/exibe_do.php?i=NzkzMDkx,,Não identificada
2026-03-19,2689,3393 - abertura de crédito - semads 32.821,Leis,https://www.dosp.com.br/exibe_do.php?i=NzkzMDkx,,Não identificada
2026-03-19,2689,3400 - abertura de crédito - saude 4.304.909,Leis,https://www.dosp.com.br/exibe_do.php?i=NzkzMDkx,,Não identificada
2026-03-19,2689,3389 - abertura de crédito - semads 31.418,Leis,https://www.dosp.com.br/exibe_do.php?i=NzkzMDkx,,Não identificada
2026-03-19,2689,3396 - abertura de crédito - semads 67.532,Leis,https://www.dosp.com.br/exibe_do.php?i=NzkzMDkx,,Não identificada
2026-03-19,2689,8668 - abertura de crédito - semads 36.670,Decretos,https://www.dosp.com.br/exibe_do.php?i=NzkzMDkx,,Não identificada
2026-03-19,2689,3394 - abertura de crédito - semads 32.424,Leis,https://www.dosp.com.br/exibe_do.php?i=NzkzMDkx,,Não identificada
2026-03-19,2689,8680 - abertura de crédito - saude 4.304.909,Decretos,https://www.dosp.com.br/exibe_do.php?i=NzkzMDkx,,Não identificada
2026-03-19,2689,3398 - abertura de crédito - semads 9.029,Leis,https://www.dosp.com.br/exibe_do.php?i=NzkzMDkx,,Não identificada
2026-03-19,2689,3388 - abertura de crédito - semads 36.670,Leis,https://www.dosp.com.br/exibe_do.php?i=NzkzMDkx,,Não identificada
2026-03-19,2689,3391 - abertura de crédito - semads 10.264,Leis,https://www.dosp.com.br/exibe_do.php?i=NzkzMDkx,,Não identificada
2026-03-19,2689,8675 - abertura de crédito - semads 24.000,Decretos,https://www.dosp.com.br/exibe_do.php?i=NzkzMDkx,,Não identificada
2026-03-19,2689,3395 - abertura de crédito - semads 24.000,Leis,https://www.dosp.com.br/exibe_do.php?i=NzkzMDkx,,Não identificada
2026-03-19,2689,3402 - abertura de crédito - saude 1.106.878,Leis,https://www.dosp.com.br/exibe_do.php?i=NzkzMDkx,,Não identificada
2026-03-18,2688,8662 - Nomeia Secretário Administração Antonio Rodrigues dos Santos Neto,Decretos,https://www.dosp.com.br/exibe_do.php?i=NzkyNDIy,https://www.dosp.com.br/leituratexto?p=MjU0NTcxOA==,Secretaria de Administração
2026-03-18,2688,3386 - autoriza o poder executivo receber bens imóveis em doação - Jardim Esmeralda,Leis,https://www.dosp.com.br/exibe_do.php?i=NzkyNDIy,https://www.dosp.com.br/leituratexto?p=MjU0NTc0Mg==,Não identificada
2026-03-18,2688,8665 - Reorganiza comissão examinadora TAF - revoga 8659 - altera cargo Antônio,Decretos,https://www.dosp.com.br/exibe_do.php?i=NzkyNDIy,https://www.dosp.com.br/leituratexto?p=MjU0Njg2Mg==,Não identificada
2026-03-17,2687,8658 - Desapropriação sítio tres saltos-  MENIN,Decretos,https://www.dosp.com.br/exibe_do.php?i=NzkxNjY2,https://www.dosp.com.br/leituratexto?p=MjU0MzI0NA==,Não identificada
2026-03-16,2686,399 - Concessão de Isenção taxa de alvará corridas de rua,Leis,https://www.dosp.com.br/exibe_do.php?i=NzkwOTU1,https://www.dosp.com.br/leituratexto?p=MjU0MTUxMw==,Não identificada
2026-03-16,2686,8659 - Reorganiza comissão examinadora TAF - revoga 8633,Decretos,https://www.dosp.com.br/exibe_do.php?i=NzkwOTU1,https://www.dosp.com.br/leituratexto?p=MjU0MjE2MQ==,Não identificada
2026-03-16,2686,8660 - Nomeia comissão fiscalizadora concurso 2025 - revoga 8439,Decretos,https://www.dosp.com.br/exibe_do.php?i=NzkwOTU1,https://www.dosp.com.br/leituratexto?p=MjU0MjQ4NA==,Não identificada
2026-03-12,2684,8655 - abertura de crédito - saúde - 598.027,Decretos,https://www.dosp.com.br/exibe_do.php?i=Nzg5Njk3,https://www.dosp.com.br/leituratexto?p=MjUzODAzNg==,Secretaria de Saúde
2026-03-12,2684,8656 - abertura de crédito - saúde - 6.076.834,Decretos,https://www.dosp.com.br/exibe_do.php?i=Nzg5Njk3,https://www.dosp.com.br/leituratexto?p=MjUzODAzNQ==,Secretaria de Saúde
2026-03-12,2684,8652 - abertura de crédito - semads 116.655,Decretos,https://www.dosp.com.br/exibe_do.php?i=Nzg5Njk3,https://www.dosp.com.br/leituratexto?p=MjUzODAzOQ==,Não identificada
2026-03-12,2684,8648 - abertura de crédito - educação 177.518,Decretos,https://www.dosp.com.br/exibe_do.php?i=Nzg5Njk3,https://www.dosp.com.br/leituratexto?p=MjUzODA0Mw==,Secretaria de Educação
2026-03-12,2684,8654 - abertura de crédito - saúde - 4.575.476,Decretos,https://www.dosp.com.br/exibe_do.php?i=Nzg5Njk3,https://www.dosp.com.br/leituratexto?p=MjUzODAzNw==,Secretaria de Saúde
2026-03-12,2684,8651 - abertura de crédito - semads 210.681,Decretos,https://www.dosp.com.br/exibe_do.php?i=Nzg5Njk3,https://www.dosp.com.br/leituratexto?p=MjUzODA0MA==,Não identificada
2026-03-12,2684,3384 - abertura de crédito - saúde - 598.027,Leis,https://www.dosp.com.br/exibe_do.php?i=Nzg5Njk3,https://www.dosp.com.br/leituratexto?p=MjUzNzY5MQ==,Secretaria de Saúde
2026-03-12,2684,3377 - abertura de crédito - semads 601.787,Leis,https://www.dosp.com.br/exibe_do.php?i=Nzg5Njk3,https://www.dosp.com.br/leituratexto?p=MjUzNzY5OA==,Não identificada
2026-03-12,2684,8657 - abertura de crédito - semads 601.787,Decretos,https://www.dosp.com.br/exibe_do.php?i=Nzg5Njk3,https://www.dosp.com.br/leituratexto?p=MjUzODAzNA==,Não identificada
2026-03-12,2684,8650 - abertura de crédito - agricultura 24.815,Decretos,https://www.dosp.com.br/exibe_do.php?i=Nzg5Njk3,https://www.dosp.com.br/leituratexto?p=MjUzODA0MQ==,Secretaria de Cultura
2026-03-12,2684,8649 - abertura de crédito - saúde 3.221.086,Decretos,https://www.dosp.com.br/exibe_do.php?i=Nzg5Njk3,https://www.dosp.com.br/leituratexto?p=MjUzODA0Mg==,Secretaria de Saúde
2026-03-12,2684,8653 - abertura de crédito - semads 124.959,Decretos,https://www.dosp.com.br/exibe_do.php?i=Nzg5Njk3,https://www.dosp.com.br/leituratexto?p=MjUzODAzOA==,Não identificada
2026-03-12,2684,3383 - abertura de crédito - saúde - 4.575.476,Leis,https://www.dosp.com.br/exibe_do.php?i=Nzg5Njk3,https://www.dosp.com.br/leituratexto?p=MjUzNzY5Mg==,Secretaria de Saúde
2026-03-12,2684,3381 - abertura de crédito - semads 116.655,Leis,https://www.dosp.com.br/exibe_do.php?i=Nzg5Njk3,https://www.dosp.com.br/leituratexto?p=MjUzNzY5NA==,Não identificada
2026-03-12,2684,3385 - abertura de crédito - saúde - 6.076.834,Leis,https://www.dosp.com.br/exibe_do.php?i=Nzg5Njk3,,Secretaria de Saúde
2026-03-12,2684,3378 - abertura de crédito - saúde 3.221.086,Leis,https://www.dosp.com.br/exibe_do.php?i=Nzg5Njk3,https://www.dosp.com.br/leituratexto?p=MjUzNzY5Nw==,Secretaria de Saúde
2026-03-12,2684,3380 - abertura de crédito - semads 210.681,Leis,https://www.dosp.com.br/exibe_do.php?i=Nzg5Njk3,https://www.dosp.com.br/leituratexto?p=MjUzNzY5NQ==,Não identificada
2026-03-12,2684,3375 - Institui o Plano Municipal Saneamento Básico,Leis,https://www.dosp.com.br/exibe_do.php?i=Nzg5Njk3,https://www.dosp.com.br/leituratexto?p=MjUzNzY4Nw==,Não identificada
2026-03-12,2684,3376 - abertura de crédito - educação 177.518,Leis,https://www.dosp.com.br/exibe_do.php?i=Nzg5Njk3,https://www.dosp.com.br/leituratexto?p=MjUzNzY5OQ==,Secretaria de Educação
2026-03-12,2684,3382 - abertura de crédito - semads 124.959,Leis,https://www.dosp.com.br/exibe_do.php?i=Nzg5Njk3,https://www.dosp.com.br/leituratexto?p=MjUzNzY5Mw==,Não identificada
2026-03-12,2684,3375 - ANEXO I - 1442-SMA-01-SA-RT-3055-R5,Leis,https://www.dosp.com.br/exibe_do.php?i=Nzg5Njk3,,Não identificada
2026-03-12,2684,3379 - abertura de crédito - agricultura 24.815,Leis,https://www.dosp.com.br/exibe_do.php?i=Nzg5Njk3,https://www.dosp.com.br/leituratexto?p=MjUzNzY5Ng==,Secretaria de Cultura
2026-03-05,2678,3374 - Cria Programa Avaré Hidrata,Leis,https://www.dosp.com.br/exibe_do.php?i=Nzg2MDYw,https://www.dosp.com.br/leituratexto?p=MjUyNzMyNw==,Não identificada
2026-03-05,2678,3373 - Estabelece símbolo mundial TEA nos uniformes da rede municipal,Leis,https://www.dosp.com.br/exibe_do.php?i=Nzg2MDYw,https://www.dosp.com.br/leituratexto?p=MjUyNzMyOA==,Não identificada
2026-03-05,2678,3372 - Institui Cadastro de doadores de sangue,Leis,https://www.dosp.com.br/exibe_do.php?i=Nzg2MDYw,https://www.dosp.com.br/leituratexto?p=MjUyNzMyOQ==,Não identificada
2026-03-05,2678,8645 - reorganiza comissao examinadora THE - revoga 8634,Decretos,https://www.dosp.com.br/exibe_do.php?i=Nzg2MDYw,https://www.dosp.com.br/leituratexto?p=MjUyNzMyMA==,Não identificada
2026-03-03,2676,"8641 - Crédito adicional - educação 87,50",Decretos,https://www.dosp.com.br/exibe_do.php?i=Nzg0ODc4,https://www.dosp.com.br/leituratexto?p=MjUyMzk3Ng==,Secretaria de Educação
2026-03-03,2676,"3370 - Crédito adicional - educação 87,50",Leis,https://www.dosp.com.br/exibe_do.php?i=Nzg0ODc4,https://www.dosp.com.br/leituratexto?p=MjUyMzk3NA==,Secretaria de Educação
2026-03-03,2676,8642 - Crédito adicional - educação fundeb 131.000,Decretos,https://www.dosp.com.br/exibe_do.php?i=Nzg0ODc4,https://www.dosp.com.br/leituratexto?p=MjUyMzk3NQ==,Secretaria de Educação
2026-03-03,2676,3371 - Crédito adicional - educação fundeb 131.000,Leis,https://www.dosp.com.br/exibe_do.php?i=Nzg0ODc4,https://www.dosp.com.br/leituratexto?p=MjUyMzk3Mw==,Secretaria de Educação
2026-02-26,2672,8635 - reorganiza comissão viva leite - revoga 8444,Decretos,https://www.dosp.com.br/exibe_do.php?i=NzgyNjY3,https://www.dosp.com.br/leituratexto?p=MjUxNjQzOQ==,Não identificada
2026-02-24,2669,8637 - luto oficial - sobrinho e afilhado do Prefeito - Lucas Araujo de Vito,Decretos,https://www.dosp.com.br/exibe_do.php?i=NzgxMTY3,https://www.dosp.com.br/leituratexto?p=MjUxMjM1Mg==,Não identificada
2026-02-23,2668,8634 - reorganiza comissao examinadora THE - revoga 8491,Decretos,https://www.dosp.com.br/exibe_do.php?i=NzgwNjAz,https://www.dosp.com.br/leituratexto?p=MjUwOTMzOA==,Não identificada
2026-02-20,2667,8633 - Reorganiza comissão examinadora TAF - revoga 8492,Decretos,https://www.dosp.com.br/exibe_do.php?i=Nzc5OTQ3,https://www.dosp.com.br/leituratexto?p=MjUwODYxNg==,Não identificada
2026-02-12,2662,8631 - REFIS 2026,Decretos,https://www.dosp.com.br/exibe_do.php?i=Nzc3MTI1,https://www.dosp.com.br/leituratexto?p=MjUwMTAyMA==,Não identificada
2026-02-11,2660,398 - Concessão de isenção de taxa de alvará - lojas maçônicas - assinado,Leis,https://www.dosp.com.br/exibe_do.php?i=Nzc2NDU0,,Não identificada
2026-02-11,2660,3368 - Crédito adicional - planejamento e obras - 4.510 - assinado,Leis,https://www.dosp.com.br/exibe_do.php?i=Nzc2NDU0,,Secretaria de Obras
2026-02-11,2660,3365 - Crédito Adicional - planejamento e obras 65.366 - assinado,Leis,https://www.dosp.com.br/exibe_do.php?i=Nzc2NDU0,,Secretaria de Obras
2026-02-11,2660,3369 - Crédito adicional - educação 2.259.945 - assinado,Leis,https://www.dosp.com.br/exibe_do.php?i=Nzc2NDU0,,Secretaria de Educação
2026-02-11,2660,3364 - ANEXOS,Leis,https://www.dosp.com.br/exibe_do.php?i=Nzc2NDU0,,Não identificada
2026-02-11,2660,3366 - Autoriza contratação de serviços médicos especializados e exames complementares - assinado,Leis,https://www.dosp.com.br/exibe_do.php?i=Nzc2NDU0,,Não identificada
2026-02-11,2660,3364 - Reorganiza e reestrutura DESS - assinado,Leis,https://www.dosp.com.br/exibe_do.php?i=Nzc2NDU0,,Não identificada
2026-02-11,2660,3367 - Crédito adicional - gabinete bombeiros - 1.380.636 - assinado,Leis,https://www.dosp.com.br/exibe_do.php?i=Nzc2NDU0,,Não identificada
2026-02-11,2660,397 - Institui REFIS 2026 - assinado,Leis,https://www.dosp.com.br/exibe_do.php?i=Nzc2NDU0,,Não identificada
2026-02-11,2660,3366 - ANEXOS - contratação de serviços médicos especializados e exames complementares,Leis,https://www.dosp.com.br/exibe_do.php?i=Nzc2NDU0,,Não identificada
2026-02-11,2660,8628 - Crédito adicional - planejamento e obras - 4.510 - assinado,Decretos,https://www.dosp.com.br/exibe_do.php?i=Nzc2NDU0,,Secretaria de Obras
2026-02-11,2660,8629 - Crédito adicional - educação 2.259.945 - assinado,Decretos,https://www.dosp.com.br/exibe_do.php?i=Nzc2NDU0,,Secretaria de Educação
2026-02-11,2660,8626 - Crédito Adicional - planejamento e obras 65.366 - assinado,Decretos,https://www.dosp.com.br/exibe_do.php?i=Nzc2NDU0,,Secretaria de Obras
2026-02-11,2660,8627 - Crédito adicional - gabinete bombeiros FUMBOAR - 1.380.636 - assinado,Decretos,https://www.dosp.com.br/exibe_do.php?i=Nzc2NDU0,,Não identificada
2026-02-10,2659,8623 - Reorganiza Comissão Técnica de Avaliação de Projetos aldir blanc -,Decretos,https://www.dosp.com.br/exibe_do.php?i=Nzc1NjA3,https://www.dosp.com.br/leituratexto?p=MjQ5NTM2Mg==,Não identificada
2026-02-10,2659,8622 - Reorganiza Comissão da Lei Aldir Blanc - revoga 8170,Decretos,https://www.dosp.com.br/exibe_do.php?i=Nzc1NjA3,https://www.dosp.com.br/leituratexto?p=MjQ5NTM2MQ==,Não identificada
2026-02-06,2654,8609 - Institui Calendário Oficial de Eventos Estância Turística de Avaré,Decretos,https://www.dosp.com.br/exibe_do.php?i=NzczOTY0,https://www.dosp.com.br/leituratexto?p=MjQ5MDQyNg==,Não identificada
2026-02-06,2654,8619 - Reorganiza Comite Intersetorial da politica publica para monitoramento do Plano Municipal da Primeira Infancia - revoga 8499,Decretos,https://www.dosp.com.br/exibe_do.php?i=NzczOTY0,https://www.dosp.com.br/leituratexto?p=MjQ5MDQyNw==,Não identificada
2026-02-06,2657,8620 - autoriza funcioamento da Escola Pretoriano Kids,Decretos,https://www.dosp.com.br/exibe_do.php?i=Nzc0MzM1,https://www.dosp.com.br/leituratexto?p=MjQ5MTg5NQ==,Não identificada
2026-02-04,2653,3362 - Difusão do Alfabeto Manual em Libras,Leis,https://www.dosp.com.br/exibe_do.php?i=NzcyODUx,https://www.dosp.com.br/leituratexto?p=MjQ4NzA0Ng==,Não identificada
2026-02-04,2653,3363 - Implantação de código QR code em placas de obras públicas para leitura e fiscalização eletronica,Leis,https://www.dosp.com.br/exibe_do.php?i=NzcyODUx,https://www.dosp.com.br/leituratexto?p=MjQ4NzA0Nw==,Secretaria de Obras
2026-02-03,2651,8616 - Autorização para a prática de operações bancárias - Joao Gabriel período ate 2028,Decretos,https://www.dosp.com.br/exibe_do.php?i=NzcyMTc4,https://www.dosp.com.br/leituratexto?p=MjQ4MzcxOQ==,Não identificada
2026-02-02,2650,8617 - Nomeia Secretario Bem estar animal - Gerson Fiuza Cardoso,Decretos,https://www.dosp.com.br/exibe_do.php?i=NzcxMzgw,https://www.dosp.com.br/leituratexto?p=MjQ4MTI1Ng==,Não identificada
2026-01-30,2649,8610 - Adicional de Qualificação - fevereiro,Decretos,https://www.dosp.com.br/exibe_do.php?i=NzcwODAx,https://www.dosp.com.br/leituratexto?p=MjQ4MDcwOQ==,Não identificada
2026-01-30,2649,990 – (...),Portarias,https://www.dosp.com.br/exibe_do.php?i=NzcwODAx,https://www.dosp.com.br/leituratexto?p=MjQ4MDcwNw==,Não identificada
2026-01-30,2649,8604 - permissão de uso - Creche de Idosos,Decretos,https://www.dosp.com.br/exibe_do.php?i=NzcwODAx,https://www.dosp.com.br/leituratexto?p=MjQ4MDcwOA==,Não identificada
2026-01-30,2649,8614 -  reorganiza conselho municipal dos direitos da criança e do adolescente - cmdca - revoga 8531,Decretos,https://www.dosp.com.br/exibe_do.php?i=NzcwODAx,https://www.dosp.com.br/leituratexto?p=MjQ4MDcxMQ==,Não identificada
2026-01-30,2649,8611 - Aplicação da LC 226.26 - restabelece o cômputo do tempo de serviço para fins de adicionais e licenças,Decretos,https://www.dosp.com.br/exibe_do.php?i=NzcwODAx,https://www.dosp.com.br/leituratexto?p=MjQ3ODU3NQ==,Não identificada
2026-01-30,2649,8612 - critérios e condicionantes para eventual reconhecimento de efeitos financeiros pretéritos da LC nº 226.26,Decretos,https://www.dosp.com.br/exibe_do.php?i=NzcwODAx,https://www.dosp.com.br/leituratexto?p=MjQ4MDcxMA==,Não identificada
2026-01-30,2649,8615 - reorganiza comissão apoio delegações esportivas - revoga 8188,Decretos,https://www.dosp.com.br/exibe_do.php?i=NzcwODAx,https://www.dosp.com.br/leituratexto?p=MjQ4MDcxMg==,Não identificada
2026-01-29,2647,8608 - exonera Rafael Busto Infante - Bem estar Animal,Decretos,https://www.dosp.com.br/exibe_do.php?i=NzY5MzUx,https://www.dosp.com.br/leituratexto?p=MjQ3NTE3MQ==,Não identificada
2026-01-28,2646,8599 - reorganiza conselho municipal de saúde - CMS - revoga 8160,Decretos,https://www.dosp.com.br/exibe_do.php?i=NzY4NzA2,https://www.dosp.com.br/leituratexto?p=MjQ3MjczNw==,Secretaria de Saúde
2026-01-27,2644,8607 - Autoriza Planos de Loteamento e Arruamento,Decretos,https://www.dosp.com.br/exibe_do.php?i=NzY4MjEy,,Não identificada
2026-01-27,2644,8605 - reorganiza os membros da Comissão Tecnica de Gestão de Carreiras da Educação Básica - revoga 8402,Decretos,https://www.dosp.com.br/exibe_do.php?i=NzY4MjEy,https://www.dosp.com.br/leituratexto?p=MjQ3MDM5NA==,Secretaria de Educação
2026-01-27,2644,8606 - Desapropriação sítio tres saltos-  MENIN,Decretos,https://www.dosp.com.br/exibe_do.php?i=NzY4MjEy,https://www.dosp.com.br/leituratexto?p=MjQ3MDM5Mw==,Não identificada
2026-01-26,2643,8573 -Reorganiza o Comitê de gestão colegiada da RCPSCA - criança e adolescente,Decretos,https://www.dosp.com.br/exibe_do.php?i=NzY3NTQ5,https://www.dosp.com.br/leituratexto?p=MjQ2ODQ5OA==,Não identificada
2026-01-19,2638,8602- exonera Ana Rita Guite - TEA,Decretos,https://www.dosp.com.br/exibe_do.php?i=NzY0MzQ5,https://www.dosp.com.br/leituratexto?p=MjQ1OTgwNA==,Não identificada
2026-01-19,2638,8603- Secretaria TEA - nomeia Enzo Shiavão Neto,Decretos,https://www.dosp.com.br/exibe_do.php?i=NzY0MzQ5,https://www.dosp.com.br/leituratexto?p=MjQ1OTgwMw==,Não identificada
2026-01-16,2637,8601 - autorização do funcionamento do Colégio Católico Stella Maris,Decretos,https://www.dosp.com.br/exibe_do.php?i=NzYzNzYz,https://www.dosp.com.br/leituratexto?p=MjQ1ODE2Mw==,Não identificada
2026-01-08,2630,8591 - SUPLEMENTAÇÃO FREA,Decretos,https://www.dosp.com.br/exibe_do.php?i=NzU5OTk5,https://www.dosp.com.br/leituratexto?p=MjQ0Nzc1OQ==,Não identificada
2026-01-06,2628,8586 - Adicional de Qualificação - novembro - revoga decreto 8530,Decretos,https://www.dosp.com.br/exibe_do.php?i=NzU4ODM2,,Não identificada
2025-12-30,2624,8559 - delega competencias de ordenador de despesas aos secretarios,Decretos,https://www.dosp.com.br/exibe_do.php?i=NzU3Mjgy,https://www.dosp.com.br/leituratexto?p=MjQzOTE0MA==,Não identificada
2025-12-29,2622,8589 - Reorganiza Defesa Civil - revoga 8293,Decretos,https://www.dosp.com.br/exibe_do.php?i=NzU2ODgx,https://www.dosp.com.br/leituratexto?p=MjQzODIxNA==,Não identificada
2025-12-29,2621,8587 - abertura de crédito adicional suplementar - FREA,Decretos,https://www.dosp.com.br/exibe_do.php?i=NzU2NTI5,https://www.dosp.com.br/leituratexto?p=MjQzNjY0Mg==,Não identificada
2025-12-23,2620,392 - alteração lei complementar 366-2025,Leis,https://www.dosp.com.br/exibe_do.php?i=NzU2MDEw,https://www.dosp.com.br/leituratexto?p=MjQzNjAyMA==,Não identificada
2025-12-23,2620,395 - alteração do anexo III da lei complementar 126-2025,Leis,https://www.dosp.com.br/exibe_do.php?i=NzU2MDEw,,Não identificada
2025-12-23,2620,"396 - ANEXOS -  Reestruturação do plano de cargos carreira e remuneração , cria e redenomina cargos AVAREPREV",Leis,https://www.dosp.com.br/exibe_do.php?i=NzU2MDEw,,Não identificada
2025-12-23,2620,391 - alteração do artigo 21 da lei complementar 96-2009,Leis,https://www.dosp.com.br/exibe_do.php?i=NzU2MDEw,https://www.dosp.com.br/leituratexto?p=MjQzNjAyMQ==,Não identificada
2025-12-23,2620,394 - alteração lei complementar 367-2025,Leis,https://www.dosp.com.br/exibe_do.php?i=NzU2MDEw,https://www.dosp.com.br/leituratexto?p=MjQzNjAxOA==,Não identificada
2025-12-23,2620,3361 - abertura de crédito adicional suplementar - FREA,Leis,https://www.dosp.com.br/exibe_do.php?i=NzU2MDEw,https://www.dosp.com.br/leituratexto?p=MjQzNjAyMg==,Não identificada
2025-12-23,2620,393 - alteração lei complementar 344-2025,Leis,https://www.dosp.com.br/exibe_do.php?i=NzU2MDEw,https://www.dosp.com.br/leituratexto?p=MjQzNjAxOQ==,Não identificada
2025-12-23,2620,3360 - fixa subsidio prefeito e vice-prefeito 2029,Leis,https://www.dosp.com.br/exibe_do.php?i=NzU2MDEw,https://www.dosp.com.br/leituratexto?p=MjQzNjAyMw==,Não identificada
2025-12-23,2620,"396 - reestrutura plano de cargos carreira e remuneração , cria e redenomina cargos - AVAREPREV",Leis,https://www.dosp.com.br/exibe_do.php?i=NzU2MDEw,https://www.dosp.com.br/leituratexto?p=MjQzNjAxNQ==,Não identificada
2025-12-19,2618,886 - Dispõe sobre o enquadramento e ou reenquadramento dos profissionais da educação básica - janeiro,Decretos,https://www.dosp.com.br/exibe_do.php?i=NzU0NDc2,https://www.dosp.com.br/leituratexto?p=MjQyOTcwMA==,Secretaria de Educação
2025-12-18,2617,8583 -DECRETO - situação de emergência,Decretos,https://www.dosp.com.br/exibe_do.php?i=NzUzNzE5,https://www.dosp.com.br/leituratexto?p=MjQyOTIwNg==,Não identificada
2025-12-16,2613,8576 - abertura de crédito especial CAMARA 42.000,Decretos,https://www.dosp.com.br/exibe_do.php?i=NzUyMTAy,https://www.dosp.com.br/leituratexto?p=MjQyMzAyNg==,Não identificada
2025-12-16,2613,8575 - abertura de crédito especial 100.000 - SEMADS,Decretos,https://www.dosp.com.br/exibe_do.php?i=NzUyMTAy,https://www.dosp.com.br/leituratexto?p=MjQyMzAyNw==,Não identificada
2025-12-16,2614,8580- Ponto facultativo final de ano 2025,Decretos,https://www.dosp.com.br/exibe_do.php?i=NzUyMjEw,https://www.dosp.com.br/leituratexto?p=MjQyMzk0MA==,Não identificada
2025-12-10,2608,3359 - abertura de crédito especial CAMARA 42.000,Leis,https://www.dosp.com.br/exibe_do.php?i=NzQ5NDQy,https://www.dosp.com.br/leituratexto?p=MjQxNDM3Mg==,Não identificada
2025-12-10,2608,3358 - abertura de crédito especial 100.000 - SEMADS,Leis,https://www.dosp.com.br/exibe_do.php?i=NzQ5NDQy,https://www.dosp.com.br/leituratexto?p=MjQxNDM3Mw==,Não identificada
2025-12-10,2608,388 - dispõe sobre ITBI,Leis,https://www.dosp.com.br/exibe_do.php?i=NzQ5NDQy,https://www.dosp.com.br/leituratexto?p=MjQxNDM3MQ==,Não identificada
2025-12-10,2608,"390 - estruturação , composição Comite investimentos AVAREPREV",Leis,https://www.dosp.com.br/exibe_do.php?i=NzQ5NDQy,https://www.dosp.com.br/leituratexto?p=MjQxNDM2OQ==,Não identificada
2025-12-10,2608,389 - alteração do caput do artigo da lei complementar 313 - gratificação auxiliar contábil,Leis,https://www.dosp.com.br/exibe_do.php?i=NzQ5NDQy,https://www.dosp.com.br/leituratexto?p=MjQxNDM3MA==,Não identificada
2025-12-08,2605,8572 -Programa Municipal de Incentivo e Apoio ao Desenvolvimento Habitacional,Decretos,https://www.dosp.com.br/exibe_do.php?i=NzQ4MjQz,https://www.dosp.com.br/leituratexto?p=MjQxMTAzOQ==,Não identificada
2025-12-08,2605,8570 - Reorganiza o conselho municipal de assistencia social - CMAS - revoga 7855,Decretos,https://www.dosp.com.br/exibe_do.php?i=NzQ4MjQz,https://www.dosp.com.br/leituratexto?p=MjQxMTAzOA==,Secretaria de Assistência Social
2025-12-08,2605,8571 -Reorganiza o conselho municipal da pessoa Idosa - CMI - revoga 8249,Decretos,https://www.dosp.com.br/exibe_do.php?i=NzQ4MjQz,https://www.dosp.com.br/leituratexto?p=MjQxMTAzNw==,Não identificada
2025-12-05,2603,"8547 - correção da ufma - 4,97",Decretos,https://www.dosp.com.br/exibe_do.php?i=NzQ3NTQz,https://www.dosp.com.br/leituratexto?p=MjQwOTE3NQ==,Não identificada
2025-12-04,2602,8558 - autoriza funcioamento da Escola Janela do Saber,Decretos,https://www.dosp.com.br/exibe_do.php?i=NzQ2ODc4,https://www.dosp.com.br/leituratexto?p=MjQwNjQ5Mw==,Não identificada
2025-12-03,2601,3356 - dispõe sobre instituição e política de justiça restaurativa,Leis,https://www.dosp.com.br/exibe_do.php?i=NzQ2NTIy,https://www.dosp.com.br/leituratexto?p=MjQwNjEwNw==,Não identificada
2025-12-03,2601,386 - dispõe sobre alteração dos dispositivos da lei complementar 276-2022 - AVAREPREV,Leis,https://www.dosp.com.br/exibe_do.php?i=NzQ2NTIy,https://www.dosp.com.br/leituratexto?p=MjQwNjExMQ==,Não identificada
2025-12-03,2601,3355 - autoriza procuradoria geral não ajuizar ações de pequeno valor,Leis,https://www.dosp.com.br/exibe_do.php?i=NzQ2NTIy,https://www.dosp.com.br/leituratexto?p=MjQwNjEwOA==,Não identificada
2025-12-03,2601,3354 - estima receita e fixa despesa para o exercício de 2026,Leis,https://www.dosp.com.br/exibe_do.php?i=NzQ2NTIy,https://www.dosp.com.br/leituratexto?p=MjQwNjEwOQ==,Não identificada
2025-12-03,2601,3357 - dispõe sobre abertura de crédito adicional especial planejamento e obras 500.000,Leis,https://www.dosp.com.br/exibe_do.php?i=NzQ2NTIy,https://www.dosp.com.br/leituratexto?p=MjQwNjEwNg==,Secretaria de Obras
2025-12-03,2601,8569 - Homologação progressão WESLEY DA SILVA OLIVEIRA,Decretos,https://www.dosp.com.br/exibe_do.php?i=NzQ2NTIy,https://www.dosp.com.br/leituratexto?p=MjQwNjExMg==,Não identificada
2025-12-03,2601,8568 - dispõe sobre abertura de crédito adicional especial planejamento e obras 500.000,Decretos,https://www.dosp.com.br/exibe_do.php?i=NzQ2NTIy,https://www.dosp.com.br/leituratexto?p=MjQwNjExMw==,Secretaria de Obras
2025-12-03,2601,387 - dispõe sobre alteração do parágrafo 2 do artigo 108 da lei complementar 150 - conselheiros tutelares,Leis,https://www.dosp.com.br/exibe_do.php?i=NzQ2NTIy,https://www.dosp.com.br/leituratexto?p=MjQwNjExMA==,Não identificada
2025-12-01,2598,868 – (...),Portarias,https://www.dosp.com.br/exibe_do.php?i=NzQ1MTIy,,Não identificada
2025-11-26,2594,3349 - institui política de prevenção e enfrentamento atentados violentos escolas municipais,Leis,https://www.dosp.com.br/exibe_do.php?i=NzQyOTgw,https://www.dosp.com.br/leituratexto?p=MjM5NDgxOQ==,Não identificada
2025-11-26,2594,3350 - institui política de diagnóstico tardio transtorno espectro autista TEA,Leis,https://www.dosp.com.br/exibe_do.php?i=NzQyOTgw,https://www.dosp.com.br/leituratexto?p=MjM5NDgxOA==,Não identificada
2025-11-26,2594,3347 - abertura de crédito adicional especial 59.826 - agricultura,Leis,https://www.dosp.com.br/exibe_do.php?i=NzQyOTgw,https://www.dosp.com.br/leituratexto?p=MjM5NDgyMQ==,Secretaria de Cultura
2025-11-26,2594,3351 - institui política de valorização e promoção da capoeira,Leis,https://www.dosp.com.br/exibe_do.php?i=NzQyOTgw,https://www.dosp.com.br/leituratexto?p=MjM5NDgxNw==,Não identificada
2025-11-26,2594,3348 - abertura de crédito adicional especial 5.531 - agricultura,Leis,https://www.dosp.com.br/exibe_do.php?i=NzQyOTgw,https://www.dosp.com.br/leituratexto?p=MjM5NDgyMA==,Secretaria de Cultura
2025-11-26,2594,3352 - institui dia do plantio nas escolas,Leis,https://www.dosp.com.br/exibe_do.php?i=NzQyOTgw,https://www.dosp.com.br/leituratexto?p=MjM5NDgxNg==,Não identificada
2025-11-26,2594,3353 - institui Semana de conscientização não te julgo - te ajudo,Leis,https://www.dosp.com.br/exibe_do.php?i=NzQyOTgw,https://www.dosp.com.br/leituratexto?p=MjM5NDgxNQ==,Não identificada
2025-11-26,2594,8563 - abertura de crédito adicional especial 5.531 - agricultura,Decretos,https://www.dosp.com.br/exibe_do.php?i=NzQyOTgw,https://www.dosp.com.br/leituratexto?p=MjM5NDgzMA==,Secretaria de Cultura
2025-11-26,2594,8562 - abertura de crédito adicional especial 59.826 - agricultura,Decretos,https://www.dosp.com.br/exibe_do.php?i=NzQyOTgw,https://www.dosp.com.br/leituratexto?p=MjM5NDgzMQ==,Secretaria de Cultura
2025-11-25,2593,8548 - reorganiza cae - conselho de alimentação escolar - revoga 7350,Decretos,https://www.dosp.com.br/exibe_do.php?i=NzQyMzY1,https://www.dosp.com.br/leituratexto?p=MjM5MjQzMA==,Não identificada
2025-11-19,2589,3342 - abertura de crédito adicional especial 12.563 - saude,Leis,https://www.dosp.com.br/exibe_do.php?i=NzQwOTgz,,Não identificada
2025-11-19,2589,3346 - abertura de crédito adicional especial 11.400 - semads,Leis,https://www.dosp.com.br/exibe_do.php?i=NzQwOTgz,,Não identificada
2025-11-19,2589,3339 - prorrogação vigência plano municipal de educação - lei 1921-2015,Leis,https://www.dosp.com.br/exibe_do.php?i=NzQwOTgz,,Secretaria de Educação
2025-11-19,2589,8555 - abertura de crédito adicional especial 11.400 - semads,Decretos,https://www.dosp.com.br/exibe_do.php?i=NzQwOTgz,,Não identificada
2025-11-19,2589,8553 - abertura de crédito adicional especial 1.118.743 - saude,Decretos,https://www.dosp.com.br/exibe_do.php?i=NzQwOTgz,,Não identificada
2025-11-19,2589,8551 - abertura de crédito adicional especial 12.563 - saude,Decretos,https://www.dosp.com.br/exibe_do.php?i=NzQwOTgz,,Não identificada
2025-11-19,2589,8552 - abertura de crédito suplementar 3.188.814 educação,Decretos,https://www.dosp.com.br/exibe_do.php?i=NzQwOTgz,,Secretaria de Educação
2025-11-19,2589,3343 - abertura de crédito suplementar 3.188.814 educação,Leis,https://www.dosp.com.br/exibe_do.php?i=NzQwOTgz,,Secretaria de Educação
2025-11-19,2589,3340 - abertura de crédito adicional especial 300.00 semads,Leis,https://www.dosp.com.br/exibe_do.php?i=NzQwOTgz,,Não identificada
2025-11-19,2589,3344 - abertura de crédito adicional especial 1.118.743 - saude,Leis,https://www.dosp.com.br/exibe_do.php?i=NzQwOTgz,,Não identificada
2025-11-19,2589,8550 - abertura de crédito adicional especial 300.00 semads,Decretos,https://www.dosp.com.br/exibe_do.php?i=NzQwOTgz,,Não identificada
2025-11-19,2589,8554 - abertura de crédito adicional especial 76.734 - saude,Decretos,https://www.dosp.com.br/exibe_do.php?i=NzQwOTgz,,Não identificada
2025-11-19,2589,3341 - altera redação do artigo 2 e 4 da lei 929-2007 - fundeb,Leis,https://www.dosp.com.br/exibe_do.php?i=NzQwOTgz,,Não identificada
2025-11-19,2589,3345 - abertura de crédito adicional especial 76.734 - saude,Leis,https://www.dosp.com.br/exibe_do.php?i=NzQwOTgz,,Não identificada
2025-11-11,2581,8540 - recesso escolar 2026 - educação,Decretos,https://www.dosp.com.br/exibe_do.php?i=NzM2Nzk0,https://www.dosp.com.br/leituratexto?p=MjM3NDk2Nw==,Secretaria de Educação
2025-11-11,2581,8545 - abertura de crédito adicional especial - 4.050.000 - Saúde,Decretos,https://www.dosp.com.br/exibe_do.php?i=NzM2Nzk0,https://www.dosp.com.br/leituratexto?p=MjM3NjAyNw==,Secretaria de Saúde
2025-11-11,2581,3336 - abertura de crédito adicional suplementar - 290.508 - educação,Leis,https://www.dosp.com.br/exibe_do.php?i=NzM2Nzk0,https://www.dosp.com.br/leituratexto?p=MjM3NjAyNA==,Secretaria de Educação
2025-11-11,2581,3337 - abertura de crédito adicional suplementar - 185.000 - FREA,Leis,https://www.dosp.com.br/exibe_do.php?i=NzM2Nzk0,https://www.dosp.com.br/leituratexto?p=MjM3NjAyMw==,Não identificada
2025-11-11,2581,3335 - autoriza poder executivo efetuar adiantamento Comissão de Apoio Delegações Esportivas 87 Jogos Abertos,Leis,https://www.dosp.com.br/exibe_do.php?i=NzM2Nzk0,https://www.dosp.com.br/leituratexto?p=MjM3NjAyNQ==,Não identificada
2025-11-11,2581,8542 - abertura de crédito adicional especial 45.562 - transportes,Decretos,https://www.dosp.com.br/exibe_do.php?i=NzM2Nzk0,https://www.dosp.com.br/leituratexto?p=MjM3NjAzMA==,Secretaria de Transporte
2025-11-11,2581,8538-  Autoriza planos de loteamento e arrruamento loteamento SÃO ROGERIO IV -OK,Decretos,https://www.dosp.com.br/exibe_do.php?i=NzM2Nzk0,https://www.dosp.com.br/leituratexto?p=MjM3NDk2OA==,Não identificada
2025-11-11,2581,3334 - abertura de crédito adicional especial 45.562 - transportes,Leis,https://www.dosp.com.br/exibe_do.php?i=NzM2Nzk0,https://www.dosp.com.br/leituratexto?p=MjM3NjAyNg==,Secretaria de Transporte
2025-11-11,2581,8543 - abertura de crédito adicional suplementar - 290.508 - educação,Decretos,https://www.dosp.com.br/exibe_do.php?i=NzM2Nzk0,https://www.dosp.com.br/leituratexto?p=MjM3NjAyOQ==,Secretaria de Educação
2025-11-11,2581,8541 - Prêmio Excelência Educacional,Decretos,https://www.dosp.com.br/exibe_do.php?i=NzM2Nzk0,https://www.dosp.com.br/leituratexto?p=MjM3NDk2Ng==,Não identificada
2025-11-11,2581,3338 - abertura de crédito adicional especial - 4.050.000 - Saúde,Leis,https://www.dosp.com.br/exibe_do.php?i=NzM2Nzk0,https://www.dosp.com.br/leituratexto?p=MjM3NjAyMg==,Secretaria de Saúde
2025-11-11,2581,8544 - abertura de crédito adicional suplementar - 185.000 - FREA,Decretos,https://www.dosp.com.br/exibe_do.php?i=NzM2Nzk0,https://www.dosp.com.br/leituratexto?p=MjM3NjAyOA==,Não identificada
2025-11-05,2577,3333 - Alteração da Lei 2312 de 2029,Leis,https://www.dosp.com.br/exibe_do.php?i=NzM0Mjc4,https://www.dosp.com.br/leituratexto?p=MjM2ODAxNA==,Não identificada
2025-11-05,2577,3328 - Institui Programa Empresa Amiga da Escola,Leis,https://www.dosp.com.br/exibe_do.php?i=NzM0Mjc4,https://www.dosp.com.br/leituratexto?p=MjM2ODAxOQ==,Não identificada
2025-11-05,2577,3332 - Autoriza doar bem imóvel - SENAR,Leis,https://www.dosp.com.br/exibe_do.php?i=NzM0Mjc4,https://www.dosp.com.br/leituratexto?p=MjM2ODAxNQ==,Não identificada
2025-11-05,2577,3329 - Proibição da produção de Spathodea,Leis,https://www.dosp.com.br/exibe_do.php?i=NzM0Mjc4,https://www.dosp.com.br/leituratexto?p=MjM2ODAxOA==,Não identificada
2025-11-05,2577,3331 - Institui Fundo de proteção e defesa civil - FUMDEC,Leis,https://www.dosp.com.br/exibe_do.php?i=NzM0Mjc4,https://www.dosp.com.br/leituratexto?p=MjM2ODAxNg==,Não identificada
2025-11-05,2577,385 - Redenomina guarda civil para guarda civil de vigilância,Leis,https://www.dosp.com.br/exibe_do.php?i=NzM0Mjc4,https://www.dosp.com.br/leituratexto?p=MjM2ODAxMw==,Não identificada
2025-11-05,2577,3330 - Institui Programa Cultura nos bairros,Leis,https://www.dosp.com.br/exibe_do.php?i=NzM0Mjc4,https://www.dosp.com.br/leituratexto?p=MjM2ODAxNw==,Secretaria de Cultura
2025-11-04,2576,8530 - Adicional de Qualificação - novembro,Decretos,https://www.dosp.com.br/exibe_do.php?i=NzMzNDc2,,Não identificada
2025-11-04,2576,"8513 - reorganização do conselho de acompanhamento e controle social do fundeb - revoga 6537, 7695, 7702 e 7715",Decretos,https://www.dosp.com.br/exibe_do.php?i=NzMzNDc2,https://www.dosp.com.br/leituratexto?p=MjM2NTM3NA==,Não identificada
2025-11-03,2575,8532 -  Autoriza Plano de loteamento  Jardim Esmeralda,Decretos,https://www.dosp.com.br/exibe_do.php?i=NzMyNzgy,,Não identificada
2025-11-03,2575,8534 - Dispõe sobre abertura crédito adicional especial - saude 13.676,Decretos,https://www.dosp.com.br/exibe_do.php?i=NzMyNzgy,https://www.dosp.com.br/leituratexto?p=MjM2Mjc0Nw==,Não identificada
2025-11-03,2575,8533 - Dispõe sobre abertura crédito adicional suplementar - saude 98.512,Decretos,https://www.dosp.com.br/exibe_do.php?i=NzMyNzgy,https://www.dosp.com.br/leituratexto?p=MjM2Mjc0OA==,Não identificada
2025-10-31,2573,838 – (...),Portarias,https://www.dosp.com.br/exibe_do.php?i=NzMxODM3,https://www.dosp.com.br/leituratexto?p=MjM1OTAxMw==,Não identificada
2025-10-31,2574,8531 -  reorganiza conselho municipal dos direitos da criança e do adolescente - cmdca - revoga 8385,Decretos,https://www.dosp.com.br/exibe_do.php?i=NzMyMTQw,https://www.dosp.com.br/leituratexto?p=MjM2MTA1Nw==,Não identificada
2025-10-31,2573,3327 - Revogação da Lei 2435-2021 - que limita consultas,Leis,https://www.dosp.com.br/exibe_do.php?i=NzMxODM3,https://www.dosp.com.br/leituratexto?p=MjM2MDMwNA==,Não identificada
2025-10-30,2572,836 – (...),Portarias,https://www.dosp.com.br/exibe_do.php?i=NzMxMzQ3,https://www.dosp.com.br/leituratexto?p=MjM1OTYyNg==,Não identificada
2025-10-30,2572,815 – (...),Portarias,https://www.dosp.com.br/exibe_do.php?i=NzMxMzQ3,https://www.dosp.com.br/leituratexto?p=MjM1OTYyOQ==,Não identificada
2025-10-23,2567,8524 -  nomeia comissão de apoio delegações esportivas 87 jogos abertos,Decretos,https://www.dosp.com.br/exibe_do.php?i=NzI5MDcy,https://www.dosp.com.br/leituratexto?p=MjM1Mjc2Nw==,Não identificada
2025-10-22,2565,3324 - Autoriza parcerias adoção de espaços públicos,Leis,https://www.dosp.com.br/exibe_do.php?i=NzI4NTEz,https://www.dosp.com.br/leituratexto?p=MjM1MTczMg==,Não identificada
2025-10-22,2565,3321 - Dispõe sobre abertura crédito adicional - 67.282 - saúde,Leis,https://www.dosp.com.br/exibe_do.php?i=NzI4NTEz,https://www.dosp.com.br/leituratexto?p=MjM1MTczNQ==,Secretaria de Saúde
2025-10-22,2565,3322 - Institui Orçamento Cidadão,Leis,https://www.dosp.com.br/exibe_do.php?i=NzI4NTEz,,Não identificada
2025-10-22,2565,3326 - Institui Semana e dia Pessoa Idosa,Leis,https://www.dosp.com.br/exibe_do.php?i=NzI4NTEz,https://www.dosp.com.br/leituratexto?p=MjM1MTczMA==,Não identificada
2025-10-22,2565,3323 - Institui Programa Adote Muro da Escola Pública,Leis,https://www.dosp.com.br/exibe_do.php?i=NzI4NTEz,https://www.dosp.com.br/leituratexto?p=MjM1MTczMw==,Não identificada
2025-10-22,2565,8522 - Dispõe sobre abertura crédito adicional - 67.282 - saúde,Decretos,https://www.dosp.com.br/exibe_do.php?i=NzI4NTEz,https://www.dosp.com.br/leituratexto?p=MjM1MTc1OA==,Secretaria de Saúde
2025-10-22,2565,"3325 - Institui Junho Violeta concientização , enfrentamento e prevenção da violência contra pessoa idosa",Leis,https://www.dosp.com.br/exibe_do.php?i=NzI4NTEz,https://www.dosp.com.br/leituratexto?p=MjM1MTczMQ==,Não identificada
2025-10-17,2562,8517 - Reorganização da comissão permanente de readaptação funcional - revoga 8330-25,Decretos,https://www.dosp.com.br/exibe_do.php?i=NzI2NjA3,https://www.dosp.com.br/leituratexto?p=MjM0NTI5Nw==,Não identificada
2025-10-15,2559,3317 - Dispõe sobre prevenção combate e punição sexualização e adultização de crianças,Leis,https://www.dosp.com.br/exibe_do.php?i=NzI1MTg3,https://www.dosp.com.br/leituratexto?p=MjM0MTk1NQ==,Não identificada
2025-10-15,2559,3314 - Dispõe sobre abertura crédito adicional suplementar - saude 98.512,Leis,https://www.dosp.com.br/exibe_do.php?i=NzI1MTg3,https://www.dosp.com.br/leituratexto?p=MjM0MTk1OA==,Não identificada
2025-10-15,2559,3315 - Dispõe sobre abertura crédito adicional especial - saude 13.676,Leis,https://www.dosp.com.br/exibe_do.php?i=NzI1MTg3,https://www.dosp.com.br/leituratexto?p=MjM0MTk1Nw==,Não identificada
2025-10-15,2559,3313 - Dispõe sobre regularização de construções e dá prazo para concessão,Leis,https://www.dosp.com.br/exibe_do.php?i=NzI1MTg3,https://www.dosp.com.br/leituratexto?p=MjM0MTk1OQ==,Não identificada
2025-10-15,2559,3320 - Institui e inclui Calendário - dia de prevenção da asfixia perinatal - setembro verde esperança,Leis,https://www.dosp.com.br/exibe_do.php?i=NzI1MTg3,https://www.dosp.com.br/leituratexto?p=MjM0MTk1Mg==,Não identificada
2025-10-15,2559,3316 - Altera artigo 7 da Lei 2152-2017 que estabelece diretrizes realização de eventos esportivos,Leis,https://www.dosp.com.br/exibe_do.php?i=NzI1MTg3,https://www.dosp.com.br/leituratexto?p=MjM0MTk1Ng==,Não identificada
2025-10-15,2559,3312 - Dispõe sobre concessão de uso ao Núcleo de Criadores de Nelore de Avaré e Região,Leis,https://www.dosp.com.br/exibe_do.php?i=NzI1MTg3,https://www.dosp.com.br/leituratexto?p=MjM0MTk2MA==,Não identificada
2025-10-15,2559,3319 - Institui o programa TRANSFORMARTE oficinas culturais,Leis,https://www.dosp.com.br/exibe_do.php?i=NzI1MTg3,https://www.dosp.com.br/leituratexto?p=MjM0MTk1Mw==,Secretaria de Cultura
2025-10-15,2559,3318 - Dispõe proibição da utilização de recursos públicos e de espaçoes municipais  - apologia ao crime,Leis,https://www.dosp.com.br/exibe_do.php?i=NzI1MTg3,https://www.dosp.com.br/leituratexto?p=MjM0MTk1NA==,Não identificada
2025-10-13,2557,8508 - AVAREPREV - nomeia representante executivo avareprev Cida Pera,Decretos,https://www.dosp.com.br/exibe_do.php?i=NzI0MDky,https://www.dosp.com.br/leituratexto?p=MjMzODU1NQ==,Não identificada
2025-10-10,2555,8505 - Regulamenta Lei 239 - fiscalização sonora - revoga 8479,Decretos,https://www.dosp.com.br/exibe_do.php?i=NzIzMTQ5,https://www.dosp.com.br/leituratexto?p=MjMzNjkwMQ==,Não identificada
2025-10-10,2555,8512 - Declara ponto facultativo nas repartições publicas - funcionário público 27 de outubro,Decretos,https://www.dosp.com.br/exibe_do.php?i=NzIzMTQ5,https://www.dosp.com.br/leituratexto?p=MjMzNjk1NA==,Não identificada
2025-10-09,2554,3308 - Institui Semana da Orientação profissional para o primeiro emprego escolas públicas municipais,Leis,https://www.dosp.com.br/exibe_do.php?i=NzIyNjg1,https://www.dosp.com.br/leituratexto?p=MjMzMjQzOQ==,Não identificada
2025-10-09,2554,3311 - Autoriza o Executivo a efetuar adiantamento de recursos financeiros destinados a realização 42 FAMPOP,Leis,https://www.dosp.com.br/exibe_do.php?i=NzIyNjg1,https://www.dosp.com.br/leituratexto?p=MjMzMjQzNg==,Não identificada
2025-10-09,2554,3307 - Institui Programa Pedagógico visita ao gabinete do prefeito,Leis,https://www.dosp.com.br/exibe_do.php?i=NzIyNjg1,https://www.dosp.com.br/leituratexto?p=MjMzMjQ0MA==,Não identificada
2025-10-09,2554,3310 - Institui Projeto Banco Vermelho que visa conscientizar contra violência doméstica familiar,Leis,https://www.dosp.com.br/exibe_do.php?i=NzIyNjg1,https://www.dosp.com.br/leituratexto?p=MjMzMjQzNw==,Não identificada
2025-10-09,2554,3309 - Institui Semana da Música e da Cultura Caipira em homenagem Sr CArlos Domingos Alonso,Leis,https://www.dosp.com.br/exibe_do.php?i=NzIyNjg1,https://www.dosp.com.br/leituratexto?p=MjMzMjQzOA==,Secretaria de Cultura
2025-10-09,2554,384 - Revoga Lei 153-2011 - redenomina guarda civil,Leis,https://www.dosp.com.br/exibe_do.php?i=NzIyNjg1,https://www.dosp.com.br/leituratexto?p=MjMzMjQ0MQ==,Não identificada
2025-10-07,2551,8507 - Crédito Adicional Suplementar - AvaréPrev,Decretos,https://www.dosp.com.br/exibe_do.php?i=NzIxMjU2,https://www.dosp.com.br/leituratexto?p=MjMzMTMyNg==,Não identificada
2025-10-07,2551,8500 - Reorganiza Comissao Acessibilidade - revoga 8493,Decretos,https://www.dosp.com.br/exibe_do.php?i=NzIxMjU2,https://www.dosp.com.br/leituratexto?p=MjMzMTMyOQ==,Não identificada
2025-10-06,2549,8502 - reorganiza atribuições agentes de fiscalização,Decretos,https://www.dosp.com.br/exibe_do.php?i=NzIwODU5,https://www.dosp.com.br/leituratexto?p=MjMyOTk0NA==,Não identificada
2025-10-06,2549,8501- Declaração de utilidade pública para desapropriação - quinta do jacarandá agropecuária,Decretos,https://www.dosp.com.br/exibe_do.php?i=NzIwODU5,https://www.dosp.com.br/leituratexto?p=MjMyOTkzNw==,Não identificada
2025-10-03,2546,8499 - Reorganiza Comite Intersetorial da politica publica para monitoramento do Plano Municipal da Primeira Infancia - revoga 8449,Decretos,https://www.dosp.com.br/exibe_do.php?i=NzIwMDkz,https://www.dosp.com.br/leituratexto?p=MjMyODQ2Ng==,Não identificada
2025-10-03,2546,804 – (...),Portarias,https://www.dosp.com.br/exibe_do.php?i=NzIwMDkz,https://www.dosp.com.br/leituratexto?p=MjMyODQ0MQ==,Não identificada
2025-10-03,2546,8503 -  comissão 55ª emapa,Decretos,https://www.dosp.com.br/exibe_do.php?i=NzIwMDkz,https://www.dosp.com.br/leituratexto?p=MjMyODQ0NA==,Não identificada
2025-10-01,2543,3302 - Dispõe sobre garantia de acessibilidade comunicativa a mulher com deficiência vítima de violência doméstica e familiar,Leis,https://www.dosp.com.br/exibe_do.php?i=NzE4OTAx,https://www.dosp.com.br/leituratexto?p=MjMyNDM0Mg==,Não identificada
2025-10-01,2543,8498 - Nomeia Secretário de  Governo interino -Alaide Valdineia Ferreira 2025,Decretos,https://www.dosp.com.br/exibe_do.php?i=NzE4OTAx,https://www.dosp.com.br/leituratexto?p=MjMyNDMzNQ==,Não identificada
2025-10-01,2543,3304 - Dispõe sobre implantação de sistema de monitoramento por câmeras nas creches,Leis,https://www.dosp.com.br/exibe_do.php?i=NzE4OTAx,https://www.dosp.com.br/leituratexto?p=MjMyNDM0MA==,Não identificada
2025-10-01,2543,3303 - Institui o Dia Municipal da Equoterapia no calendário oficial,Leis,https://www.dosp.com.br/exibe_do.php?i=NzE4OTAx,https://www.dosp.com.br/leituratexto?p=MjMyNDM0MQ==,Não identificada
2025-10-01,2543,3306 - Institui Política de prevenção À ciberpedofilia,Leis,https://www.dosp.com.br/exibe_do.php?i=NzE4OTAx,https://www.dosp.com.br/leituratexto?p=MjMyNDMzOA==,Não identificada
2025-10-01,2543,3305 - Institui Políticas Púbicas para o combate a alienação parental - 25 de abril,Leis,https://www.dosp.com.br/exibe_do.php?i=NzE4OTAx,https://www.dosp.com.br/leituratexto?p=MjMyNDMzOQ==,Não identificada
2025-10-01,2543,8497 - Nomeia Secretário de  Administração interino -Glauco Fabiano Favaro de Oliveira - administração,Decretos,https://www.dosp.com.br/exibe_do.php?i=NzE4OTAx,https://www.dosp.com.br/leituratexto?p=MjMyNDMzNg==,Secretaria de Administração
2025-10-01,2543,8479 - REGUL. FISC.SOM - editado,Decretos,https://www.dosp.com.br/exibe_do.php?i=NzE4OTAx,https://www.dosp.com.br/leituratexto?p=MjMyNDMyNg==,Não identificada
2025-09-30,2542,8491 - Reorganiza a Comissão Examinadora da 3ª fase do Concurso Publico 01 2025  - revoga 8223-25 (2),Decretos,https://www.dosp.com.br/exibe_do.php?i=NzE4Mjgw,https://www.dosp.com.br/leituratexto?p=MjMyMjA3Mw==,Não identificada
2025-09-30,2542,8492 - Reorganiza comissão examinadora da 2ª fase do concurso 01 2025,Decretos,https://www.dosp.com.br/exibe_do.php?i=NzE4Mjgw,https://www.dosp.com.br/leituratexto?p=MjMyMjA3Mg==,Não identificada
2025-09-26,2539,8493 - Reorganiza ComissãoPermanente de Acessibilidade - revoga 5149-2018,Decretos,https://www.dosp.com.br/exibe_do.php?i=NzE2ODg1,https://www.dosp.com.br/leituratexto?p=MjMxOTE4MA==,Não identificada
2025-09-26,2539,8490 - Organiza Comissão de AVCB CLCB,Decretos,https://www.dosp.com.br/exibe_do.php?i=NzE2ODg1,https://www.dosp.com.br/leituratexto?p=MjMxOTE4MQ==,Não identificada
2025-09-25,2538,3301 - Inclui área objeto da matrícula 94055 CRI no perímetro urbano,Leis,https://www.dosp.com.br/exibe_do.php?i=NzE2MDY3,https://www.dosp.com.br/leituratexto?p=MjMxNTk4OQ==,Não identificada
2025-09-25,2538,3294 - Institui o cadastro municipal de professores com deficiência,Leis,https://www.dosp.com.br/exibe_do.php?i=NzE2MDY3,https://www.dosp.com.br/leituratexto?p=MjMxNTk5Ng==,Não identificada
2025-09-25,2538,381 - Dispõe sobre revogação da LC 115-2010 e Cria Guarda Civil,Leis,https://www.dosp.com.br/exibe_do.php?i=NzE2MDY3,https://www.dosp.com.br/leituratexto?p=MjMxNTk4OA==,Não identificada
2025-09-25,2538,3297 - Autoriza Poder Executivo realizar doação de imóvel para o Estado através da PM,Leis,https://www.dosp.com.br/exibe_do.php?i=NzE2MDY3,https://www.dosp.com.br/leituratexto?p=MjMxNTk5Mw==,Não identificada
2025-09-25,2538,383 - Autoriza FREA conceder revisão geral anual 5 por cento,Leis,https://www.dosp.com.br/exibe_do.php?i=NzE2MDY3,https://www.dosp.com.br/leituratexto?p=MjMxNTk4Ng==,Não identificada
2025-09-25,2538,3300 - Dispõe sobre abertura de crédito adicional especial - GAbinete,Leis,https://www.dosp.com.br/exibe_do.php?i=NzE2MDY3,https://www.dosp.com.br/leituratexto?p=MjMxNTk5MA==,Não identificada
2025-09-25,2538,3296 - Cria o Programa Móveis para Recomeçar,Leis,https://www.dosp.com.br/exibe_do.php?i=NzE2MDY3,https://www.dosp.com.br/leituratexto?p=MjMxNTk5NA==,Não identificada
2025-09-25,2538,3298 - Dispõe sobre abertura de crédito especial 200.000 saude,Leis,https://www.dosp.com.br/exibe_do.php?i=NzE2MDY3,https://www.dosp.com.br/leituratexto?p=MjMxNTk5Mg==,Não identificada
2025-09-25,2538,382 - Dispõe sobre alteração da LC 370-2025 FMSAI - fundo municipal saneamento ambiental,Leis,https://www.dosp.com.br/exibe_do.php?i=NzE2MDY3,https://www.dosp.com.br/leituratexto?p=MjMxNTk4Nw==,Não identificada
2025-09-25,2538,3295 - Dispõe sobre o Plano Plurianual de Ação Governamental PPAG 2026-2029,Leis,https://www.dosp.com.br/exibe_do.php?i=NzE2MDY3,https://www.dosp.com.br/leituratexto?p=MjMxNTk5NQ==,Não identificada
2025-09-25,2538,3299 - Dispõe sobre abertura de crédito especial 223.275 semads,Leis,https://www.dosp.com.br/exibe_do.php?i=NzE2MDY3,https://www.dosp.com.br/leituratexto?p=MjMxNTk5MQ==,Não identificada
2025-09-25,2538,8788 - Dispõe sobre abertura de crédito adicional especial - GAbinete 251.291,Decretos,https://www.dosp.com.br/exibe_do.php?i=NzE2MDY3,https://www.dosp.com.br/leituratexto?p=MjMxNjAzMA==,Não identificada
2025-09-25,2538,8486 - Dispõe sobre abertura de crédito especial 200.000 saude,Decretos,https://www.dosp.com.br/exibe_do.php?i=NzE2MDY3,https://www.dosp.com.br/leituratexto?p=MjMxNjAzMg==,Não identificada
2025-09-25,2538,8487 - Dispõe sobre abertura de crédito especial 223.275 semads,Decretos,https://www.dosp.com.br/exibe_do.php?i=NzE2MDY3,https://www.dosp.com.br/leituratexto?p=MjMxNjAzMQ==,Não identificada
2025-09-23,2535,8482 - ALTERA DECRETO 308-1998 Maria Salim Curiati,Decretos,https://www.dosp.com.br/exibe_do.php?i=NzE0ODYy,https://www.dosp.com.br/leituratexto?p=MjMxMjgyNQ==,Não identificada
2025-09-23,2535,8481 - reorganiza atribuições agentes de fiscalização,Decretos,https://www.dosp.com.br/exibe_do.php?i=NzE0ODYy,https://www.dosp.com.br/leituratexto?p=MjMxMjgyNg==,Não identificada
2025-09-23,2535,8483 - Denomina vias publicas - loteamento SAO ROGERIO II,Decretos,https://www.dosp.com.br/exibe_do.php?i=NzE0ODYy,https://www.dosp.com.br/leituratexto?p=MjMxMjgyNA==,Não identificada
2025-09-23,2535,8474 -  dispõe sobre reestruturação do CPAEE,Decretos,https://www.dosp.com.br/exibe_do.php?i=NzE0ODYy,https://www.dosp.com.br/leituratexto?p=MjMxMjgyNw==,Não identificada
2025-09-23,2535,8484 - Denomina vias publicas - loteamento FERREIRA SANTOS,Decretos,https://www.dosp.com.br/exibe_do.php?i=NzE0ODYy,https://www.dosp.com.br/leituratexto?p=MjMxMjgyMw==,Não identificada
2025-09-19,2532,8447 - ALTERA DECRETO 5245.2018 - FAZENDA ONCA,Decretos,https://www.dosp.com.br/exibe_do.php?i=NzEzMjAy,https://www.dosp.com.br/leituratexto?p=MjMwNzQzOA==,Não identificada
2025-09-19,2533,8477 - Enquadramento do loteamento Jardim Esmeralda ao Programa Federal Casa Verde Amarela,Decretos,https://www.dosp.com.br/exibe_do.php?i=NzEzNTUz,https://www.dosp.com.br/leituratexto?p=MjMwODg2NQ==,Não identificada
2025-09-19,2533,8478 - Autorização para a prática de operações bancárias - Joao Gabriel período de 17 a 26 de setembro,Decretos,https://www.dosp.com.br/exibe_do.php?i=NzEzNTUz,https://www.dosp.com.br/leituratexto?p=MjMwODYzMQ==,Não identificada
2025-09-19,2533,8476 - Reorganiza a Comissão Permanente de Avaliação e Desempenho dos Servidor em Estágio Probatório em 2025- revoga  8328,Decretos,https://www.dosp.com.br/exibe_do.php?i=NzEzNTUz,https://www.dosp.com.br/leituratexto?p=MjMwNzY0OQ==,Não identificada
2025-09-19,2533,8473 -  Autoriza Plano de loteamento  Jardim Esmeralda,Decretos,https://www.dosp.com.br/exibe_do.php?i=NzEzNTUz,,Não identificada
2025-09-12,2527,788 – (...),Portarias,https://www.dosp.com.br/exibe_do.php?i=NzEwMTQ1,https://www.dosp.com.br/leituratexto?p=MjI5Nzg0OA==,Não identificada
2025-09-12,2527,8471- DECRETO NCE II,Decretos,https://www.dosp.com.br/exibe_do.php?i=NzEwMTQ1,https://www.dosp.com.br/leituratexto?p=MjI5Nzc1OQ==,Não identificada
2025-09-10,2526,8468 - Abertura de Crédito adicional especial - secretaria saúde 600.000,Decretos,https://www.dosp.com.br/exibe_do.php?i=NzA4ODYz,https://www.dosp.com.br/leituratexto?p=MjI5NTUwNg==,Secretaria de Saúde
2025-09-10,2526,3292 - Autoriza Poder Executivo doar área de propriedade municipal ao Fundo de Arrendamento Residencial FAR representado pela Caixa CEF - minha casa minha vida,Leis,https://www.dosp.com.br/exibe_do.php?i=NzA4ODYz,https://www.dosp.com.br/leituratexto?p=MjI5NTQ0MQ==,Não identificada
2025-09-10,2526,"3291 - Institui Programa Escola Segura , divulgação em escolas tecnicas de primeiros socorros prevenção a incêndios e controle de pÂnico",Leis,https://www.dosp.com.br/exibe_do.php?i=NzA4ODYz,https://www.dosp.com.br/leituratexto?p=MjI5NTQ0Mg==,Não identificada
2025-09-10,2526,379 - Autoriza Poder Executivo conceder revisão geral de vencimentos dos servidores e empregados públicos,Leis,https://www.dosp.com.br/exibe_do.php?i=NzA4ODYz,https://www.dosp.com.br/leituratexto?p=MjI5NTQzOQ==,Não identificada
2025-09-10,2526,3293 - Abertura de Crédito adicional especial - secretaria saúde 600.000,Leis,https://www.dosp.com.br/exibe_do.php?i=NzA4ODYz,https://www.dosp.com.br/leituratexto?p=MjI5NTQ0MA==,Secretaria de Saúde
2025-09-10,2526,733 – (...),Portarias,https://www.dosp.com.br/exibe_do.php?i=NzA4ODYz,,Não identificada
2025-09-10,2526,380 - Dispõe sobre alteração da Lei Complementar 225-2016 - código tributário,Leis,https://www.dosp.com.br/exibe_do.php?i=NzA4ODYz,https://www.dosp.com.br/leituratexto?p=MjI5NTQzOA==,Não identificada
2025-09-03,2521,3287 - Dispõe sobre medidas de incentivo à doação voluntária de sangue,Leis,https://www.dosp.com.br/exibe_do.php?i=NzA1NTM3,https://www.dosp.com.br/leituratexto?p=MjI4NTg5OA==,Não identificada
2025-09-03,2521,3288 - Dispõe sobre instituição da Campanha eu freio para os animais,Leis,https://www.dosp.com.br/exibe_do.php?i=NzA1NTM3,https://www.dosp.com.br/leituratexto?p=MjI4NTg5Nw==,Não identificada
2025-09-03,2521,"3289 - Dispõe sobre abertura de crédito adicional - Planejamento e Obras 750,00",Leis,https://www.dosp.com.br/exibe_do.php?i=NzA1NTM3,https://www.dosp.com.br/leituratexto?p=MjI4NTg5Ng==,Secretaria de Obras
2025-09-03,2521,3290 - Dispõe sobre abertura de crédito suplementar FREA 418.860,Leis,https://www.dosp.com.br/exibe_do.php?i=NzA1NTM3,https://www.dosp.com.br/leituratexto?p=MjI4NTg5NQ==,Não identificada
2025-09-03,2521,8464 - Dispõe sobre abertura de crédito suplementar FREA 418.860,Decretos,https://www.dosp.com.br/exibe_do.php?i=NzA1NTM3,https://www.dosp.com.br/leituratexto?p=MjI4NTg5OQ==,Não identificada
2025-09-03,2521,"8463 - Dispõe sobre abertura de crédito adicional - Planejamento e Obras 750,00",Decretos,https://www.dosp.com.br/exibe_do.php?i=NzA1NTM3,https://www.dosp.com.br/leituratexto?p=MjI4NTkwMA==,Secretaria de Obras
2025-09-02,2520,8461 - PRORROGAÇÃO REFIS  - dezembro,Decretos,https://www.dosp.com.br/exibe_do.php?i=NzA0NzIz,https://www.dosp.com.br/leituratexto?p=MjI4MzA4NQ==,Não identificada
2025-09-02,2520,3278 - Alteração da Lei 2654 de 16 de maio de 2022 - SANGIÁCOMO MATERIAIS DE CONSTRUÇÃO LTDA,Leis,https://www.dosp.com.br/exibe_do.php?i=NzA0NzIz,https://www.dosp.com.br/leituratexto?p=MjI4MzA2Mg==,Não identificada
2025-09-02,2520,3277 - Alteração da Lei 2722 de 30 de agosto de 2022 - Soupleliss Cosméticos,Leis,https://www.dosp.com.br/exibe_do.php?i=NzA0NzIz,https://www.dosp.com.br/leituratexto?p=MjI4MzA2Mw==,Não identificada
2025-09-01,2519,8460 - Nomeia Secretário da Proteção Animal - Rafael Busto Infante,Decretos,https://www.dosp.com.br/exibe_do.php?i=NzA0MzA5,https://www.dosp.com.br/leituratexto?p=MjI4MTg3NA==,Não identificada
2025-08-28,2517,8444 - reorganiza comissão viva leite - revoga 8192,Decretos,https://www.dosp.com.br/exibe_do.php?i=NzAyODc2,https://www.dosp.com.br/leituratexto?p=MjI3ODMwNQ==,Não identificada
2025-08-27,2516,3282 - Inclui no calendário - Dia Enfermeira Márcia - Feminicídio,Leis,https://www.dosp.com.br/exibe_do.php?i=NzAyMjUy,https://www.dosp.com.br/leituratexto?p=MjI3NjczMA==,Não identificada
2025-08-27,2516,3283 - Dispõe sobre abertura de Crédito Adicional - Educação 850.846,Leis,https://www.dosp.com.br/exibe_do.php?i=NzAyMjUy,https://www.dosp.com.br/leituratexto?p=MjI3NjcyOQ==,Secretaria de Educação
2025-08-27,2516,378 - Concessão de isenção de taxa de alvará templos religiosos,Leis,https://www.dosp.com.br/exibe_do.php?i=NzAyMjUy,https://www.dosp.com.br/leituratexto?p=MjI3NjczNA==,Não identificada
2025-08-27,2516,3284 - Dispõe sobre abertura de Crédito Adicional - SEMADS 11.610,Leis,https://www.dosp.com.br/exibe_do.php?i=NzAyMjUy,https://www.dosp.com.br/leituratexto?p=MjI3NjcyOA==,Não identificada
2025-08-27,2516,3285 - Dispõe sobre abertura de Crédito Adicional - SEMADS 65.634,Leis,https://www.dosp.com.br/exibe_do.php?i=NzAyMjUy,https://www.dosp.com.br/leituratexto?p=MjI3NjcyNw==,Não identificada
2025-08-27,2516,3281 - Dispõe sobre a garantia prioridade programas habitacionais,Leis,https://www.dosp.com.br/exibe_do.php?i=NzAyMjUy,https://www.dosp.com.br/leituratexto?p=MjI3NjczMQ==,Não identificada
2025-08-27,2516,3286 - Dispõe sobre abertura de Crédito Adicional - SEMADS 78.000,Leis,https://www.dosp.com.br/exibe_do.php?i=NzAyMjUy,https://www.dosp.com.br/leituratexto?p=MjI3NjcyNg==,Não identificada
2025-08-27,2516,8454 - Dispõe sobre abertura de Crédito Adicional - Educação 850.846,Decretos,https://www.dosp.com.br/exibe_do.php?i=NzAyMjUy,https://www.dosp.com.br/leituratexto?p=MjI3NjczOQ==,Secretaria de Educação
2025-08-27,2516,8451 - Crédito  FREA - Itamar,Decretos,https://www.dosp.com.br/exibe_do.php?i=NzAyMjUy,https://www.dosp.com.br/leituratexto?p=MjI3NTg0OQ==,Não identificada
2025-08-27,2516,8455 - Dispõe sobre abertura de Crédito Adicional - SEMADS 11.610,Decretos,https://www.dosp.com.br/exibe_do.php?i=NzAyMjUy,https://www.dosp.com.br/leituratexto?p=MjI3NjczOA==,Não identificada
2025-08-27,2516,8457 - Dispõe sobre abertura de Crédito Adicional - SEMADS 78.000,Decretos,https://www.dosp.com.br/exibe_do.php?i=NzAyMjUy,https://www.dosp.com.br/leituratexto?p=MjI3NjczNg==,Não identificada
2025-08-27,2516,8456 - Dispõe sobre abertura de Crédito Adicional - SEMADS 65.634,Decretos,https://www.dosp.com.br/exibe_do.php?i=NzAyMjUy,https://www.dosp.com.br/leituratexto?p=MjI3NjczNw==,Não identificada
2025-08-26,2515,8450 - Regularização RESTOS A PAGAR,Decretos,https://www.dosp.com.br/exibe_do.php?i=NzAxNjAz,https://www.dosp.com.br/leituratexto?p=MjI3MzkwMg==,Não identificada
2025-08-26,2515,8449 - Reorganiza Comite Intersetorial da politica publica para monitoramento do Plano Municipal da Primeira Infancia - revoga 8226,Decretos,https://www.dosp.com.br/exibe_do.php?i=NzAxNjAz,https://www.dosp.com.br/leituratexto?p=MjI3MzkwMw==,Não identificada
2025-08-22,2512,3280 - Alteração da Lei 1407 de 31 de agosto de 2010 - Companhia da Policia Militar,Leis,https://www.dosp.com.br/exibe_do.php?i=NzAwMTI1,https://www.dosp.com.br/leituratexto?p=MjI2ODMxMw==,Não identificada
2025-08-22,2512,3279 - Alteração da Lei 2142 de 03 de outubro de 2017 - Convênio Operação Delegada,Leis,https://www.dosp.com.br/exibe_do.php?i=NzAwMTI1,https://www.dosp.com.br/leituratexto?p=MjI2ODMxNA==,Não identificada
2025-08-20,2511,377 - Alteração da Lei Complementar 229 de 03 de outubro de 2017 - Fundo Municipal Corpo de Bombeiros,Leis,https://www.dosp.com.br/exibe_do.php?i=Njk5MDgw,https://www.dosp.com.br/leituratexto?p=MjI2NzgxMQ==,Não identificada
2025-08-20,2511,3276 - Concessão de uso - Associação Motociclistas Insanos Mot Clube,Leis,https://www.dosp.com.br/exibe_do.php?i=Njk5MDgw,https://www.dosp.com.br/leituratexto?p=MjI2NzgxNg==,Não identificada
2025-08-13,2504,8441- DECRETO NCE,Decretos,https://www.dosp.com.br/exibe_do.php?i=Njk1OTIx,https://www.dosp.com.br/leituratexto?p=MjI1NjQ3Nw==,Não identificada
2025-08-13,2504,3274 - Evento anual Festival Natureza,Leis,https://www.dosp.com.br/exibe_do.php?i=Njk1OTIx,https://www.dosp.com.br/leituratexto?p=MjI1NTEzOQ==,Não identificada
2025-08-13,2504,3275 - Cria Dossiê Mulher Avareense,Leis,https://www.dosp.com.br/exibe_do.php?i=Njk1OTIx,https://www.dosp.com.br/leituratexto?p=MjI1NTEzOA==,Não identificada
2025-08-12,2503,8438- DECRETO JUVENTUDE,Decretos,https://www.dosp.com.br/exibe_do.php?i=Njk1MjY2,https://www.dosp.com.br/leituratexto?p=MjI1MzMzNA==,Não identificada
2025-08-12,2503,8439 - Nomeia comissão fiscalizadora concurso 01.2025,Decretos,https://www.dosp.com.br/exibe_do.php?i=Njk1MjY2,https://www.dosp.com.br/leituratexto?p=MjI1NDE1OQ==,Não identificada
2025-08-06,2499,3273 - Abertura de Crédito Adicional Saude 1.500.000 - assinada,Leis,https://www.dosp.com.br/exibe_do.php?i=NjkyNzg1,,Não identificada
2025-08-06,2499,3269 - Dispõe sobre alteração da §1 do art. 1º da Lei 3233-2025 - assinada,Leis,https://www.dosp.com.br/exibe_do.php?i=NjkyNzg1,,Não identificada
2025-08-06,2499,3268 - Institui no calendário Oficial Semana Municipal Conscientização Autismo - assinado,Leis,https://www.dosp.com.br/exibe_do.php?i=NjkyNzg1,,Não identificada
2025-08-06,2499,3270 - Abertura de Crédito Adicional Fundo municipal Saúde 84.069 - assinada,Leis,https://www.dosp.com.br/exibe_do.php?i=NjkyNzg1,,Secretaria de Saúde
2025-08-06,2499,3267 - Dispõe sobre divulgação despesas eventos artísticos e culturais - assinado,Leis,https://www.dosp.com.br/exibe_do.php?i=NjkyNzg1,,Secretaria de Cultura
2025-08-06,2499,3271 - Abertura de Crédito Adicional SEMADS 283.246 - assinada,Leis,https://www.dosp.com.br/exibe_do.php?i=NjkyNzg1,,Não identificada
2025-08-06,2499,8433 - Abertura de Crédito Adicional SEMADS 283.246 - assinado,Decretos,https://www.dosp.com.br/exibe_do.php?i=NjkyNzg1,,Não identificada
2025-08-06,2499,3272 - Abertura de Crédito Adicional SEMADS 65.298 - assinada,Leis,https://www.dosp.com.br/exibe_do.php?i=NjkyNzg1,,Não identificada
2025-08-06,2499,8432 - Abertura de Crédito Adicional Fundo municipal Saúde 84.069 - assinado,Decretos,https://www.dosp.com.br/exibe_do.php?i=NjkyNzg1,,Secretaria de Saúde
2025-08-06,2499,8435 - Abertura de Crédito Adicional Saude 1.500.000 - assinado,Decretos,https://www.dosp.com.br/exibe_do.php?i=NjkyNzg1,,Não identificada
2025-08-06,2499,8434 - Abertura de Crédito Adicional SEMADS 65.298 - assinado,Decretos,https://www.dosp.com.br/exibe_do.php?i=NjkyNzg1,,Não identificada
2025-08-05,2497,8431 - Comissão organizadora FAMPOP 2025,Decretos,https://www.dosp.com.br/exibe_do.php?i=NjkyMTM4,https://www.dosp.com.br/leituratexto?p=MjI0NDg3Mw==,Não identificada
2025-08-04,2496,761 - designa Marisa Dias Melo,Decretos,https://www.dosp.com.br/exibe_do.php?i=NjkxNTk5,https://www.dosp.com.br/leituratexto?p=MjI0NDI5MQ==,Não identificada
2025-08-04,2496,8427 - Reorganiza o Conselho Municipal do Plano Diretor,Decretos,https://www.dosp.com.br/exibe_do.php?i=NjkxNTk5,https://www.dosp.com.br/leituratexto?p=MjI0NDI5Mg==,Não identificada
2025-07-31,2493,8426- reorganiza o COMDEMA - revoga 6302,Decretos,https://www.dosp.com.br/exibe_do.php?i=NjkwMjMz,https://www.dosp.com.br/leituratexto?p=MjI0MDA3NA==,Não identificada
2025-07-31,2493,758 – (...),Portarias,https://www.dosp.com.br/exibe_do.php?i=NjkwMjMz,https://www.dosp.com.br/leituratexto?p=MjIzNjkwMQ==,Não identificada
2025-07-31,2493,8425 -  homologação adicional de qualificação educação básica,Decretos,https://www.dosp.com.br/exibe_do.php?i=NjkwMjMz,https://www.dosp.com.br/leituratexto?p=MjI0MDA2Ng==,Secretaria de Educação
2025-07-24,2485,375 - Dispõe sobre a alteração do anexo I da LC 126 - Psicologo,Leis,https://www.dosp.com.br/exibe_do.php?i=Njg2ODky,,Não identificada
2025-07-24,2485,3265 - Dispõe sobre a revogação da Lei 1794 de maio de 2014 - doação de área Paula Souza,Leis,https://www.dosp.com.br/exibe_do.php?i=Njg2ODky,https://www.dosp.com.br/leituratexto?p=MjIzMDM1MA==,Não identificada
2025-07-24,2485,376 - Dispõe sobre a alteração do anexo I da LC 126 - Técnico de Manutenção em Equipamento de informática,Leis,https://www.dosp.com.br/exibe_do.php?i=Njg2ODky,,Não identificada
2025-07-24,2485,3266 - Abertura de Crédito Adicional Especial - SEMADS,Leis,https://www.dosp.com.br/exibe_do.php?i=Njg2ODky,https://www.dosp.com.br/leituratexto?p=MjIzMDM0OQ==,Não identificada
2025-07-24,2485,8418 - Abertura de Crédito Adicional Especial - SEMADS 20.000,Decretos,https://www.dosp.com.br/exibe_do.php?i=Njg2ODky,https://www.dosp.com.br/leituratexto?p=MjIzMDM1Nw==,Não identificada
2025-07-24,2485,374 - Dispõe sobre a alteração do anexo I da LC 126 - Controle Interno,Leis,https://www.dosp.com.br/exibe_do.php?i=Njg2ODky,,Não identificada
2025-07-23,2483,8412- CARTAO CONSIGNADO,Decretos,https://www.dosp.com.br/exibe_do.php?i=Njg2MDU3,https://www.dosp.com.br/leituratexto?p=MjIyNzUxMQ==,Não identificada
2025-07-21,2480,8282 - Decreto Publicidade Institucional - AVARÉ,Decretos,https://www.dosp.com.br/exibe_do.php?i=Njg1MDcy,https://www.dosp.com.br/leituratexto?p=MjIyNDYyMg==,Não identificada
2025-07-21,2480,3262 - Abertura de crédito adicional especial 5.188 - semads,Leis,https://www.dosp.com.br/exibe_do.php?i=Njg1MDcy,https://www.dosp.com.br/leituratexto?p=MjIyNTA1Mg==,Não identificada
2025-07-21,2480,8412- CARTAO CONSIGNADO,Decretos,https://www.dosp.com.br/exibe_do.php?i=Njg1MDcy,https://www.dosp.com.br/leituratexto?p=MjIyNDYxNA==,Não identificada
2025-07-21,2480,8414 - Abertura de crédito adicional especial 2.309 - semads,Decretos,https://www.dosp.com.br/exibe_do.php?i=Njg1MDcy,https://www.dosp.com.br/leituratexto?p=MjIyNTA2MA==,Não identificada
2025-07-21,2480,8282 - ANEXO - Guia Manual de Identidade Visual 1 - Avaré 2025 - 2028,Decretos,https://www.dosp.com.br/exibe_do.php?i=Njg1MDcy,,Não identificada
2025-07-21,2480,8413 - Abertura de crédito adicional especial 5.188 - semads,Decretos,https://www.dosp.com.br/exibe_do.php?i=Njg1MDcy,https://www.dosp.com.br/leituratexto?p=MjIyNTA2MQ==,Não identificada
2025-07-21,2480,8410 -PARLC - Institui Programa de Análise de Licitações,Decretos,https://www.dosp.com.br/exibe_do.php?i=Njg1MDcy,https://www.dosp.com.br/leituratexto?p=MjIyNDYyOA==,Não identificada
2025-07-21,2480,3263 - Abertura de crédito adicional especial 2.309 - semads,Leis,https://www.dosp.com.br/exibe_do.php?i=Njg1MDcy,https://www.dosp.com.br/leituratexto?p=MjIyNTA1MQ==,Não identificada
2025-07-21,2480,8402 - reorganiza os membros da Comissão Tecnica de Gestão de Carreiras da Educação Básica - revoga 8189,Decretos,https://www.dosp.com.br/exibe_do.php?i=Njg1MDcy,https://www.dosp.com.br/leituratexto?p=MjIyNTE1NQ==,Secretaria de Educação
2025-07-21,2480,3264 - Abertura de crédito adicional especial 16.915 - semads,Leis,https://www.dosp.com.br/exibe_do.php?i=Njg1MDcy,https://www.dosp.com.br/leituratexto?p=MjIyNTA1MA==,Não identificada
2025-07-21,2480,8415 - Abertura de crédito adicional especial 16.915 - semads,Decretos,https://www.dosp.com.br/exibe_do.php?i=Njg1MDcy,https://www.dosp.com.br/leituratexto?p=MjIyNTA1OQ==,Não identificada
2025-07-21,2480,3261 - Institui Loteria Municipal,Leis,https://www.dosp.com.br/exibe_do.php?i=Njg1MDcy,https://www.dosp.com.br/leituratexto?p=MjIyNTA1Mw==,Não identificada
2025-07-15,2475,3259 - Dispõe sobre a distribuição da alementação escolar para alunos da Rede Municipal,Leis,https://www.dosp.com.br/exibe_do.php?i=NjgyMzIy,https://www.dosp.com.br/leituratexto?p=MjIxNjI3Nw==,Não identificada
2025-07-15,2475,3258 - Dispõe sobre a REVOGAÇÃO da Lei nº 2.768 de 24 de novembro de 2022,Leis,https://www.dosp.com.br/exibe_do.php?i=NjgyMzIy,https://www.dosp.com.br/leituratexto?p=MjIxNjI3OA==,Não identificada
2025-07-15,2475,"3260 - Altera o artigo 135, da Lei nº 315, de 23 de maio de 1995, disciplinando as consignações facultativas em folha de pagamento",Leis,https://www.dosp.com.br/exibe_do.php?i=NjgyMzIy,https://www.dosp.com.br/leituratexto?p=MjIxNjI3OQ==,Não identificada
2025-07-14,2473,8405- AUTORIZAÇÃO USO AMIGO SOLIDARIO,Decretos,https://www.dosp.com.br/exibe_do.php?i=NjgxMDkw,https://www.dosp.com.br/leituratexto?p=MjIxNDUxMA==,Não identificada
2025-07-03,2463,702 – (...),Portarias,https://www.dosp.com.br/exibe_do.php?i=Njc2ODAx,https://www.dosp.com.br/leituratexto?p=MjIwMjM2Mw==,Não identificada
2025-07-02,2462,8390 - Reorganiza o Conselho Municipal do Plano Diretor,Decretos,https://www.dosp.com.br/exibe_do.php?i=Njc2NTg4,https://www.dosp.com.br/leituratexto?p=MjIwMTg2MA==,Não identificada
2025-07-02,2462,8385 -  reorganiza conselho municipal dos direitos da criança e do adolescente - cmdca - revoga 8253,Decretos,https://www.dosp.com.br/exibe_do.php?i=Njc2NTg4,https://www.dosp.com.br/leituratexto?p=MjIwMDk1Mw==,Não identificada
2025-07-01,2461,8392 - Abertura de Crédito Adicional  anulação 180 reais - semads,Decretos,https://www.dosp.com.br/exibe_do.php?i=Njc1OTcz,https://www.dosp.com.br/leituratexto?p=MjIwMDA0OA==,Não identificada
2025-07-01,2461,8391 - Abertura de Crédito Adicional 200.000 - Saúde,Decretos,https://www.dosp.com.br/exibe_do.php?i=Njc1OTcz,https://www.dosp.com.br/leituratexto?p=MjIwMDA0OQ==,Secretaria de Saúde
2025-07-01,2461,3257 - Abertura de Crédito Adicional  anulação 180 reais - semads,Leis,https://www.dosp.com.br/exibe_do.php?i=Njc1OTcz,https://www.dosp.com.br/leituratexto?p=MjIwMDAzOQ==,Não identificada
2025-07-01,2461,3254 - Altera o parágrafo 2º do artigo 3 da lei 1812 de 2014,Leis,https://www.dosp.com.br/exibe_do.php?i=Njc1OTcz,https://www.dosp.com.br/leituratexto?p=MjIwMDA0Mg==,Não identificada
2025-07-01,2461,3256 - Abertura de Crédito Adicional 200.000 - Saúde,Leis,https://www.dosp.com.br/exibe_do.php?i=Njc1OTcz,https://www.dosp.com.br/leituratexto?p=MjIwMDA0MA==,Secretaria de Saúde
2025-07-01,2461,3252 - Institui Programa Adote um ponto de ônibus,Leis,https://www.dosp.com.br/exibe_do.php?i=Njc1OTcz,https://www.dosp.com.br/leituratexto?p=MjIwMDA0NA==,Não identificada
2025-07-01,2461,3255 - Concessão de uso Associação Paulista de Equoterapia,Leis,https://www.dosp.com.br/exibe_do.php?i=Njc1OTcz,https://www.dosp.com.br/leituratexto?p=MjIwMDA0MQ==,Não identificada
2025-07-01,2461,373 - Dispõe sobre a alteração da LC 364 - prorrogação REFIS,Leis,https://www.dosp.com.br/exibe_do.php?i=Njc1OTcz,https://www.dosp.com.br/leituratexto?p=MjIwMDAzOA==,Não identificada
2025-07-01,2461,3253 - Dispõe sobre obrigatoriedade de participação da OAB em concursos públicos,Leis,https://www.dosp.com.br/exibe_do.php?i=Njc1OTcz,https://www.dosp.com.br/leituratexto?p=MjIwMDA0Mw==,Não identificada
2025-06-25,2455,3248 - Autoriza o Município a celebrar convênio operacionalização de cartão de crédito consignado,Leis,https://www.dosp.com.br/exibe_do.php?i=NjcwODU5,https://www.dosp.com.br/leituratexto?p=MjE5MTAwMA==,Não identificada
2025-06-25,2455,"8382 - Dispõe sobre abertura de crédito adicional especial 1.739.785,54 - educação",Decretos,https://www.dosp.com.br/exibe_do.php?i=NjcwODU5,https://www.dosp.com.br/leituratexto?p=MjE5MTAwNw==,Secretaria de Educação
2025-06-25,2455,"8381 - Abertura de crédito adicional especial 2.646.000,00 Secretaria da Educação Merenda",Decretos,https://www.dosp.com.br/exibe_do.php?i=NjcwODU5,https://www.dosp.com.br/leituratexto?p=MjE5MTAwOA==,Secretaria de Educação
2025-06-25,2455,8378 - COMPDEC - DEFESA CIVIL,Decretos,https://www.dosp.com.br/exibe_do.php?i=NjcwODU5,https://www.dosp.com.br/leituratexto?p=MjE5MDc5MA==,Não identificada
2025-06-25,2455,"8383 - Dispõe sobre abertura de crédito adicional especial 66,72 - cultura",Decretos,https://www.dosp.com.br/exibe_do.php?i=NjcwODU5,https://www.dosp.com.br/leituratexto?p=MjE5MTAwNg==,Secretaria de Cultura
2025-06-25,2455,"3251 - Dispõe sobre abertura de crédito adicional especial 66,72 - cultura",Leis,https://www.dosp.com.br/exibe_do.php?i=NjcwODU5,https://www.dosp.com.br/leituratexto?p=MjE5MDk5Nw==,Secretaria de Cultura
2025-06-25,2455,3247 - Dispõe sobre as diretrizes orçamentárias do município para elaboração da LOA 2026,Leis,https://www.dosp.com.br/exibe_do.php?i=NjcwODU5,https://www.dosp.com.br/leituratexto?p=MjE5MTAwMQ==,Não identificada
2025-06-25,2455,"3250 - Dispõe sobre abertura de crédito adicional especial 1.739.785,54 - educação",Leis,https://www.dosp.com.br/exibe_do.php?i=NjcwODU5,https://www.dosp.com.br/leituratexto?p=MjE5MDk5OA==,Secretaria de Educação
2025-06-25,2455,3246 - Dispõe sobre a garantia do direito ao acesso pleno à informação aos deficientes visuais - pracegover,Leis,https://www.dosp.com.br/exibe_do.php?i=NjcwODU5,https://www.dosp.com.br/leituratexto?p=MjE5MTAwMg==,Não identificada
2025-06-25,2455,372 - Dispõe sobre alterações dos incisos I e II do artigo 8° da lei complementar 260 de 2021 - plano diretor,Leis,https://www.dosp.com.br/exibe_do.php?i=NjcwODU5,https://www.dosp.com.br/leituratexto?p=MjE5MTAwMw==,Não identificada
2025-06-25,2455,"3249 - Abertura de crédito adicional especial 2.646.000,00 Secretaria da Educação Merenda",Leis,https://www.dosp.com.br/exibe_do.php?i=NjcwODU5,https://www.dosp.com.br/leituratexto?p=MjE5MDk5OQ==,Secretaria de Educação
2025-06-17,2450,8377 - Dispõe sobre abertura de crédito adicional suplementar 3.776.334 - secretaria da educação,Decretos,https://www.dosp.com.br/exibe_do.php?i=NjY4MTU5,https://www.dosp.com.br/leituratexto?p=MjE4MzY4Mw==,Secretaria de Educação
2025-06-17,2450,3244 - Dispõe sobre alteração da lei 3207 de 2025 - associação nacional do cavalo de rédeas ANCR,Leis,https://www.dosp.com.br/exibe_do.php?i=NjY4MTU5,https://www.dosp.com.br/leituratexto?p=MjE4MzYzNA==,Não identificada
2025-06-17,2450,3243 - Dispõe sobre abertura de crédito adicional suplementar - planejamento e obras - 4.924,Leis,https://www.dosp.com.br/exibe_do.php?i=NjY4MTU5,https://www.dosp.com.br/leituratexto?p=MjE4MzYzNQ==,Secretaria de Obras
2025-06-17,2450,3239 - Dispõe sobre a vacinação domiciliar das pessoas com autismo,Leis,https://www.dosp.com.br/exibe_do.php?i=NjY4MTU5,https://www.dosp.com.br/leituratexto?p=MjE4MzYzOQ==,Não identificada
2025-06-17,2450,3242 - Dispõe sobre abertura de crédito adicional suplementar fundo municipal da saude - 611.557,Leis,https://www.dosp.com.br/exibe_do.php?i=NjY4MTU5,https://www.dosp.com.br/leituratexto?p=MjE4MzYzNg==,Não identificada
2025-06-17,2450,3241 - Dispõe sobre alteração da lei 134 de 19 de setembro de 2001,Leis,https://www.dosp.com.br/exibe_do.php?i=NjY4MTU5,https://www.dosp.com.br/leituratexto?p=MjE4MzYzNw==,Não identificada
2025-06-17,2450,3245 - Dispõe sobre abertura de crédito adicional suplementar 3.776.334 - secretaria da educação,Leis,https://www.dosp.com.br/exibe_do.php?i=NjY4MTU5,https://www.dosp.com.br/leituratexto?p=MjE4MzYzMw==,Secretaria de Educação
2025-06-17,2450,3240 - Institui o Dia do Motociclista,Leis,https://www.dosp.com.br/exibe_do.php?i=NjY4MTU5,https://www.dosp.com.br/leituratexto?p=MjE4MzYzOA==,Não identificada
2025-06-17,2450,8375 - Dispõe sobre abertura de crédito adicional suplementar fundo municipal da saude - 611.557,Decretos,https://www.dosp.com.br/exibe_do.php?i=NjY4MTU5,https://www.dosp.com.br/leituratexto?p=MjE4MzY4NQ==,Não identificada
2025-06-17,2450,8376 - Dispõe sobre abertura de crédito adicional suplementar - planejamento e obras - 4.924,Decretos,https://www.dosp.com.br/exibe_do.php?i=NjY4MTU5,https://www.dosp.com.br/leituratexto?p=MjE4MzY4NA==,Secretaria de Obras
2025-06-16,2449,8355 - desapropriação utilidade pública - prolongamento rua nicola pizza matrícula 0562,Decretos,https://www.dosp.com.br/exibe_do.php?i=NjY3NTM2,https://www.dosp.com.br/leituratexto?p=MjE4MjIwOQ==,Não identificada
2025-06-16,2449,8353 - declaração de utilidade publica para desapropriação - matricula 50561 Lucia helena miranda,Decretos,https://www.dosp.com.br/exibe_do.php?i=NjY3NTM2,https://www.dosp.com.br/leituratexto?p=MjE4MTgwMw==,Não identificada
2025-06-16,2449,8372 - Decreto homologação progressão CONCEICAO APARECIDA MELENCHON RUBIO,Decretos,https://www.dosp.com.br/exibe_do.php?i=NjY3NTM2,https://www.dosp.com.br/leituratexto?p=MjE4MTc5Mg==,Não identificada
2025-06-16,2449,8373 - nomeia Leonardo Rocha Zanardo - Relações Publicas,Decretos,https://www.dosp.com.br/exibe_do.php?i=NjY3NTM2,https://www.dosp.com.br/leituratexto?p=MjE4MTk2NA==,Não identificada
2025-06-16,2449,8370  - Reorganiza Conselho Fundo Habitação - revoga 8349,Decretos,https://www.dosp.com.br/exibe_do.php?i=NjY3NTM2,https://www.dosp.com.br/leituratexto?p=MjE4MTc5Mw==,Não identificada
2025-06-16,2449,8354 - desapropriação utilidade pública - prolongamento da avenida francisco gurgel pismel - matricula 0562,Decretos,https://www.dosp.com.br/exibe_do.php?i=NjY3NTM2,https://www.dosp.com.br/leituratexto?p=MjE4MjIwNw==,Não identificada
2025-06-16,2449,8369 - PRORROGAÇÃO REFIS  - setembro,Decretos,https://www.dosp.com.br/exibe_do.php?i=NjY3NTM2,https://www.dosp.com.br/leituratexto?p=MjE4MTc5NA==,Não identificada
2025-06-13,2447,8367 - Regulamentação do recesso escolar da rede municipal de ensino no mês de julho de 2025,Decretos,https://www.dosp.com.br/exibe_do.php?i=NjY2Nzgx,https://www.dosp.com.br/leituratexto?p=MjE3OTY1Mg==,Não identificada
2025-06-12,2445,8366 - Comissão Fiscalizadora concurso público 2022,Decretos,https://www.dosp.com.br/exibe_do.php?i=NjY2MDY4,https://www.dosp.com.br/leituratexto?p=MjE3NzYxNQ==,Não identificada
2025-06-11,2442,8360 - reorganiza gta - grupo tecnico de apoio,Decretos,https://www.dosp.com.br/exibe_do.php?i=NjY1MjU1,https://www.dosp.com.br/leituratexto?p=MjE3NTE0OA==,Não identificada
2025-06-11,2442,8357 - Reorganização do COMEA - educação ambiental - revoga 7554 de 2024,Decretos,https://www.dosp.com.br/exibe_do.php?i=NjY1MjU1,https://www.dosp.com.br/leituratexto?p=MjE3NTE0OQ==,Secretaria de Educação
2025-06-10,2440,8362 - Dispõe sobre abertura de crédito adicional especial - Fundo Saúde,Decretos,https://www.dosp.com.br/exibe_do.php?i=NjY0ODgw,https://www.dosp.com.br/leituratexto?p=MjE3NDc3NQ==,Secretaria de Saúde
2025-06-10,2440,8361 - Dispõe sobre abertura de crédito suplementar - Fundo Saúde,Decretos,https://www.dosp.com.br/exibe_do.php?i=NjY0ODgw,https://www.dosp.com.br/leituratexto?p=MjE3NDc3Ng==,Secretaria de Saúde
2025-06-10,2440,3238 - Dispõe sobre abertura de crédito adicional especial - Fundo Saúde,Leis,https://www.dosp.com.br/exibe_do.php?i=NjY0ODgw,https://www.dosp.com.br/leituratexto?p=MjE3NDc2OQ==,Secretaria de Saúde
2025-06-10,2440,3236 - Dispõe sobre concessão de uso AMAGOLF,Leis,https://www.dosp.com.br/exibe_do.php?i=NjY0ODgw,https://www.dosp.com.br/leituratexto?p=MjE3NDc3MQ==,Não identificada
2025-06-10,2440,3237 - Dispõe sobre abertura de crédito suplementar - Fundo Saúde,Leis,https://www.dosp.com.br/exibe_do.php?i=NjY0ODgw,https://www.dosp.com.br/leituratexto?p=MjE3NDc3MA==,Secretaria de Saúde
2025-06-10,2440,371 - Dispõe sobre a concessão de isenção fiscal para empresa HANNA ENGENHARIA E CONSTRUÇÃO,Leis,https://www.dosp.com.br/exibe_do.php?i=NjY0ODgw,https://www.dosp.com.br/leituratexto?p=MjE3NDc3Mg==,Não identificada
2025-06-06,2437,8352 -  nomeia comissão de apoio delegações esportivas 67 jogos regionais itapetininga,Decretos,https://www.dosp.com.br/exibe_do.php?i=NjYzNDQy,https://www.dosp.com.br/leituratexto?p=MjE3MDg0Ng==,Não identificada
2025-06-05,2434,8350 - Ponto facultativo 20 de junho de 2025 - corpus christi,Decretos,https://www.dosp.com.br/exibe_do.php?i=NjYyNzQ3,https://www.dosp.com.br/leituratexto?p=MjE2ODcyNg==,Não identificada
2025-06-05,2434,8349  - Reorganiza Conselho Fundo Habitação - revoga 8158,Decretos,https://www.dosp.com.br/exibe_do.php?i=NjYyNzQ3,https://www.dosp.com.br/leituratexto?p=MjE2NzQ3Mw==,Não identificada
2025-06-05,2434,8336 - Plano Setorial de Transporte e Mobilidade Urbana,Decretos,https://www.dosp.com.br/exibe_do.php?i=NjYyNzQ3,https://www.dosp.com.br/leituratexto?p=MjE2NzQ3Ng==,Secretaria de Transporte
2025-06-05,2434,680 – (...),Portarias,https://www.dosp.com.br/exibe_do.php?i=NjYyNzQ3,,Não identificada
2025-06-05,2434,8348 - Dispõe sobre abertura de crédito adicional 269.300 - Fundo Saúde,Decretos,https://www.dosp.com.br/exibe_do.php?i=NjYyNzQ3,https://www.dosp.com.br/leituratexto?p=MjE2NzQ3NA==,Secretaria de Saúde
2025-06-05,2434,"8347 - Covocação 14 Conferência Municipal de Assistência Social, cujo tema central  20 ANOS DO SUAS CONSTRUÇÃO, PROTEÇÃO SOCIAL E RESISTÊNCIA",Decretos,https://www.dosp.com.br/exibe_do.php?i=NjYyNzQ3,https://www.dosp.com.br/leituratexto?p=MjE2NzQ3NQ==,Secretaria de Assistência Social
2025-06-05,2434,3233 - Dispõe sobre gratuidade de ingressos ou inscrições para pessoas idosas e com deficiência em eventos,Leis,https://www.dosp.com.br/exibe_do.php?i=NjYyNzQ3,https://www.dosp.com.br/leituratexto?p=MjE2NzQ2MQ==,Não identificada
2025-06-05,2434,3234 - Institui Semana Municipal Djanira,Leis,https://www.dosp.com.br/exibe_do.php?i=NjYyNzQ3,https://www.dosp.com.br/leituratexto?p=MjE2NzQ2MA==,Não identificada
2025-06-05,2434,3235 - Dispõe sobre abertura de crédito adicional 269.300 - Fundo Saúde,Leis,https://www.dosp.com.br/exibe_do.php?i=NjYyNzQ3,https://www.dosp.com.br/leituratexto?p=MjE2NzQ1OQ==,Secretaria de Saúde
2025-06-05,2434,3232 - Dispõe sobre a disponibilização de fone antirruído às pessoas TEA em órgãos públicos,Leis,https://www.dosp.com.br/exibe_do.php?i=NjYyNzQ3,https://www.dosp.com.br/leituratexto?p=MjE2NzQ2Mg==,Não identificada
2025-05-29,2424,3231 - Autoriza desembolsar valores para custeio da delegação avareense dos 67º Jogos Regionais 2025 – Sede Itapetininga,Leis,https://www.dosp.com.br/exibe_do.php?i=NjU4ODk4,https://www.dosp.com.br/leituratexto?p=MjE1NzAyNA==,Não identificada
2025-05-29,2424,673 – (...),Portarias,https://www.dosp.com.br/exibe_do.php?i=NjU4ODk4,https://www.dosp.com.br/leituratexto?p=MjE1NzAzMA==,Não identificada
2025-05-29,2426,8343-  Autoriza planos de loteamento e arrruamento loteamento SÃO ROGERIO III,Decretos,https://www.dosp.com.br/exibe_do.php?i=NjU5MTI4,,Não identificada
2025-05-29,2424,3230 -Institui o dia municípal do Flash Back,Leis,https://www.dosp.com.br/exibe_do.php?i=NjU4ODk4,https://www.dosp.com.br/leituratexto?p=MjE1NzAyNQ==,Não identificada
2025-05-28,2422,"3228 - Crédito Adicional 583.672,67",Leis,https://www.dosp.com.br/exibe_do.php?i=NjU4NTEy,https://www.dosp.com.br/leituratexto?p=MjE1NDg0NQ==,Não identificada
2025-05-28,2422,8342 - luto oficial - servidora publica Marcia de Fátima Meira e suspensão das atividades no ubs vera cruz,Decretos,https://www.dosp.com.br/exibe_do.php?i=NjU4NTEy,https://www.dosp.com.br/leituratexto?p=MjE1NTEzMA==,Não identificada
2025-05-28,2422,"8341 - Crédito Adicional 44.001,10",Decretos,https://www.dosp.com.br/exibe_do.php?i=NjU4NTEy,https://www.dosp.com.br/leituratexto?p=MjE1NDg1MA==,Não identificada
2025-05-28,2422,"8340- Crédito Adicional 583.672,67",Decretos,https://www.dosp.com.br/exibe_do.php?i=NjU4NTEy,https://www.dosp.com.br/leituratexto?p=MjE1NDg0OQ==,Não identificada
2025-05-28,2422,"3229 - Crédito Adicional 44.001,10",Leis,https://www.dosp.com.br/exibe_do.php?i=NjU4NTEy,https://www.dosp.com.br/leituratexto?p=MjE1NDg0Ng==,Não identificada
2025-05-27,2421,2034_250527112 (...),Portarias,https://www.dosp.com.br/exibe_do.php?i=NjU3OTQ0,,Não identificada
2025-05-26,2418,8337 - Paralização temporária do CEI Zany Zequi,Decretos,https://www.dosp.com.br/exibe_do.php?i=NjU3MDY1,https://www.dosp.com.br/leituratexto?p=MjE1MDk4Mw==,Não identificada
2025-05-26,2418,8338 - Paralização temporária do CEI São Benedito,Decretos,https://www.dosp.com.br/exibe_do.php?i=NjU3MDY1,https://www.dosp.com.br/leituratexto?p=MjE1MDk4NA==,Não identificada
2025-05-22,2414,8332 - Homologação Complementar - Concurso Público 003-22 - agente comunitário,Decretos,https://www.dosp.com.br/exibe_do.php?i=NjU1NTkz,https://www.dosp.com.br/leituratexto?p=MjE0NTg3MQ==,Não identificada
2025-05-21,2412,8334 - Crédito Adicional 90.000,Decretos,https://www.dosp.com.br/exibe_do.php?i=NjU1MDUw,https://www.dosp.com.br/leituratexto?p=MjE0NDkxMw==,Não identificada
2025-05-21,2412,3227 - Crédito Adicional 90.000,Leis,https://www.dosp.com.br/exibe_do.php?i=NjU1MDUw,https://www.dosp.com.br/leituratexto?p=MjE0NDkwOA==,Não identificada
2025-05-21,2412,3226 - Crédito Adicional 5.598,Leis,https://www.dosp.com.br/exibe_do.php?i=NjU1MDUw,https://www.dosp.com.br/leituratexto?p=MjE0NDkwOQ==,Não identificada
2025-05-21,2412,3225 - Institui Semana da Juventude - 12 de agosto,Leis,https://www.dosp.com.br/exibe_do.php?i=NjU1MDUw,https://www.dosp.com.br/leituratexto?p=MjE0NDkxMA==,Não identificada
2025-05-21,2412,8333 - Crédito Adicional 5.598,Decretos,https://www.dosp.com.br/exibe_do.php?i=NjU1MDUw,https://www.dosp.com.br/leituratexto?p=MjE0NDkxNA==,Não identificada
2025-05-19,2409,8330 - Reorganização da comissão permanente de readaptação funcional - revoga 7890-24,Decretos,https://www.dosp.com.br/exibe_do.php?i=NjUzNjQw,https://www.dosp.com.br/leituratexto?p=MjEzOTU2OQ==,Não identificada
2025-05-19,2409,8328 - Reorganiza a Comissão Permanente de Avaliação e Desempenho dos Servidor em Estágio Probatório em 2025- revoga  7889 (6),Decretos,https://www.dosp.com.br/exibe_do.php?i=NjUzNjQw,https://www.dosp.com.br/leituratexto?p=MjEzOTU3MQ==,Não identificada
2025-05-19,2409,8329 - Reorganiza a Comissão Permanente de Desenvolvimento Funcional em 2025 - revoga 7892 (6),Decretos,https://www.dosp.com.br/exibe_do.php?i=NjUzNjQw,https://www.dosp.com.br/leituratexto?p=MjEzOTU3MA==,Não identificada
2025-05-15,2404,8327 - COMTUR - Conselho Turismo,Decretos,https://www.dosp.com.br/exibe_do.php?i=NjUyMjU0,https://www.dosp.com.br/leituratexto?p=MjEzNTQzMQ==,Não identificada
2025-05-14,2402,8321- Nomeia Secretário da Administração e Governo interino - Glauco Fabiano Fávaro de Oliveira,Decretos,https://www.dosp.com.br/exibe_do.php?i=NjUxNjE0,https://www.dosp.com.br/leituratexto?p=MjEzNDUxNg==,Secretaria de Administração
2025-05-13,2401,3222 - Institui o documento de identificação Pessoa com Câncer DIPC,Leis,https://www.dosp.com.br/exibe_do.php?i=NjUxMDQ2,https://www.dosp.com.br/leituratexto?p=MjEzMjUyNA==,Não identificada
2025-05-13,2401,3223 - Institui Campanha Abril Laranja - Contra o Abuso Animal,Leis,https://www.dosp.com.br/exibe_do.php?i=NjUxMDQ2,https://www.dosp.com.br/leituratexto?p=MjEzMjUyMw==,Não identificada
2025-05-13,2401,3224 - Institui Política de Conscientização e Atenção à Saúde das Mulheres no Cimatério e Menopausa,Leis,https://www.dosp.com.br/exibe_do.php?i=NjUxMDQ2,https://www.dosp.com.br/leituratexto?p=MjEzMjUyMg==,Secretaria de Saúde
2025-05-13,2401,3221 - Cria Cartilha de Proteção e bem estar animal,Leis,https://www.dosp.com.br/exibe_do.php?i=NjUxMDQ2,https://www.dosp.com.br/leituratexto?p=MjEzMjUyNQ==,Não identificada
2025-05-12,2399,8319 - luto oficial - Dr. Didi,Decretos,https://www.dosp.com.br/exibe_do.php?i=NjUwMTc4,https://www.dosp.com.br/leituratexto?p=MjEyOTI0Mw==,Não identificada
2025-05-06,2393,3216 - Abre Crédito Adicional Especial 48.103 - SEMADS,Decretos,https://www.dosp.com.br/exibe_do.php?i=NjQ3NjAz,https://www.dosp.com.br/leituratexto?p=MjEyMjcyMQ==,Não identificada
2025-05-06,2393,3219 - Autoriza repasse de recurso Santa Casa Misericórdia,Decretos,https://www.dosp.com.br/exibe_do.php?i=NjQ3NjAz,https://www.dosp.com.br/leituratexto?p=MjEyMjcxOA==,Não identificada
2025-05-06,2393,8315 - Abre Crédito Adicional Especial 129.500 - SEMADS,Decretos,https://www.dosp.com.br/exibe_do.php?i=NjQ3NjAz,https://www.dosp.com.br/leituratexto?p=MjEyMjcyNg==,Não identificada
2025-05-06,2393,3217 - Abre Crédito Adicional Especial 129.500 - SEMADS,Decretos,https://www.dosp.com.br/exibe_do.php?i=NjQ3NjAz,https://www.dosp.com.br/leituratexto?p=MjEyMjcyMA==,Não identificada
2025-05-06,2393,8316 - Abre Crédito Adicional Especial 126.182 - SEMADS,Decretos,https://www.dosp.com.br/exibe_do.php?i=NjQ3NjAz,https://www.dosp.com.br/leituratexto?p=MjEyMjcyNQ==,Não identificada
2025-05-06,2393,8314 - Abre Crédito Adicional Especial 48.103 - SEMADS,Decretos,https://www.dosp.com.br/exibe_do.php?i=NjQ3NjAz,https://www.dosp.com.br/leituratexto?p=MjEyMjcyNw==,Não identificada
2025-05-06,2393,3218 - Abre Crédito Adicional Especial 126.182 - SEMADS,Decretos,https://www.dosp.com.br/exibe_do.php?i=NjQ3NjAz,https://www.dosp.com.br/leituratexto?p=MjEyMjcxOQ==,Não identificada
2025-05-06,2393,3220 - Abre Crédito Adicional Especial 50.000 - SEMADS,Decretos,https://www.dosp.com.br/exibe_do.php?i=NjQ3NjAz,https://www.dosp.com.br/leituratexto?p=MjEyMjcxNw==,Não identificada
2025-05-06,2393,8317 - Abre Crédito Adicional Especial 50.000 - SEMADS,Decretos,https://www.dosp.com.br/exibe_do.php?i=NjQ3NjAz,https://www.dosp.com.br/leituratexto?p=MjEyMjcyNA==,Não identificada
2025-05-05,2390,3212 - Institui Dia de Concientização sobre experiências Adversas na Infância,Leis,https://www.dosp.com.br/exibe_do.php?i=NjQ3MDAw,https://www.dosp.com.br/leituratexto?p=MjEyMDU1OA==,Não identificada
2025-05-05,2390,8311 - Abre crédito adicional especial 26.057 - SEMADS,Decretos,https://www.dosp.com.br/exibe_do.php?i=NjQ3MDAw,https://www.dosp.com.br/leituratexto?p=MjEyMDU3Mw==,Não identificada
2025-05-05,2390,8310 -  retificação decreto 8246 - Progressão Horizontal PEB - Luciana,Decretos,https://www.dosp.com.br/exibe_do.php?i=NjQ3MDAw,https://www.dosp.com.br/leituratexto?p=MjExOTg0NA==,Não identificada
2025-05-05,2390,8309 -  homologação adicional de qualificação educação básica,Decretos,https://www.dosp.com.br/exibe_do.php?i=NjQ3MDAw,https://www.dosp.com.br/leituratexto?p=MjExOTg0NQ==,Secretaria de Educação
2025-05-05,2390,3211 - Institui Semana Escolar de Combate a Violência Contra a Mulher,Leis,https://www.dosp.com.br/exibe_do.php?i=NjQ3MDAw,https://www.dosp.com.br/leituratexto?p=MjEyMDU1OQ==,Não identificada
2025-05-05,2390,3214 - Abre crédito adicional especial 26.057 - SEMADS,Leis,https://www.dosp.com.br/exibe_do.php?i=NjQ3MDAw,https://www.dosp.com.br/leituratexto?p=MjEyMDU1Ng==,Não identificada
2025-05-05,2390,3210 - Reorganiza e reestrutura Conselho do Turismo COMTUR,Leis,https://www.dosp.com.br/exibe_do.php?i=NjQ3MDAw,https://www.dosp.com.br/leituratexto?p=MjEyMDU2MA==,Não identificada
2025-05-05,2390,3213 - Dispõe sobre Alteração do art. 3 da Lei 2774 de 2022,Leis,https://www.dosp.com.br/exibe_do.php?i=NjQ3MDAw,https://www.dosp.com.br/leituratexto?p=MjEyMDU1Nw==,Não identificada
2025-05-05,2390,370 - Acrescenta parágrafos 5 e 6 no artigo 3 da Lei 263-2021,Leis,https://www.dosp.com.br/exibe_do.php?i=NjQ3MDAw,https://www.dosp.com.br/leituratexto?p=MjEyMDU2NQ==,Não identificada
2025-05-05,2390,3215 - Estabelece índice revisão geral anual  servidores da Camara de vereadores,Leis,https://www.dosp.com.br/exibe_do.php?i=NjQ3MDAw,https://www.dosp.com.br/leituratexto?p=MjEyMDU1NQ==,Não identificada
2025-04-29,2386,8293 - Reorganiza Defesa Civil - revoga 8241,Decretos,https://www.dosp.com.br/exibe_do.php?i=NjQ1Mjcw,https://www.dosp.com.br/leituratexto?p=MjExNjcwMg==,Não identificada
2025-04-29,2386,646 – (...),Portarias,https://www.dosp.com.br/exibe_do.php?i=NjQ1Mjcw,https://www.dosp.com.br/leituratexto?p=MjExNTM4Ng==,Não identificada
2025-04-28,2385,8305 - Ponto facultativo 02 de maio de 2025,Decretos,https://www.dosp.com.br/exibe_do.php?i=NjQ0NDI2,https://www.dosp.com.br/leituratexto?p=MjExMzY4MA==,Não identificada
2025-04-28,2384,8304 - Homologação Complementar - Concurso Público 003-22,Decretos,https://www.dosp.com.br/exibe_do.php?i=NjQ0MTk2,https://www.dosp.com.br/leituratexto?p=MjExMzI2Mg==,Não identificada
2025-04-25,2382,8302-Declara Hóspede Oficial Renato Jose Garcia Grão Mestre,Decretos,https://www.dosp.com.br/exibe_do.php?i=NjQzOTM3,https://www.dosp.com.br/leituratexto?p=MjExMTcwNg==,Não identificada
2025-04-25,2381,8301-PRORROGAÇÃO REFIS ok,Decretos,https://www.dosp.com.br/exibe_do.php?i=NjQzNDcy,https://www.dosp.com.br/leituratexto?p=MjExMTI4MA==,Não identificada
2025-04-25,2381,8300 -  2ª Conferência dos Direitos da pessoa idosa,Decretos,https://www.dosp.com.br/exibe_do.php?i=NjQzNDcy,https://www.dosp.com.br/leituratexto?p=MjExMTI4NA==,Não identificada
2025-04-24,2380,8294 - ANEXO I,Decretos,https://www.dosp.com.br/exibe_do.php?i=NjQzMTI3,,Não identificada
2025-04-24,2380,8297- permissão uso emapa - JANTA DOS AMIGOS,Decretos,https://www.dosp.com.br/exibe_do.php?i=NjQzMTI3,https://www.dosp.com.br/leituratexto?p=MjExMDM5NA==,Não identificada
2025-04-24,2380,8296 -PARLC - Institui Programa de Análise de Licitações,Decretos,https://www.dosp.com.br/exibe_do.php?i=NjQzMTI3,https://www.dosp.com.br/leituratexto?p=MjExMDM5NQ==,Não identificada
2025-04-24,2380,8294 -  nomeia comissão organizadora do campeonato Ronaldo Araujo Edição 2025,Decretos,https://www.dosp.com.br/exibe_do.php?i=NjQzMTI3,https://www.dosp.com.br/leituratexto?p=MjExMDQ1NQ==,Não identificada
2025-04-22,2375,8287 - ANEXO - REMUME_4ªedicao,Decretos,https://www.dosp.com.br/exibe_do.php?i=NjQxODk3,,Não identificada
2025-04-22,2375,8287 - Atualiza REMUME 4ª Edição - revoga 6106,Decretos,https://www.dosp.com.br/exibe_do.php?i=NjQxODk3,,Não identificada
2025-04-22,2375,8288 - ANEXO - RELAÇÃO MUNICIPAL DE MEDICAMENTOS DO CENTRO DE ATENÇÃO PSICOSSOCIAL -  CAPS 3ª ed_2025 - revoga 5401,Decretos,https://www.dosp.com.br/exibe_do.php?i=NjQxODk3,,Não identificada
2025-04-22,2375,8288 - Atualiza Medicamentos CAPS II - 3ª Edição - revoga 5401,Decretos,https://www.dosp.com.br/exibe_do.php?i=NjQxODk3,,Não identificada
2025-04-22,2375,8291 - luto oficial - Papa Francisco,Decretos,https://www.dosp.com.br/exibe_do.php?i=NjQxODk3,https://www.dosp.com.br/leituratexto?p=MjEwNjUzNQ==,Não identificada
2025-04-17,2374,3205 - Núcleo de Criadores de Nelore de Avaré,Leis,https://www.dosp.com.br/exibe_do.php?i=NjQxMDY4,https://www.dosp.com.br/leituratexto?p=MjEwNDUwNw==,Não identificada
2025-04-17,2374,3208 - Abertura de Crédito Adicional 15.427,Leis,https://www.dosp.com.br/exibe_do.php?i=NjQxMDY4,https://www.dosp.com.br/leituratexto?p=MjEwNDUwNA==,Não identificada
2025-04-17,2374,3206 - Associação dos Muladeiros de Avaré  - AMA,Leis,https://www.dosp.com.br/exibe_do.php?i=NjQxMDY4,https://www.dosp.com.br/leituratexto?p=MjEwNDUwNg==,Não identificada
2025-04-17,2374,8285 - Abertura de Crédito Adicional 50.000,Leis,https://www.dosp.com.br/exibe_do.php?i=NjQxMDY4,https://www.dosp.com.br/leituratexto?p=MjEwNDUwOQ==,Não identificada
2025-04-17,2374,3207 - Concessão Associação Nacional do Cavalo de Rédeas ANCR,Leis,https://www.dosp.com.br/exibe_do.php?i=NjQxMDY4,https://www.dosp.com.br/leituratexto?p=MjEwNDUwNQ==,Não identificada
2025-04-17,2374,3204 - Institui Programa dos Idosos Desaparecidos,Leis,https://www.dosp.com.br/exibe_do.php?i=NjQxMDY4,https://www.dosp.com.br/leituratexto?p=MjEwNDUwOA==,Não identificada
2025-04-17,2374,8284 - Abertura de Crédito Adicional 15.427,Leis,https://www.dosp.com.br/exibe_do.php?i=NjQxMDY4,https://www.dosp.com.br/leituratexto?p=MjEwNDUxMA==,Não identificada
2025-04-17,2374,3209 - Abertura de Crédito Adicional 50.000,Leis,https://www.dosp.com.br/exibe_do.php?i=NjQxMDY4,https://www.dosp.com.br/leituratexto?p=MjEwNDUwMw==,Não identificada
2025-04-16,2371,8281 - luto oficial - Dr. Osvaldo,Decretos,https://www.dosp.com.br/exibe_do.php?i=NjQwMTQ5,https://www.dosp.com.br/leituratexto?p=MjEwMTk2Mg==,Não identificada
2025-04-16,2372,8281 - luto oficial - Dr. Osvaldo,Decretos,https://www.dosp.com.br/exibe_do.php?i=NjQwNTQ4,https://www.dosp.com.br/leituratexto?p=MjEwMzM3Nw==,Não identificada
2025-04-16,2373,8283- exonera Luiz Carlos da Costa - Governo,Decretos,https://www.dosp.com.br/exibe_do.php?i=NjQwNTU1,https://www.dosp.com.br/leituratexto?p=MjEwMzM4MA==,Não identificada
2025-04-15,2369,3203 - Altera o artigo 10 da lei 1.283 - institui o Regime de Adiantamento,Leis,https://www.dosp.com.br/exibe_do.php?i=NjM5NDA1,https://www.dosp.com.br/leituratexto?p=MjA5OTU5MQ==,Não identificada
2025-04-15,2369,3202 - Garante o direito de prioridade de matrícula de irmãos na mesma unidade escolar,Leis,https://www.dosp.com.br/exibe_do.php?i=NjM5NDA1,https://www.dosp.com.br/leituratexto?p=MjA5OTU5Mg==,Não identificada
2025-04-15,2369,3201 - Dispõe sobre instalação e utilização de biodigestores em unidades escolares no município da Estância Turística de Avaré,Leis,https://www.dosp.com.br/exibe_do.php?i=NjM5NDA1,https://www.dosp.com.br/leituratexto?p=MjA5OTU5Mw==,Não identificada
2025-04-14,2368,8278 - Dá nova redação Anexo I decreto de  adiantamentos 5378-2020,Decretos,https://www.dosp.com.br/exibe_do.php?i=NjM5MTI4,https://www.dosp.com.br/leituratexto?p=MjA5OTE2Mg==,Não identificada
2025-04-11,2365,8276 -  Nomeia Secretário da Juventude - Victor Hugo Aparecido de Paschoal Castro,Decretos,https://www.dosp.com.br/exibe_do.php?i=NjM3MzY4,https://www.dosp.com.br/leituratexto?p=MjA5NjMzNw==,Não identificada
2025-04-11,2366,8277- Nomeia Secretário da Administração interino - Luiz Carlos da Costa - revoga 8272,Decretos,https://www.dosp.com.br/exibe_do.php?i=NjM3NDQy,https://www.dosp.com.br/leituratexto?p=MjA5NjM2Mw==,Secretaria de Administração
2025-04-09,2363,8272 - Autorização para ações Secretaria da Administração,Decretos,https://www.dosp.com.br/exibe_do.php?i=NjM2Mzk3,https://www.dosp.com.br/leituratexto?p=MjA5MzEzOQ==,Secretaria de Administração
2025-04-09,2363,8273 - Denomina vias publicas - loteamento Terras de São Marcos II,Decretos,https://www.dosp.com.br/exibe_do.php?i=NjM2Mzk3,https://www.dosp.com.br/leituratexto?p=MjA5MzE1Mw==,Não identificada
2025-04-02,2356,580 – (...),Portarias,https://www.dosp.com.br/exibe_do.php?i=NjMyOTU1,https://www.dosp.com.br/leituratexto?p=MjA4MzE3Ng==,Não identificada
2025-04-02,2356,3200 - Crédito Adicional 688.416 - secretaria meio ambiente,Decretos,https://www.dosp.com.br/exibe_do.php?i=NjMyOTU1,https://www.dosp.com.br/leituratexto?p=MjA4MDM2Mg==,Secretaria de Meio Ambiente
2025-04-02,2356,3199 - Embarque e desembarque pessoas com deficiência,Decretos,https://www.dosp.com.br/exibe_do.php?i=NjMyOTU1,https://www.dosp.com.br/leituratexto?p=MjA4MDM2Mw==,Não identificada
2025-04-02,2356,8264 - Crédito Adicional 688.416 - secretaria meio ambiente,Decretos,https://www.dosp.com.br/exibe_do.php?i=NjMyOTU1,https://www.dosp.com.br/leituratexto?p=MjA4MDQwNA==,Secretaria de Meio Ambiente
2025-04-02,2356,3198 - Antecedentes criminais cuidadores crianças,Decretos,https://www.dosp.com.br/exibe_do.php?i=NjMyOTU1,https://www.dosp.com.br/leituratexto?p=MjA4MDM2NA==,Não identificada
2025-04-01,2355,8262 - operações bancárias - itamar araujo fundo idoso,Decretos,https://www.dosp.com.br/exibe_do.php?i=NjMyNDQ4,https://www.dosp.com.br/leituratexto?p=MjA4MDA1Nw==,Não identificada
2025-04-01,2355,8263 - Autorização para a prática de operações bancárias - Rute Guimarães Cavalcante Oliveira,Decretos,https://www.dosp.com.br/exibe_do.php?i=NjMyNDQ4,https://www.dosp.com.br/leituratexto?p=MjA4MDA1Ng==,Não identificada
2025-04-01,2355,8135 - ANEXO - Política de Segurança da Informação - Alterado,Decretos,https://www.dosp.com.br/exibe_do.php?i=NjMyNDQ4,,Não identificada
2025-04-01,2355,8135- Altera anexo I do Decreto n°8038 de 2024,Decretos,https://www.dosp.com.br/exibe_do.php?i=NjMyNDQ4,,Não identificada
2025-03-31,2353,8249 -Reorganiza o conselho municipal da pessoa Idosa - CMI - revoga,Decretos,https://www.dosp.com.br/exibe_do.php?i=NjMxNzE5,https://www.dosp.com.br/leituratexto?p=MjA3OTU2Ng==,Não identificada
2025-03-31,2353,8253 -  reorganiza conselho municipal dos direitos da criança e do adolescente - cmdca - revoga 8191,Decretos,https://www.dosp.com.br/exibe_do.php?i=NjMxNzE5,https://www.dosp.com.br/leituratexto?p=MjA3OTU2Mw==,Não identificada
2025-03-31,2353,8251 - Revoga Decreto 6299 que regulamenta artigo 53 da lei 2007-2016 e lei 2468-2021,Decretos,https://www.dosp.com.br/exibe_do.php?i=NjMxNzE5,https://www.dosp.com.br/leituratexto?p=MjA3OTU2NA==,Não identificada
2025-03-31,2353,8250 - Nomeia Conceição  - gestor e ordenador fundo da criança e adolescente - revoga 8138,Decretos,https://www.dosp.com.br/exibe_do.php?i=NjMxNzE5,https://www.dosp.com.br/leituratexto?p=MjA3OTU2NQ==,Não identificada
2025-03-31,2353,8258 - Nomeia Conceição Aparecida Melenchon - gestor e ordenador despesas Conselho Direito da Pessoa Idosa,Decretos,https://www.dosp.com.br/exibe_do.php?i=NjMxNzE5,https://www.dosp.com.br/leituratexto?p=MjA3OTU2Mg==,Não identificada
2025-03-28,2350,8259 - Altera artigo 88 alínea b do Decreto 1771.08,Decretos,https://www.dosp.com.br/exibe_do.php?i=NjMxMDQ0,https://www.dosp.com.br/leituratexto?p=MjA3NzYwMQ==,Não identificada
2025-03-26,2344,8252 - Abertura de Crédito Adicional 1.372 - Educação VAAR,Decretos,https://www.dosp.com.br/exibe_do.php?i=NjI5NTQw,https://www.dosp.com.br/leituratexto?p=MjA3MTc0Mg==,Secretaria de Educação
2025-03-26,2344,3196 - Institui Programa Banca do Esporte,Leis,https://www.dosp.com.br/exibe_do.php?i=NjI5NTQw,https://www.dosp.com.br/leituratexto?p=MjA3MTczNw==,Secretaria de Esporte
2025-03-26,2344,3195 - Politica de Monitorização de alunos com diabetes,Leis,https://www.dosp.com.br/exibe_do.php?i=NjI5NTQw,https://www.dosp.com.br/leituratexto?p=MjA3MTczOA==,Não identificada
2025-03-26,2344,3197 - Abertura de Crédito Adicional 1.372,Leis,https://www.dosp.com.br/exibe_do.php?i=NjI5NTQw,https://www.dosp.com.br/leituratexto?p=MjA3MTczNg==,Não identificada
2025-03-21,2339,8247 - Nomeia Secretário de Inovação e Tecnologia,Decretos,https://www.dosp.com.br/exibe_do.php?i=NjI3NDYz,https://www.dosp.com.br/leituratexto?p=MjA2NTc1Ng==,Não identificada
2025-03-21,2339,8246 -  homologação progressão funcional Educação Básica - revoga 8236,Decretos,https://www.dosp.com.br/exibe_do.php?i=NjI3NDYz,https://www.dosp.com.br/leituratexto?p=MjA2NTc1NQ==,Secretaria de Educação
2025-03-21,2338,503 – (...),Portarias,https://www.dosp.com.br/exibe_do.php?i=NjI2OTQ1,https://www.dosp.com.br/leituratexto?p=MjA2MzE0MQ==,Não identificada
2025-03-20,2337,8241 - Reorganiza Defesa Civil - revoga 8176,Decretos,https://www.dosp.com.br/exibe_do.php?i=NjI2NjI2,https://www.dosp.com.br/leituratexto?p=MjA2MzUxMA==,Não identificada
2025-03-20,2337,8242 - Altera Decreto 17711 e autoriza recomposição da base tarifária de embarque,Decretos,https://www.dosp.com.br/exibe_do.php?i=NjI2NjI2,https://www.dosp.com.br/leituratexto?p=MjA2MzE4OQ==,Não identificada
2025-03-19,2336,8235 -altera denominação da rua Lauro Russo para Francisca MArtins Russo,Decretos,https://www.dosp.com.br/exibe_do.php?i=NjI1NzYy,https://www.dosp.com.br/leituratexto?p=MjA2MTAwMA==,Não identificada
2025-03-19,2336,8234- nomeação de membros da Comissão Organizadora Sesquintencenário Emancipação de Avaré,Decretos,https://www.dosp.com.br/exibe_do.php?i=NjI1NzYy,https://www.dosp.com.br/leituratexto?p=MjA2MTAwMQ==,Não identificada
2025-03-19,2336,8238 - Crédito Adicional Especial 34.720,Decretos,https://www.dosp.com.br/exibe_do.php?i=NjI1NzYy,https://www.dosp.com.br/leituratexto?p=MjA2MDg0NQ==,Não identificada
2025-03-19,2336,8233- nomeação de membros do Conselho Municipal de Desenvolvimento Rural - cmdr revoga 6601,Decretos,https://www.dosp.com.br/exibe_do.php?i=NjI1NzYy,https://www.dosp.com.br/leituratexto?p=MjA2MTAwMg==,Não identificada
2025-03-19,2336,8236 -  homologação progressão funcional Educação Básica,Decretos,https://www.dosp.com.br/exibe_do.php?i=NjI1NzYy,https://www.dosp.com.br/leituratexto?p=MjA2MDk5OQ==,Secretaria de Educação
2025-03-19,2336,8239 - Crédito Adicional Especial 2.117,Decretos,https://www.dosp.com.br/exibe_do.php?i=NjI1NzYy,https://www.dosp.com.br/leituratexto?p=MjA2MDg0NA==,Não identificada
2025-03-19,2336,8226 - Reorganiza Comite Intersetorial da politica publica para monitoramento do Plano Municipal da Primeira Infancia - revoga 7944,Decretos,https://www.dosp.com.br/exibe_do.php?i=NjI1NzYy,https://www.dosp.com.br/leituratexto?p=MjA2MTAwMw==,Não identificada
2025-03-19,2336,8240 - Crédito Adicional Suplementar 3.772.133 - Educação,Decretos,https://www.dosp.com.br/exibe_do.php?i=NjI1NzYy,https://www.dosp.com.br/leituratexto?p=MjA2MDg0Mw==,Secretaria de Educação
2025-03-19,2336,3192 - Crédito Adicional Especial 2.117,Leis,https://www.dosp.com.br/exibe_do.php?i=NjI1NzYy,https://www.dosp.com.br/leituratexto?p=MjA2MDg0MA==,Não identificada
2025-03-19,2336,3190 - Programa Autista no Esporte,Leis,https://www.dosp.com.br/exibe_do.php?i=NjI1NzYy,https://www.dosp.com.br/leituratexto?p=MjA2MDg0Mg==,Secretaria de Esporte
2025-03-19,2336,3194 - Crédito Adicional Suplementar 3.772.133 - Educação,Leis,https://www.dosp.com.br/exibe_do.php?i=NjI1NzYy,https://www.dosp.com.br/leituratexto?p=MjA2MDgzOA==,Secretaria de Educação
2025-03-19,2336,3191 - Crédito Adicional Especial 34.720,Leis,https://www.dosp.com.br/exibe_do.php?i=NjI1NzYy,https://www.dosp.com.br/leituratexto?p=MjA2MDg0MQ==,Não identificada
2025-03-19,2336,3193 - Altera Lei 2207-2018 - Conselho Saneamento Básico,Leis,https://www.dosp.com.br/exibe_do.php?i=NjI1NzYy,https://www.dosp.com.br/leituratexto?p=MjA2MDgzOQ==,Não identificada
2025-03-17,2333,8232 - luto oficial - Polenta,Decretos,https://www.dosp.com.br/exibe_do.php?i=NjIzMzEx,https://www.dosp.com.br/leituratexto?p=MjA1NzAzOQ==,Não identificada
2025-03-14,2331,3187 - Turismo Pedagógico,Leis,https://www.dosp.com.br/exibe_do.php?i=NjIyNjUw,https://www.dosp.com.br/leituratexto?p=MjA1NDgyMg==,Não identificada
2025-03-14,2331,3186 - Programa Roda de Conversas - Doenças Mentais,Leis,https://www.dosp.com.br/exibe_do.php?i=NjIyNjUw,https://www.dosp.com.br/leituratexto?p=MjA1NDgyMw==,Não identificada
2025-03-14,2331,3189 - Comemoração da Fundação do Pelotão da Cavalaria de Avaré,Leis,https://www.dosp.com.br/exibe_do.php?i=NjIyNjUw,https://www.dosp.com.br/leituratexto?p=MjA1NDgyMA==,Não identificada
2025-03-14,2331,3188 - Responsabilidade Condomínios comunicarem ocorrência de violência doméstica,Leis,https://www.dosp.com.br/exibe_do.php?i=NjIyNjUw,https://www.dosp.com.br/leituratexto?p=MjA1NDgyMQ==,Não identificada
2025-03-13,2328,484 – (...),Portarias,https://www.dosp.com.br/exibe_do.php?i=NjIxOTQ1,https://www.dosp.com.br/leituratexto?p=MjA1MDY4Nw==,Não identificada
2025-03-13,2328,8227 - Regulamenta o remanejamento de local de trabalho de Agente Comunitário de Saúde – ACS,Decretos,https://www.dosp.com.br/exibe_do.php?i=NjIxOTQ1,https://www.dosp.com.br/leituratexto?p=MjA1MzI2NQ==,Secretaria de Saúde
2025-03-07,2322,8193 - Crédito Adicional 553,Decretos,https://www.dosp.com.br/exibe_do.php?i=NjE5MzA3,https://www.dosp.com.br/leituratexto?p=MjA0NTQxMg==,Não identificada
2025-03-07,2322,8201 - Crédito Adicional 229,Decretos,https://www.dosp.com.br/exibe_do.php?i=NjE5MzA3,https://www.dosp.com.br/leituratexto?p=MjA0NTQwNA==,Não identificada
2025-03-07,2322,8222 - Reorganiza comissão examinadora da 2ª fase dos concursos 01 e 03 -22  corrigido (1),Decretos,https://www.dosp.com.br/exibe_do.php?i=NjE5MzA3,https://www.dosp.com.br/leituratexto?p=MjA0NTg0NA==,Não identificada
2025-03-07,2322,8198 - Crédito Adicional 89.174,Decretos,https://www.dosp.com.br/exibe_do.php?i=NjE5MzA3,https://www.dosp.com.br/leituratexto?p=MjA0NTQwNw==,Não identificada
2025-03-07,2322,8205 - Crédito Adicional 9.393,Decretos,https://www.dosp.com.br/exibe_do.php?i=NjE5MzA3,https://www.dosp.com.br/leituratexto?p=MjA0NTQwMA==,Não identificada
2025-03-07,2322,8212 - Crédito Adicional 6.031.645,Decretos,https://www.dosp.com.br/exibe_do.php?i=NjE5MzA3,https://www.dosp.com.br/leituratexto?p=MjA0NTM5Mw==,Não identificada
2025-03-07,2322,8219 - Crédito Adicional 1.000.000,Decretos,https://www.dosp.com.br/exibe_do.php?i=NjE5MzA3,https://www.dosp.com.br/leituratexto?p=MjA0NTM4Ng==,Não identificada
2025-03-07,2322,8194 - Crédito Adicional 9.259,Decretos,https://www.dosp.com.br/exibe_do.php?i=NjE5MzA3,https://www.dosp.com.br/leituratexto?p=MjA0NTQxMQ==,Não identificada
2025-03-07,2322,8215 - Crédito Adicional 10.866,Decretos,https://www.dosp.com.br/exibe_do.php?i=NjE5MzA3,https://www.dosp.com.br/leituratexto?p=MjA0NTM5MA==,Não identificada
2025-03-07,2322,8208 - Crédito Adicional 1.220.822,Decretos,https://www.dosp.com.br/exibe_do.php?i=NjE5MzA3,https://www.dosp.com.br/leituratexto?p=MjA0NTM5Nw==,Não identificada
2025-03-07,2322,8216 - Crédito Adicional 19.560,Decretos,https://www.dosp.com.br/exibe_do.php?i=NjE5MzA3,https://www.dosp.com.br/leituratexto?p=MjA0NTM4OQ==,Não identificada
2025-03-07,2322,8192 - reorganiza comissão viva leite - revoga 7257,Decretos,https://www.dosp.com.br/exibe_do.php?i=NjE5MzA3,https://www.dosp.com.br/leituratexto?p=MjA0NDUwMw==,Não identificada
2025-03-07,2322,8197 - Crédito Adicional 35.146,Decretos,https://www.dosp.com.br/exibe_do.php?i=NjE5MzA3,https://www.dosp.com.br/leituratexto?p=MjA0NTQwOA==,Não identificada
2025-03-07,2322,8200 - Crédito Adicional 45.650,Decretos,https://www.dosp.com.br/exibe_do.php?i=NjE5MzA3,https://www.dosp.com.br/leituratexto?p=MjA0NTQwNQ==,Não identificada
2025-03-07,2322,8207 - Crédito Adicional 30.774,Decretos,https://www.dosp.com.br/exibe_do.php?i=NjE5MzA3,https://www.dosp.com.br/leituratexto?p=MjA0NTM5OA==,Não identificada
2025-03-07,2324,8224,Decretos,https://www.dosp.com.br/exibe_do.php?i=NjE5Mzg4,https://www.dosp.com.br/leituratexto?p=MjA0NjIwOQ==,Não identificada
2025-03-07,2322,8191 -  reorganiza conselho municipal dos direitos da criança e do adolescente - cmdca - revoga 8075,Decretos,https://www.dosp.com.br/exibe_do.php?i=NjE5MzA3,https://www.dosp.com.br/leituratexto?p=MjA0NDUwMg==,Não identificada
2025-03-07,2322,8209 - Crédito Adicional 1.017,Decretos,https://www.dosp.com.br/exibe_do.php?i=NjE5MzA3,https://www.dosp.com.br/leituratexto?p=MjA0NTM5Ng==,Não identificada
2025-03-07,2322,8188  - reorganiza comissão apoio delegações esportivas - revoga 7943,Decretos,https://www.dosp.com.br/exibe_do.php?i=NjE5MzA3,https://www.dosp.com.br/leituratexto?p=MjA0NDUwMA==,Não identificada
2025-03-07,2322,8210 - Crédito Adicional 3.874.835,Decretos,https://www.dosp.com.br/exibe_do.php?i=NjE5MzA3,https://www.dosp.com.br/leituratexto?p=MjA0NTM5NQ==,Não identificada
2025-03-07,2322,8218 - Crédito Adicional 48.103,Decretos,https://www.dosp.com.br/exibe_do.php?i=NjE5MzA3,https://www.dosp.com.br/leituratexto?p=MjA0NTM4Nw==,Não identificada
2025-03-07,2322,8211 - Crédito Adicional 6.864.942,Decretos,https://www.dosp.com.br/exibe_do.php?i=NjE5MzA3,https://www.dosp.com.br/leituratexto?p=MjA0NTM5NA==,Não identificada
2025-03-07,2322,"8204 - Crédito Adicional 6,46",Decretos,https://www.dosp.com.br/exibe_do.php?i=NjE5MzA3,https://www.dosp.com.br/leituratexto?p=MjA0NTQwMQ==,Não identificada
2025-03-07,2322,8214 - Crédito Adicional 451.084,Decretos,https://www.dosp.com.br/exibe_do.php?i=NjE5MzA3,https://www.dosp.com.br/leituratexto?p=MjA0NTM5MQ==,Não identificada
2025-03-07,2322,8221 - Crédito Adicional 2.600.000,Decretos,https://www.dosp.com.br/exibe_do.php?i=NjE5MzA3,https://www.dosp.com.br/leituratexto?p=MjA0NTM4NA==,Não identificada
2025-03-07,2322,8196 - Crédito Adicional 32.006,Decretos,https://www.dosp.com.br/exibe_do.php?i=NjE5MzA3,https://www.dosp.com.br/leituratexto?p=MjA0NTQwOQ==,Não identificada
2025-03-07,2322,8203 - Crédito Adicional 4.269,Decretos,https://www.dosp.com.br/exibe_do.php?i=NjE5MzA3,https://www.dosp.com.br/leituratexto?p=MjA0NTQwMg==,Não identificada
2025-03-07,2322,8217 - Crédito Adicional 194.137,Decretos,https://www.dosp.com.br/exibe_do.php?i=NjE5MzA3,https://www.dosp.com.br/leituratexto?p=MjA0NTM4OA==,Não identificada
2025-03-07,2322,8202 - Crédito Adicional 813,Decretos,https://www.dosp.com.br/exibe_do.php?i=NjE5MzA3,https://www.dosp.com.br/leituratexto?p=MjA0NTQwMw==,Não identificada
2025-03-07,2322,8189 - reorganiza os membros da Comissão Tecnica de Gestão de Carreiras da Educação Básica - revoga 7775,Decretos,https://www.dosp.com.br/exibe_do.php?i=NjE5MzA3,https://www.dosp.com.br/leituratexto?p=MjA0NDUwMQ==,Secretaria de Educação
2025-03-07,2322,8223 - Reorganiza a Comissão Examinadora da 3ª fase do Concurso Publico 01 2022  - revoga 7402-23 (2),Decretos,https://www.dosp.com.br/exibe_do.php?i=NjE5MzA3,https://www.dosp.com.br/leituratexto?p=MjA0NTg0Mw==,Não identificada
2025-03-07,2322,8199 - Crédito Adicional 74.857,Decretos,https://www.dosp.com.br/exibe_do.php?i=NjE5MzA3,https://www.dosp.com.br/leituratexto?p=MjA0NTQwNg==,Não identificada
2025-03-07,2322,8213 - Crédito Adicional 301.317,Decretos,https://www.dosp.com.br/exibe_do.php?i=NjE5MzA3,https://www.dosp.com.br/leituratexto?p=MjA0NTM5Mg==,Não identificada
2025-03-07,2322,8220 - Crédito Adicional 2.147.000,Decretos,https://www.dosp.com.br/exibe_do.php?i=NjE5MzA3,https://www.dosp.com.br/leituratexto?p=MjA0NTM4NQ==,Não identificada
2025-03-07,2322,8195 - Crédito Adicional 8.988,Decretos,https://www.dosp.com.br/exibe_do.php?i=NjE5MzA3,https://www.dosp.com.br/leituratexto?p=MjA0NTQxMA==,Não identificada
2025-03-07,2322,8206 - Crédito Adicional 12.392,Decretos,https://www.dosp.com.br/exibe_do.php?i=NjE5MzA3,https://www.dosp.com.br/leituratexto?p=MjA0NTM5OQ==,Não identificada
2025-02-28,2318,3175 - Crédito Adicional 6.864.942,Leis,https://www.dosp.com.br/exibe_do.php?i=NjE3NDAw,https://www.dosp.com.br/leituratexto?p=MjAzOTk1Mw==,Não identificada
2025-02-28,2318,3165 - Crédito Adicional 229,Leis,https://www.dosp.com.br/exibe_do.php?i=NjE3NDAw,https://www.dosp.com.br/leituratexto?p=MjAzOTk2Mw==,Não identificada
2025-02-28,2318,"3168 - Crédito Adicional 6,46",Leis,https://www.dosp.com.br/exibe_do.php?i=NjE3NDAw,https://www.dosp.com.br/leituratexto?p=MjAzOTk2MA==,Não identificada
2025-02-28,2318,3185 - Crédito Adicional 2.600.000,Leis,https://www.dosp.com.br/exibe_do.php?i=NjE3NDAw,https://www.dosp.com.br/leituratexto?p=MjAzOTk0Mw==,Não identificada
2025-02-28,2318,3163 - Crédito Adicional 74.857,Leis,https://www.dosp.com.br/exibe_do.php?i=NjE3NDAw,https://www.dosp.com.br/leituratexto?p=MjAzOTk2NQ==,Não identificada
2025-02-28,2318,369 - Cria vagas -  Assessor Gestão Administrativa,Leis,https://www.dosp.com.br/exibe_do.php?i=NjE3NDAw,https://www.dosp.com.br/leituratexto?p=MjAzOTk3Nw==,Não identificada
2025-02-28,2318,3181 - Crédito Adicional 194.137,Leis,https://www.dosp.com.br/exibe_do.php?i=NjE3NDAw,https://www.dosp.com.br/leituratexto?p=MjAzOTk0Nw==,Não identificada
2025-02-28,2318,3174 - Crédito Adicional 3.874.835,Leis,https://www.dosp.com.br/exibe_do.php?i=NjE3NDAw,https://www.dosp.com.br/leituratexto?p=MjAzOTk1NA==,Não identificada
2025-02-28,2318,3167 - Crédito Adicional 4.269,Leis,https://www.dosp.com.br/exibe_do.php?i=NjE3NDAw,https://www.dosp.com.br/leituratexto?p=MjAzOTk2MQ==,Não identificada
2025-02-28,2318,3160 - Crédito Adicional 32.006,Leis,https://www.dosp.com.br/exibe_do.php?i=NjE3NDAw,https://www.dosp.com.br/leituratexto?p=MjAzOTk2OA==,Não identificada
2025-02-28,2318,367 - Cria vagas -  Coord. Tec. Adm. Divisão Expediente Secretaria de Gabinete - Assessor Saúde,Leis,https://www.dosp.com.br/exibe_do.php?i=NjE3NDAw,https://www.dosp.com.br/leituratexto?p=MjAzOTk4MA==,Secretaria de Saúde
2025-02-28,2318,3161 - Crédito Adicional 35.146,Leis,https://www.dosp.com.br/exibe_do.php?i=NjE3NDAw,https://www.dosp.com.br/leituratexto?p=MjAzOTk2Nw==,Não identificada
2025-02-28,2318,3178 - Crédito Adicional 451.084,Leis,https://www.dosp.com.br/exibe_do.php?i=NjE3NDAw,https://www.dosp.com.br/leituratexto?p=MjAzOTk1MA==,Não identificada
2025-02-28,2318,3171 - Crédito Adicional 30.774,Leis,https://www.dosp.com.br/exibe_do.php?i=NjE3NDAw,https://www.dosp.com.br/leituratexto?p=MjAzOTk1Nw==,Não identificada
2025-02-28,2318,3164 - Crédito Adicional 45.650,Leis,https://www.dosp.com.br/exibe_do.php?i=NjE3NDAw,https://www.dosp.com.br/leituratexto?p=MjAzOTk2NA==,Não identificada
2025-02-28,2318,3157 - Crédito Adicional 553,Leis,https://www.dosp.com.br/exibe_do.php?i=NjE3NDAw,https://www.dosp.com.br/leituratexto?p=MjAzOTk3MQ==,Não identificada
2025-02-28,2318,3182 - Crédito Adicional 48.103,Leis,https://www.dosp.com.br/exibe_do.php?i=NjE3NDAw,https://www.dosp.com.br/leituratexto?p=MjAzOTk0Ng==,Não identificada
2025-02-28,2317,364 - REFIS 2025,Leis,https://www.dosp.com.br/exibe_do.php?i=NjE2ODQ2,https://www.dosp.com.br/leituratexto?p=MjAzODk2NA==,Não identificada
2025-02-28,2318,3170 - Crédito Adicional 12.392,Leis,https://www.dosp.com.br/exibe_do.php?i=NjE3NDAw,https://www.dosp.com.br/leituratexto?p=MjAzOTk1OA==,Não identificada
2025-02-28,2318,3177 - Crédito Adicional 301.317,Leis,https://www.dosp.com.br/exibe_do.php?i=NjE3NDAw,https://www.dosp.com.br/leituratexto?p=MjAzOTk1MQ==,Não identificada
2025-02-28,2318,365 - Reduz gratificação Auxiliar de Procuradoria,Leis,https://www.dosp.com.br/exibe_do.php?i=NjE3NDAw,https://www.dosp.com.br/leituratexto?p=MjAzOTk4MQ==,Não identificada
2025-02-28,2318,3169 - Crédito Adicional 9.393,Leis,https://www.dosp.com.br/exibe_do.php?i=NjE3NDAw,https://www.dosp.com.br/leituratexto?p=MjAzOTk1OQ==,Não identificada
2025-02-28,2318,366 - Cria vagas -  Chefe de planejamento e politicas públicas,Leis,https://www.dosp.com.br/exibe_do.php?i=NjE3NDAw,https://www.dosp.com.br/leituratexto?p=MjAzOTk3OQ==,Não identificada
2025-02-28,2318,3179 - Crédito Adicional 10.866,Leis,https://www.dosp.com.br/exibe_do.php?i=NjE3NDAw,https://www.dosp.com.br/leituratexto?p=MjAzOTk0OQ==,Não identificada
2025-02-28,2318,3172 - Crédito Adicional 1.220.822,Leis,https://www.dosp.com.br/exibe_do.php?i=NjE3NDAw,https://www.dosp.com.br/leituratexto?p=MjAzOTk1Ng==,Não identificada
2025-02-28,2318,3158 - Crédito Adicional 9.259,Leis,https://www.dosp.com.br/exibe_do.php?i=NjE3NDAw,https://www.dosp.com.br/leituratexto?p=MjAzOTk3MA==,Não identificada
2025-02-28,2318,3183 - Crédito Adicional 1.000.000,Leis,https://www.dosp.com.br/exibe_do.php?i=NjE3NDAw,https://www.dosp.com.br/leituratexto?p=MjAzOTk0NQ==,Não identificada
2025-02-28,2318,3184 - Crédito Adicional 2.147.000,Leis,https://www.dosp.com.br/exibe_do.php?i=NjE3NDAw,https://www.dosp.com.br/leituratexto?p=MjAzOTk0NA==,Não identificada
2025-02-28,2318,3176 - Crédito Adicional 6.031.645,Leis,https://www.dosp.com.br/exibe_do.php?i=NjE3NDAw,https://www.dosp.com.br/leituratexto?p=MjAzOTk1Mg==,Não identificada
2025-02-28,2318,3162 - Crédito Adicional 89.174,Leis,https://www.dosp.com.br/exibe_do.php?i=NjE3NDAw,https://www.dosp.com.br/leituratexto?p=MjAzOTk2Ng==,Não identificada
2025-02-28,2318,368 - Cria vagas -  Chefe de Planejamento e Gestão de Gabinete,Leis,https://www.dosp.com.br/exibe_do.php?i=NjE3NDAw,https://www.dosp.com.br/leituratexto?p=MjAzOTk3OA==,Não identificada
2025-02-28,2318,3180 - Crédito Adicional 19.560,Leis,https://www.dosp.com.br/exibe_do.php?i=NjE3NDAw,https://www.dosp.com.br/leituratexto?p=MjAzOTk0OA==,Não identificada
2025-02-28,2318,3173 - Crédito Adicional 1.017,Leis,https://www.dosp.com.br/exibe_do.php?i=NjE3NDAw,https://www.dosp.com.br/leituratexto?p=MjAzOTk1NQ==,Não identificada
2025-02-28,2318,3166 - Crédito Adicional 813,Leis,https://www.dosp.com.br/exibe_do.php?i=NjE3NDAw,https://www.dosp.com.br/leituratexto?p=MjAzOTk2Mg==,Não identificada
2025-02-28,2318,3159 - Crédito Adicional 8.988,Leis,https://www.dosp.com.br/exibe_do.php?i=NjE3NDAw,https://www.dosp.com.br/leituratexto?p=MjAzOTk2OQ==,Não identificada
2025-02-26,2313,8182 - Ponto Facultativo Carnaval 2025,Decretos,https://www.dosp.com.br/exibe_do.php?i=NjE1NTA5,,Não identificada
2025-02-25,2312,8186 - Crédito Adicional Especial 2.098.732,Decretos,https://www.dosp.com.br/exibe_do.php?i=NjE1MTEy,https://www.dosp.com.br/leituratexto?p=MjAzMzc3Mg==,Não identificada
2025-02-25,2312,8184 - Crédito Adicional Especial 369.383,Decretos,https://www.dosp.com.br/exibe_do.php?i=NjE1MTEy,https://www.dosp.com.br/leituratexto?p=MjAzMzc3MA==,Não identificada
2025-02-25,2312,8185 - Crédito Adicional Especial 1.805.708,Decretos,https://www.dosp.com.br/exibe_do.php?i=NjE1MTEy,https://www.dosp.com.br/leituratexto?p=MjAzMzc3Mw==,Não identificada
2025-02-25,2312,8183 - Crédito Adicional Especial 346.978,Decretos,https://www.dosp.com.br/exibe_do.php?i=NjE1MTEy,https://www.dosp.com.br/leituratexto?p=MjAzMzc3MQ==,Não identificada
2025-02-25,2312,3152 - Instalação de dispositivo QR CODE escolas,Leis,https://www.dosp.com.br/exibe_do.php?i=NjE1MTEy,https://www.dosp.com.br/leituratexto?p=MjAzMzc2Nw==,Não identificada
2025-02-25,2312,3155 - Crédito Adicional 1.805.708,Leis,https://www.dosp.com.br/exibe_do.php?i=NjE1MTEy,https://www.dosp.com.br/leituratexto?p=MjAzMzc2NA==,Não identificada
2025-02-25,2312,3156 - Crédito Adicional 2.098.732,Leis,https://www.dosp.com.br/exibe_do.php?i=NjE1MTEy,https://www.dosp.com.br/leituratexto?p=MjAzMzc2Mw==,Não identificada
2025-02-25,2312,3153 - Crédito Adicional 346.978,Leis,https://www.dosp.com.br/exibe_do.php?i=NjE1MTEy,https://www.dosp.com.br/leituratexto?p=MjAzMzc2Ng==,Não identificada
2025-02-25,2312,3154 - Crédito Adicional 369.383,Leis,https://www.dosp.com.br/exibe_do.php?i=NjE1MTEy,https://www.dosp.com.br/leituratexto?p=MjAzMzc2NQ==,Não identificada
2025-02-21,2309,Relação projetos lidos (3),Decretos,https://www.dosp.com.br/exibe_do.php?i=NjEzNTg3,,Não identificada
2025-02-21,2309,"MOÇÕES, INDICAÇÕES E REQUERIMENTOS SESSÃO 17-02-2025 (1)",Decretos,https://www.dosp.com.br/exibe_do.php?i=NjEzNTg3,https://www.dosp.com.br/leituratexto?p=MjAyOTUxNw==,Não identificada
2025-02-21,2309,8180 - nomeia Fábio Henrique Bove - Secretário Adjunto,Decretos,https://www.dosp.com.br/exibe_do.php?i=NjEzNTg3,https://www.dosp.com.br/leituratexto?p=MjAyOTUxMA==,Não identificada
2025-02-21,2309,Circular Ordem do Dia 24.02.2025,Decretos,https://www.dosp.com.br/exibe_do.php?i=NjEzNTg3,https://www.dosp.com.br/leituratexto?p=MjAyOTUxOA==,Não identificada
2025-02-19,2305,370 – (...),Portarias,https://www.dosp.com.br/exibe_do.php?i=NjExODM3,,Não identificada
2025-02-19,2306,8177 - Nomeia Lucas Gomes Mancini - gestor e ordenador Conselho Direito da Pessoa Idosa,Decretos,https://www.dosp.com.br/exibe_do.php?i=NjEyMTUz,https://www.dosp.com.br/leituratexto?p=MjAyMzQ4MA==,Não identificada
2025-02-17,2302,8175 - Nomeia Secretário Inclusão e Transtorno Espectro Autista - Ana Rita Pilar Guite,Decretos,https://www.dosp.com.br/exibe_do.php?i=NjEwODc0,,Não identificada
2025-02-17,2302,8176 - Defesa Civil - revoga 8131,Decretos,https://www.dosp.com.br/exibe_do.php?i=NjEwODc0,https://www.dosp.com.br/leituratexto?p=MjAyMDc0Nw==,Não identificada
2025-02-14,2299,8174 - Revoga Decreto 8164 que fixa valores de taxa de embarque - assinado,Decretos,https://www.dosp.com.br/exibe_do.php?i=NjA5Nzg3,,Não identificada
2025-02-13,2297,3151 - Denomina logradouro - Margareth da Conceição de Oliveira JUbert - assinada,Leis,https://www.dosp.com.br/exibe_do.php?i=NjA5MDg1,,Não identificada
2025-02-13,2297,363 - Altera artigo 11 da da Lei Complementar 216-2016 - Adcional de substituição professor adjunto e monitor - educação - assinada,Leis,https://www.dosp.com.br/exibe_do.php?i=NjA5MDg1,,Secretaria de Educação
2025-02-13,2297,362 - ANEXOS Altera anexo III da Lei complementar 126-2010 - Função Gratificada DECON,Leis,https://www.dosp.com.br/exibe_do.php?i=NjA5MDg1,,Não identificada
2025-02-13,2297,3149 - Altera artigos da Lei DEMUTRAN - assinada,Leis,https://www.dosp.com.br/exibe_do.php?i=NjA5MDg1,,Não identificada
2025-02-13,2297,362 - Altera anexo III da Lei complementar 126-2010 - Função Gratificada DECON - assinada,Leis,https://www.dosp.com.br/exibe_do.php?i=NjA5MDg1,,Não identificada
2025-02-13,2297,3150 - Institui o Dia da Conscientização Alzaimer - Eu não te conheço - assinada,Leis,https://www.dosp.com.br/exibe_do.php?i=NjA5MDg1,,Não identificada
2025-02-13,2297,8164 - Reajusta Taxa de Embarque - revoga 7076 - assinado,Decretos,https://www.dosp.com.br/exibe_do.php?i=NjA5MDg1,,Não identificada
2025-02-13,2297,8160 - reorganiza conselho municipal de saúde - cms - revoga 7619 - assinado,Decretos,https://www.dosp.com.br/exibe_do.php?i=NjA5MDg1,,Secretaria de Saúde
2025-02-13,2297,8171 - Altera o Decreto 4534-25 - substituições em caráter interino - educação - assinado,Decretos,https://www.dosp.com.br/exibe_do.php?i=NjA5MDg1,,Secretaria de Educação
2025-02-13,2297,8169 - renomeação Patricia Estela Monteiro Pereira - Mulher e Família - assinado,Decretos,https://www.dosp.com.br/exibe_do.php?i=NjA5MDg1,,Não identificada
2025-02-13,2297,8170 - Reorganiza Comissão da Lei Aldir Blanc - assinado,Decretos,https://www.dosp.com.br/exibe_do.php?i=NjA5MDg1,,Não identificada
2025-02-13,2297,8156 -denomina Rua Pedro Ribeiro de Paula - assinado,Decretos,https://www.dosp.com.br/exibe_do.php?i=NjA5MDg1,,Não identificada
2025-02-13,2297,8154 - Reorganiza Comissão de ITBI - revoga 8150 - assinado,Decretos,https://www.dosp.com.br/exibe_do.php?i=NjA5MDg1,,Não identificada
2025-02-13,2297,8158  - Reorganiza Conselho Fundo Habitação - revoga 5492 - assinado,Decretos,https://www.dosp.com.br/exibe_do.php?i=NjA5MDg1,,Não identificada
2025-02-13,2297,8161 - declaração do ano 2025 como ano Sesquicentenário - assinado,Decretos,https://www.dosp.com.br/exibe_do.php?i=NjA5MDg1,,Não identificada
2025-02-13,2297,8142 - Reorganiza JARI - Junta Administrativa de Recursos de Infrações - revoga 7994 - assinado,Decretos,https://www.dosp.com.br/exibe_do.php?i=NjA5MDg1,,Não identificada
2025-02-13,2297,8159 - atualiza valor para apuraçaõ das dívidas tributárias e não tributárias para efeito de ajuizamento de ação judicial - assinado,Decretos,https://www.dosp.com.br/exibe_do.php?i=NjA5MDg1,,Não identificada
2025-02-10,2292,8168 - Nomeia Jorge Luiz Carvalheira - Secretário de Segurança Pública - assinado,Decretos,https://www.dosp.com.br/exibe_do.php?i=NjA3MzM5,,Não identificada
2025-02-10,2291,8163 - Nomeia Gerson Cardoso - Secretario da Agricultura - revoga 8148 - assinado,Decretos,https://www.dosp.com.br/exibe_do.php?i=NjA2ODg2,,Secretaria de Cultura
2025-02-10,2291,ANEXO - DECRETO 8163 - REsolução de Gerson Cardoso,Decretos,https://www.dosp.com.br/exibe_do.php?i=NjA2ODg2,,Não identificada
2025-02-10,2292,8167 - Nomeia Wellingtom Oscar Murbach - Secretário de Gestão Pública - assinado,Decretos,https://www.dosp.com.br/exibe_do.php?i=NjA3MzM5,,Não identificada
2025-02-10,2292,8166 - Nomeia Flavio Valetim Denardi - Secretário da Fiscalização - assinado,Decretos,https://www.dosp.com.br/exibe_do.php?i=NjA3MzM5,,Não identificada
2025-02-10,2292,8165 - Nomeia Glauco Fávaro de OLiveira - Secretário de Chefe Secretaria de Gabinete - assinado,Decretos,https://www.dosp.com.br/exibe_do.php?i=NjA3MzM5,,Não identificada
2025-02-06,2288,8157 - nomeia Marli da Costa e Silva - assinado,Decretos,https://www.dosp.com.br/exibe_do.php?i=NjA1ODY0,,Não identificada
2025-02-03,2283,8151 - Adicional de Qualificação - janeiro,Decretos,https://www.dosp.com.br/exibe_do.php?i=NjAzOTQ0,,Não identificada
2025-02-03,2283,8153 - Nomeia Secretario de Serviços - assinado,Decretos,https://www.dosp.com.br/exibe_do.php?i=NjAzOTQ0,,Não identificada
2025-02-03,2283,8152 - Nomeia Secretario de Transporte e de Mobilidade Urbana - assinado,Decretos,https://www.dosp.com.br/exibe_do.php?i=NjAzOTQ0,,Secretaria de Transporte
2025-02-03,2283,8150 - Reorganiza Comissão de ITBI - revoga 6682,Decretos,https://www.dosp.com.br/exibe_do.php?i=NjAzOTQ0,https://www.dosp.com.br/leituratexto?p=MTk5OTY3Mg==,Não identificada
2025-02-03,2283,8149 - Decreto Contenção 2025 corrigido em 03 02 2025,Decretos,https://www.dosp.com.br/exibe_do.php?i=NjAzOTQ0,https://www.dosp.com.br/leituratexto?p=MjAwMDI2MQ==,Não identificada
2025-01-31,2281,3148 -abertura de Crédito,Leis,https://www.dosp.com.br/exibe_do.php?i=NjAzMTk2,https://www.dosp.com.br/leituratexto?p=MTk5NzkwMA==,Não identificada
2025-01-31,2281,354- criação da Secretaria Municipal de Chefia de Gabinete do Executivo,Leis,https://www.dosp.com.br/exibe_do.php?i=NjAzMTk2,https://www.dosp.com.br/leituratexto?p=MTk5NzkwNA==,Não identificada
2025-01-31,2281,"361- alteração do anexo II – Lei Complementar 251, de 11 de maio de 2020, alterada através da Lei Complementar 332, de 26 de fevereiro de 2024 e da Lei Complementar nº334",Leis,https://www.dosp.com.br/exibe_do.php?i=NjAzMTk2,https://www.dosp.com.br/leituratexto?p=MTk5NzkxMQ==,Não identificada
2025-01-31,2281,348- extinção dos cargos,Leis,https://www.dosp.com.br/exibe_do.php?i=NjAzMTk2,https://www.dosp.com.br/leituratexto?p=MTk5NzkxOA==,Não identificada
2025-01-31,2281,283 – (...),Portarias,https://www.dosp.com.br/exibe_do.php?i=NjAzMTk2,https://www.dosp.com.br/leituratexto?p=MTk5Nzg5Ng==,Não identificada
2025-01-31,2281,8144 - CRÉDITO,Decretos,https://www.dosp.com.br/exibe_do.php?i=NjAzMTk2,https://www.dosp.com.br/leituratexto?p=MTk5Nzg4OQ==,Não identificada
2025-01-31,2281,359- Secretaria Municipal de Transportes e Serviços,Leis,https://www.dosp.com.br/exibe_do.php?i=NjAzMTk2,https://www.dosp.com.br/leituratexto?p=MTk5NzkwOQ==,Secretaria de Transporte
2025-01-31,2281,"345 -alteração o § único, do artigo 1º, da Lei Complementar nº 304",Leis,https://www.dosp.com.br/exibe_do.php?i=NjAzMTk2,https://www.dosp.com.br/leituratexto?p=MTk5NzkxNQ==,Não identificada
2025-01-31,2281,358- criação Scretaria de Inclusão e Transtorno,Leis,https://www.dosp.com.br/exibe_do.php?i=NjAzMTk2,https://www.dosp.com.br/leituratexto?p=MTk5NzkwOA==,Não identificada
2025-01-31,2281,3147 -abertura de Crédito,Leis,https://www.dosp.com.br/exibe_do.php?i=NjAzMTk2,https://www.dosp.com.br/leituratexto?p=MTk5NzkwMQ==,Não identificada
2025-01-31,2281,349- criação da Secretaria Municipal de Segurança Pública,Leis,https://www.dosp.com.br/exibe_do.php?i=NjAzMTk2,https://www.dosp.com.br/leituratexto?p=MTk5NzkxOQ==,Não identificada
2025-01-31,2281,342 - Salario Minimo,Leis,https://www.dosp.com.br/exibe_do.php?i=NjAzMTk2,https://www.dosp.com.br/leituratexto?p=MTk5NzkxMg==,Não identificada
2025-01-31,2281,355- Criação da Secretaria Municipal da Proteção e do Bem estar Animal,Leis,https://www.dosp.com.br/exibe_do.php?i=NjAzMTk2,https://www.dosp.com.br/leituratexto?p=MTk5NzkwNQ==,Não identificada
2025-01-31,2281,"346- alteração do anexo I, da Lei Complementar nº 126, de 02 de junho de 2010, alterada através da Lei Complementar 329, de 06 de dezembro de 2023",Leis,https://www.dosp.com.br/exibe_do.php?i=NjAzMTk2,https://www.dosp.com.br/leituratexto?p=MTk5NzkxNg==,Não identificada
2025-01-31,2281,352- criação da Secretaria Municipal de Gestão Pública,Leis,https://www.dosp.com.br/exibe_do.php?i=NjAzMTk2,https://www.dosp.com.br/leituratexto?p=MTk5NzkwMg==,Não identificada
2025-01-31,2281,344 - alteração do anexo III – Quadro de Pessoal – Cargos em Comissão – Lei Complementar 126,Leis,https://www.dosp.com.br/exibe_do.php?i=NjAzMTk2,https://www.dosp.com.br/leituratexto?p=MTk5NzkxNA==,Não identificada
2025-01-31,2281,350- criação da Secretaria Municipal de Relações Pública,Leis,https://www.dosp.com.br/exibe_do.php?i=NjAzMTk2,https://www.dosp.com.br/leituratexto?p=MTk5NzkyMA==,Não identificada
2025-01-31,2281,343 - Sec ind. e com,Leis,https://www.dosp.com.br/exibe_do.php?i=NjAzMTk2,https://www.dosp.com.br/leituratexto?p=MTk5NzkxMw==,Não identificada
2025-01-31,2281,356- Criação da Secretaria Municipal da Juventude,Leis,https://www.dosp.com.br/exibe_do.php?i=NjAzMTk2,https://www.dosp.com.br/leituratexto?p=MTk5NzkwNg==,Não identificada
2025-01-31,2281,"347- alteração do anexo II– Lei Complementar 251, de 11 de maio de 2020",Leis,https://www.dosp.com.br/exibe_do.php?i=NjAzMTk2,https://www.dosp.com.br/leituratexto?p=MTk5NzkxNw==,Não identificada
2025-01-31,2281,8145 - CRÉDITO,Decretos,https://www.dosp.com.br/exibe_do.php?i=NjAzMTk2,https://www.dosp.com.br/leituratexto?p=MTk5Nzg4OA==,Não identificada
2025-01-31,2281,"360- alteração do anexo III – Quadro de Pessoal – Cargos em Comissão – Lei Complementar 126, de 02 de junho de 2010, alterada através da LC 292, de 22 de julho de 2022",Leis,https://www.dosp.com.br/exibe_do.php?i=NjAzMTk2,https://www.dosp.com.br/leituratexto?p=MTk5NzkxMA==,Não identificada
2025-01-31,2281,353- criação da Secretaria Municipal de Fiscalização de Postura Municipais,Leis,https://www.dosp.com.br/exibe_do.php?i=NjAzMTk2,https://www.dosp.com.br/leituratexto?p=MTk5NzkwMw==,Não identificada
2025-01-31,2281,357- alteração da Lei Complementar nº 277 e do anexo III,Leis,https://www.dosp.com.br/exibe_do.php?i=NjAzMTk2,https://www.dosp.com.br/leituratexto?p=MTk5NzkwNw==,Não identificada
2025-01-31,2281,351- criação da Secretaria Municipal de inovação e tecnologia,Leis,https://www.dosp.com.br/exibe_do.php?i=NjAzMTk2,https://www.dosp.com.br/leituratexto?p=MTk5NzkyMQ==,Não identificada
2025-01-31,2281,8148 - Nomeia Gerson Cardoso - Secretario da Agricultura,Decretos,https://www.dosp.com.br/exibe_do.php?i=NjAzMTk2,https://www.dosp.com.br/leituratexto?p=MTk5Nzg5MA==,Secretaria de Cultura
2025-01-31,2281,8146 - Nomeia Jose Ricardo de Oliveira - Secretário de Indústria e Comercio,Decretos,https://www.dosp.com.br/exibe_do.php?i=NjAzMTk2,https://www.dosp.com.br/leituratexto?p=MTk5Nzg5MQ==,Não identificada
2025-01-28,2270,8143 -altera denominação da Avenida Santa Rita de Cassia para Avenida Lauro Russo,Decretos,https://www.dosp.com.br/exibe_do.php?i=NjAwMjM3,https://www.dosp.com.br/leituratexto?p=MTk4NTI0MA==,Não identificada
2025-01-23,2266,8137 - ANEXO FLUXOGRAMA,Decretos,https://www.dosp.com.br/exibe_do.php?i=NTk4NTUw,,Não identificada
2025-01-23,2266,8140 - Denomina vias publicas - loteamento Central Parque I - revoga 7161,Decretos,https://www.dosp.com.br/exibe_do.php?i=NTk4NTUw,https://www.dosp.com.br/leituratexto?p=MTk4MTczMg==,Não identificada
2025-01-23,2266,"8136 - nomeia ordenador de despesas fumboar - fabio lyrio dos santos e fabiano crivelli de avila, Luiz Fernando Dalcin - revoga 6476",Decretos,https://www.dosp.com.br/exibe_do.php?i=NTk4NTUw,https://www.dosp.com.br/leituratexto?p=MTk4MzIyMQ==,Não identificada
2025-01-23,2266,8137 - ATRIBUIÇOES - SECRETARIOS - revoga 8133,Decretos,https://www.dosp.com.br/exibe_do.php?i=NTk4NTUw,https://www.dosp.com.br/leituratexto?p=MTk4MzE4Mg==,Não identificada
2025-01-21,2264,8134 - designa  para assinaturas junto ao DRH - assinado,Decretos,https://www.dosp.com.br/exibe_do.php?i=NTk3MjE0,,Não identificada
2025-01-15,2258,8138 - Nomeia Lucas Gomes Mancini - gestor e ordenador fundo da criança e adolescente - revoga 7770,Decretos,https://www.dosp.com.br/exibe_do.php?i=NTk0NzA4,https://www.dosp.com.br/leituratexto?p=MTk3MTY2Nw==,Não identificada
2025-01-13,2255,8133 - Atribuições Secretários municipais - Procedimentos Licitatório,Decretos,https://www.dosp.com.br/exibe_do.php?i=NTkzNTkz,https://www.dosp.com.br/leituratexto?p=MTk2NTQ5Ng==,Não identificada
2025-01-13,2255,8133 -  ANEXO FLUXOGRAMA DE COMPRAS,Decretos,https://www.dosp.com.br/exibe_do.php?i=NTkzNTkz,,Não identificada
2025-01-13,2255,341 - Disciplina a cessão e recebimento de servidor público,Leis,https://www.dosp.com.br/exibe_do.php?i=NTkzNTkz,https://www.dosp.com.br/leituratexto?p=MTk2NzM1NQ==,Não identificada
2025-01-13,2255,3146 - Revoga Lei 2593 - exames toxicológicos,Leis,https://www.dosp.com.br/exibe_do.php?i=NTkzNTkz,https://www.dosp.com.br/leituratexto?p=MTk2NzM1MA==,Não identificada
2025-01-08,2254,3145 - Institui o Dia do Rio Paranapanema,Leis,https://www.dosp.com.br/exibe_do.php?i=NTkxODIw,https://www.dosp.com.br/leituratexto?p=MTk2MzA5NA==,Não identificada
2025-01-07,2253,8111 - nomeia Amanda Versignasse Rodrigues -  Relações Institucionais,Decretos,https://www.dosp.com.br/exibe_do.php?i=NTkxMjUy,https://www.dosp.com.br/leituratexto?p=MTk2MDg1MQ==,Não identificada
2025-01-02,2250,8120,Decretos,https://www.dosp.com.br/exibe_do.php?i=NTg5MzUw,,Não identificada
2025-01-02,2250,8109,Decretos,https://www.dosp.com.br/exibe_do.php?i=NTg5MzUw,,Não identificada
2025-01-02,2250,8116,Decretos,https://www.dosp.com.br/exibe_do.php?i=NTg5MzUw,,Não identificada
2025-01-02,2250,8128,Decretos,https://www.dosp.com.br/exibe_do.php?i=NTg5MzUw,,Não identificada
2025-01-02,2250,8113,Decretos,https://www.dosp.com.br/exibe_do.php?i=NTg5MzUw,,Não identificada
2025-01-02,2250,8123,Decretos,https://www.dosp.com.br/exibe_do.php?i=NTg5MzUw,,Não identificada
2025-01-02,2250,8124,Decretos,https://www.dosp.com.br/exibe_do.php?i=NTg5MzUw,,Não identificada
2025-01-02,2250,8117,Decretos,https://www.dosp.com.br/exibe_do.php?i=NTg5MzUw,,Não identificada
2025-01-02,2250,8127,Decretos,https://www.dosp.com.br/exibe_do.php?i=NTg5MzUw,,Não identificada
2025-01-02,2250,8110,Decretos,https://www.dosp.com.br/exibe_do.php?i=NTg5MzUw,,Não identificada
2025-01-02,2250,8131,Decretos,https://www.dosp.com.br/exibe_do.php?i=NTg5MzUw,,Não identificada
2025-01-02,2250,8121,Decretos,https://www.dosp.com.br/exibe_do.php?i=NTg5MzUw,,Não identificada
2025-01-02,2250,8114,Decretos,https://www.dosp.com.br/exibe_do.php?i=NTg5MzUw,,Não identificada
2025-01-02,2250,8129,Decretos,https://www.dosp.com.br/exibe_do.php?i=NTg5MzUw,,Não identificada
2025-01-02,2250,8118,Decretos,https://www.dosp.com.br/exibe_do.php?i=NTg5MzUw,,Não identificada
2025-01-02,2250,8111,Decretos,https://www.dosp.com.br/exibe_do.php?i=NTg5MzUw,,Não identificada
2025-01-02,2250,8126,Decretos,https://www.dosp.com.br/exibe_do.php?i=NTg5MzUw,,Não identificada
2025-01-02,2250,8122,Decretos,https://www.dosp.com.br/exibe_do.php?i=NTg5MzUw,,Não identificada
2025-01-02,2250,8115,Decretos,https://www.dosp.com.br/exibe_do.php?i=NTg5MzUw,,Não identificada
2025-01-02,2250,8130,Decretos,https://www.dosp.com.br/exibe_do.php?i=NTg5MzUw,,Não identificada
2025-01-02,2250,8119,Decretos,https://www.dosp.com.br/exibe_do.php?i=NTg5MzUw,,Não identificada
2025-01-02,2250,8112,Decretos,https://www.dosp.com.br/exibe_do.php?i=NTg5MzUw,,Não identificada
2025-01-01,2248,001 – (...),Portarias,https://www.dosp.com.br/exibe_do.php?i=NTg4ODcy,https://www.dosp.com.br/leituratexto?p=MTk1MjUzNg==,Não identificada
2025-01-01,2248,Planilha Porta (...),Portarias,https://www.dosp.com.br/exibe_do.php?i=NTg4ODcy,,Não identificada
2025-01-01,2248,8112 - nomeia Carlos Roberto dos Santos - Esportes,Decretos,https://www.dosp.com.br/exibe_do.php?i=NTg4ODcy,https://www.dosp.com.br/leituratexto?p=MTk1MjUzOQ==,Secretaria de Esporte
2025-01-01,2248,8121 - nomeia Patricia Estela Monteiro Pereira - Mulher,Decretos,https://www.dosp.com.br/exibe_do.php?i=NTg4ODcy,https://www.dosp.com.br/leituratexto?p=MTk1MjU0OA==,Não identificada
2025-01-01,2248,8116 - nomeia Gilberto Saito - Secretário Adjunto,Decretos,https://www.dosp.com.br/exibe_do.php?i=NTg4ODcy,https://www.dosp.com.br/leituratexto?p=MTk1MjU0Mw==,Não identificada
2025-01-01,2248,8120 - nomeia Luiz Carlos da Costa - Governo,Decretos,https://www.dosp.com.br/exibe_do.php?i=NTg4ODcy,https://www.dosp.com.br/leituratexto?p=MTk1MjU0Nw==,Não identificada
2025-01-01,2248,8113- nomeia Cesar Augusto de Oliveira - Educação,Decretos,https://www.dosp.com.br/exibe_do.php?i=NTg4ODcy,https://www.dosp.com.br/leituratexto?p=MTk1MjU0MA==,Secretaria de Educação
2025-01-01,2248,8124 - nomeia Thais Francini Christino - Cultura - Copia,Decretos,https://www.dosp.com.br/exibe_do.php?i=NTg4ODcy,https://www.dosp.com.br/leituratexto?p=MTk1MjU1MQ==,Secretaria de Cultura
2025-01-01,2248,8123 - nomeia RoslindoWilson Machado - Saúde,Decretos,https://www.dosp.com.br/exibe_do.php?i=NTg4ODcy,https://www.dosp.com.br/leituratexto?p=MTk1MjU1MA==,Secretaria de Saúde
2025-01-01,2248,8119 - nomeia Judesio Borges - Meio Ambiente,Decretos,https://www.dosp.com.br/exibe_do.php?i=NTg4ODcy,https://www.dosp.com.br/leituratexto?p=MTk1MjU0Ng==,Secretaria de Meio Ambiente
2025-01-01,2248,8115 - nomeia Claudinei Cardoso Borges - Turismo,Decretos,https://www.dosp.com.br/exibe_do.php?i=NTg4ODcy,https://www.dosp.com.br/leituratexto?p=MTk1MjU0Mg==,Não identificada
2025-01-01,2248,8117 - nomeia Itamar de Araujo - Fazenda,Decretos,https://www.dosp.com.br/exibe_do.php?i=NTg4ODcy,https://www.dosp.com.br/leituratexto?p=MTk1MjU0NA==,Não identificada
2025-01-01,2248,8110 - nomeia Alaide Vadineia Ferreira - Habitação,Decretos,https://www.dosp.com.br/exibe_do.php?i=NTg4ODcy,https://www.dosp.com.br/leituratexto?p=MTk1MjUzNw==,Não identificada
2025-01-01,2248,8109 - Ponto facultativo 2025,Decretos,https://www.dosp.com.br/exibe_do.php?i=NTg4ODcy,https://www.dosp.com.br/leituratexto?p=MTk1MjUzNQ==,Não identificada
2025-01-01,2248,8114- nomeia Cesar Augusto Luciano Franco Morelli - Transporte e Serviços,Decretos,https://www.dosp.com.br/exibe_do.php?i=NTg4ODcy,https://www.dosp.com.br/leituratexto?p=MTk1MjU0MQ==,Secretaria de Transporte
2025-01-01,2248,8125 - Defesa Civil - revoga 7903,Decretos,https://www.dosp.com.br/exibe_do.php?i=NTg4ODcy,https://www.dosp.com.br/leituratexto?p=MTk1MjU1Mg==,Não identificada
2025-01-01,2248,8118 - nomeia Jose dos Santos Callado Neto - Planejamento e Obras,Decretos,https://www.dosp.com.br/exibe_do.php?i=NTg4ODcy,https://www.dosp.com.br/leituratexto?p=MTk1MjU0NQ==,Secretaria de Obras
2025-01-01,2248,8111 - nomeia Amanda Versignasse Rodrigues -  Relações Institucionais,Decretos,https://www.dosp.com.br/exibe_do.php?i=NTg4ODcy,https://www.dosp.com.br/leituratexto?p=MTk1MjUzOA==,Não identificada
2025-01-01,2248,8122 - nomeia Regiane de Arruda Daffara - Semads,Decretos,https://www.dosp.com.br/exibe_do.php?i=NTg4ODcy,https://www.dosp.com.br/leituratexto?p=MTk1MjU0OQ==,Não identificada
2025-01-01,2249,8126 - Rogério Batistetti Martins Rodrigues - Assuntos Juridicos,Decretos,https://www.dosp.com.br/exibe_do.php?i=NTg4ODc3,https://www.dosp.com.br/leituratexto?p=MTk1MjU3NA==,Não identificada
2025-01-01,2249,8127 - Angelo Francisco Zanotto - Comunicação,Decretos,https://www.dosp.com.br/exibe_do.php?i=NTg4ODc3,https://www.dosp.com.br/leituratexto?p=MTk1MjU3NQ==,Não identificada
2024-12-30,2247,8103 - suplementação frea,Decretos,https://www.dosp.com.br/exibe_do.php?i=NTg4NTI0,https://www.dosp.com.br/leituratexto?p=MTk1MTU3OA==,Não identificada
2024-12-23,2241,DEC DESAPROPRIAÇÃO PAULA ASSIS,Decretos,https://www.dosp.com.br/exibe_do.php?i=NTg2NDcx,https://www.dosp.com.br/leituratexto?p=MTk0NTI5Ng==,Não identificada
2024-12-23,2239,8105 - Reorganização das Férias para o ano letivo 2025 da Rede Municipal de Ensino,Decretos,https://www.dosp.com.br/exibe_do.php?i=NTg2MTcz,https://www.dosp.com.br/leituratexto?p=MTk0Mzk4Mw==,Não identificada
2024-12-23,2240,Administração – (...),Portarias,https://www.dosp.com.br/exibe_do.php?i=NTg2MzU1,,Secretaria de Administração
2024-12-23,2240,8105 - Errata  - Reorganização das Férias para o ano letivo 2025 da Rede Municipal de Ensino,Decretos,https://www.dosp.com.br/exibe_do.php?i=NTg2MzU1,https://www.dosp.com.br/leituratexto?p=MTk0NDc5OA==,Não identificada
2024-12-19,2235,8104 -  homologação progressão funcional Paloma Rodrigues da Silva,Decretos,https://www.dosp.com.br/exibe_do.php?i=NTg1MTYx,https://www.dosp.com.br/leituratexto?p=MTk0MDg3Ng==,Não identificada
2024-12-18,2234,8092 - denominação ubs costa azul -  Deputado Campos Machado,Decretos,https://www.dosp.com.br/exibe_do.php?i=NTg0NTgy,https://www.dosp.com.br/leituratexto?p=MTkzODYzOA==,Não identificada
2024-12-18,2234,8093 - Convocação 1ª conferencia intermunicipal do meio ambiernte do alto paranapanema,Decretos,https://www.dosp.com.br/exibe_do.php?i=NTg0NTgy,https://www.dosp.com.br/leituratexto?p=MTkzODYzOQ==,Não identificada
2024-12-17,2232,"3144 -  Crédito adicional especial -130.039,57 - educação",Leis,https://www.dosp.com.br/exibe_do.php?i=NTg0MDY0,https://www.dosp.com.br/leituratexto?p=MTkzNjMwNA==,Secretaria de Educação
2024-12-17,2232,"3141 -  Crédito adicional suplementar -18.670,01 - planejamento",Leis,https://www.dosp.com.br/exibe_do.php?i=NTg0MDY0,https://www.dosp.com.br/leituratexto?p=MTkzNjMwMQ==,Não identificada
2024-12-17,2232,"3140 -  Crédito adicional suplementar -18.670,01 - planejamento",Leis,https://www.dosp.com.br/exibe_do.php?i=NTg0MDY0,https://www.dosp.com.br/leituratexto?p=MTkzNjMwMA==,Não identificada
2024-12-17,2232,"8099 - Crédito especial - R$ 130.039,57 - educação",Decretos,https://www.dosp.com.br/exibe_do.php?i=NTg0MDY0,https://www.dosp.com.br/leituratexto?p=MTkzNjMxMQ==,Secretaria de Educação
2024-12-17,2232,"8095 - Crédito suplementar - R$ 18.670,01 - planejamento",Decretos,https://www.dosp.com.br/exibe_do.php?i=NTg0MDY0,https://www.dosp.com.br/leituratexto?p=MTkzNjMwNw==,Não identificada
2024-12-17,2232,"8098 - Crédito especial - R$ 40.550,62 - educação",Decretos,https://www.dosp.com.br/exibe_do.php?i=NTg0MDY0,https://www.dosp.com.br/leituratexto?p=MTkzNjMxMA==,Secretaria de Educação
2024-12-17,2232,"8097 - Crédito especial - R$ 96.622,71 - educação",Decretos,https://www.dosp.com.br/exibe_do.php?i=NTg0MDY0,https://www.dosp.com.br/leituratexto?p=MTkzNjMwOQ==,Secretaria de Educação
2024-12-17,2232,"8100 - Altera o paragrafo  unico , do artigo 4º do decreto 5349",Decretos,https://www.dosp.com.br/exibe_do.php?i=NTg0MDY0,https://www.dosp.com.br/leituratexto?p=MTkzNzEzNQ==,Não identificada
2024-12-17,2232,"8096 - Crédito suplementar - R$ 18.670,01 - planejamento",Decretos,https://www.dosp.com.br/exibe_do.php?i=NTg0MDY0,https://www.dosp.com.br/leituratexto?p=MTkzNjMwOA==,Não identificada
2024-12-17,2232,"3142 -  Crédito adicional especial -96.622,71 - educação",Leis,https://www.dosp.com.br/exibe_do.php?i=NTg0MDY0,https://www.dosp.com.br/leituratexto?p=MTkzNjMwMg==,Secretaria de Educação
2024-12-17,2232,"3143 -  Crédito adicional especial -40.550,62 - educação",Leis,https://www.dosp.com.br/exibe_do.php?i=NTg0MDY0,https://www.dosp.com.br/leituratexto?p=MTkzNjMwMw==,Secretaria de Educação
2024-12-13,2228,8089 - Declaração de utilidade publicas para fins de futura desapropriação - mat 56893 - neuza benedetti azevedo e outros,Decretos,https://www.dosp.com.br/exibe_do.php?i=NTgyNTA1,https://www.dosp.com.br/leituratexto?p=MTkzMTA2Mg==,Não identificada
2024-12-13,2230,8089 -2 ª Errata - Declaração de utilidade publicas para fins de futura desapropriação - mat 56893 - neuza benedetti azevedo e outros,Decretos,https://www.dosp.com.br/exibe_do.php?i=NTgyNzkz,https://www.dosp.com.br/leituratexto?p=MTkzMzE4MA==,Não identificada
2024-12-13,2228,8090 - denominação portal de entrada da cidade -  Campos Machado,Decretos,https://www.dosp.com.br/exibe_do.php?i=NTgyNTA1,https://www.dosp.com.br/leituratexto?p=MTkzMTA2Mw==,Não identificada
2024-12-12,2227,8088- Ponto facultativo final de ano 2024 - revoga 8084,Decretos,https://www.dosp.com.br/exibe_do.php?i=NTgyMTQw,https://www.dosp.com.br/leituratexto?p=MTkzMTA0Nw==,Não identificada
2024-12-12,2227,PORTARIAS NOVEMBRO,Portarias,https://www.dosp.com.br/exibe_do.php?i=NTgyMTQw,,Não identificada
2024-12-12,2227,3139 - CÂMARA -  Dia do Campista Caravanista,Leis,https://www.dosp.com.br/exibe_do.php?i=NTgyMTQw,https://www.dosp.com.br/leituratexto?p=MTkzMDQxOA==,Não identificada
2024-12-11,2225,8055 - Exonera  Alexandre Leal Nigro - Sec. de Planejamento e Obras,Decretos,https://www.dosp.com.br/exibe_do.php?i=NTgxNTM1,https://www.dosp.com.br/leituratexto?p=MTkyODYwNQ==,Secretaria de Obras
2024-12-10,2222,Portaria,Portarias,https://www.dosp.com.br/exibe_do.php?i=NTgwMzY2,,Não identificada
2024-12-09,2221,8056 - Exonera  Carlos Roberto dos Santos - Sec. de Esportes e Lazer,Decretos,https://www.dosp.com.br/exibe_do.php?i=NTgwMDk5,https://www.dosp.com.br/leituratexto?p=MTkyNTQwMA==,Secretaria de Esporte
2024-12-09,2221,8059 - Revoga 7926 - flavio rossi mantovani - sec da comunicação,Decretos,https://www.dosp.com.br/exibe_do.php?i=NTgwMDk5,https://www.dosp.com.br/leituratexto?p=MTkyNTQwMg==,Não identificada
2024-12-09,2221,8070 - Exonera  Itamar de Araújo - Sec. da Fazenda,Decretos,https://www.dosp.com.br/exibe_do.php?i=NTgwMDk5,https://www.dosp.com.br/leituratexto?p=MTkyNTQwOQ==,Não identificada
2024-12-09,2221,8074 - Exonera Roslindo Wilson Machado - Sec. saúde,Decretos,https://www.dosp.com.br/exibe_do.php?i=NTgwMDk5,https://www.dosp.com.br/leituratexto?p=MTkyNTQxMg==,Secretaria de Saúde
2024-12-09,2221,8058 - Exonera  Elza Castilho de Albuquerque - Sec. da Mulher,Decretos,https://www.dosp.com.br/exibe_do.php?i=NTgwMDk5,https://www.dosp.com.br/leituratexto?p=MTkyNTQwMQ==,Não identificada
2024-12-09,2221,8065 - Revoga 6131 - ronaldo de souza vilas boas - sec de agricultura,Decretos,https://www.dosp.com.br/exibe_do.php?i=NTgwMDk5,https://www.dosp.com.br/leituratexto?p=MTkyNTQwOA==,Secretaria de Cultura
2024-12-09,2221,8062 - Exonera  Josiane Aparecida Medeiros de Jesus - Sec. da Educação,Decretos,https://www.dosp.com.br/exibe_do.php?i=NTgwMDk5,https://www.dosp.com.br/leituratexto?p=MTkyNTQwNA==,Secretaria de Educação
2024-12-09,2221,8072 - Exonera Regiane de Arruda Daffara - SECRETÁRIA MUNICIPAL DA ASSISTENCIA E DESENVOLVIMENTO SOCIAL,Decretos,https://www.dosp.com.br/exibe_do.php?i=NTgwMDk5,https://www.dosp.com.br/leituratexto?p=MTkyNTQxMQ==,Secretaria de Assistência Social
2024-12-09,2221,8057 - Exonera  Cesar Augusto Franco Morelli - Sec. de Serviços,Decretos,https://www.dosp.com.br/exibe_do.php?i=NTgwMDk5,https://www.dosp.com.br/leituratexto?p=MTkyNTQwNw==,Não identificada
2024-12-09,2221,8063 - Revoga 6449 - marcio danilo dos santos- sec do turismo,Decretos,https://www.dosp.com.br/exibe_do.php?i=NTgwMDk5,https://www.dosp.com.br/leituratexto?p=MTkyNTQwNQ==,Não identificada
2024-12-09,2221,8069 - Revoga 7000 - Gilberto Saito - sec adjunto divisão de serviços municipais,Decretos,https://www.dosp.com.br/exibe_do.php?i=NTgwMDk5,https://www.dosp.com.br/leituratexto?p=MTkyNTQxMw==,Não identificada
2024-12-09,2221,8064 - Exonera  Patrícia de Cassia Furno Olindo Franzolin - Sec. de Governo,Decretos,https://www.dosp.com.br/exibe_do.php?i=NTgwMDk5,https://www.dosp.com.br/leituratexto?p=MTkyNTQwNg==,Não identificada
2024-12-09,2221,8071 - Exonera Judesio Borges - Sec. do Meio Ambiente,Decretos,https://www.dosp.com.br/exibe_do.php?i=NTgwMDk5,https://www.dosp.com.br/leituratexto?p=MTkyNTQxMA==,Secretaria de Meio Ambiente
2024-12-09,2221,8061 - Exonera  Isabel Cristina Cardoso - Sec. da Cultura,Decretos,https://www.dosp.com.br/exibe_do.php?i=NTgwMDk5,https://www.dosp.com.br/leituratexto?p=MTkyNTQwMw==,Secretaria de Cultura
2024-12-09,2221,8073 - Exonera Ronaldo Adão Guardiano - Sec. Administração,Decretos,https://www.dosp.com.br/exibe_do.php?i=NTgwMDk5,https://www.dosp.com.br/leituratexto?p=MTkyNTQxNA==,Secretaria de Administração
2024-12-06,2217,"8076 -  Crédito adicional especial - 50.000,00 - gabinete",Decretos,https://www.dosp.com.br/exibe_do.php?i=NTc5NDg4,https://www.dosp.com.br/leituratexto?p=MTkyMzU1Nw==,Não identificada
2024-12-06,2217,"8080 - Crédito suplementar - 301.785,27 - meio ambiente",Decretos,https://www.dosp.com.br/exibe_do.php?i=NTc5NDg4,https://www.dosp.com.br/leituratexto?p=MTkyMzU2MA==,Secretaria de Meio Ambiente
2024-12-06,2217,"8082 - Crédito especial - 414.736,71 - educação",Decretos,https://www.dosp.com.br/exibe_do.php?i=NTc5NDg4,https://www.dosp.com.br/leituratexto?p=MTkyMzU2Mg==,Secretaria de Educação
2024-12-06,2217,"8079 - Crédito suplementar - 242.839,06 - planejamento",Decretos,https://www.dosp.com.br/exibe_do.php?i=NTc5NDg4,https://www.dosp.com.br/leituratexto?p=MTkyMzU1OQ==,Não identificada
2024-12-06,2216,8084- Ponto facultativo final de ano 2024 - revoga 8060,Decretos,https://www.dosp.com.br/exibe_do.php?i=NTc5NDgx,https://www.dosp.com.br/leituratexto?p=MTkyMzU1MQ==,Não identificada
2024-12-06,2217,"8078 -  Crédito adicional suplementar - 23.758,71 - planejamento",Decretos,https://www.dosp.com.br/exibe_do.php?i=NTc5NDg4,https://www.dosp.com.br/leituratexto?p=MTkyMzU1OA==,Não identificada
2024-12-06,2217,"8081 - Crédito suplementar - 3.302.159,90 - educação",Decretos,https://www.dosp.com.br/exibe_do.php?i=NTc5NDg4,https://www.dosp.com.br/leituratexto?p=MTkyMzU2MQ==,Secretaria de Educação
2024-12-06,2219,3137 - CÂMARA - Institui o programa cuidando de quem cuida,Leis,https://www.dosp.com.br/exibe_do.php?i=NTc5NzUx,https://www.dosp.com.br/leituratexto?p=MTkyNDM2MA==,Não identificada
2024-12-06,2219,3138 - CÂMARA - autorização para criação de vagas de embarque e desembarque motoristas de aplicativo,Leis,https://www.dosp.com.br/exibe_do.php?i=NTc5NzUx,https://www.dosp.com.br/leituratexto?p=MTkyNDM2MQ==,Não identificada
2024-12-05,2213,"3131 -  Crédito adicional especial - 50.000,00",Leis,https://www.dosp.com.br/exibe_do.php?i=NTc4ODMz,https://www.dosp.com.br/leituratexto?p=MTkyMTQxNg==,Não identificada
2024-12-05,2213,"3134 -  Crédito adicional suplementar -301.784,27 - meio ambiente",Leis,https://www.dosp.com.br/exibe_do.php?i=NTc4ODMz,https://www.dosp.com.br/leituratexto?p=MTkyMTQxOQ==,Secretaria de Meio Ambiente
2024-12-05,2213,"3133 -  Crédito adicional suplementar - 242.839,06 - planejamento",Leis,https://www.dosp.com.br/exibe_do.php?i=NTc4ODMz,https://www.dosp.com.br/leituratexto?p=MTkyMTQxOA==,Não identificada
2024-12-05,2213,"3136 -  Crédito adicional especial -414.736,71 - educação",Leis,https://www.dosp.com.br/exibe_do.php?i=NTc4ODMz,https://www.dosp.com.br/leituratexto?p=MTkyMTQyMQ==,Secretaria de Educação
2024-12-05,2213,"3132 -  Crédito adicional suplementar - 23.758,71",Leis,https://www.dosp.com.br/exibe_do.php?i=NTc4ODMz,https://www.dosp.com.br/leituratexto?p=MTkyMTQxNw==,Não identificada
2024-12-05,2213,"3135 -  Crédito adicional suplementar -3.302.159,90 - educação",Leis,https://www.dosp.com.br/exibe_do.php?i=NTc4ODMz,https://www.dosp.com.br/leituratexto?p=MTkyMTQyMA==,Secretaria de Educação
2024-12-05,2213,8053 - Reorganiza membros da comisisão dos 86º jogos abertos horácio baby barioni - sede são jose do rio preto,Decretos,https://www.dosp.com.br/exibe_do.php?i=NTc4ODMz,https://www.dosp.com.br/leituratexto?p=MTkyMTM0Mg==,Não identificada
2024-12-04,2210,8068 - denomina vias publicas - vila suiça II,Decretos,https://www.dosp.com.br/exibe_do.php?i=NTc4MDg0,https://www.dosp.com.br/leituratexto?p=MTkxOTAyNw==,Não identificada
2024-12-04,2210,Portarias Fi – (...),Portarias,https://www.dosp.com.br/exibe_do.php?i=NTc4MDg0,,Não identificada
2024-12-04,2211,8075 -  reorganiza conselho municipal dos direitos da criança e do adolescente - cmdca - revoga 7900,Decretos,https://www.dosp.com.br/exibe_do.php?i=NTc4NTM2,https://www.dosp.com.br/leituratexto?p=MTkyMDgyMA==,Não identificada
2024-12-03,2209,8060 - Ponto facultativo final de ano 2024,Decretos,https://www.dosp.com.br/exibe_do.php?i=NTc3OTcx,https://www.dosp.com.br/leituratexto?p=MTkxNzk2OQ==,Não identificada
2024-12-03,2208,14219 – (...),Portarias,https://www.dosp.com.br/exibe_do.php?i=NTc3NzMx,,Não identificada
2024-11-29,2202,8044  - Descaucionamento Loteamento Central Parque I,Decretos,https://www.dosp.com.br/exibe_do.php?i=NTc2ODE5,https://www.dosp.com.br/leituratexto?p=MTkxNDQ2OA==,Não identificada
2024-11-29,2201,3130 -  Institui o Dia do Colaboarador da Industria de Confecçao,Leis,https://www.dosp.com.br/exibe_do.php?i=NTc2NjA4,https://www.dosp.com.br/leituratexto?p=MTkxNDE1OQ==,Não identificada
2024-11-29,2201,3129 -  Revogação da Lei 3048 de 2024 - dia do profissional da industria textil,Leis,https://www.dosp.com.br/exibe_do.php?i=NTc2NjA4,https://www.dosp.com.br/leituratexto?p=MTkxNDE1OA==,Não identificada
2024-11-29,2202,8045  - Descaucionamento Loteamento Reserva Central Parque,Decretos,https://www.dosp.com.br/exibe_do.php?i=NTc2ODE5,https://www.dosp.com.br/leituratexto?p=MTkxNDQ2OQ==,Não identificada
2024-11-28,2199,8038 - Institui Politica Municipal de Segurança da Informação da Estancia Turistica de Avare revisado,Decretos,https://www.dosp.com.br/exibe_do.php?i=NTc2MjUx,https://www.dosp.com.br/leituratexto?p=MTkxMzU3MQ==,Não identificada
2024-11-28,2198,8050  - Dispõe sobre elevação de vagas em concurso 002 2022 - cargo de diretor de unidade educacional,Decretos,https://www.dosp.com.br/exibe_do.php?i=NTc2MTk1,https://www.dosp.com.br/leituratexto?p=MTkxMjY4OA==,Não identificada
2024-11-21,2189,3128 -  autoriza desembolsar valores delegação avareense dos 86º jogos abertos 2024 - são jose do rio preto,Leis,https://www.dosp.com.br/exibe_do.php?i=NTczMTg1,https://www.dosp.com.br/leituratexto?p=MTkwMzYwNg==,Não identificada
2024-11-18,2184,"8035 - FREA  abertura de crédito suplementar 29.200,00",Decretos,https://www.dosp.com.br/exibe_do.php?i=NTcxOTgz,https://www.dosp.com.br/leituratexto?p=MTg5NzMzNw==,Não identificada
2024-11-14,2183,8037 - Exonera  Andréia Brisola Carvalheira - Sec. de Relações Institucionais,Decretos,https://www.dosp.com.br/exibe_do.php?i=NTcxMjMx,https://www.dosp.com.br/leituratexto?p=MTg5NjM2OQ==,Não identificada
2024-11-13,2182,340 - Estabelece novo valor ao vale alimentação  - 1º de janeiro de 2025,Leis,https://www.dosp.com.br/exibe_do.php?i=NTcwNjYz,https://www.dosp.com.br/leituratexto?p=MTg5NTQ1Ng==,Não identificada
2024-11-13,2182,3127 -  Estima a receita fixa e despesa do municipio 2025,Leis,https://www.dosp.com.br/exibe_do.php?i=NTcwNjYz,,Não identificada
2024-11-13,2182,3126 - CÂMARA - Garante a emissão de certidão negativa de fornecimento de medicamento ou tratamento médico aos usuáios da Rede Publica de Sáude,Leis,https://www.dosp.com.br/exibe_do.php?i=NTcwNjYz,https://www.dosp.com.br/leituratexto?p=MTg5NDgwMA==,Não identificada
2024-11-13,2182,7988 -  ERRATA - Autoriza planos de loteamento e arrruamento loteamento Residencial Flávio Novaes,Decretos,https://www.dosp.com.br/exibe_do.php?i=NTcwNjYz,,Não identificada
2024-11-13,2182,"8034 - correção da ufma - 4,69",Decretos,https://www.dosp.com.br/exibe_do.php?i=NTcwNjYz,https://www.dosp.com.br/leituratexto?p=MTg5NTQ1NQ==,Não identificada
2024-11-11,2178,8030  - permissão de uso bombeiros - FORD RANGER,Decretos,https://www.dosp.com.br/exibe_do.php?i=NTY5NTQx,https://www.dosp.com.br/leituratexto?p=MTg5MTU2NQ==,Não identificada
2024-11-07,2174,8025 - hospede oficial - Paulo Sergio e Daniela,Decretos,https://www.dosp.com.br/exibe_do.php?i=NTY4MzA2,https://www.dosp.com.br/leituratexto?p=MTg4NzA1Mg==,Não identificada
2024-11-06,2173,"3125 -  Crédito adicional especial - 528.596,37 - planejamento",Leis,https://www.dosp.com.br/exibe_do.php?i=NTY3ODE3,https://www.dosp.com.br/leituratexto?p=MTg4NjQ5OA==,Não identificada
2024-11-06,2173,"8027 - Crédito especial - 528.596,37 - planejamento",Decretos,https://www.dosp.com.br/exibe_do.php?i=NTY3ODE3,https://www.dosp.com.br/leituratexto?p=MTg4NjQ5OQ==,Não identificada
2024-11-06,2173,8026 - Alteração de nomenclatura de tipo de ensino - emeb Zainy Zequi para CEI Zainy Zequi,Decretos,https://www.dosp.com.br/exibe_do.php?i=NTY3ODE3,https://www.dosp.com.br/leituratexto?p=MTg4NzA1NA==,Não identificada
2024-11-04,2169,Planilha de Po (...),Portarias,https://www.dosp.com.br/exibe_do.php?i=NTY2NjMx,,Não identificada
2024-11-04,2170,8022 - Realização da prova física TAF e prova prática THE para o concurso publico 01 2024-002 2024- 004 2024,Decretos,https://www.dosp.com.br/exibe_do.php?i=NTY2NzQ2,https://www.dosp.com.br/leituratexto?p=MTg4NDA4Nw==,Não identificada
2024-11-01,2167,PLANILHA PORTA (...),Portarias,https://www.dosp.com.br/exibe_do.php?i=NTY2MTI5,,Não identificada
2024-11-01,2167,8119 - Concessão de férias regulamentares para o ano letivo de 2025 da rede municipal de ensino,Decretos,https://www.dosp.com.br/exibe_do.php?i=NTY2MTI5,https://www.dosp.com.br/leituratexto?p=MTg4MjU0Mw==,Não identificada
2024-10-31,2166,8011 - Deferimento resultado final dos certificados necessários para manutençao do adicional de qualificação ao profissional do magistério,Decretos,https://www.dosp.com.br/exibe_do.php?i=NTY1Njc0,https://www.dosp.com.br/leituratexto?p=MTg4MTA0Nw==,Não identificada
2024-10-31,2166,"8013 - Crédito adicional especial - 62.564,77 - saúde",Decretos,https://www.dosp.com.br/exibe_do.php?i=NTY1Njc0,https://www.dosp.com.br/leituratexto?p=MTg4MTA1MA==,Secretaria de Saúde
2024-10-31,2166,8014 - Regulamentação do Fundo Municipal de Saneamento Ambiental e de Infraestruruta - FMSAI,Decretos,https://www.dosp.com.br/exibe_do.php?i=NTY1Njc0,https://www.dosp.com.br/leituratexto?p=MTg4MTA0OA==,Não identificada
2024-10-31,2166,14166 – (...),Portarias,https://www.dosp.com.br/exibe_do.php?i=NTY1Njc0,https://www.dosp.com.br/leituratexto?p=MTg4MDkyMA==,Não identificada
2024-10-31,2166,"3124 -  Crédito adicional especial - 62.564,77 - saúde",Leis,https://www.dosp.com.br/exibe_do.php?i=NTY1Njc0,https://www.dosp.com.br/leituratexto?p=MTg4MTA1MQ==,Secretaria de Saúde
2024-10-31,2166,8015 - 86º jogos abertos horácio baby barioni - sede são jose do rio preto,Decretos,https://www.dosp.com.br/exibe_do.php?i=NTY1Njc0,https://www.dosp.com.br/leituratexto?p=MTg4MTA0OQ==,Não identificada
2024-10-30,2163,339 -Institui o Programa de Recuperação Fiscal - REFIS,Leis,https://www.dosp.com.br/exibe_do.php?i=NTY0OTYw,https://www.dosp.com.br/leituratexto?p=MTg3OTM4MA==,Não identificada
2024-10-25,2159,3123 -  Cria o centro de referencia de atendimento a mulher no municipio de avare - CRAM,Leis,https://www.dosp.com.br/exibe_do.php?i=NTYzOTMy,https://www.dosp.com.br/leituratexto?p=MTg3NjQyNA==,Não identificada
2024-10-25,2159,338 -Alteração de dispositivo da lei complementar 216 2016 - educação,Leis,https://www.dosp.com.br/exibe_do.php?i=NTYzOTMy,https://www.dosp.com.br/leituratexto?p=MTg3NjQyNg==,Secretaria de Educação
2024-10-23,2156,8005 -  Autoriza planos de loteamento e arrruamento loteamento Residencial Central Parque II,Decretos,https://www.dosp.com.br/exibe_do.php?i=NTYyNjM3,,Não identificada
2024-10-23,2156,7999 -  Autoriza planos de loteamento e arrruamento loteamento Residencial Colinas de Avaré,Decretos,https://www.dosp.com.br/exibe_do.php?i=NTYyNjM3,,Não identificada
2024-10-23,2155,8007 - ponto facultativo servidor publico,Decretos,https://www.dosp.com.br/exibe_do.php?i=NTYyNjIz,https://www.dosp.com.br/leituratexto?p=MTg3MzA5OA==,Não identificada
2024-10-23,2155,8008 -  comissão 54ª emapa,Decretos,https://www.dosp.com.br/exibe_do.php?i=NTYyNjIz,https://www.dosp.com.br/leituratexto?p=MTg3MzA4OA==,Não identificada
2024-10-23,2156,8004 -  Autoriza planos de loteamento e arrruamento loteamento Residencial Reserva Central Parque II,Decretos,https://www.dosp.com.br/exibe_do.php?i=NTYyNjM3,,Não identificada
2024-10-21,2151,8000 - nomeia os membros do Conselho Municipal do Bem-Estar Animal da Estância Turística de Avaré  - CMBEA,Decretos,https://www.dosp.com.br/exibe_do.php?i=NTYxNTUx,https://www.dosp.com.br/leituratexto?p=MTg3MDI3NA==,Não identificada
2024-10-21,2151,7998 - Revoga 665 2000 - autoriza loteamento vida nova,Decretos,https://www.dosp.com.br/exibe_do.php?i=NTYxNTUx,https://www.dosp.com.br/leituratexto?p=MTg3MDI3Mw==,Não identificada
2024-10-21,2151,8002 - Transição de Governo e criação de equipe de transição,Decretos,https://www.dosp.com.br/exibe_do.php?i=NTYxNTUx,https://www.dosp.com.br/leituratexto?p=MTg3MDI5OQ==,Não identificada
2024-10-18,2149,7994 - Reorganiza JARI - Junta Administrativa de Recursos de Infrações - revoga 7967,Decretos,https://www.dosp.com.br/exibe_do.php?i=NTYwOTI2,https://www.dosp.com.br/leituratexto?p=MTg2ODIyNw==,Não identificada
2024-10-18,2150,7997 - Exonera Glauco Fabiano Fávaro de Oliveira - Sec. de Habitação,Decretos,https://www.dosp.com.br/exibe_do.php?i=NTYxMTUw,https://www.dosp.com.br/leituratexto?p=MTg2ODg4Mw==,Não identificada
2024-10-17,2148,"3121 -  Crédito Adicional Especial - 46.561,17 - educação",Leis,https://www.dosp.com.br/exibe_do.php?i=NTYwNjI0,https://www.dosp.com.br/leituratexto?p=MTg2NjI0MA==,Secretaria de Educação
2024-10-17,2148,"3122 -  Crédito Adicional Suplementar - 3.075.496,44 - educação",Leis,https://www.dosp.com.br/exibe_do.php?i=NTYwNjI0,https://www.dosp.com.br/leituratexto?p=MTg2NjI0MQ==,Secretaria de Educação
2024-10-17,2148,"7995 - Crédito especial - 16.561,17 - educação",Decretos,https://www.dosp.com.br/exibe_do.php?i=NTYwNjI0,https://www.dosp.com.br/leituratexto?p=MTg2NzY1Mw==,Secretaria de Educação
2024-10-17,2148,"7996 - Crédito suplementar - 3.075.496,44 - educação",Decretos,https://www.dosp.com.br/exibe_do.php?i=NTYwNjI0,https://www.dosp.com.br/leituratexto?p=MTg2NzY1NA==,Secretaria de Educação
2024-10-17,2148,337 -Alteração de dispositivo da lei 2007 2016,Leis,https://www.dosp.com.br/exibe_do.php?i=NTYwNjI0,https://www.dosp.com.br/leituratexto?p=MTg2NjI0Mg==,Não identificada
2024-10-16,2147,336 - Normas e diretrizes gerais a realizaçao de concursos publicos no ambito da administração publica municipal,Leis,https://www.dosp.com.br/exibe_do.php?i=NTYwMDYy,https://www.dosp.com.br/leituratexto?p=MTg2NjAxMQ==,Secretaria de Administração
2024-10-16,2147,7986 - garantia hipotecária LALIM participações - Reserva Central Parque II,Decretos,https://www.dosp.com.br/exibe_do.php?i=NTYwMDYy,https://www.dosp.com.br/leituratexto?p=MTg2NTg4Ng==,Não identificada
2024-10-16,2147,7987 - garantia hipotecária LALIM participações - Central Parque II,Decretos,https://www.dosp.com.br/exibe_do.php?i=NTYwMDYy,https://www.dosp.com.br/leituratexto?p=MTg2NTgzMA==,Não identificada
2024-10-16,2147,7958 -  Autoriza planos de loteamento e arrruamento  (acesso controlado) loteamento Residencial Tarumã,Decretos,https://www.dosp.com.br/exibe_do.php?i=NTYwMDYy,,Não identificada
2024-10-16,2147,7988 - Autoriza planos de loteamento e arruamento e garantia apólice de seguros - residencial flávio novaes,Decretos,https://www.dosp.com.br/exibe_do.php?i=NTYwMDYy,,Não identificada
2024-10-11,2142,7984 - Abertura de crédito - FREA,Decretos,https://www.dosp.com.br/exibe_do.php?i=NTU4NTgw,https://www.dosp.com.br/leituratexto?p=MTg2MTkxNA==,Não identificada
2024-10-10,2139,7983 -  Prorrogação do Prazo para a implantação do SEI-CIDADES em Avaré,Decretos,https://www.dosp.com.br/exibe_do.php?i=NTU4MDAw,https://www.dosp.com.br/leituratexto?p=MTg2MDIxNw==,Não identificada
2024-10-09,2138,3120 - CÂMARA - institui a Politica Municipal de Proteção dos Direitos da Pessoa com Fibromialgia (2),Leis,https://www.dosp.com.br/exibe_do.php?i=NTU3NTU3,https://www.dosp.com.br/leituratexto?p=MTg1ODM4OA==,Não identificada
2024-10-09,2138,7979 - Nomeação dos Membros da Mesa Diretora da Corregedoria do Conselho Tutelar,Decretos,https://www.dosp.com.br/exibe_do.php?i=NTU3NTU3,https://www.dosp.com.br/leituratexto?p=MTg1OTE1Nw==,Não identificada
2024-10-09,2138,7980 - Regimento Interno da Corregedoria do Conselho Tutelar,Decretos,https://www.dosp.com.br/exibe_do.php?i=NTU3NTU3,https://www.dosp.com.br/leituratexto?p=MTg1OTE1OA==,Não identificada
2024-10-08,2136,7978 - Revoga presidente do fundo social - Regiane de Arruda Daffara,Decretos,https://www.dosp.com.br/exibe_do.php?i=NTU2OTkx,https://www.dosp.com.br/leituratexto?p=MTg1NzI3OA==,Não identificada
2024-10-08,2136,7977 - nomeia presidente do fundo social - Bruna Maria Costa Silvestre,Decretos,https://www.dosp.com.br/exibe_do.php?i=NTU2OTkx,https://www.dosp.com.br/leituratexto?p=MTg1NzI3Nw==,Não identificada
2024-10-08,2136,7971 - garantia hipotecária TLM participações e  empreendimentos - colinas de avaré,Decretos,https://www.dosp.com.br/exibe_do.php?i=NTU2OTkx,https://www.dosp.com.br/leituratexto?p=MTg1NjIyNg==,Não identificada
2024-10-03,2132,7969 - Reorganiza o Conselho Municipal do Plano Diretor,Decretos,https://www.dosp.com.br/exibe_do.php?i=NTU1NTc2,https://www.dosp.com.br/leituratexto?p=MTg1MzI1Mw==,Não identificada
2024-10-02,2131,7967 - Reorganiza JARI - Junta Administrativa de Recursos de Infrações - revoga 7627,Decretos,https://www.dosp.com.br/exibe_do.php?i=NTU1MTM4,https://www.dosp.com.br/leituratexto?p=MTg1MTg3NQ==,Não identificada
2024-10-02,2131,"7966- Crédito especial - 465.580,83 - educação",Decretos,https://www.dosp.com.br/exibe_do.php?i=NTU1MTM4,https://www.dosp.com.br/leituratexto?p=MTg1MTg4NA==,Secretaria de Educação
2024-10-02,2130,Planilha de Po (...),Portarias,https://www.dosp.com.br/exibe_do.php?i=NTU0ODk0,,Não identificada
2024-10-02,2131,"3115 -  Crédito Adicional Especial - 52.529,53 - semads",Leis,https://www.dosp.com.br/exibe_do.php?i=NTU1MTM4,https://www.dosp.com.br/leituratexto?p=MTg1MTg3OA==,Não identificada
2024-10-02,2131,3119 - CÂMARA - cria estatuto da pessoa com transtorno do espectro autista - TEA,Leis,https://www.dosp.com.br/exibe_do.php?i=NTU1MTM4,https://www.dosp.com.br/leituratexto?p=MTg1MTk1Ng==,Não identificada
2024-10-02,2131,"3117 -  Crédito Adicional Especial - 465.580,83 - educação",Leis,https://www.dosp.com.br/exibe_do.php?i=NTU1MTM4,https://www.dosp.com.br/leituratexto?p=MTg1MTg4MA==,Secretaria de Educação
2024-10-02,2131,3118  - CÂMARA - garante vagas em CEIs proximos à residencia menores de 04 anos,Leis,https://www.dosp.com.br/exibe_do.php?i=NTU1MTM4,https://www.dosp.com.br/leituratexto?p=MTg1MTk1NQ==,Não identificada
2024-10-02,2131,"3116 -  Crédito Adicional Especial - 2.501,59 - semads",Leis,https://www.dosp.com.br/exibe_do.php?i=NTU1MTM4,https://www.dosp.com.br/leituratexto?p=MTg1MTg3OQ==,Não identificada
2024-10-02,2131,"7964- Crédito especial - 52.529,53 - semads",Decretos,https://www.dosp.com.br/exibe_do.php?i=NTU1MTM4,https://www.dosp.com.br/leituratexto?p=MTg1MTg4MQ==,Não identificada
2024-10-02,2131,"7965- Crédito especial - 2.501,59 - semads",Decretos,https://www.dosp.com.br/exibe_do.php?i=NTU1MTM4,https://www.dosp.com.br/leituratexto?p=MTg1MTg4Mw==,Não identificada
2024-09-30,2127,7961 - Itamar - FREA,Decretos,https://www.dosp.com.br/exibe_do.php?i=NTU0MTUw,https://www.dosp.com.br/leituratexto?p=MTg0OTcwMg==,Não identificada
2024-09-27,2125,14148 – (...),Portarias,https://www.dosp.com.br/exibe_do.php?i=NTUzNDI4,https://www.dosp.com.br/leituratexto?p=MTg0NTgxMQ==,Não identificada
2024-09-25,2123,3114 - CÂMARA - proibe a comercialização e instalaçaõ de equipamento pra motocicletas  com ruídos acima do limite,Leis,https://www.dosp.com.br/exibe_do.php?i=NTUyNTk3,https://www.dosp.com.br/leituratexto?p=MTg0NTM4NQ==,Não identificada
2024-09-19,2118,7951  - permissão de uso bombeiros - mercedez benz - ambulância,Decretos,https://www.dosp.com.br/exibe_do.php?i=NTUwNDE4,https://www.dosp.com.br/leituratexto?p=MTgzODg1Mg==,Não identificada
2024-09-19,2117,7950 - garantia hipotecária comercial ibiaçu de empreendimento ltda - residencial tarumã,Decretos,https://www.dosp.com.br/exibe_do.php?i=NTUwMTc2,https://www.dosp.com.br/leituratexto?p=MTgzNzE2Nw==,Não identificada
2024-09-18,2116,3113 - CÂMARA - obrigatoriedade de aplicaçao do questionario m-chat para rastreametneo precoce de autismo,Leis,https://www.dosp.com.br/exibe_do.php?i=NTQ5ODM0,https://www.dosp.com.br/leituratexto?p=MTgzNjI1NA==,Não identificada
2024-09-18,2116,3112 - CÂMARA - autoriza a criação do centro especializado de pessoas com transtorno do espectro autista,Leis,https://www.dosp.com.br/exibe_do.php?i=NTQ5ODM0,https://www.dosp.com.br/leituratexto?p=MTgzNjI1Mw==,Não identificada
2024-09-18,2116,3111 - CÂMARA - criaçao do conselho muncipal do bem-estar dos animais e do fundo de proteçao e bem-estra animal,Leis,https://www.dosp.com.br/exibe_do.php?i=NTQ5ODM0,https://www.dosp.com.br/leituratexto?p=MTgzNjI1Mg==,Não identificada
2024-09-11,2106,3108 - CÂMARA -  dispoe sobre proibição de manter animais domesticos acorrentados e em espaços confinados,Leis,https://www.dosp.com.br/exibe_do.php?i=NTQ3MzAx,https://www.dosp.com.br/leituratexto?p=MTgyODcyMw==,Não identificada
2024-09-11,2106,3109 - Dispõe sobre a divulgação de informações relativas a contratos de locação de imóveis pela administração publica,Leis,https://www.dosp.com.br/exibe_do.php?i=NTQ3MzAx,https://www.dosp.com.br/leituratexto?p=MTgyODcyNA==,Secretaria de Administração
2024-09-11,2106,3110 - CÂMARA - institui a campanha escolar de conscientização contra fake news nas escolas da rede publica,Leis,https://www.dosp.com.br/exibe_do.php?i=NTQ3MzAx,https://www.dosp.com.br/leituratexto?p=MTgyODcyNQ==,Não identificada
2024-09-10,2104,7943  - reorganiza comissão apoio delegações esportivas - revoga 7630,Decretos,https://www.dosp.com.br/exibe_do.php?i=NTQ2ODA2,https://www.dosp.com.br/leituratexto?p=MTgyNjgyMA==,Não identificada
2024-09-05,2100,3106 - CÃMARA  - institui programa de cuidado dos profissionais da educaçaço,Leis,https://www.dosp.com.br/exibe_do.php?i=NTQ0MDkz,https://www.dosp.com.br/leituratexto?p=MTgyMDQyMA==,Não identificada
2024-09-05,2100,Planilha de Po (...),Portarias,https://www.dosp.com.br/exibe_do.php?i=NTQ0MDkz,,Não identificada
2024-09-05,2100,3107 - CÂMARA - autoriza a criação do centro municipal de equoterapia,Leis,https://www.dosp.com.br/exibe_do.php?i=NTQ0MDkz,https://www.dosp.com.br/leituratexto?p=MTgyMDQ1Nw==,Não identificada
2024-09-03,2099,7897 - natalie - declaração de utilidade publica para desapropriação - matricula 66705 ronaldo abdala,Decretos,https://www.dosp.com.br/exibe_do.php?i=NTQzMzI1,https://www.dosp.com.br/leituratexto?p=MTgxODg0MA==,Não identificada
2024-09-03,2099,7896 - natalie - declaração de utilidade publica para desapropriação - matricula 66704 ronaldo abdala,Decretos,https://www.dosp.com.br/exibe_do.php?i=NTQzMzI1,https://www.dosp.com.br/leituratexto?p=MTgxODg0MQ==,Não identificada
2024-08-28,2094,3105 - CÂMARA - programa educaçao animal na escola,Leis,https://www.dosp.com.br/exibe_do.php?i=NTQxMjU0,https://www.dosp.com.br/leituratexto?p=MTgxMzg5OQ==,Não identificada
2024-08-28,2094,3104 - CÂMARA - institui politica municipal de incentivo e fomento às rodas culturais de Batalha de Rimas,Leis,https://www.dosp.com.br/exibe_do.php?i=NTQxMjU0,https://www.dosp.com.br/leituratexto?p=MTgxMzg5Nw==,Secretaria de Cultura
2024-08-28,2094,14114 – (...),Portarias,https://www.dosp.com.br/exibe_do.php?i=NTQxMjU0,https://www.dosp.com.br/leituratexto?p=MTgxMzU3MA==,Não identificada
2024-08-28,2094,3103 - CÂMARA - criar espaço Sala do Afeto - Calm Zone - destinado a autitas,Leis,https://www.dosp.com.br/exibe_do.php?i=NTQxMjU0,https://www.dosp.com.br/leituratexto?p=MTgxMzg5NQ==,Não identificada
2024-08-28,2094,7931 - Estabelece politica de educação integral em atendimento ao programas Escola em Tempo Integral - revoga 7594,Decretos,https://www.dosp.com.br/exibe_do.php?i=NTQxMjU0,,Secretaria de Educação
2024-08-28,2094,7935 - Itamar - FREA,Decretos,https://www.dosp.com.br/exibe_do.php?i=NTQxMjU0,https://www.dosp.com.br/leituratexto?p=MTgxMzk2Ng==,Não identificada
2024-08-27,2093,7933 - Decreto Nomeia Membros Corregedoria dos Conselhos Tutelares,Decretos,https://www.dosp.com.br/exibe_do.php?i=NTQwNzYz,https://www.dosp.com.br/leituratexto?p=MTgxMTY3MA==,Não identificada
2024-08-23,2091,"7930 - Crédito especial - 2.012.825,00 - saude",Decretos,https://www.dosp.com.br/exibe_do.php?i=NTM5NzQz,https://www.dosp.com.br/leituratexto?p=MTgwOTIwNg==,Não identificada
2024-08-23,2091,7928 - Delegação de competência ao contador e ao tesoureiro do municipio,Decretos,https://www.dosp.com.br/exibe_do.php?i=NTM5NzQz,https://www.dosp.com.br/leituratexto?p=MTgwOTEzNg==,Não identificada
2024-08-23,2091,"7929 - Crédito suplementar - 100.000,00 - planejamento",Decretos,https://www.dosp.com.br/exibe_do.php?i=NTM5NzQz,https://www.dosp.com.br/leituratexto?p=MTgwOTIwNQ==,Não identificada
2024-08-22,2089,7926 - nomeia Flavio Rossi Mantovani - secretario da comunicação,Decretos,https://www.dosp.com.br/exibe_do.php?i=NTM5MjA1,https://www.dosp.com.br/leituratexto?p=MTgwODQ0NA==,Não identificada
2024-08-22,2089,"3101 -  Crédito Adicional Suplementar - 100.000,00 - planejamento",Leis,https://www.dosp.com.br/exibe_do.php?i=NTM5MjA1,https://www.dosp.com.br/leituratexto?p=MTgwODQ0OQ==,Não identificada
2024-08-22,2089,"3102 -  Crédito Adicional Suplementar - 2.012.825,00 - saude",Leis,https://www.dosp.com.br/exibe_do.php?i=NTM5MjA1,https://www.dosp.com.br/leituratexto?p=MTgwODQ1MA==,Não identificada
2024-08-22,2089,3100 -  Institui Programa Municipal de Transporte Escolar Publico,Leis,https://www.dosp.com.br/exibe_do.php?i=NTM5MjA1,https://www.dosp.com.br/leituratexto?p=MTgwODQ0OA==,Secretaria de Transporte
2024-08-21,2088,7924 - Autorização para a prática de operações bancárias - Rute Guimarães Cavalcante Oliveira - revoga 6116,Decretos,https://www.dosp.com.br/exibe_do.php?i=NTM4NzU5,https://www.dosp.com.br/leituratexto?p=MTgwNzE3OQ==,Não identificada
2024-08-20,2087,7921 - Nomeia comissão fiscalizadora concurso 01 02 03 e 04 2024 - revoga 7886,Decretos,https://www.dosp.com.br/exibe_do.php?i=NTM4MjE3,https://www.dosp.com.br/leituratexto?p=MTgwNTE2MQ==,Não identificada
2024-08-20,2086,7922 - Exonera Thais Francine Christino - Sec. de Comunicação,Decretos,https://www.dosp.com.br/exibe_do.php?i=NTM4MDU3,https://www.dosp.com.br/leituratexto?p=MTgwNDcyMw==,Não identificada
2024-08-15,2081,"7915 -  Crédito suplementar  - 262.324,16  - educação",Decretos,https://www.dosp.com.br/exibe_do.php?i=NTM2NTE5,https://www.dosp.com.br/leituratexto?p=MTgwMDMyOQ==,Secretaria de Educação
2024-08-15,2081,"7918 -  Crédito especial  - 400.000,00  - semads",Decretos,https://www.dosp.com.br/exibe_do.php?i=NTM2NTE5,https://www.dosp.com.br/leituratexto?p=MTgwMDMzMg==,Não identificada
2024-08-15,2081,"7917 -  Crédito suplementar  - 259.583,33  -  transportes",Decretos,https://www.dosp.com.br/exibe_do.php?i=NTM2NTE5,https://www.dosp.com.br/leituratexto?p=MTgwMDMzMQ==,Secretaria de Transporte
2024-08-15,2081,"7916 -  Crédito especial  - 127.889,10  - semads",Decretos,https://www.dosp.com.br/exibe_do.php?i=NTM2NTE5,https://www.dosp.com.br/leituratexto?p=MTgwMDMzMA==,Não identificada
2024-08-15,2081,"7914 -  Crédito especial  - 30.979,39  - semads",Decretos,https://www.dosp.com.br/exibe_do.php?i=NTM2NTE5,https://www.dosp.com.br/leituratexto?p=MTgwMDMyOA==,Não identificada
2024-08-14,2080,7912  - Descaucionamento Loteamento Altos da Primavera,Decretos,https://www.dosp.com.br/exibe_do.php?i=NTM2Mjkz,https://www.dosp.com.br/leituratexto?p=MTgwMDQ2Ng==,Não identificada
2024-08-14,2080,"3096 -  Crédito adicional suplementar - R$ 262.324,16 - educação",Leis,https://www.dosp.com.br/exibe_do.php?i=NTM2Mjkz,https://www.dosp.com.br/leituratexto?p=MTgwMDIxMA==,Secretaria de Educação
2024-08-14,2080,"3099 -  Crédito adicional esoecial - R$ 400.000,00 - semads",Leis,https://www.dosp.com.br/exibe_do.php?i=NTM2Mjkz,https://www.dosp.com.br/leituratexto?p=MTgwMDIxMw==,Não identificada
2024-08-14,2080,"3095 -  Crédito adicional especial - R$ 30.979,39 - semads",Leis,https://www.dosp.com.br/exibe_do.php?i=NTM2Mjkz,https://www.dosp.com.br/leituratexto?p=MTgwMDIwOQ==,Não identificada
2024-08-14,2080,"3098 -  Crédito adicional suplementar - R$ 259.583,33",Leis,https://www.dosp.com.br/exibe_do.php?i=NTM2Mjkz,https://www.dosp.com.br/leituratexto?p=MTgwMDIxMg==,Não identificada
2024-08-14,2080,"3097 -  Crédito adicional especial - R$ 127.889,10 - semads",Leis,https://www.dosp.com.br/exibe_do.php?i=NTM2Mjkz,https://www.dosp.com.br/leituratexto?p=MTgwMDIxMQ==,Não identificada
2024-08-08,2075,335 - Altera a redação do artigo 113 da LC 150  - composição dos conselhos tutelares,Leis,https://www.dosp.com.br/exibe_do.php?i=NTMyODIw,https://www.dosp.com.br/leituratexto?p=MTc5NDY2Mw==,Não identificada
2024-08-07,2074,"7909 - Dispõe sobre acréscimo do inciso IV ao artigo 7º, do Decreto nº 6.849 - Adiantamento",Decretos,https://www.dosp.com.br/exibe_do.php?i=NTMyMzQ3,https://www.dosp.com.br/leituratexto?p=MTc5MjIwNQ==,Não identificada
2024-08-05,2072,7822 - ERRATA II - Autoriza planos de loteamento e arrruamento  (acesso controlado) loteamento vila suiça II,Decretos,https://www.dosp.com.br/exibe_do.php?i=NTMxMzg1,,Não identificada
2024-08-01,2070,"7901 - Regulamenta redução da jornada de trabalho do servidor efetivo que possua conjuge, filho ou dependente com PCD",Decretos,https://www.dosp.com.br/exibe_do.php?i=NTMwMjYw,,Não identificada
2024-08-01,2070,7903 - reorganiza comdec - defesa civil - revoga 7443,Decretos,https://www.dosp.com.br/exibe_do.php?i=NTMwMjYw,https://www.dosp.com.br/leituratexto?p=MTc4NjY0MA==,Não identificada
2024-07-29,2067,7900-  reorganiza conselho municipal dos direitos da criança e do adolescente - cmdca - revoga 7782,Decretos,https://www.dosp.com.br/exibe_do.php?i=NTI4Njc1,https://www.dosp.com.br/leituratexto?p=MTc4MTk5MA==,Não identificada
2024-07-26,2065,14038 – (...),Portarias,https://www.dosp.com.br/exibe_do.php?i=NTI4MTI4,https://www.dosp.com.br/leituratexto?p=MTc3OTExMQ==,Não identificada
2024-07-25,2064,7898 - Deferimento resultado final dos certificados necessários para manutençao do adicional de qualificação ao profissional do magistério,Decretos,https://www.dosp.com.br/exibe_do.php?i=NTI3NTU5,https://www.dosp.com.br/leituratexto?p=MTc3ODkyNA==,Não identificada
2024-07-25,2064,7895 - Institui o Sistema Eletrônico de Informações do Estado de SP - SEI CIDADES,Decretos,https://www.dosp.com.br/exibe_do.php?i=NTI3NTU5,https://www.dosp.com.br/leituratexto?p=MTc3ODkyMw==,Não identificada
2024-07-24,2061,7889 - Reorganiza a Comissão Permanente de Avaliação e Desempenho dos Servidor em Estágio Probatório - revoga 6513,Decretos,https://www.dosp.com.br/exibe_do.php?i=NTI3MDUy,https://www.dosp.com.br/leituratexto?p=MTc3NDIyNQ==,Não identificada
2024-07-24,2061,7892 - Reorganiza a Comissão Permanente de Desenvolvimento Funcional - revoga 6512-21,Decretos,https://www.dosp.com.br/exibe_do.php?i=NTI3MDUy,https://www.dosp.com.br/leituratexto?p=MTc3NDI1NA==,Não identificada
2024-07-24,2061,7890 - Reorganização da comissão permanente de readaptação funcional - revoga 7670,Decretos,https://www.dosp.com.br/exibe_do.php?i=NTI3MDUy,https://www.dosp.com.br/leituratexto?p=MTc3NDIyNg==,Não identificada
2024-07-24,2061,7891 - Institui Comite Intersetorial da politica publiva para monitoramento do Plano Municipal da Primeira Infancia,Decretos,https://www.dosp.com.br/exibe_do.php?i=NTI3MDUy,https://www.dosp.com.br/leituratexto?p=MTc3NDIyNw==,Não identificada
2024-07-22,2058,7888 - Regulamentação de estágio obrigatorio não remunerado - revoga4917,Decretos,https://www.dosp.com.br/exibe_do.php?i=NTI0NDM4,,Não identificada
2024-07-19,2055,7886 - Nomeia comissão fiscalizadora concurso 01 02 03 e 04 2024,Decretos,https://www.dosp.com.br/exibe_do.php?i=NTIxNjc3,https://www.dosp.com.br/leituratexto?p=MTc2OTAxNw==,Não identificada
2024-07-18,2053,3094 - CÂMARA - obrigatoriedade de assentos em farmacia,Leis,https://www.dosp.com.br/exibe_do.php?i=NTIxMjYx,https://www.dosp.com.br/leituratexto?p=MTc2Nzg0MA==,Não identificada
2024-07-17,2050,"7883 Crédito especial  - 182.860,00  - planejamento - revoga 7861",Decretos,https://www.dosp.com.br/exibe_do.php?i=NTIwNzI3,https://www.dosp.com.br/leituratexto?p=MTc2NTgwNQ==,Não identificada
2024-07-17,2050,"7884 -  Crédito especial  - 1.275.000,00  - saúde",Decretos,https://www.dosp.com.br/exibe_do.php?i=NTIwNzI3,https://www.dosp.com.br/leituratexto?p=MTc2NTgwNg==,Secretaria de Saúde
2024-07-17,2050,"7885 -  Crédito especial  - 15.000,00  - semads",Decretos,https://www.dosp.com.br/exibe_do.php?i=NTIwNzI3,https://www.dosp.com.br/leituratexto?p=MTc2NTgwNw==,Não identificada
2024-07-16,2049,7877 -  nomeia comissão organizadora  do campeonato Elson Carlota  Niquinho  2024,Decretos,https://www.dosp.com.br/exibe_do.php?i=NTIwNDQ3,https://www.dosp.com.br/leituratexto?p=MTc2NDQ5Mw==,Não identificada
2024-07-16,2049,7879 -  Alteração do decreto 4534 - consignações,Decretos,https://www.dosp.com.br/exibe_do.php?i=NTIwNDQ3,https://www.dosp.com.br/leituratexto?p=MTc2NDQ5NA==,Não identificada
2024-07-16,2049,7880 - ITAMAR FREA,Decretos,https://www.dosp.com.br/exibe_do.php?i=NTIwNDQ3,https://www.dosp.com.br/leituratexto?p=MTc2NDQ5NQ==,Não identificada
2024-07-16,2049,"3092 -  Crédito adicional especial - R$ 1.275.000,00  - saúde",Leis,https://www.dosp.com.br/exibe_do.php?i=NTIwNDQ3,https://www.dosp.com.br/leituratexto?p=MTc2NDU2OA==,Secretaria de Saúde
2024-07-16,2049,"3091 -  Crédito adicional especial - R$ 182.860,00  - planejamento",Leis,https://www.dosp.com.br/exibe_do.php?i=NTIwNDQ3,https://www.dosp.com.br/leituratexto?p=MTc2NDU2Nw==,Não identificada
2024-07-16,2049,"3093 -  Crédito adicional especial - R$ 15.000,00  - semads",Leis,https://www.dosp.com.br/exibe_do.php?i=NTIwNDQ3,https://www.dosp.com.br/leituratexto?p=MTc2NDU2OQ==,Não identificada
2024-07-05,2039,14003 – (...),Portarias,https://www.dosp.com.br/exibe_do.php?i=NTE3MDkw,https://www.dosp.com.br/leituratexto?p=MTc1NDQ5Nw==,Não identificada
2024-07-05,2039,14014 – (...),Portarias,https://www.dosp.com.br/exibe_do.php?i=NTE3MDkw,https://www.dosp.com.br/leituratexto?p=MTc1NDUxMA==,Não identificada
2024-07-05,2039,14010 – (...),Portarias,https://www.dosp.com.br/exibe_do.php?i=NTE3MDkw,https://www.dosp.com.br/leituratexto?p=MTc1NDQ5MA==,Não identificada
2024-07-05,2039,14012 – (...),Portarias,https://www.dosp.com.br/exibe_do.php?i=NTE3MDkw,https://www.dosp.com.br/leituratexto?p=MTc1NDQ4OA==,Não identificada
2024-07-05,2039,14008 – (...),Portarias,https://www.dosp.com.br/exibe_do.php?i=NTE3MDkw,https://www.dosp.com.br/leituratexto?p=MTc1NDQ5Mg==,Não identificada
2024-07-05,2039,13997 – (...),Portarias,https://www.dosp.com.br/exibe_do.php?i=NTE3MDkw,https://www.dosp.com.br/leituratexto?p=MTc1NDUwMw==,Não identificada
2024-07-05,2039,14004 – (...),Portarias,https://www.dosp.com.br/exibe_do.php?i=NTE3MDkw,https://www.dosp.com.br/leituratexto?p=MTc1NDQ5Ng==,Não identificada
2024-07-05,2039,14011 – (...),Portarias,https://www.dosp.com.br/exibe_do.php?i=NTE3MDkw,https://www.dosp.com.br/leituratexto?p=MTc1NDQ4OQ==,Não identificada
2024-07-05,2039,14017 – (...),Portarias,https://www.dosp.com.br/exibe_do.php?i=NTE3MDkw,https://www.dosp.com.br/leituratexto?p=MTc1NDUwNw==,Não identificada
2024-07-05,2039,14007 – (...),Portarias,https://www.dosp.com.br/exibe_do.php?i=NTE3MDkw,https://www.dosp.com.br/leituratexto?p=MTc1NDQ5Mw==,Não identificada
2024-07-05,2039,13996 – (...),Portarias,https://www.dosp.com.br/exibe_do.php?i=NTE3MDkw,https://www.dosp.com.br/leituratexto?p=MTc1NDUwNA==,Não identificada
2024-07-05,2040,14023 – (...),Portarias,https://www.dosp.com.br/exibe_do.php?i=NTE3NDg1,https://www.dosp.com.br/leituratexto?p=MTc1NDY5NQ==,Não identificada
2024-07-05,2040,14020 – (...),Portarias,https://www.dosp.com.br/exibe_do.php?i=NTE3NDg1,https://www.dosp.com.br/leituratexto?p=MTc1NDY5MQ==,Não identificada
2024-07-05,2040,14019 – (...),Portarias,https://www.dosp.com.br/exibe_do.php?i=NTE3NDg1,https://www.dosp.com.br/leituratexto?p=MTc1NDY5Mw==,Não identificada
2024-07-05,2040,14026 – (...),Portarias,https://www.dosp.com.br/exibe_do.php?i=NTE3NDg1,https://www.dosp.com.br/leituratexto?p=MTc1NDY5NA==,Não identificada
2024-07-05,2040,14022 – (...),Portarias,https://www.dosp.com.br/exibe_do.php?i=NTE3NDg1,https://www.dosp.com.br/leituratexto?p=MTc1NDY5MA==,Não identificada
2024-07-05,2039,7871 - Elevação de vagas em concurso 002 2022 - Diretor de Unidade Educacional,Decretos,https://www.dosp.com.br/exibe_do.php?i=NTE3MDkw,https://www.dosp.com.br/leituratexto?p=MTc1NDM2MA==,Não identificada
2024-07-05,2039,7874 - Alteração de nomenclatura  - Dona Bidunga,Decretos,https://www.dosp.com.br/exibe_do.php?i=NTE3MDkw,https://www.dosp.com.br/leituratexto?p=MTc1NDM2MQ==,Não identificada
2024-07-05,2040,7875 -  Regulamentação da redução de jornada de trabalho com remuneração proporcional  revoga 6871,Decretos,https://www.dosp.com.br/exibe_do.php?i=NTE3NDg1,https://www.dosp.com.br/leituratexto?p=MTc1NDU4MA==,Não identificada
2024-07-05,2039,14001 – (...),Portarias,https://www.dosp.com.br/exibe_do.php?i=NTE3MDkw,https://www.dosp.com.br/leituratexto?p=MTc1NDQ5OQ==,Não identificada
2024-07-05,2039,14018 – (...),Portarias,https://www.dosp.com.br/exibe_do.php?i=NTE3MDkw,https://www.dosp.com.br/leituratexto?p=MTc1NDUwNg==,Não identificada
2024-07-05,2039,14005 – (...),Portarias,https://www.dosp.com.br/exibe_do.php?i=NTE3MDkw,https://www.dosp.com.br/leituratexto?p=MTc1NDQ5NQ==,Não identificada
2024-07-05,2039,13995 – (...),Portarias,https://www.dosp.com.br/exibe_do.php?i=NTE3MDkw,https://www.dosp.com.br/leituratexto?p=MTc1NDUwNQ==,Não identificada
2024-07-05,2039,13999 – (...),Portarias,https://www.dosp.com.br/exibe_do.php?i=NTE3MDkw,https://www.dosp.com.br/leituratexto?p=MTc1NDUwMQ==,Não identificada
2024-07-05,2039,14006 – (...),Portarias,https://www.dosp.com.br/exibe_do.php?i=NTE3MDkw,https://www.dosp.com.br/leituratexto?p=MTc1NDQ5NA==,Não identificada
2024-07-05,2039,14013 – (...),Portarias,https://www.dosp.com.br/exibe_do.php?i=NTE3MDkw,https://www.dosp.com.br/leituratexto?p=MTc1NDQ4Nw==,Não identificada
2024-07-05,2039,14016 – (...),Portarias,https://www.dosp.com.br/exibe_do.php?i=NTE3MDkw,https://www.dosp.com.br/leituratexto?p=MTc1NDUwOA==,Não identificada
2024-07-05,2039,14002 – (...),Portarias,https://www.dosp.com.br/exibe_do.php?i=NTE3MDkw,https://www.dosp.com.br/leituratexto?p=MTc1NDQ5OA==,Não identificada
2024-07-05,2039,14009 – (...),Portarias,https://www.dosp.com.br/exibe_do.php?i=NTE3MDkw,https://www.dosp.com.br/leituratexto?p=MTc1NDQ5MQ==,Não identificada
2024-07-05,2039,14015 – (...),Portarias,https://www.dosp.com.br/exibe_do.php?i=NTE3MDkw,https://www.dosp.com.br/leituratexto?p=MTc1NDUwOQ==,Não identificada
2024-07-05,2039,13998 – (...),Portarias,https://www.dosp.com.br/exibe_do.php?i=NTE3MDkw,https://www.dosp.com.br/leituratexto?p=MTc1NDUwMg==,Não identificada
2024-07-05,2039,14000 – (...),Portarias,https://www.dosp.com.br/exibe_do.php?i=NTE3MDkw,https://www.dosp.com.br/leituratexto?p=MTc1NDUwMA==,Não identificada
2024-07-03,2036,3088 - CÂMARA - publicação da relação dos funcionarios de plantão no conselho tutelar,Leis,https://www.dosp.com.br/exibe_do.php?i=NTE1OTYz,https://www.dosp.com.br/leituratexto?p=MTc1MDE2NQ==,Não identificada
2024-07-03,2036,3087 - CÂMARA - Programa Meu Corpo Não é Coletivo,Leis,https://www.dosp.com.br/exibe_do.php?i=NTE1OTYz,https://www.dosp.com.br/leituratexto?p=MTc1MDE2Mw==,Não identificada
2024-07-03,2036,3090 - CÂMARA - dia do enxadrista,Leis,https://www.dosp.com.br/exibe_do.php?i=NTE1OTYz,https://www.dosp.com.br/leituratexto?p=MTc1MDE2Nw==,Não identificada
2024-07-03,2036,3089 - CÂMARA - dia municipal do Rotary Club,Leis,https://www.dosp.com.br/exibe_do.php?i=NTE1OTYz,https://www.dosp.com.br/leituratexto?p=MTc1MDE2Ng==,Não identificada
2024-07-03,2036,7868 - ponto facultativo revolução constitucionalista,Decretos,https://www.dosp.com.br/exibe_do.php?i=NTE1OTYz,https://www.dosp.com.br/leituratexto?p=MTc0OTg4Nw==,Não identificada
2024-07-02,2035,Planilha de Po (...),Portarias,https://www.dosp.com.br/exibe_do.php?i=NTE1Mzk5,,Não identificada
2024-07-01,2034,7855 - Reorganiza o conselho municipal de assistencia social - CMAS,Decretos,https://www.dosp.com.br/exibe_do.php?i=NTE0ODQz,https://www.dosp.com.br/leituratexto?p=MTc0NjcyNA==,Secretaria de Assistência Social
2024-07-01,2034,13987 – (...),Portarias,https://www.dosp.com.br/exibe_do.php?i=NTE0ODQz,https://www.dosp.com.br/leituratexto?p=MTc0NjkzMg==,Não identificada
2024-07-01,2034,13988 – (...),Portarias,https://www.dosp.com.br/exibe_do.php?i=NTE0ODQz,https://www.dosp.com.br/leituratexto?p=MTc0NzE1MA==,Não identificada
2024-07-01,2034,13989 – (...),Portarias,https://www.dosp.com.br/exibe_do.php?i=NTE0ODQz,https://www.dosp.com.br/leituratexto?p=MTc0NzE1Mg==,Não identificada
2024-07-01,2034,7856 - conselho municipal dos direitos da pessoa com deficiencia - cmdpd revoga 7454,Decretos,https://www.dosp.com.br/exibe_do.php?i=NTE0ODQz,https://www.dosp.com.br/leituratexto?p=MTc0NjQxNA==,Não identificada
2024-06-27,2031,"3083 -  Crédito adicional suplementarl - R$ 182.860,00 - planejamento",Leis,https://www.dosp.com.br/exibe_do.php?i=NTEzNTY4,https://www.dosp.com.br/leituratexto?p=MTc0MjMxNw==,Não identificada
2024-06-27,2031,"3085 -  Crédito adicional especial - R$ 60.000,00 - semads",Leis,https://www.dosp.com.br/exibe_do.php?i=NTEzNTY4,https://www.dosp.com.br/leituratexto?p=MTc0MjMxOQ==,Não identificada
2024-06-27,2031,"7862 - Crédito especial  - 300.000,00  - semads",Decretos,https://www.dosp.com.br/exibe_do.php?i=NTEzNTY4,https://www.dosp.com.br/leituratexto?p=MTc0MjMyMw==,Não identificada
2024-06-27,2031,"7861 - Crédito suplementar - 182.860,00 - planejamento",Decretos,https://www.dosp.com.br/exibe_do.php?i=NTEzNTY4,https://www.dosp.com.br/leituratexto?p=MTc0MjMyMg==,Não identificada
2024-06-27,2031,"7864 - Crédito especial  - 100.000,00 - semads",Decretos,https://www.dosp.com.br/exibe_do.php?i=NTEzNTY4,https://www.dosp.com.br/leituratexto?p=MTc0MjMyNQ==,Não identificada
2024-06-27,2031,"7860 - Crédito especial - 9.264,93 - semads",Decretos,https://www.dosp.com.br/exibe_do.php?i=NTEzNTY4,https://www.dosp.com.br/leituratexto?p=MTc0MjMyMQ==,Não identificada
2024-06-27,2031,"7863 - Crédito especial  - 60.000,00  - semads",Decretos,https://www.dosp.com.br/exibe_do.php?i=NTEzNTY4,https://www.dosp.com.br/leituratexto?p=MTc0MjMyNA==,Não identificada
2024-06-27,2031,"3082 -  Crédito adicional especial - R$ 9.264,93 - semades",Leis,https://www.dosp.com.br/exibe_do.php?i=NTEzNTY4,https://www.dosp.com.br/leituratexto?p=MTc0MjMxNg==,Não identificada
2024-06-27,2031,"3086 -  Crédito adicional especial - R$ 100.000,00 - semads",Leis,https://www.dosp.com.br/exibe_do.php?i=NTEzNTY4,https://www.dosp.com.br/leituratexto?p=MTc0MjMyMA==,Não identificada
2024-06-27,2031,"3084 -  Crédito adicional especial - R$ 300.000,00 - semads",Leis,https://www.dosp.com.br/exibe_do.php?i=NTEzNTY4,https://www.dosp.com.br/leituratexto?p=MTc0MjMxOA==,Não identificada
2024-06-26,2030,3081 - CÂMARA - criação da Semana do Cuidar,Leis,https://www.dosp.com.br/exibe_do.php?i=NTEzMDE5,https://www.dosp.com.br/leituratexto?p=MTc0MDUwMA==,Não identificada
2024-06-25,2029,7858  - Autoriza escola Baby Eisntein,Decretos,https://www.dosp.com.br/exibe_do.php?i=NTEyNDE1,https://www.dosp.com.br/leituratexto?p=MTczODczNw==,Não identificada
2024-06-19,2024,"3078 -  Crédito adicional especial - R$ 2.921.646,02 - saúde",Leis,https://www.dosp.com.br/exibe_do.php?i=NTA5OTYy,https://www.dosp.com.br/leituratexto?p=MTczMTg2Ng==,Secretaria de Saúde
2024-06-19,2024,"3079 -  Crédito adicional especial - R$ 32.188,61 - educação",Leis,https://www.dosp.com.br/exibe_do.php?i=NTA5OTYy,https://www.dosp.com.br/leituratexto?p=MTczMTg1Nw==,Secretaria de Educação
2024-06-19,2024,3077 -  Diretrizes Orçamentárias Municipio  - LDO 2025,Leis,https://www.dosp.com.br/exibe_do.php?i=NTA5OTYy,https://www.dosp.com.br/leituratexto?p=MTczMTg1NA==,Não identificada
2024-06-19,2024,"3080-  Crédito adicional especial - R$ 116.996,39 - educação",Leis,https://www.dosp.com.br/exibe_do.php?i=NTA5OTYy,https://www.dosp.com.br/leituratexto?p=MTczMTg1OA==,Secretaria de Educação
2024-06-19,2024,"7850 - Crédito especial - 2.921.646,02 - sec saúde",Decretos,https://www.dosp.com.br/exibe_do.php?i=NTA5OTYy,https://www.dosp.com.br/leituratexto?p=MTczMTg2MA==,Secretaria de Saúde
2024-06-19,2024,"7851 - Crédito especial - 32.188,61 - sec educação",Decretos,https://www.dosp.com.br/exibe_do.php?i=NTA5OTYy,https://www.dosp.com.br/leituratexto?p=MTczMTg2MQ==,Secretaria de Educação
2024-06-19,2024,"7852 - Crédito especial - 116.996,39 - sec educação",Decretos,https://www.dosp.com.br/exibe_do.php?i=NTA5OTYy,https://www.dosp.com.br/leituratexto?p=MTczMTg2Mg==,Secretaria de Educação
2024-06-18,2023,7844 - Membors da comissão organizadora da LC 195 2022 - Lei Paulo Gustavo,Decretos,https://www.dosp.com.br/exibe_do.php?i=NTA5NDY4,https://www.dosp.com.br/leituratexto?p=MTczMDQ3MA==,Não identificada
2024-06-17,2021,3076 - CÂMARA - inserção de mensagem informativa na contracapa do iptu sobre isencão,Leis,https://www.dosp.com.br/exibe_do.php?i=NTA4NjQw,https://www.dosp.com.br/leituratexto?p=MTcyNzYwMg==,Não identificada
2024-06-17,2021,3075 - CÃMARA - plataforma digital informativa das obras publicas,Leis,https://www.dosp.com.br/exibe_do.php?i=NTA4NjQw,https://www.dosp.com.br/leituratexto?p=MTcyNzYwMQ==,Secretaria de Obras
2024-06-17,2022,7846 - Controle dos ativos serviços de TI e acessos à rede corporativa - revisado,Decretos,https://www.dosp.com.br/exibe_do.php?i=NTA4ODQx,https://www.dosp.com.br/leituratexto?p=MTcyODUyMA==,Não identificada
2024-06-13,2017,3073 - CÃMARA - institui nas maternidades e estabelecimantos hospitalares - libra,Leis,https://www.dosp.com.br/exibe_do.php?i=NTA3NTQz,https://www.dosp.com.br/leituratexto?p=MTcyNDE3Ng==,Não identificada
2024-06-13,2017,3074 - CÂMARA - revoga Lei 2411 de 2020,Leis,https://www.dosp.com.br/exibe_do.php?i=NTA3NTQz,https://www.dosp.com.br/leituratexto?p=MTcyNDE3Nw==,Não identificada
2024-06-13,2017,3071 - CÂMARA - Implantação do programa integrado de sáude e higiente nas escolas municipais,Leis,https://www.dosp.com.br/exibe_do.php?i=NTA3NTQz,https://www.dosp.com.br/leituratexto?p=MTcyNDE3NA==,Não identificada
2024-06-13,2017,3072 - CÃMARA - dia municipal do outdoor,Leis,https://www.dosp.com.br/exibe_do.php?i=NTA3NTQz,https://www.dosp.com.br/leituratexto?p=MTcyNDE3NQ==,Não identificada
2024-06-10,2012,3067 -  Reorgania e reestrutura o conselho municipal de turismo - COMTUR - revoga lei 1275,Leis,https://www.dosp.com.br/exibe_do.php?i=NTA1OTc3,https://www.dosp.com.br/leituratexto?p=MTcxODk2OQ==,Não identificada
2024-06-10,2012,7839 - Homologação concurso publico 001 2022 - agente de saneamento e  vetores,Decretos,https://www.dosp.com.br/exibe_do.php?i=NTA1OTc3,https://www.dosp.com.br/leituratexto?p=MTcxODk2NA==,Não identificada
2024-06-10,2012,3068 -  Autoriza desembolsar valores para custeio da delegação avareense dos 66º jogos regionais 2024 - sede itapetininga,Leis,https://www.dosp.com.br/exibe_do.php?i=NTA1OTc3,https://www.dosp.com.br/leituratexto?p=MTcxODk3MA==,Não identificada
2024-06-07,2011,3069 - CÂMARA - Programa emprego 60+,Leis,https://www.dosp.com.br/exibe_do.php?i=NTA1MzY0,https://www.dosp.com.br/leituratexto?p=MTcxNzMzMQ==,Não identificada
2024-06-07,2011,3070 - CÂMARA - campanha cartela amiga,Leis,https://www.dosp.com.br/exibe_do.php?i=NTA1MzY0,https://www.dosp.com.br/leituratexto?p=MTcxNzMzMg==,Não identificada
2024-06-05,2008,7833 - reorganização da corregedoria do conselho tutelar - revoga7355,Decretos,https://www.dosp.com.br/exibe_do.php?i=NTA0MjY2,https://www.dosp.com.br/leituratexto?p=MTcxMzk0OQ==,Não identificada
2024-06-05,2008,3066 - CÂMARA -,Leis,https://www.dosp.com.br/exibe_do.php?i=NTA0MjY2,https://www.dosp.com.br/leituratexto?p=MTcxMzkxMw==,Não identificada
2024-06-04,2007,Planilha de Po (...),Portarias,https://www.dosp.com.br/exibe_do.php?i=NTAzNzEx,,Não identificada
2024-06-03,2004,"7829 - Crédito especial - 30.760,33 - sec mulher",Decretos,https://www.dosp.com.br/exibe_do.php?i=NTAyNzc2,https://www.dosp.com.br/leituratexto?p=MTcwOTg3Ng==,Não identificada
2024-06-03,2004,"7826 - Crédito especial -35.512,81 - cultura",Decretos,https://www.dosp.com.br/exibe_do.php?i=NTAyNzc2,https://www.dosp.com.br/leituratexto?p=MTcwOTg3Mw==,Secretaria de Cultura
2024-06-03,2004,"7827 - Crédito especial -132.475,20 - planejamento",Decretos,https://www.dosp.com.br/exibe_do.php?i=NTAyNzc2,https://www.dosp.com.br/leituratexto?p=MTcwOTg3NA==,Não identificada
2024-06-03,2004,"7828 - Crédito especial - 140.000,00 - meio ambiente",Decretos,https://www.dosp.com.br/exibe_do.php?i=NTAyNzc2,https://www.dosp.com.br/leituratexto?p=MTcwOTg3NQ==,Secretaria de Meio Ambiente
2024-06-03,2005,7822 - Autoriza planos de loteamento e arrruamento  (acesso controlado) loteamento vila suiça II,Decretos,https://www.dosp.com.br/exibe_do.php?i=NTAzMDEx,,Não identificada
2024-06-03,2005,7823 - FREA,Decretos,https://www.dosp.com.br/exibe_do.php?i=NTAzMDEx,https://www.dosp.com.br/leituratexto?p=MTcxMDc0Mg==,Não identificada
2024-06-03,2004,"3063 -  Crédito adicional especial - R$132.475,20 - planejamento",Leis,https://www.dosp.com.br/exibe_do.php?i=NTAyNzc2,https://www.dosp.com.br/leituratexto?p=MTcwOTc4Ng==,Não identificada
2024-06-03,2004,"3064 -  Crédito adicional especial - R$140.000,00 - meio ambiente",Leis,https://www.dosp.com.br/exibe_do.php?i=NTAyNzc2,https://www.dosp.com.br/leituratexto?p=MTcwOTc4Nw==,Secretaria de Meio Ambiente
2024-06-03,2004,"3061 -  Crédito adicional especial - R$13.000,00 - turismo",Leis,https://www.dosp.com.br/exibe_do.php?i=NTAyNzc2,https://www.dosp.com.br/leituratexto?p=MTcwOTc4NA==,Não identificada
2024-06-03,2004,"3065 -  Crédito adicional especial - R$30.760,33 - sec mulher",Leis,https://www.dosp.com.br/exibe_do.php?i=NTAyNzc2,https://www.dosp.com.br/leituratexto?p=MTcwOTc4OA==,Não identificada
2024-06-03,2004,"3062 -  Crédito adicional especial - R$35.512,81 - cultura",Leis,https://www.dosp.com.br/exibe_do.php?i=NTAyNzc2,https://www.dosp.com.br/leituratexto?p=MTcwOTc4NQ==,Secretaria de Cultura
2024-06-03,2004,"7825 - Crédito especial -13.000,00 - turismo",Decretos,https://www.dosp.com.br/exibe_do.php?i=NTAyNzc2,https://www.dosp.com.br/leituratexto?p=MTcwOTg3Mg==,Não identificada
2024-05-29,2002,13964 – (...),Portarias,https://www.dosp.com.br/exibe_do.php?i=NTAxNzk4,https://www.dosp.com.br/leituratexto?p=MTcwNzA0MQ==,Não identificada
2024-05-28,2001,7819 - ponto facultativo corpus christi,Decretos,https://www.dosp.com.br/exibe_do.php?i=NTAxNDY1,https://www.dosp.com.br/leituratexto?p=MTcwNjAxNA==,Não identificada
2024-05-24,1998,3060 - CÂMARA,Leis,https://www.dosp.com.br/exibe_do.php?i=NTAwMTg3,https://www.dosp.com.br/leituratexto?p=MTcwMTQ1MQ==,Não identificada
2024-05-24,1998,7820 - permissão uso emapa - exponel avaré 2024,Decretos,https://www.dosp.com.br/exibe_do.php?i=NTAwMTg3,https://www.dosp.com.br/leituratexto?p=MTcwMTk4MQ==,Não identificada
2024-05-24,1998,7816 - Autoriza planos de loteamento e arrruamento  (acesso controlado) loteamento vila noah resort residence,Decretos,https://www.dosp.com.br/exibe_do.php?i=NTAwMTg3,,Não identificada
2024-05-23,1996,3058 - CÂMARA,Leis,https://www.dosp.com.br/exibe_do.php?i=NDk5NTEw,https://www.dosp.com.br/leituratexto?p=MTcwMDAwMg==,Não identificada
2024-05-23,1996,3057 - CÂMARA,Leis,https://www.dosp.com.br/exibe_do.php?i=NDk5NTEw,https://www.dosp.com.br/leituratexto?p=MTcwMDAwMQ==,Não identificada
2024-05-23,1996,3056 - CÂMARA,Leis,https://www.dosp.com.br/exibe_do.php?i=NDk5NTEw,https://www.dosp.com.br/leituratexto?p=MTcwMDAwMA==,Não identificada
2024-05-23,1996,3059 - CÂMARA,Leis,https://www.dosp.com.br/exibe_do.php?i=NDk5NTEw,https://www.dosp.com.br/leituratexto?p=MTcwMDAwMw==,Não identificada
2024-05-23,1996,7817  - Homologação do concurso 002 2018 - TAF Agente de Fiscalização,Decretos,https://www.dosp.com.br/exibe_do.php?i=NDk5NTEw,,Não identificada
2024-05-22,1994,Camara - Decreto Legislativo 372.2024,Decretos,https://www.dosp.com.br/exibe_do.php?i=NDk4NzI5,https://www.dosp.com.br/leituratexto?p=MTY5NzA1MA==,Não identificada
2024-05-21,1992,"3055 -  Fixação de subsídio de prefeito, vice-prefeito, secretarios e chefe de gabinete",Leis,https://www.dosp.com.br/exibe_do.php?i=NDk4MTM4,https://www.dosp.com.br/leituratexto?p=MTY5NTQyMg==,Não identificada
2024-05-21,1992,Planilha de Po (...),Portarias,https://www.dosp.com.br/exibe_do.php?i=NDk4MTM4,,Não identificada
2024-05-20,1990,7804 - garantia hipotecária green avare empreendimentos - vila noah resort residence,Decretos,https://www.dosp.com.br/exibe_do.php?i=NDk3NTc1,https://www.dosp.com.br/leituratexto?p=MTY5MzE2NA==,Não identificada
2024-05-17,1988,"7812 - Crédito especial -25.000,00 - agricultura",Decretos,https://www.dosp.com.br/exibe_do.php?i=NDk2OTU2,https://www.dosp.com.br/leituratexto?p=MTY5MTI4OQ==,Secretaria de Cultura
2024-05-17,1988,"7809 - Crédito suplementar - 3.433.077,29 - saúde",Decretos,https://www.dosp.com.br/exibe_do.php?i=NDk2OTU2,https://www.dosp.com.br/leituratexto?p=MTY5MTI4Ng==,Secretaria de Saúde
2024-05-17,1988,"7810 - Crédito especial -506.610,40 - cultura",Decretos,https://www.dosp.com.br/exibe_do.php?i=NDk2OTU2,https://www.dosp.com.br/leituratexto?p=MTY5MTI4Nw==,Secretaria de Cultura
2024-05-17,1988,"7811 - Crédito especial -26.454,35 - semads",Decretos,https://www.dosp.com.br/exibe_do.php?i=NDk2OTU2,https://www.dosp.com.br/leituratexto?p=MTY5MTI4OA==,Não identificada
2024-05-17,1988,"7808 - Crédito especial - 1.971.654,48 - saúde",Decretos,https://www.dosp.com.br/exibe_do.php?i=NDk2OTU2,https://www.dosp.com.br/leituratexto?p=MTY5MTI4NQ==,Secretaria de Saúde
2024-05-15,1985,"3052 -  Crédito adicional especial - R$ 506.610,40 - cultura",Leis,https://www.dosp.com.br/exibe_do.php?i=NDk1OTg1,https://www.dosp.com.br/leituratexto?p=MTY4ODgyMA==,Secretaria de Cultura
2024-05-15,1985,"3053 -  Crédito adicional especial - R$ 26.454,35 - semads",Leis,https://www.dosp.com.br/exibe_do.php?i=NDk1OTg1,https://www.dosp.com.br/leituratexto?p=MTY4ODgyMQ==,Não identificada
2024-05-15,1985,"3050 -  Crédito adicional especial - R$ 1.971.654,48 - saúde",Leis,https://www.dosp.com.br/exibe_do.php?i=NDk1OTg1,https://www.dosp.com.br/leituratexto?p=MTY4ODgxOA==,Secretaria de Saúde
2024-05-15,1985,"3051 -  Crédito adicional suplementar - R$ 3.433.077,29 - saúde",Leis,https://www.dosp.com.br/exibe_do.php?i=NDk1OTg1,https://www.dosp.com.br/leituratexto?p=MTY4ODgxOQ==,Secretaria de Saúde
2024-05-15,1985,"3054 -  Crédito adicional especial - R$25.000,00 - agricultura",Leis,https://www.dosp.com.br/exibe_do.php?i=NDk1OTg1,https://www.dosp.com.br/leituratexto?p=MTY4ODgyMg==,Secretaria de Cultura
2024-05-15,1985,7800 - FREA - crédito suplementar,Decretos,https://www.dosp.com.br/exibe_do.php?i=NDk1OTg1,https://www.dosp.com.br/leituratexto?p=MTY4NzYxNA==,Não identificada
2024-05-14,1984,7801  - Nomeia a comissão apoio delegações esportivas  dos 66º jogos regionais  2024,Decretos,https://www.dosp.com.br/exibe_do.php?i=NDk1Mzg2,https://www.dosp.com.br/leituratexto?p=MTY4NTgxOA==,Não identificada
2024-05-13,1983,7799 -  - revoga decreto 7506 - equipe tecnica multiprofissional - LTA - Laudo Tecnicode Avaliação,Decretos,https://www.dosp.com.br/exibe_do.php?i=NDk0NzUw,https://www.dosp.com.br/leituratexto?p=MTY4NDA3OQ==,Não identificada
2024-05-10,1981,3048 -  Dia do Profissional da Indústria Textil,Leis,https://www.dosp.com.br/exibe_do.php?i=NDk0MTcw,https://www.dosp.com.br/leituratexto?p=MTY4MjY3NA==,Não identificada
2024-05-10,1979,7797 - Homologação concurso 002 2018 - TAF Condutor,Decretos,https://www.dosp.com.br/exibe_do.php?i=NDkzOTQ3,,Não identificada
2024-05-09,1977,3049 - CÂMARA - Dia Municipal dos Veteranos das Forças de Segurança,Leis,https://www.dosp.com.br/exibe_do.php?i=NDkzNDYx,https://www.dosp.com.br/leituratexto?p=MTY3OTgzOA==,Não identificada
2024-05-08,1976,"3047 -  Crédito adicional especial - R$ 538.914,22 - saúde",Leis,https://www.dosp.com.br/exibe_do.php?i=NDkzMDA2,https://www.dosp.com.br/leituratexto?p=MTY3ODYyNA==,Secretaria de Saúde
2024-05-08,1976,"3044 -  Crédito adicional especial - R$ 117.929,64 - saúde",Leis,https://www.dosp.com.br/exibe_do.php?i=NDkzMDA2,https://www.dosp.com.br/leituratexto?p=MTY3ODYyMQ==,Secretaria de Saúde
2024-05-08,1976,"3045 -  Crédito adicional especial - R$168.677,75 - saúde",Leis,https://www.dosp.com.br/exibe_do.php?i=NDkzMDA2,https://www.dosp.com.br/leituratexto?p=MTY3ODYyMg==,Secretaria de Saúde
2024-05-08,1976,"7794 - Crédito suplementar - 8.452,29 - educação",Decretos,https://www.dosp.com.br/exibe_do.php?i=NDkzMDA2,https://www.dosp.com.br/leituratexto?p=MTY3ODY4Mw==,Secretaria de Educação
2024-05-08,1976,"7791 - Crédito especial - 438.955,10 - educação",Decretos,https://www.dosp.com.br/exibe_do.php?i=NDkzMDA2,https://www.dosp.com.br/leituratexto?p=MTY3ODY4MA==,Secretaria de Educação
2024-05-08,1976,"7795 - Crédito especial - 538.914,22 - saúde",Decretos,https://www.dosp.com.br/exibe_do.php?i=NDkzMDA2,https://www.dosp.com.br/leituratexto?p=MTY3ODY4NA==,Secretaria de Saúde
2024-05-08,1976,"7792 - Crédito especial - 117.929,64 - saúde",Decretos,https://www.dosp.com.br/exibe_do.php?i=NDkzMDA2,https://www.dosp.com.br/leituratexto?p=MTY3ODY4MQ==,Secretaria de Saúde
2024-05-08,1976,"7793 - Crédito especial - 168.677,75 - saúde",Decretos,https://www.dosp.com.br/exibe_do.php?i=NDkzMDA2,https://www.dosp.com.br/leituratexto?p=MTY3ODY4Mg==,Secretaria de Saúde
2024-05-08,1976,"3043 -  Crédito adicional especial - R$ 438.955,10 - educação",Leis,https://www.dosp.com.br/exibe_do.php?i=NDkzMDA2,https://www.dosp.com.br/leituratexto?p=MTY3ODYyMA==,Secretaria de Educação
2024-05-08,1976,"3046 -  Crédito adicional suplementar - R$ 8.452,29 - educação",Leis,https://www.dosp.com.br/exibe_do.php?i=NDkzMDA2,https://www.dosp.com.br/leituratexto?p=MTY3ODYyMw==,Secretaria de Educação
2024-05-03,1969,"7785 - Crédito especial - 4.737,86 - planejamento",Decretos,https://www.dosp.com.br/exibe_do.php?i=NDkwNzYx,https://www.dosp.com.br/leituratexto?p=MTY3MTg5MA==,Não identificada
2024-05-03,1969,3041-  Alteração do art. 1º da lei 2738 - sitio sta barbara,Leis,https://www.dosp.com.br/exibe_do.php?i=NDkwNzYx,https://www.dosp.com.br/leituratexto?p=MTY3MTg4NA==,Não identificada
2024-05-03,1970,7787 - Elevação de vagas em concurso publico 002 2018 - Arquiteto,Decretos,https://www.dosp.com.br/exibe_do.php?i=NDkxMjUx,https://www.dosp.com.br/leituratexto?p=MTY3MzA3NQ==,Não identificada
2024-05-03,1969,"3042 -  Crédito adicinal especial - R$ 4.737,86 - planejamento",Leis,https://www.dosp.com.br/exibe_do.php?i=NDkwNzYx,https://www.dosp.com.br/leituratexto?p=MTY3MTg4NQ==,Não identificada
2024-05-02,1967,13934 – (...),Portarias,https://www.dosp.com.br/exibe_do.php?i=NDkwNTg5,https://www.dosp.com.br/leituratexto?p=MTY3MTI5Mg==,Não identificada
2024-04-29,1964,7783 -  Adicional de Qualificação maio 24,Decretos,https://www.dosp.com.br/exibe_do.php?i=NDg5MjE0,https://www.dosp.com.br/leituratexto?p=MTY2NzczNw==,Não identificada
2024-04-29,1964,7782-  reorganiza conselho municipal dos direitos da criança e do adolescente - cmdca - revoga 7590,Decretos,https://www.dosp.com.br/exibe_do.php?i=NDg5MjE0,https://www.dosp.com.br/leituratexto?p=MTY2NzczNg==,Não identificada
2024-04-26,1961,"3039 -  Crédito adicinal especial - R$ 1.514.568,00 - saude",Leis,https://www.dosp.com.br/exibe_do.php?i=NDg4NTc0,https://www.dosp.com.br/leituratexto?p=MTY2NTUyOA==,Não identificada
2024-04-26,1961,3040 - CÂMARA -,Leis,https://www.dosp.com.br/exibe_do.php?i=NDg4NTc0,https://www.dosp.com.br/leituratexto?p=MTY2NTUzMg==,Não identificada
2024-04-26,1961,"7777 - Crédito especial - 1.514.568,00 - saúde",Decretos,https://www.dosp.com.br/exibe_do.php?i=NDg4NTc0,https://www.dosp.com.br/leituratexto?p=MTY2NTUzMw==,Secretaria de Saúde
2024-04-24,1959,7775 - reorganiza os membros da Comissão Tecnica de Gestão de Carreiras da Educação Básica - revoga 7471 e 7772,Decretos,https://www.dosp.com.br/exibe_do.php?i=NDg3Njk0,https://www.dosp.com.br/leituratexto?p=MTY2MzAyNw==,Secretaria de Educação
2024-04-19,1954,7774 - denominação procuradoria -  Elias Salim Curiati,Decretos,https://www.dosp.com.br/exibe_do.php?i=NDg1Nzg3,https://www.dosp.com.br/leituratexto?p=MTY1NzE1Ng==,Não identificada
2024-04-17,1952,7772 - reorganiza os membros da Comissão Tecnica de Gestão de Carreiras da Educação Básica - revoga 7442,Decretos,https://www.dosp.com.br/exibe_do.php?i=NDg0NDY5,https://www.dosp.com.br/leituratexto?p=MTY1MzAyNg==,Secretaria de Educação
2024-04-16,1949,7770 - Nomeia Lucas Gomes Mancini - gestor e ordenador fundo da criança e adolescente - revoga 6674,Decretos,https://www.dosp.com.br/exibe_do.php?i=NDgzODM4,https://www.dosp.com.br/leituratexto?p=MTY1MTI2Mg==,Não identificada
2024-04-16,1949,7769 - Retificação da homologação de Progressão Horizontal -decreto 7475 - apos análise dos recursos 2024,Decretos,https://www.dosp.com.br/exibe_do.php?i=NDgzODM4,https://www.dosp.com.br/leituratexto?p=MTY1MTI2MQ==,Não identificada
2024-04-11,1944,3038 - CÂMARA -,Leis,https://www.dosp.com.br/exibe_do.php?i=NDgyMDk0,https://www.dosp.com.br/leituratexto?p=MTY0NzEzOQ==,Não identificada
2024-04-08,1939,7762 - Homologação complementar do concurso publico 002 2018 - TAF Condutor,Decretos,https://www.dosp.com.br/exibe_do.php?i=NDgwNjA5,https://www.dosp.com.br/leituratexto?p=MTY0MzE1MQ==,Não identificada
2024-04-08,1938,7763 - Calendário oficial de eventos,Decretos,https://www.dosp.com.br/exibe_do.php?i=NDgwNTg2,https://www.dosp.com.br/leituratexto?p=MTY0MzAwMQ==,Não identificada
2024-04-04,1934,3037 -  Revogação da Lei 2329  que autoriza desafetar áreas de terras à Associação Amigo Solidário,Leis,https://www.dosp.com.br/exibe_do.php?i=NDc5MjM4,https://www.dosp.com.br/leituratexto?p=MTYzNzkxOQ==,Não identificada
2024-04-04,1934,7758 - Formaliza a adesão do municipio ao projeto FACILITA SP,Decretos,https://www.dosp.com.br/exibe_do.php?i=NDc5MjM4,https://www.dosp.com.br/leituratexto?p=MTYzNzkzNQ==,Não identificada
2024-04-03,1932,7756 - Institui o Regulamento do Campeonato Municipal Elson Carlota - Niquinho - ed  2024,Decretos,https://www.dosp.com.br/exibe_do.php?i=NDc4MzIz,,Não identificada
2024-04-03,1933,3036 - CÂMARA - Revogação da Lei 2.958 - que reconhecia ADI como professor,Leis,https://www.dosp.com.br/exibe_do.php?i=NDc4NTg4,https://www.dosp.com.br/leituratexto?p=MTYzNTg1Mw==,Não identificada
2024-04-02,1931,Planilha de Po (...),Portarias,https://www.dosp.com.br/exibe_do.php?i=NDc3OTkz,,Não identificada
2024-04-01,1928,"7741 - Crédito especial - 1.637,33 - semads",Decretos,https://www.dosp.com.br/exibe_do.php?i=NDc3MTkw,https://www.dosp.com.br/leituratexto?p=MTYzMjIzOQ==,Não identificada
2024-04-01,1928,"7753 - Crédito especial - 1.655.531,32 - planejamento",Decretos,https://www.dosp.com.br/exibe_do.php?i=NDc3MTkw,https://www.dosp.com.br/leituratexto?p=MTYzMjI0Ng==,Não identificada
2024-04-01,1928,"7749 - Crédito especial - 110.255,90 -educação",Decretos,https://www.dosp.com.br/exibe_do.php?i=NDc3MTkw,https://www.dosp.com.br/leituratexto?p=MTYzMjI0Mg==,Secretaria de Educação
2024-04-01,1928,"7752 - Crédito especial - 1.384.780,00 - educação",Decretos,https://www.dosp.com.br/exibe_do.php?i=NDc3MTkw,https://www.dosp.com.br/leituratexto?p=MTYzMjI0NQ==,Secretaria de Educação
2024-04-01,1928,"7748 - Crédito suplementar - 6.750,58 -educação",Decretos,https://www.dosp.com.br/exibe_do.php?i=NDc3MTkw,https://www.dosp.com.br/leituratexto?p=MTYzMjI0MQ==,Secretaria de Educação
2024-04-01,1928,"7751 - Crédito especial - 300.000,00 - planejamento",Decretos,https://www.dosp.com.br/exibe_do.php?i=NDc3MTkw,https://www.dosp.com.br/leituratexto?p=MTYzMjI0NA==,Não identificada
2024-04-01,1928,"7747 - Crédito especial - 5.390,32 - semads",Decretos,https://www.dosp.com.br/exibe_do.php?i=NDc3MTkw,https://www.dosp.com.br/leituratexto?p=MTYzMjI0MA==,Não identificada
2024-04-01,1928,"7754 - Crédito especial - 841.847,31 - educação",Decretos,https://www.dosp.com.br/exibe_do.php?i=NDc3MTkw,https://www.dosp.com.br/leituratexto?p=MTYzMjI0Nw==,Secretaria de Educação
2024-04-01,1928,"7750 - Crédito especial - 432,28 - agricultura",Decretos,https://www.dosp.com.br/exibe_do.php?i=NDc3MTkw,https://www.dosp.com.br/leituratexto?p=MTYzMjI0Mw==,Secretaria de Cultura
2024-04-01,1928,"7755 - Crédito suplementar - 89.678,05 - semads",Decretos,https://www.dosp.com.br/exibe_do.php?i=NDc3MTkw,https://www.dosp.com.br/leituratexto?p=MTYzMjI0OA==,Não identificada
2024-03-28,1926,7736 - Comissão da Lei Aldir Blanc,Decretos,https://www.dosp.com.br/exibe_do.php?i=NDc2Njk3,https://www.dosp.com.br/leituratexto?p=MTYyOTE5Mg==,Não identificada
2024-03-28,1926,13894 – (...),Portarias,https://www.dosp.com.br/exibe_do.php?i=NDc2Njk3,https://www.dosp.com.br/leituratexto?p=MTYzMDAyNg==,Não identificada
2024-03-28,1927,7743 - revoga decreto 6996 - fundo social - Bruna Silvestre,Decretos,https://www.dosp.com.br/exibe_do.php?i=NDc2Nzk5,https://www.dosp.com.br/leituratexto?p=MTYzMTEwMw==,Não identificada
2024-03-28,1927,7744 - nomeia presidente do fundo social - Regiana affara,Decretos,https://www.dosp.com.br/exibe_do.php?i=NDc2Nzk5,https://www.dosp.com.br/leituratexto?p=MTYzMTEwNA==,Não identificada
2024-03-28,1927,7745 - nomeia Elza Castilho Albuquerque - secretaria da mulher,Decretos,https://www.dosp.com.br/exibe_do.php?i=NDc2Nzk5,https://www.dosp.com.br/leituratexto?p=MTYzMTI2Mg==,Não identificada
2024-03-27,1925,"3027 -  Crédito adicinal especial - R$ 5.390,32 - Semads",Leis,https://www.dosp.com.br/exibe_do.php?i=NDc2Mzgx,https://www.dosp.com.br/leituratexto?p=MTYyOTE4MQ==,Não identificada
2024-03-27,1925,"3034 -  Crédito adicinal especial - R$ 841.847,31 - educação",Leis,https://www.dosp.com.br/exibe_do.php?i=NDc2Mzgx,https://www.dosp.com.br/leituratexto?p=MTYyOTE4OA==,Secretaria de Educação
2024-03-27,1925,"3030 -  Crédito adicinal especial - R$ 432,28 - agricultura",Leis,https://www.dosp.com.br/exibe_do.php?i=NDc2Mzgx,https://www.dosp.com.br/leituratexto?p=MTYyOTE4NA==,Secretaria de Cultura
2024-03-27,1925,"3033 -  Crédito adicinal especial - R$ 1.655.531,32 - serviços",Leis,https://www.dosp.com.br/exibe_do.php?i=NDc2Mzgx,https://www.dosp.com.br/leituratexto?p=MTYyOTE4Nw==,Não identificada
2024-03-27,1925,"3029 -  Crédito adicinal especial - R$ 110.255,90 - educação",Leis,https://www.dosp.com.br/exibe_do.php?i=NDc2Mzgx,https://www.dosp.com.br/leituratexto?p=MTYyOTE4Mw==,Secretaria de Educação
2024-03-27,1925,3025 -  Institui a Politica Municipal pela Primeira Infancia,Leis,https://www.dosp.com.br/exibe_do.php?i=NDc2Mzgx,https://www.dosp.com.br/leituratexto?p=MTYyOTE3OQ==,Não identificada
2024-03-27,1925,"3032 -  Crédito adicinal especial - R$ 1.384.780,00 - planejamento",Leis,https://www.dosp.com.br/exibe_do.php?i=NDc2Mzgx,https://www.dosp.com.br/leituratexto?p=MTYyOTE4Ng==,Não identificada
2024-03-27,1924,7738 - Exonera Carla Cristina Massaro Flores - Sec. da Mulher,Decretos,https://www.dosp.com.br/exibe_do.php?i=NDc2MDc0,https://www.dosp.com.br/leituratexto?p=MTYyODI4MA==,Não identificada
2024-03-27,1925,7739 -Homologação progressão  horizontal - Andreia Fragoso,Decretos,https://www.dosp.com.br/exibe_do.php?i=NDc2Mzgx,https://www.dosp.com.br/leituratexto?p=MTYyOTE2NA==,Não identificada
2024-03-27,1925,334 - Cria cargo - Chefe de Departamento - Educação,Leis,https://www.dosp.com.br/exibe_do.php?i=NDc2Mzgx,https://www.dosp.com.br/leituratexto?p=MTYyODg0Nw==,Secretaria de Educação
2024-03-27,1925,"3031 -  Crédito adicinal especial - R$ 300.000,00 - planejamento",Leis,https://www.dosp.com.br/exibe_do.php?i=NDc2Mzgx,https://www.dosp.com.br/leituratexto?p=MTYyOTE4NQ==,Não identificada
2024-03-27,1925,"3026 -  Crédito adicinal especial - R$ 1.637,33 - Semads",Leis,https://www.dosp.com.br/exibe_do.php?i=NDc2Mzgx,https://www.dosp.com.br/leituratexto?p=MTYyOTE4MA==,Não identificada
2024-03-27,1925,"3035 -  Crédito adicinal suplementar - R$ 89.678,05 - semads",Leis,https://www.dosp.com.br/exibe_do.php?i=NDc2Mzgx,https://www.dosp.com.br/leituratexto?p=MTYyOTE4OQ==,Não identificada
2024-03-27,1925,"3028 -  Crédito adicinal suplementar - R$ 6.750,58 - educação",Leis,https://www.dosp.com.br/exibe_do.php?i=NDc2Mzgx,https://www.dosp.com.br/leituratexto?p=MTYyOTE4Mg==,Secretaria de Educação
2024-03-26,1923,7712 - aprovação de projeto de desmembramento de área urbana-carlos augusto martins rodrigues e outros - revoga 7552,Decretos,https://www.dosp.com.br/exibe_do.php?i=NDc1NDAy,https://www.dosp.com.br/leituratexto?p=MTYyNDU1Ng==,Não identificada
2024-03-22,1920,7732 - Elevação de vagas concurso 001 2022 - Procurador Jurídico,Decretos,https://www.dosp.com.br/exibe_do.php?i=NDc0Mjkz,https://www.dosp.com.br/leituratexto?p=MTYyMjYxNA==,Não identificada
2024-03-15,1912,7674 - Natalie - declaração de utilidade publica para desapropriação - matricula 3560 Conselho Particular de Avaré da Soc São Vicente de Paulo,Decretos,https://www.dosp.com.br/exibe_do.php?i=NDcxNjIy,https://www.dosp.com.br/leituratexto?p=MTYxMjA4OQ==,Não identificada
2024-03-14,1911,"3016 -  Crédito Adicional Especial - 27.128,82 - semads",Leis,https://www.dosp.com.br/exibe_do.php?i=NDcxMTUy,https://www.dosp.com.br/leituratexto?p=MTYxMjQxMA==,Não identificada
2024-03-14,1911,"3023 -  Crédito Adicional Especial -392,39 - semads",Leis,https://www.dosp.com.br/exibe_do.php?i=NDcxMTUy,https://www.dosp.com.br/leituratexto?p=MTYxMjQxNw==,Não identificada
2024-03-14,1911,"3019 -  Crédito Adicional Especial -1262,45 - semads",Leis,https://www.dosp.com.br/exibe_do.php?i=NDcxMTUy,https://www.dosp.com.br/leituratexto?p=MTYxMjQxMw==,Não identificada
2024-03-14,1911,"3020 -  Crédito Adicional Especial -156.796,19 - semads",Leis,https://www.dosp.com.br/exibe_do.php?i=NDcxMTUy,https://www.dosp.com.br/leituratexto?p=MTYxMjQxNA==,Não identificada
2024-03-14,1911,"3021 -  Crédito Adicional Especial -146,88 - semads",Leis,https://www.dosp.com.br/exibe_do.php?i=NDcxMTUy,https://www.dosp.com.br/leituratexto?p=MTYxMjQxNQ==,Não identificada
2024-03-14,1911,"3024 -  Crédito Adicional Especial -60.000,00 - turismo",Leis,https://www.dosp.com.br/exibe_do.php?i=NDcxMTUy,https://www.dosp.com.br/leituratexto?p=MTYxMjQxOA==,Não identificada
2024-03-14,1911,"7718 - Crédito especial - 27.128,82 - semads",Decretos,https://www.dosp.com.br/exibe_do.php?i=NDcxMTUy,https://www.dosp.com.br/leituratexto?p=MTYxMjQyMA==,Não identificada
2024-03-14,1911,"7722 - Crédito especial - 156.796,19 - semads",Decretos,https://www.dosp.com.br/exibe_do.php?i=NDcxMTUy,https://www.dosp.com.br/leituratexto?p=MTYxMjQyNA==,Não identificada
2024-03-14,1911,7715 - Reorganizaçao do conselho municipal da educação - CME  - revoga 6537,Decretos,https://www.dosp.com.br/exibe_do.php?i=NDcxMTUy,https://www.dosp.com.br/leituratexto?p=MTYxMjA2MQ==,Secretaria de Educação
2024-03-14,1911,"7726 - Crédito especial - 60.000,00 - turismo",Decretos,https://www.dosp.com.br/exibe_do.php?i=NDcxMTUy,https://www.dosp.com.br/leituratexto?p=MTYxMjQyOA==,Não identificada
2024-03-14,1911,"7719 - Crédito especial - 20.087,46 - semads",Decretos,https://www.dosp.com.br/exibe_do.php?i=NDcxMTUy,https://www.dosp.com.br/leituratexto?p=MTYxMjQyMQ==,Não identificada
2024-03-14,1911,"7723 - Crédito especial - 146,88 - semads",Decretos,https://www.dosp.com.br/exibe_do.php?i=NDcxMTUy,https://www.dosp.com.br/leituratexto?p=MTYxMjQyNQ==,Não identificada
2024-03-14,1911,"7720 - Crédito especial - 939,80 - semads",Decretos,https://www.dosp.com.br/exibe_do.php?i=NDcxMTUy,https://www.dosp.com.br/leituratexto?p=MTYxMjQyMg==,Não identificada
2024-03-14,1911,"7725 - Crédito especial - 392,39 - semads",Decretos,https://www.dosp.com.br/exibe_do.php?i=NDcxMTUy,https://www.dosp.com.br/leituratexto?p=MTYxMjQyNw==,Não identificada
2024-03-14,1911,"3017 -  Crédito Adicional Especial - 20.087,46 - semads",Leis,https://www.dosp.com.br/exibe_do.php?i=NDcxMTUy,https://www.dosp.com.br/leituratexto?p=MTYxMjQxMQ==,Não identificada
2024-03-14,1911,"7721 - Crédito especial - 1.262,45 - semads",Decretos,https://www.dosp.com.br/exibe_do.php?i=NDcxMTUy,https://www.dosp.com.br/leituratexto?p=MTYxMjQyMw==,Não identificada
2024-03-14,1911,3013 - CÂMARA,Leis,https://www.dosp.com.br/exibe_do.php?i=NDcxMTUy,https://www.dosp.com.br/leituratexto?p=MTYxMjQwNQ==,Não identificada
2024-03-14,1911,"7724 - Crédito especial - 156.796,19 - semads",Decretos,https://www.dosp.com.br/exibe_do.php?i=NDcxMTUy,https://www.dosp.com.br/leituratexto?p=MTYxMjQyNg==,Não identificada
2024-03-14,1911,"3015 -  Crédito Adicional Especial - 2.174,36 - planejamento",Leis,https://www.dosp.com.br/exibe_do.php?i=NDcxMTUy,https://www.dosp.com.br/leituratexto?p=MTYxMjQwOQ==,Não identificada
2024-03-14,1911,"7717 - Crédito especial - 2.174,36 - planejamento",Decretos,https://www.dosp.com.br/exibe_do.php?i=NDcxMTUy,https://www.dosp.com.br/leituratexto?p=MTYxMjQxOQ==,Não identificada
2024-03-14,1911,"3022 -  Crédito Adicional Especial -156.796,19 - semads",Leis,https://www.dosp.com.br/exibe_do.php?i=NDcxMTUy,https://www.dosp.com.br/leituratexto?p=MTYxMjQxNg==,Não identificada
2024-03-14,1911,"3018 -  Crédito Adicional Especial - 939,80 - semads",Leis,https://www.dosp.com.br/exibe_do.php?i=NDcxMTUy,https://www.dosp.com.br/leituratexto?p=MTYxMjQxMg==,Não identificada
2024-03-14,1911,3014 -  Inclui área da matricula 88222 no perímetro urbano,Leis,https://www.dosp.com.br/exibe_do.php?i=NDcxMTUy,https://www.dosp.com.br/leituratexto?p=MTYxMjQwOA==,Não identificada
2024-03-13,1910,7716 - Exonera sandra de fatima theodoro - ind e com (1),Decretos,https://www.dosp.com.br/exibe_do.php?i=NDcwNjIz,https://www.dosp.com.br/leituratexto?p=MTYxMTQ0OQ==,Não identificada
2024-03-08,1904,Planilha de Po (...),Portarias,https://www.dosp.com.br/exibe_do.php?i=NDY4NjYx,,Não identificada
2024-03-08,1905,7709 - Elevação de vagas em concurso publico 002 2022 - assistente tecnico em psicopedagogia,Decretos,https://www.dosp.com.br/exibe_do.php?i=NDY4OTgw,https://www.dosp.com.br/leituratexto?p=MTYwNTY3Mg==,Não identificada
2024-03-08,1905,7704 - Elevação de vagas em concurso publico 002 2018 - agente administrativo,Decretos,https://www.dosp.com.br/exibe_do.php?i=NDY4OTgw,https://www.dosp.com.br/leituratexto?p=MTYwNTY2OA==,Não identificada
2024-03-08,1905,7707 - Elevação de vagas em concurso publico 002 2018 - enfermeiro,Decretos,https://www.dosp.com.br/exibe_do.php?i=NDY4OTgw,https://www.dosp.com.br/leituratexto?p=MTYwNTY3MQ==,Não identificada
2024-03-08,1905,7706 - Elevação de vagas em concurso publico 001 2022 - tecnico rx,Decretos,https://www.dosp.com.br/exibe_do.php?i=NDY4OTgw,https://www.dosp.com.br/leituratexto?p=MTYwNTY3MA==,Não identificada
2024-03-08,1905,7705 - Elevação de vagas em concurso publico 002 2018 - psicólogo,Decretos,https://www.dosp.com.br/exibe_do.php?i=NDY4OTgw,https://www.dosp.com.br/leituratexto?p=MTYwNTY2OQ==,Não identificada
2024-03-07,1903,7699 - Homologação complementar do concurso publico 003 2022 - agente comunitario de saúde,Decretos,https://www.dosp.com.br/exibe_do.php?i=NDY4Mzg1,https://www.dosp.com.br/leituratexto?p=MTYwMzU1Mg==,Secretaria de Saúde
2024-03-07,1903,7701 - atualiza valor para apuraçaõ das dívidas tributárias e não tributárias para efeito de ajuizamento de ação judicial,Decretos,https://www.dosp.com.br/exibe_do.php?i=NDY4Mzg1,https://www.dosp.com.br/leituratexto?p=MTYwMzU1NA==,Não identificada
2024-03-07,1903,7700 - Nomeia comissão examinadora da 2ª fase dos concursos 002 2018 - 003 2019 - 03 2022,Decretos,https://www.dosp.com.br/exibe_do.php?i=NDY4Mzg1,https://www.dosp.com.br/leituratexto?p=MTYwMzU1Mw==,Não identificada
2024-03-06,1902,7702 - reorganização do conselho municipoal de acompanhamento e controle social do fundeb - revoga 7695,Decretos,https://www.dosp.com.br/exibe_do.php?i=NDY3NjAw,https://www.dosp.com.br/leituratexto?p=MTYwMjE0OQ==,Não identificada
2024-03-05,1899,7695 - reorganização do conselho municipoal de acompanhamento e controle social do fundeb,Decretos,https://www.dosp.com.br/exibe_do.php?i=NDY3MDA4,https://www.dosp.com.br/leituratexto?p=MTYwMDM0Mg==,Não identificada
2024-03-05,1899,7696 - Homologação de progressão horizontal da Educação Básica,Decretos,https://www.dosp.com.br/exibe_do.php?i=NDY3MDA4,https://www.dosp.com.br/leituratexto?p=MTYwMDMwOA==,Secretaria de Educação
2024-03-04,1897,3012 - CÂMARA,Leis,https://www.dosp.com.br/exibe_do.php?i=NDY2MzU3,https://www.dosp.com.br/leituratexto?p=MTU5ODM0Ng==,Não identificada
2024-02-28,1891,"3006 -  Crédito Adicional Especial -34.123,80 - semads",Leis,https://www.dosp.com.br/exibe_do.php?i=NDY0ODI2,https://www.dosp.com.br/leituratexto?p=MTU5MzcwNQ==,Não identificada
2024-02-28,1891,"3004 -  Crédito Adicional Especial -942,22 - semads",Leis,https://www.dosp.com.br/exibe_do.php?i=NDY0ODI2,https://www.dosp.com.br/leituratexto?p=MTU5MzcwMw==,Não identificada
2024-02-28,1891,"3010 -  Crédito Adicional Especial -50.369,34 - saúde",Leis,https://www.dosp.com.br/exibe_do.php?i=NDY0ODI2,https://www.dosp.com.br/leituratexto?p=MTU5MzcwOQ==,Secretaria de Saúde
2024-02-28,1891,"3003 -  Crédito Adicional Especial -9.148,70 - semads",Leis,https://www.dosp.com.br/exibe_do.php?i=NDY0ODI2,https://www.dosp.com.br/leituratexto?p=MTU5MzcwMg==,Não identificada
2024-02-28,1891,"2996 -  Crédito Adicional Especial - 2.265.795,15 - fumboar",Leis,https://www.dosp.com.br/exibe_do.php?i=NDY0ODI2,https://www.dosp.com.br/leituratexto?p=MTU5MzY5NQ==,Não identificada
2024-02-28,1891,"3007 -  Crédito Adicional Especial -69.526,96 - semads",Leis,https://www.dosp.com.br/exibe_do.php?i=NDY0ODI2,https://www.dosp.com.br/leituratexto?p=MTU5MzcwNg==,Não identificada
2024-02-28,1891,"3000 -  Crédito Adicional Especial - 512,73 - semads",Leis,https://www.dosp.com.br/exibe_do.php?i=NDY0ODI2,https://www.dosp.com.br/leituratexto?p=MTU5MzY5OQ==,Não identificada
2024-02-28,1891,"3011 -  Crédito Adicional Especial -10.210.765,59 - saúde",Leis,https://www.dosp.com.br/exibe_do.php?i=NDY0ODI2,https://www.dosp.com.br/leituratexto?p=MTU5MzcxMA==,Secretaria de Saúde
2024-02-28,1891,"2997 -  Crédito Adicional Especial - 1.522.890,50 - meio ambiente",Leis,https://www.dosp.com.br/exibe_do.php?i=NDY0ODI2,https://www.dosp.com.br/leituratexto?p=MTU5MzY5Ng==,Secretaria de Meio Ambiente
2024-02-28,1889,13829 – (...),Portarias,https://www.dosp.com.br/exibe_do.php?i=NDY0NjI0,https://www.dosp.com.br/leituratexto?p=MTU5MTcyOQ==,Não identificada
2024-02-28,1891,"3008 -  Crédito Adicional Especial -166.936,70 - semads",Leis,https://www.dosp.com.br/exibe_do.php?i=NDY0ODI2,https://www.dosp.com.br/leituratexto?p=MTU5MzcwNw==,Não identificada
2024-02-28,1891,"3001 -  Crédito Adicional Especial -137.641,80 - semads",Leis,https://www.dosp.com.br/exibe_do.php?i=NDY0ODI2,https://www.dosp.com.br/leituratexto?p=MTU5MzcwMA==,Não identificada
2024-02-28,1891,"3005 -  Crédito Adicional Especial -1.533.394,44 - semads",Leis,https://www.dosp.com.br/exibe_do.php?i=NDY0ODI2,https://www.dosp.com.br/leituratexto?p=MTU5MzcwNA==,Não identificada
2024-02-28,1891,"2998 -  Crédito Adicional Especial - 56.177,95 -assuntos juridicos",Leis,https://www.dosp.com.br/exibe_do.php?i=NDY0ODI2,https://www.dosp.com.br/leituratexto?p=MTU5MzY5Nw==,Não identificada
2024-02-28,1891,"3009 -  Crédito Adicional Especial -20.682.628,68 - saúde",Leis,https://www.dosp.com.br/exibe_do.php?i=NDY0ODI2,https://www.dosp.com.br/leituratexto?p=MTU5MzcwOA==,Secretaria de Saúde
2024-02-28,1891,"3002 -  Crédito Adicional Especial -114.289,99 - semads",Leis,https://www.dosp.com.br/exibe_do.php?i=NDY0ODI2,https://www.dosp.com.br/leituratexto?p=MTU5MzcwMQ==,Não identificada
2024-02-28,1891,"2999 -  Crédito Adicional Especial - 500.759,86 - semads",Leis,https://www.dosp.com.br/exibe_do.php?i=NDY0ODI2,https://www.dosp.com.br/leituratexto?p=MTU5MzY5OA==,Não identificada
2024-02-28,1891,"7684 - Crédito adicional especial - 500.759,86 - semads",Decretos,https://www.dosp.com.br/exibe_do.php?i=NDY0ODI2,https://www.dosp.com.br/leituratexto?p=MTU5Mzk4Mw==,Não identificada
2024-02-28,1891,"7679 - Crédito adicional especial - 50.369,34 - saúde",Decretos,https://www.dosp.com.br/exibe_do.php?i=NDY0ODI2,https://www.dosp.com.br/leituratexto?p=MTU5MzcxNA==,Secretaria de Saúde
2024-02-28,1891,"7683 - Crédito adicional especial - 56.177,95 - assuntos jurídicos",Decretos,https://www.dosp.com.br/exibe_do.php?i=NDY0ODI2,https://www.dosp.com.br/leituratexto?p=MTU5Mzk4Mg==,Não identificada
2024-02-28,1891,"7686 - Crédito adicional especial - 137.641,80 - semads",Decretos,https://www.dosp.com.br/exibe_do.php?i=NDY0ODI2,https://www.dosp.com.br/leituratexto?p=MTU5Mzk4NQ==,Não identificada
2024-02-28,1891,"7693 - Crédito adicional especial - 166.936,70 - semads",Decretos,https://www.dosp.com.br/exibe_do.php?i=NDY0ODI2,https://www.dosp.com.br/leituratexto?p=MTU5Mzk5Mg==,Não identificada
2024-02-28,1891,"7682 - Crédito adicional especial - 1.522.890,50 - meio ambiente",Decretos,https://www.dosp.com.br/exibe_do.php?i=NDY0ODI2,https://www.dosp.com.br/leituratexto?p=MTU5Mzk4MQ==,Secretaria de Meio Ambiente
2024-02-28,1891,"7689 - Crédito adicional especial - 942,22 - semads",Decretos,https://www.dosp.com.br/exibe_do.php?i=NDY0ODI2,https://www.dosp.com.br/leituratexto?p=MTU5Mzk4OA==,Não identificada
2024-02-28,1891,"7678 - Crédito adicional especial - 10.210.765,59 - saúde",Decretos,https://www.dosp.com.br/exibe_do.php?i=NDY0ODI2,https://www.dosp.com.br/leituratexto?p=MTU5MzcxMw==,Secretaria de Saúde
2024-02-28,1891,"7685 - Crédito adicional especial - 512,73 - semads",Decretos,https://www.dosp.com.br/exibe_do.php?i=NDY0ODI2,https://www.dosp.com.br/leituratexto?p=MTU5Mzk4NA==,Não identificada
2024-02-28,1891,"7692 - Crédito adicional especial - 69.526,96 - semads",Decretos,https://www.dosp.com.br/exibe_do.php?i=NDY0ODI2,https://www.dosp.com.br/leituratexto?p=MTU5Mzk5MQ==,Não identificada
2024-02-28,1891,"7681 - Crédito adicional especial - 2.265.795,15 - fumboar",Decretos,https://www.dosp.com.br/exibe_do.php?i=NDY0ODI2,https://www.dosp.com.br/leituratexto?p=MTU5Mzk4MA==,Não identificada
2024-02-28,1891,"7688 - Crédito adicional especial - 9.148,70 - semads",Decretos,https://www.dosp.com.br/exibe_do.php?i=NDY0ODI2,https://www.dosp.com.br/leituratexto?p=MTU5Mzk4Nw==,Não identificada
2024-02-28,1891,"7691 - Crédito adicional especial - 34.123,80 - semads",Decretos,https://www.dosp.com.br/exibe_do.php?i=NDY0ODI2,https://www.dosp.com.br/leituratexto?p=MTU5Mzk5MA==,Não identificada
2024-02-28,1891,"7687 - Crédito adicional especial - 114.289,99 - semads",Decretos,https://www.dosp.com.br/exibe_do.php?i=NDY0ODI2,https://www.dosp.com.br/leituratexto?p=MTU5Mzk4Ng==,Não identificada
2024-02-28,1891,"7680 - Crédito adicional especial - 20.682.628,68 - saúde",Decretos,https://www.dosp.com.br/exibe_do.php?i=NDY0ODI2,https://www.dosp.com.br/leituratexto?p=MTU5MzcxNQ==,Secretaria de Saúde
2024-02-28,1891,"7690 - Crédito adicional especial - 1.533.394,44 - semads",Decretos,https://www.dosp.com.br/exibe_do.php?i=NDY0ODI2,https://www.dosp.com.br/leituratexto?p=MTU5Mzk4OQ==,Não identificada
2024-02-27,1888,7672 - revoga decreto 7505 - equipe de vigilancia sanitaria - Saúde,Decretos,https://www.dosp.com.br/exibe_do.php?i=NDY0Mjgx,https://www.dosp.com.br/leituratexto?p=MTU5MTQ0Ng==,Secretaria de Saúde
2024-02-26,1884,333 - Cria cargo - Vice Diretor e Coordenador Pedagógico,Leis,https://www.dosp.com.br/exibe_do.php?i=NDYzNTI4,,Não identificada
2024-02-26,1884,332 - Alteração da Lei Complementar 251 - FG Chefe,Leis,https://www.dosp.com.br/exibe_do.php?i=NDYzNTI4,,Não identificada
2024-02-23,1881,2991 - CÂMARA,Leis,https://www.dosp.com.br/exibe_do.php?i=NDYyOTY5,https://www.dosp.com.br/leituratexto?p=MTU4ODE0NQ==,Não identificada
2024-02-23,1881,2984 - CÂMARA,Leis,https://www.dosp.com.br/exibe_do.php?i=NDYyOTY5,https://www.dosp.com.br/leituratexto?p=MTU4ODEzNQ==,Não identificada
2024-02-23,1881,2995 - CÂMARA,Leis,https://www.dosp.com.br/exibe_do.php?i=NDYyOTY5,https://www.dosp.com.br/leituratexto?p=MTU4ODE0OQ==,Não identificada
2024-02-23,1881,2993 - CÂMARA,Leis,https://www.dosp.com.br/exibe_do.php?i=NDYyOTY5,https://www.dosp.com.br/leituratexto?p=MTU4ODE0Nw==,Não identificada
2024-02-23,1881,2992 - CÂMARA,Leis,https://www.dosp.com.br/exibe_do.php?i=NDYyOTY5,https://www.dosp.com.br/leituratexto?p=MTU4ODE0Ng==,Não identificada
2024-02-23,1881,2986 - CÂMARA,Leis,https://www.dosp.com.br/exibe_do.php?i=NDYyOTY5,https://www.dosp.com.br/leituratexto?p=MTU4ODEzNw==,Não identificada
2024-02-23,1881,2985 - CÂMARA,Leis,https://www.dosp.com.br/exibe_do.php?i=NDYyOTY5,https://www.dosp.com.br/leituratexto?p=MTU4ODEzNg==,Não identificada
2024-02-23,1881,2989 - CÂMARA,Leis,https://www.dosp.com.br/exibe_do.php?i=NDYyOTY5,https://www.dosp.com.br/leituratexto?p=MTU4ODE0MQ==,Não identificada
2024-02-23,1881,2982 - CÂMARA,Leis,https://www.dosp.com.br/exibe_do.php?i=NDYyOTY5,https://www.dosp.com.br/leituratexto?p=MTU4ODEzMw==,Não identificada
2024-02-23,1881,2988 - CÂMARA,Leis,https://www.dosp.com.br/exibe_do.php?i=NDYyOTY5,https://www.dosp.com.br/leituratexto?p=MTU4ODEzOQ==,Não identificada
2024-02-23,1881,2987 - CÂMARA,Leis,https://www.dosp.com.br/exibe_do.php?i=NDYyOTY5,https://www.dosp.com.br/leituratexto?p=MTU4ODEzOA==,Não identificada
2024-02-23,1881,2983 - CÂMARA,Leis,https://www.dosp.com.br/exibe_do.php?i=NDYyOTY5,https://www.dosp.com.br/leituratexto?p=MTU4ODEzNA==,Não identificada
2024-02-23,1881,2994 - CÂMARA,Leis,https://www.dosp.com.br/exibe_do.php?i=NDYyOTY5,https://www.dosp.com.br/leituratexto?p=MTU4ODE0OA==,Não identificada
2024-02-23,1881,7668 - Elevação de Vagas concurso publicao 002 2022 - diretor de unidade educacional,Decretos,https://www.dosp.com.br/exibe_do.php?i=NDYyOTY5,https://www.dosp.com.br/leituratexto?p=MTU4Nzg5Ng==,Não identificada
2024-02-23,1881,2990 - CÂMARA,Leis,https://www.dosp.com.br/exibe_do.php?i=NDYyOTY5,https://www.dosp.com.br/leituratexto?p=MTU4ODE0Mw==,Não identificada
2024-02-23,1882,7670 - reorganiza Comissão Permanente de Readaptação Funcional - revoga 7480,Decretos,https://www.dosp.com.br/exibe_do.php?i=NDYzMTU3,https://www.dosp.com.br/leituratexto?p=MTU4OTA2Mw==,Não identificada
2024-02-20,1874,7663 - Elevação de Vagas concurso publicao 002 2022 - supervisor de ensino,Decretos,https://www.dosp.com.br/exibe_do.php?i=NDYwOTkx,https://www.dosp.com.br/leituratexto?p=MTU4MTcxMg==,Não identificada
2024-02-09,1866,7659 - Elevação de Vagas concurso publicao 003 2019 - Oficial de Manutenção e Serviços,Decretos,https://www.dosp.com.br/exibe_do.php?i=NDU4MTAx,https://www.dosp.com.br/leituratexto?p=MTU3NDA1NQ==,Não identificada
2024-02-09,1867,7660 - Elevação de Vagas concurso publicao 002 2022 - supervisor de ensino,Decretos,https://www.dosp.com.br/exibe_do.php?i=NDU4NDA1,https://www.dosp.com.br/leituratexto?p=MTU3NDE3OA==,Não identificada
2024-02-09,1867,2969 - CÂMARA,Leis,https://www.dosp.com.br/exibe_do.php?i=NDU4NDA1,https://www.dosp.com.br/leituratexto?p=MTU3NDU1MA==,Não identificada
2024-02-09,1867,2976 - CÂMARA,Leis,https://www.dosp.com.br/exibe_do.php?i=NDU4NDA1,https://www.dosp.com.br/leituratexto?p=MTU3NDU1OA==,Não identificada
2024-02-09,1867,2980 - CÂMARA,Leis,https://www.dosp.com.br/exibe_do.php?i=NDU4NDA1,https://www.dosp.com.br/leituratexto?p=MTU3NDU2Mg==,Não identificada
2024-02-09,1867,2973 - CÂMARA,Leis,https://www.dosp.com.br/exibe_do.php?i=NDU4NDA1,https://www.dosp.com.br/leituratexto?p=MTU3NDU1NQ==,Não identificada
2024-02-09,1867,2977 - CÂMARA,Leis,https://www.dosp.com.br/exibe_do.php?i=NDU4NDA1,https://www.dosp.com.br/leituratexto?p=MTU3NDU1OQ==,Não identificada
2024-02-09,1867,2970 - CÂMARA,Leis,https://www.dosp.com.br/exibe_do.php?i=NDU4NDA1,https://www.dosp.com.br/leituratexto?p=MTU3NDU1MQ==,Não identificada
2024-02-09,1867,2981 - CÂMARA,Leis,https://www.dosp.com.br/exibe_do.php?i=NDU4NDA1,https://www.dosp.com.br/leituratexto?p=MTU3NDU2Mw==,Não identificada
2024-02-09,1867,2974 - CÂMARA,Leis,https://www.dosp.com.br/exibe_do.php?i=NDU4NDA1,https://www.dosp.com.br/leituratexto?p=MTU3NDU1Ng==,Não identificada
2024-02-09,1867,2978 - CÂMARA,Leis,https://www.dosp.com.br/exibe_do.php?i=NDU4NDA1,https://www.dosp.com.br/leituratexto?p=MTU3NDU2MA==,Não identificada
2024-02-09,1867,2971 - CÂMARA,Leis,https://www.dosp.com.br/exibe_do.php?i=NDU4NDA1,https://www.dosp.com.br/leituratexto?p=MTU3NDU1Mg==,Não identificada
2024-02-09,1867,2975 - CÂMARA,Leis,https://www.dosp.com.br/exibe_do.php?i=NDU4NDA1,https://www.dosp.com.br/leituratexto?p=MTU3NDU1Nw==,Não identificada
2024-02-09,1867,2968 - CAMARA,Leis,https://www.dosp.com.br/exibe_do.php?i=NDU4NDA1,https://www.dosp.com.br/leituratexto?p=MTU3NDU0OQ==,Não identificada
2024-02-09,1867,2979 - CÂMARA,Leis,https://www.dosp.com.br/exibe_do.php?i=NDU4NDA1,https://www.dosp.com.br/leituratexto?p=MTU3NDU2MQ==,Não identificada
2024-02-09,1867,2972 - CÂMARA,Leis,https://www.dosp.com.br/exibe_do.php?i=NDU4NDA1,https://www.dosp.com.br/leituratexto?p=MTU3NDU1Mw==,Não identificada
2024-02-09,1866,7658 - Elevação de Vagas concurso publicao 001 2018 - PEB I,Decretos,https://www.dosp.com.br/exibe_do.php?i=NDU4MTAx,https://www.dosp.com.br/leituratexto?p=MTU3NDA1NA==,Não identificada
2024-02-08,1863,Planilha de Po (...),Portarias,https://www.dosp.com.br/exibe_do.php?i=NDU3Mzkx,,Não identificada
2024-02-08,1863,7656 - ponto facultativo carnaval 2024,Decretos,https://www.dosp.com.br/exibe_do.php?i=NDU3Mzkx,https://www.dosp.com.br/leituratexto?p=MTU3MTc5Ng==,Não identificada
2024-02-07,1862,"331 - Novo valor Vale Alimentação - 600,00",Leis,https://www.dosp.com.br/exibe_do.php?i=NDU2ODc1,https://www.dosp.com.br/leituratexto?p=MTU2OTkwOA==,Não identificada
2024-02-02,1857,7653 - Homologação complementar do concurso publico 003 2019 - oficial de manutenção,Decretos,https://www.dosp.com.br/exibe_do.php?i=NDU1MDcy,https://www.dosp.com.br/leituratexto?p=MTU2NDU5Mw==,Não identificada
2024-02-01,1855,7651 - Homologação complementar do concurso publico 001 2022 - eletricista,Decretos,https://www.dosp.com.br/exibe_do.php?i=NDU0NDM1,https://www.dosp.com.br/leituratexto?p=MTU2MzM0Mw==,Não identificada
2024-02-01,1854,7647 - ERRATA - Nomeia o conselho de admção e conselho fiscal da AVAREPREV,Decretos,https://www.dosp.com.br/exibe_do.php?i=NDU0MjQ5,https://www.dosp.com.br/leituratexto?p=MTU2MTIxNA==,Não identificada
2024-01-29,1849,7649 - Pagamento de parcela de complementação  - remuneraçao não inferior ao salário mínimo,Decretos,https://www.dosp.com.br/exibe_do.php?i=NDUyNDIy,https://www.dosp.com.br/leituratexto?p=MTU1NTIwMg==,Não identificada
2024-01-29,1848,13755 – (...),Portarias,https://www.dosp.com.br/exibe_do.php?i=NDUxODg5,https://www.dosp.com.br/leituratexto?p=MTU1MjY4OA==,Não identificada
2024-01-26,1847,7647 - Nomeia o conselho de admção e conselho fiscal da AVAREPREV,Decretos,https://www.dosp.com.br/exibe_do.php?i=NDUxNzI0,https://www.dosp.com.br/leituratexto?p=MTU1MjgyMw==,Não identificada
2024-01-26,1847,7648 - Nomeia membros do comite de investimentos do AVAREPREV,Decretos,https://www.dosp.com.br/exibe_do.php?i=NDUxNzI0,https://www.dosp.com.br/leituratexto?p=MTU1MjgyNA==,Não identificada
2024-01-25,1845,7632 -  Regulamenta a nova lei de licitação 14133 - revoga 7243,Decretos,https://www.dosp.com.br/exibe_do.php?i=NDUxMDM1,https://www.dosp.com.br/leituratexto?p=MTU1MTA0OA==,Não identificada
2024-01-25,1845,7645 - Deferimento resultado final Adicional de Qualificação ao Profissional do Magistério,Decretos,https://www.dosp.com.br/exibe_do.php?i=NDUxMDM1,https://www.dosp.com.br/leituratexto?p=MTU1MDgzNg==,Não identificada
2024-01-22,1841,7628 - ERRATA - Homologação e posse de Diretor Presidente e Diretor Administrativo Financeiro - AVAREPREV,Decretos,https://www.dosp.com.br/exibe_do.php?i=NDQ5Mzk2,https://www.dosp.com.br/leituratexto?p=MTU0Njg5Ng==,Não identificada
2024-01-18,1837,7640 - revoga decreto 7631 - CPAEE - Educação,Decretos,https://www.dosp.com.br/exibe_do.php?i=NDQ4MjMz,https://www.dosp.com.br/leituratexto?p=MTU0MjQwNA==,Secretaria de Educação
2024-01-16,1833,7631- retifica Decreto 6180 - sobre a criação do Centro Pedagógico e Administrativo da Educação Especial - CPAEE,Decretos,https://www.dosp.com.br/exibe_do.php?i=NDQ3MDYx,https://www.dosp.com.br/leituratexto?p=MTUzOTE3MA==,Secretaria de Educação
2024-01-15,1832,7634 - Elevação de vagas em concurso 001 2018  Monitor,Decretos,https://www.dosp.com.br/exibe_do.php?i=NDQ2ODIx,https://www.dosp.com.br/leituratexto?p=MTUzNzQ1Mw==,Não identificada
2024-01-15,1832,7633 - Elevação de vagas em concurso 002 2018  Agente Admvo,Decretos,https://www.dosp.com.br/exibe_do.php?i=NDQ2ODIx,https://www.dosp.com.br/leituratexto?p=MTUzNzQ1Mg==,Não identificada
2024-01-15,1832,7635 - Elevação de vagas em concurso 001 2018  PEB I,Decretos,https://www.dosp.com.br/exibe_do.php?i=NDQ2ODIx,https://www.dosp.com.br/leituratexto?p=MTUzNzQ1NA==,Não identificada
2024-01-15,1832,7637 - Elevação de vagas em concurso 002 2022  Professor Adjunto,Decretos,https://www.dosp.com.br/exibe_do.php?i=NDQ2ODIx,https://www.dosp.com.br/leituratexto?p=MTUzNzQ1Ng==,Não identificada
2024-01-15,1832,7636 - Elevação de vagas em concurso 002 2022  PEB II,Decretos,https://www.dosp.com.br/exibe_do.php?i=NDQ2ODIx,https://www.dosp.com.br/leituratexto?p=MTUzNzQ1NQ==,Não identificada
2024-01-12,1830,7630  - reorganiza comissão apoio delegações esportivas - revoga 7129,Decretos,https://www.dosp.com.br/exibe_do.php?i=NDQ2MTMz,https://www.dosp.com.br/leituratexto?p=MTUzNjcwNw==,Não identificada
2024-01-12,1830,7628 - Homologação e posse de Diretor Presidente e Diretor Administrativo Financeiro - AVAREPREV,Decretos,https://www.dosp.com.br/exibe_do.php?i=NDQ2MTMz,https://www.dosp.com.br/leituratexto?p=MTUzNTQ2OQ==,Não identificada
2024-01-11,1829,7629 - Homologação complementar do concurso 001 2022 - Borracheiro - Operador de Máquina - Pedreiro - Serralheiro,Decretos,https://www.dosp.com.br/exibe_do.php?i=NDQ1Njc0,https://www.dosp.com.br/leituratexto?p=MTUzNTQ3Mw==,Não identificada
2024-01-11,1828,7627 - Reorganiza JARI - Junta Administrativa de Recursos de Infrações - revoga 7389,Decretos,https://www.dosp.com.br/exibe_do.php?i=NDQ1NTk0,https://www.dosp.com.br/leituratexto?p=MTUzMzY4OQ==,Não identificada
2024-01-11,1828,7626- reorganização dos membros do conselho tutelar,Decretos,https://www.dosp.com.br/exibe_do.php?i=NDQ1NTk0,https://www.dosp.com.br/leituratexto?p=MTUzMzczMg==,Não identificada
2024-01-08,1825,Portarias de D (...),Portarias,https://www.dosp.com.br/exibe_do.php?i=NDQ0MDgw,,Não identificada
2024-01-03,1821,7619 - reorganiza conselho municipal de saúde - cms - revoga 7408,Decretos,https://www.dosp.com.br/exibe_do.php?i=NDQyNjc3,https://www.dosp.com.br/leituratexto?p=MTUyNDA2Ng==,Secretaria de Saúde
2024-01-03,1821,7594 - Estabelece política de educação integral em atendimento ao Programa Escola em Tempo Integral,Decretos,https://www.dosp.com.br/exibe_do.php?i=NDQyNjc3,https://www.dosp.com.br/leituratexto?p=MTUyNjQzOA==,Secretaria de Educação
2023-12-29,1820,Lei 2965,Leis,https://www.dosp.com.br/exibe_do.php?i=NDQxODUy,https://www.dosp.com.br/leituratexto?p=MTUyNDI4Mw==,Não identificada
2023-12-29,1820,2966 - Direito Real de uso de terras à ACSPMESP,Leis,https://www.dosp.com.br/exibe_do.php?i=NDQxODUy,https://www.dosp.com.br/leituratexto?p=MTUyNDIxNQ==,Não identificada
2023-12-29,1820,Lei 2963,Leis,https://www.dosp.com.br/exibe_do.php?i=NDQxODUy,https://www.dosp.com.br/leituratexto?p=MTUyNDI4Mg==,Não identificada
2023-12-29,1820,Lei 2964,Leis,https://www.dosp.com.br/exibe_do.php?i=NDQxODUy,https://www.dosp.com.br/leituratexto?p=MTUyNDI4NA==,Não identificada
2023-12-29,1820,2967 - Altera a Lei 2767.2022 ANCR,Leis,https://www.dosp.com.br/exibe_do.php?i=NDQxODUy,https://www.dosp.com.br/leituratexto?p=MTUyNDIxNA==,Não identificada
2023-12-27,1817,13739 – (...),Portarias,https://www.dosp.com.br/exibe_do.php?i=NDQwNDgz,https://www.dosp.com.br/leituratexto?p=MTUxOTA4OA==,Não identificada
2023-12-22,1815,7617 - ponto facultativo final de ano  2023,Decretos,https://www.dosp.com.br/exibe_do.php?i=NDM5OTMy,https://www.dosp.com.br/leituratexto?p=MTUxODQ5Mg==,Não identificada
2023-12-19,1811,"7608 - FREA  Itamar- Crédito suplementar - 310.000,00",Decretos,https://www.dosp.com.br/exibe_do.php?i=NDM4MzYx,https://www.dosp.com.br/leituratexto?p=MTUxMjg1MQ==,Não identificada
2023-12-19,1811,"7609 - FREA  Itamar- Crédito Suplementar - 144.000,00",Decretos,https://www.dosp.com.br/exibe_do.php?i=NDM4MzYx,https://www.dosp.com.br/leituratexto?p=MTUxMjg1Mg==,Não identificada
2023-12-18,1809,2956 - Autoriza a concessão de direito real de uso de bem imovel - Mikirela,Leis,https://www.dosp.com.br/exibe_do.php?i=NDM3NjY3,https://www.dosp.com.br/leituratexto?p=MTUxMDA5NA==,Não identificada
2023-12-08,1802,2960 - CAMARA,Leis,https://www.dosp.com.br/exibe_do.php?i=NDM0MzQ3,https://www.dosp.com.br/leituratexto?p=MTQ5OTg2NA==,Não identificada
2023-12-08,1802,"7599 - Crédito adicional suplementar - 16.412,24 - planejamento",Decretos,https://www.dosp.com.br/exibe_do.php?i=NDM0MzQ3,https://www.dosp.com.br/leituratexto?p=MTQ5OTkwNQ==,Não identificada
2023-12-08,1802,2957 - CAMARA,Leis,https://www.dosp.com.br/exibe_do.php?i=NDM0MzQ3,https://www.dosp.com.br/leituratexto?p=MTQ5OTg2MQ==,Não identificada
2023-12-08,1802,2961 - CAMARA,Leis,https://www.dosp.com.br/exibe_do.php?i=NDM0MzQ3,https://www.dosp.com.br/leituratexto?p=MTQ5OTg2NQ==,Não identificada
2023-12-08,1802,"2954 - Crédito adicional suplementar  16.412,24 - planejamento",Leis,https://www.dosp.com.br/exibe_do.php?i=NDM0MzQ3,https://www.dosp.com.br/leituratexto?p=MTQ5OTkwMg==,Não identificada
2023-12-08,1802,2958 - CAMARA,Leis,https://www.dosp.com.br/exibe_do.php?i=NDM0MzQ3,https://www.dosp.com.br/leituratexto?p=MTQ5OTg2Mg==,Não identificada
2023-12-08,1802,2962 - CAMARA,Leis,https://www.dosp.com.br/exibe_do.php?i=NDM0MzQ3,https://www.dosp.com.br/leituratexto?p=MTQ5OTg2Ng==,Não identificada
2023-12-08,1802,2959 - CAMARA,Leis,https://www.dosp.com.br/exibe_do.php?i=NDM0MzQ3,https://www.dosp.com.br/leituratexto?p=MTQ5OTg2Mw==,Não identificada
2023-12-07,1800,327 - Alteração da Lei Complementar 298 de 2022 - função gratificada Controlador Adjunto,Leis,https://www.dosp.com.br/exibe_do.php?i=NDMzNzU5,https://www.dosp.com.br/leituratexto?p=MTQ5NzU3Ng==,Não identificada
2023-12-07,1800,2955 - Revogação do inc V do art 104 da Lei 315 1995 - licença premio,Leis,https://www.dosp.com.br/exibe_do.php?i=NDMzNzU5,https://www.dosp.com.br/leituratexto?p=MTQ5NzM3Mw==,Não identificada
2023-12-07,1800,328 - Alteração da Lei Complementar 245 de 2019  e 289 de  2022- função gratificada auxiliar de procuradoria,Leis,https://www.dosp.com.br/exibe_do.php?i=NDMzNzU5,https://www.dosp.com.br/leituratexto?p=MTQ5NzU3NA==,Não identificada
2023-12-07,1800,329 - Alteração da Lei Complementar 251 de 2020 -  função gratificada chefe de departamento,Leis,https://www.dosp.com.br/exibe_do.php?i=NDMzNzU5,https://www.dosp.com.br/leituratexto?p=MTQ5NzU3NQ==,Não identificada
2023-12-07,1800,330 - Criação do cargo de Psicologo Escolar e Assistente Social Escolar,Leis,https://www.dosp.com.br/exibe_do.php?i=NDMzNzU5,https://www.dosp.com.br/leituratexto?p=MTQ5NzM3Mg==,Não identificada
2023-12-06,1799,2948 - Mesa Diretora -  Altera o quadro III Das Funções Especiais da Lei 1812,Leis,https://www.dosp.com.br/exibe_do.php?i=NDMzMjA2,https://www.dosp.com.br/leituratexto?p=MTQ5NTY2Mg==,Não identificada
2023-12-06,1799,7597 - Reorganização do conselho municipoal de acompanhamento e controle social do FUNDEB,Decretos,https://www.dosp.com.br/exibe_do.php?i=NDMzMjA2,https://www.dosp.com.br/leituratexto?p=MTQ5NTY1Ng==,Não identificada
2023-12-05,1797,Portarias de N (...),Portarias,https://www.dosp.com.br/exibe_do.php?i=NDMyNTQx,,Não identificada
2023-12-04,1796,7590 -  reorganiza conselho municipal dos direitos da criança e do adolescente - cmdca - revoga 7450,Decretos,https://www.dosp.com.br/exibe_do.php?i=NDMxOTk2,https://www.dosp.com.br/leituratexto?p=MTQ5MjcxNg==,Não identificada
2023-12-01,1793,2950 - CÂMARA,Leis,https://www.dosp.com.br/exibe_do.php?i=NDMxMjU0,https://www.dosp.com.br/leituratexto?p=MTQ5MDgwMQ==,Não identificada
2023-12-01,1793,2948 - Institui o Plano Diretor do Turismo,Leis,https://www.dosp.com.br/exibe_do.php?i=NDMxMjU0,https://www.dosp.com.br/leituratexto?p=MTQ4OTU5OQ==,Não identificada
2023-12-01,1793,2951 - CAMARA,Leis,https://www.dosp.com.br/exibe_do.php?i=NDMxMjU0,https://www.dosp.com.br/leituratexto?p=MTQ5MDgwMg==,Não identificada
2023-12-01,1793,2949 - Ratifica o protocolo de intenções e autoriza o ingresso no Consorcio Polo Cuesta,Leis,https://www.dosp.com.br/exibe_do.php?i=NDMxMjU0,,Não identificada
2023-12-01,1793,325 - Altera a LC 213 de 2016 - 160 metros,Leis,https://www.dosp.com.br/exibe_do.php?i=NDMxMjU0,https://www.dosp.com.br/leituratexto?p=MTQ4OTU5Ng==,Não identificada
2023-12-01,1793,2952 - CAMARA,Leis,https://www.dosp.com.br/exibe_do.php?i=NDMxMjU0,https://www.dosp.com.br/leituratexto?p=MTQ5MDgwMw==,Não identificada
2023-12-01,1793,2947 -  Estima a receita e fixa a despesa do municipio em 2024,Leis,https://www.dosp.com.br/exibe_do.php?i=NDMxMjU0,https://www.dosp.com.br/leituratexto?p=MTQ4OTU5OA==,Não identificada
2023-12-01,1793,2953 - CAMARA,Leis,https://www.dosp.com.br/exibe_do.php?i=NDMxMjU0,https://www.dosp.com.br/leituratexto?p=MTQ5MDgwNA==,Não identificada
2023-11-30,1791,"2945 -  Crédito Adicional Especial - 19.459,63 semads",Leis,https://www.dosp.com.br/exibe_do.php?i=NDMwNzEy,https://www.dosp.com.br/leituratexto?p=MTQ4OTIwNw==,Não identificada
2023-11-30,1791,"2946 -  Crédito Adicional Especial - 10.431,33 semads",Leis,https://www.dosp.com.br/exibe_do.php?i=NDMwNzEy,https://www.dosp.com.br/leituratexto?p=MTQ4OTIwOA==,Não identificada
2023-11-30,1792,"7591 - Crédito adicional especial - 19.459,63 - semads",Decretos,https://www.dosp.com.br/exibe_do.php?i=NDMwODg4,https://www.dosp.com.br/leituratexto?p=MTQ4OTY0Mw==,Não identificada
2023-11-30,1792,"7592 - Crédito adicional especial - 10.431,33 - semads",Decretos,https://www.dosp.com.br/exibe_do.php?i=NDMwODg4,https://www.dosp.com.br/leituratexto?p=MTQ4OTY0NA==,Não identificada
2023-11-29,1790,7588 - Homologação complementar do concurso publico 002 2018 - TAF - Condutor de veículos e transporte coletivo,Decretos,https://www.dosp.com.br/exibe_do.php?i=NDMwMjQ3,,Secretaria de Transporte
2023-11-28,1788,13613 – (...),Portarias,https://www.dosp.com.br/exibe_do.php?i=NDI5NTE2,https://www.dosp.com.br/leituratexto?p=MTQ4NDgxNw==,Não identificada
2023-11-27,1787,7585 - Reorganiza Composição do Conselho Municipal da Assistencia Social - revoga 7185,Decretos,https://www.dosp.com.br/exibe_do.php?i=NDI5MTM4,https://www.dosp.com.br/leituratexto?p=MTQ4NDgxNA==,Secretaria de Assistência Social
2023-11-27,1786,2943 - CAMARA - implementação do sistema ABA para crianças com TEA,Leis,https://www.dosp.com.br/exibe_do.php?i=NDI4NzE2,https://www.dosp.com.br/leituratexto?p=MTQ4MzAyOA==,Não identificada
2023-11-27,1786,2944 - CAMARA - Programa cidade amiga do idoso,Leis,https://www.dosp.com.br/exibe_do.php?i=NDI4NzE2,https://www.dosp.com.br/leituratexto?p=MTQ4MzAyOQ==,Não identificada
2023-11-27,1787,7582 - nomeia membros do conselho municipal da Secretaria da Mulher,Decretos,https://www.dosp.com.br/exibe_do.php?i=NDI5MTM4,https://www.dosp.com.br/leituratexto?p=MTQ4NDgxMw==,Não identificada
2023-11-24,1785,"7584 - Crédito adicional especial - 392.005,54 - educação",Decretos,https://www.dosp.com.br/exibe_do.php?i=NDI4NTQ0,https://www.dosp.com.br/leituratexto?p=MTQ4MzE1OQ==,Secretaria de Educação
2023-11-24,1785,"7583 - Crédito adicional suplementar  - 43.416,55 - planejamento",Decretos,https://www.dosp.com.br/exibe_do.php?i=NDI4NTQ0,https://www.dosp.com.br/leituratexto?p=MTQ4MzE1Nw==,Não identificada
2023-11-23,1784,"2941 -  Crédito Adicional Suplementar - 43.416,55 - planejamento",Leis,https://www.dosp.com.br/exibe_do.php?i=NDI4MDEx,https://www.dosp.com.br/leituratexto?p=MTQ4MTIxNg==,Não identificada
2023-11-23,1784,"2942 -  Crédito Adicional Especial - 392.005,54 - Educação",Leis,https://www.dosp.com.br/exibe_do.php?i=NDI4MDEx,https://www.dosp.com.br/leituratexto?p=MTQ4MTIxNw==,Secretaria de Educação
2023-11-22,1783,"7577 - correção da ufma - 4,48",Decretos,https://www.dosp.com.br/exibe_do.php?i=NDI3Mzg1,https://www.dosp.com.br/leituratexto?p=MTQ3NzU0Mg==,Não identificada
2023-11-22,1783,7580 - reorganiza o sistema de avaliação periódica de desempenho da educaçao - revoga 7573,Decretos,https://www.dosp.com.br/exibe_do.php?i=NDI3Mzg1,https://www.dosp.com.br/leituratexto?p=MTQ3ODkxMA==,Não identificada
2023-11-17,1779,7573 - Reorganiza o Sistema de Avaliação Periódica de Desempenho dos Profissionais da Educaçaõ Básica,Decretos,https://www.dosp.com.br/exibe_do.php?i=NDI2MjA1,,Não identificada
2023-11-17,1779,7572 - Anexo Termo de Presença,Decretos,https://www.dosp.com.br/exibe_do.php?i=NDI2MjA1,,Não identificada
2023-11-17,1779,7572 - Concessão de férias regulamentares para o ano letivo de 2024 da rede municipal de ensino,Decretos,https://www.dosp.com.br/exibe_do.php?i=NDI2MjA1,,Não identificada
2023-11-13,1775,7568 - Deferimento do resultado final - manutençao do adicional de qualificaçaõ ao profissional do magistério,Decretos,https://www.dosp.com.br/exibe_do.php?i=NDIzOTAz,https://www.dosp.com.br/leituratexto?p=MTQ3MDQ3OA==,Não identificada
2023-11-13,1775,2940 - Institui o Programa Mulher Empreendedora e o Projeto Lidera Mulher,Leis,https://www.dosp.com.br/exibe_do.php?i=NDIzOTAz,https://www.dosp.com.br/leituratexto?p=MTQ3MDQ3OQ==,Não identificada
2023-11-10,1774,2936 - CAMARA - Programa Violencia Zero nas Escolas,Leis,https://www.dosp.com.br/exibe_do.php?i=NDIzNDIw,https://www.dosp.com.br/leituratexto?p=MTQ2OTExOA==,Não identificada
2023-11-10,1774,2931 - CAMARA - Campanha Ponto Violeta,Leis,https://www.dosp.com.br/exibe_do.php?i=NDIzNDIw,https://www.dosp.com.br/leituratexto?p=MTQ2OTExMw==,Não identificada
2023-11-10,1774,2933 - CAMARA - Campanha Agosto Laranja - Esclerose Multipla,Leis,https://www.dosp.com.br/exibe_do.php?i=NDIzNDIw,https://www.dosp.com.br/leituratexto?p=MTQ2OTExNQ==,Não identificada
2023-11-10,1774,2935 - CAMARA - Junho Laranja  - Leucemia,Leis,https://www.dosp.com.br/exibe_do.php?i=NDIzNDIw,https://www.dosp.com.br/leituratexto?p=MTQ2OTExNw==,Não identificada
2023-11-10,1774,2939 - CAMARA - areas escolares de segurança,Leis,https://www.dosp.com.br/exibe_do.php?i=NDIzNDIw,https://www.dosp.com.br/leituratexto?p=MTQ2OTEyMQ==,Não identificada
2023-11-10,1774,2932 - CAMARA - Substituição dos sinais sonoros - TEA,Leis,https://www.dosp.com.br/exibe_do.php?i=NDIzNDIw,https://www.dosp.com.br/leituratexto?p=MTQ2OTExNA==,Não identificada
2023-11-10,1774,2937 - CAMARA - Programa Aluno Nota Dez,Leis,https://www.dosp.com.br/exibe_do.php?i=NDIzNDIw,https://www.dosp.com.br/leituratexto?p=MTQ2OTExOQ==,Não identificada
2023-11-10,1774,2938 - CAMARA - Programa Vencendo Barreirias,Leis,https://www.dosp.com.br/exibe_do.php?i=NDIzNDIw,https://www.dosp.com.br/leituratexto?p=MTQ2OTEyMA==,Não identificada
2023-11-10,1773,7565 - Regulamentação da LC 256 - Camping - revoga 7538,Decretos,https://www.dosp.com.br/exibe_do.php?i=NDIzMjAz,https://www.dosp.com.br/leituratexto?p=MTQ2NzYwMg==,Não identificada
2023-11-10,1774,2934 - CAMARA - Pagamento de boleto iptu em braile,Leis,https://www.dosp.com.br/exibe_do.php?i=NDIzNDIw,https://www.dosp.com.br/leituratexto?p=MTQ2OTExNg==,Não identificada
2023-11-09,1771,7561 - denomina rua Marina Tamassia Soares,Decretos,https://www.dosp.com.br/exibe_do.php?i=NDIyNzM2,https://www.dosp.com.br/leituratexto?p=MTQ2NzM2Mg==,Não identificada
2023-11-09,1771,7563 - Elevação de vagas concurso público 002 2018  - Assistente Social,Decretos,https://www.dosp.com.br/exibe_do.php?i=NDIyNzM2,https://www.dosp.com.br/leituratexto?p=MTQ2NzM2NA==,Não identificada
2023-11-09,1771,7562 - Elevação de vagas concurso público 002 2018  - Agente Administrativo,Decretos,https://www.dosp.com.br/exibe_do.php?i=NDIyNzM2,https://www.dosp.com.br/leituratexto?p=MTQ2NzM2Mw==,Não identificada
2023-11-09,1771,"2930 -  Dispõe sobre alteração do art 4º da lei 1647 - autoriza 170.000,00 esporte",Leis,https://www.dosp.com.br/exibe_do.php?i=NDIyNzM2,https://www.dosp.com.br/leituratexto?p=MTQ2NjgyMA==,Secretaria de Esporte
2023-11-09,1771,"324 - Criação de cargo de PEB I, alterando anexo I da LC 216 de 2016",Leis,https://www.dosp.com.br/exibe_do.php?i=NDIyNzM2,https://www.dosp.com.br/leituratexto?p=MTQ2NjgyMQ==,Não identificada
2023-11-07,1768,7554 - Reorganização do COMEA - revoga,Decretos,https://www.dosp.com.br/exibe_do.php?i=NDIxNTQ0,https://www.dosp.com.br/leituratexto?p=MTQ2NDA4MA==,Não identificada
2023-11-06,1766,"7556 - Crédito adicional especial  - 669.501,50 - saude",Decretos,https://www.dosp.com.br/exibe_do.php?i=NDIwOTYw,https://www.dosp.com.br/leituratexto?p=MTQ2MjU3OQ==,Não identificada
2023-11-06,1766,"7555 - Crédito adicional suplementar  - 128.627,96 - saude",Decretos,https://www.dosp.com.br/exibe_do.php?i=NDIwOTYw,https://www.dosp.com.br/leituratexto?p=MTQ2MjU3OA==,Não identificada
2023-11-01,1764,7551 - natalie - Declaração de utilidade publica para despropriação - Walter Sergio Hidalgo Miranda,Decretos,https://www.dosp.com.br/exibe_do.php?i=NDIwMzI5,https://www.dosp.com.br/leituratexto?p=MTQ2MTE0Nw==,Não identificada
2023-11-01,1764,7550 - natalie - declaração de utilidade pública AGT Empreendimentos e Participações Ltda,Decretos,https://www.dosp.com.br/exibe_do.php?i=NDIwMzI5,https://www.dosp.com.br/leituratexto?p=MTQ2MTE0Ng==,Não identificada
2023-11-01,1764,7552 - aprovação de projeto de desmembramento de área urbana-Carlos Augusto Martins Rodrigues e Outros,Decretos,https://www.dosp.com.br/exibe_do.php?i=NDIwMzI5,https://www.dosp.com.br/leituratexto?p=MTQ2MTE0OA==,Não identificada
2023-11-01,1764,"2928 -  Crédito Adicional Especial - 128.627,96 - saude",Leis,https://www.dosp.com.br/exibe_do.php?i=NDIwMzI5,https://www.dosp.com.br/leituratexto?p=MTQ2MTE0Mg==,Não identificada
2023-11-01,1764,"2929 -  Crédito Adicional Especial - 669.501,50 - saude",Leis,https://www.dosp.com.br/exibe_do.php?i=NDIwMzI5,https://www.dosp.com.br/leituratexto?p=MTQ2MTE0Mw==,Não identificada
2023-10-30,1762,7547 - ponto facultativo - dia 03 novembro - 02 Finados,Decretos,https://www.dosp.com.br/exibe_do.php?i=NDE5NDAx,https://www.dosp.com.br/leituratexto?p=MTQ1ODk1OA==,Não identificada
2023-10-30,1762,7548 - horario de funcionamento cemitério - Dia de Finados 2023,Decretos,https://www.dosp.com.br/exibe_do.php?i=NDE5NDAx,https://www.dosp.com.br/leituratexto?p=MTQ1ODk1OQ==,Não identificada
2023-10-27,1761,7538 - Regulamenta Camping Municipal  revoga 3471,Decretos,https://www.dosp.com.br/exibe_do.php?i=NDE4OTAw,https://www.dosp.com.br/leituratexto?p=MTQ1NzA5OQ==,Não identificada
2023-10-27,1761,7542 - Elevação de vagas em concurso publico 002 2018 - ENFERMEIRO,Decretos,https://www.dosp.com.br/exibe_do.php?i=NDE4OTAw,https://www.dosp.com.br/leituratexto?p=MTQ1NzAwOA==,Não identificada
2023-10-27,1761,7546 -  comissão 53ª emapa,Decretos,https://www.dosp.com.br/exibe_do.php?i=NDE4OTAw,https://www.dosp.com.br/leituratexto?p=MTQ1NzYyMA==,Não identificada
2023-10-27,1761,7543 - Elevação de vagas em concurso publico 001 2022 - NEUROPSICÓLOGO,Decretos,https://www.dosp.com.br/exibe_do.php?i=NDE4OTAw,https://www.dosp.com.br/leituratexto?p=MTQ1NzAwOQ==,Não identificada
2023-10-27,1761,7539 - revoga decreto1.789 - uso de banca de jornais na praça publio pimentel por Rodrigo Leandro Franzolim,Decretos,https://www.dosp.com.br/exibe_do.php?i=NDE4OTAw,https://www.dosp.com.br/leituratexto?p=MTQ1Njg4MQ==,Não identificada
2023-10-27,1761,7540 - Deferimento do resultado final adicional de qualificação ao profissional do magistério,Decretos,https://www.dosp.com.br/exibe_do.php?i=NDE4OTAw,https://www.dosp.com.br/leituratexto?p=MTQ1Njg4Mg==,Não identificada
2023-10-26,1760,13596 – (...),Portarias,https://www.dosp.com.br/exibe_do.php?i=NDE4MDkw,https://www.dosp.com.br/leituratexto?p=MTQ1NTM0NA==,Não identificada
2023-10-24,1758,7527 - Institui o Programa Avaré Sem Papel,Decretos,https://www.dosp.com.br/exibe_do.php?i=NDE3MjU4,https://www.dosp.com.br/leituratexto?p=MTQ1MzAwMQ==,Não identificada
2023-10-20,1754,2923 - Câmara - Instalação do Botão do Pânico nas escolas publicas,Leis,https://www.dosp.com.br/exibe_do.php?i=NDE2MDUy,https://www.dosp.com.br/leituratexto?p=MTQ0ODQyNQ==,Não identificada
2023-10-20,1754,2926 - Câmara - divulgação de informações de recursos derivados de multas,Leis,https://www.dosp.com.br/exibe_do.php?i=NDE2MDUy,https://www.dosp.com.br/leituratexto?p=MTQ0ODQyOA==,Não identificada
2023-10-20,1754,2925 - Câmara - Proibição de uso floreiras de plasticos nas dependencias do cemitério,Leis,https://www.dosp.com.br/exibe_do.php?i=NDE2MDUy,https://www.dosp.com.br/leituratexto?p=MTQ0ODQyNw==,Não identificada
2023-10-20,1754,2924 - Câmara - Programa Henry Borel,Leis,https://www.dosp.com.br/exibe_do.php?i=NDE2MDUy,https://www.dosp.com.br/leituratexto?p=MTQ0ODQyNg==,Não identificada
2023-10-20,1754,2927 - Câmara - Alteração do art 1º da Lei 2663,Leis,https://www.dosp.com.br/exibe_do.php?i=NDE2MDUy,,Não identificada
2023-10-19,1753,7532 - comtur - conselho turismo - revoga 5770,Decretos,https://www.dosp.com.br/exibe_do.php?i=NDE1NTIz,https://www.dosp.com.br/leituratexto?p=MTQ0ODIxMA==,Não identificada
2023-10-19,1753,7534 - ITAMAR,Decretos,https://www.dosp.com.br/exibe_do.php?i=NDE1NTIz,https://www.dosp.com.br/leituratexto?p=MTQ0ODI4NA==,Não identificada
2023-10-19,1753,7533 - ITAMAR,Decretos,https://www.dosp.com.br/exibe_do.php?i=NDE1NTIz,https://www.dosp.com.br/leituratexto?p=MTQ0ODI4Mw==,Não identificada
2023-10-17,1751,"2921-  Crédito Adicional Suplementar - 5.999,12 - planejamento",Leis,https://www.dosp.com.br/exibe_do.php?i=NDE0NjYx,https://www.dosp.com.br/leituratexto?p=MTQ0NTIyOA==,Não identificada
2023-10-17,1751,"7530 - Crédito adicional especial  - 34.944,86 - planejamento",Decretos,https://www.dosp.com.br/exibe_do.php?i=NDE0NjYx,https://www.dosp.com.br/leituratexto?p=MTQ0NTIzMg==,Não identificada
2023-10-17,1751,Portaria 27,Portarias,https://www.dosp.com.br/exibe_do.php?i=NDE0NjYx,,Não identificada
2023-10-17,1751,"7529 - Crédito adicional suplementar  - 5.999,12 - planejamento",Decretos,https://www.dosp.com.br/exibe_do.php?i=NDE0NjYx,https://www.dosp.com.br/leituratexto?p=MTQ0NTIzMw==,Não identificada
2023-10-17,1751,"2922-  Crédito Adicional Suplementar - 34.944,86 - planejamento",Leis,https://www.dosp.com.br/exibe_do.php?i=NDE0NjYx,https://www.dosp.com.br/leituratexto?p=MTQ0NTIyOQ==,Não identificada
2023-10-17,1751,Portaria 26,Portarias,https://www.dosp.com.br/exibe_do.php?i=NDE0NjYx,,Não identificada
2023-10-17,1751,Portaria 17,Portarias,https://www.dosp.com.br/exibe_do.php?i=NDE0NjYx,,Não identificada
2023-10-10,1746,2920 - CAMARA  revogação da lei 2777 de 2022 - Programa Legislativo Jovem Profissional,Leis,https://www.dosp.com.br/exibe_do.php?i=NDEyOTA1,https://www.dosp.com.br/leituratexto?p=MTQ0MDcyNw==,Não identificada
2023-10-10,1746,323 - Criação de cargo de Assistente Técnico em Psicopedagogia,Leis,https://www.dosp.com.br/exibe_do.php?i=NDEyOTA1,https://www.dosp.com.br/leituratexto?p=MTQ0MDU1Mw==,Não identificada
2023-10-09,1745,7524 - ponto facultativo - dia 13 outubro - 12 dia de nossa senhora,Decretos,https://www.dosp.com.br/exibe_do.php?i=NDEyMjMy,https://www.dosp.com.br/leituratexto?p=MTQzOTAzNw==,Não identificada
2023-10-09,1745,7523 - Retificação da homologação de Progressão Horizontal -decreto 7475 - apos análise dos recursos,Decretos,https://www.dosp.com.br/exibe_do.php?i=NDEyMjMy,https://www.dosp.com.br/leituratexto?p=MTQzOTAzNg==,Não identificada
2023-10-06,1744,2919 - CAMARA - Institui núcleos permanentes de mediação de conflito escolar e social,Leis,https://www.dosp.com.br/exibe_do.php?i=NDExNzUy,https://www.dosp.com.br/leituratexto?p=MTQzNjE5Mg==,Não identificada
2023-10-06,1744,7521 - Altera denominação de Avenida Maria José Forte Bertolaccini para Avenida Vale Verde  - Brabancia,Decretos,https://www.dosp.com.br/exibe_do.php?i=NDExNzUy,https://www.dosp.com.br/leituratexto?p=MTQzNjE0MA==,Não identificada
2023-10-06,1744,2919 - Institui núcleos permanentes de mediação de conflito escolar e social,Leis,https://www.dosp.com.br/exibe_do.php?i=NDExNzUy,https://www.dosp.com.br/leituratexto?p=MTQzNzk1NQ==,Não identificada
2023-10-04,1741,"2918 -  Crédito Adicional Especial - 1.212,00 - semads",Leis,https://www.dosp.com.br/exibe_do.php?i=NDEwNTk3,https://www.dosp.com.br/leituratexto?p=MTQzMzg4NQ==,Não identificada
2023-10-04,1741,"7518 - Crédito Adicional Especial - semads - 1.212,00",Decretos,https://www.dosp.com.br/exibe_do.php?i=NDEwNTk3,https://www.dosp.com.br/leituratexto?p=MTQzMzg4Nw==,Não identificada
2023-10-04,1741,"7517 - Autoriza a concessão de complemento da diferenças remuneratória  - Enfermeiros, Tec em Enfermagem, Aux de Enfermagem",Decretos,https://www.dosp.com.br/exibe_do.php?i=NDEwNTk3,https://www.dosp.com.br/leituratexto?p=MTQzNDY3MQ==,Não identificada
2023-10-03,1740,7515 -Reorganiza o conselho municipal da pessoa Idosa - CMI - revoga 7154,Decretos,https://www.dosp.com.br/exibe_do.php?i=NDA5ODE5,https://www.dosp.com.br/leituratexto?p=MTQzMjU2MA==,Não identificada
2023-10-03,1740,Portarias de S (...),Portarias,https://www.dosp.com.br/exibe_do.php?i=NDA5ODE5,,Não identificada
2023-10-03,1740,7514 - Elevação de vagas em concurso 002 2022 - Diretor de Unidade Educacional,Decretos,https://www.dosp.com.br/exibe_do.php?i=NDA5ODE5,https://www.dosp.com.br/leituratexto?p=MTQzMjU1OQ==,Não identificada
2023-09-28,1735,"2912 - Autoriza concessão de complemento da diferença remuneratorio - Enfermeiros, Tecnicos em enfermagem e auxiliares de enfermagem",Leis,https://www.dosp.com.br/exibe_do.php?i=NDA4MTYx,https://www.dosp.com.br/leituratexto?p=MTQyNzQxNQ==,Não identificada
2023-09-28,1736,7513 - Retificação da homologação de Progressão Horizontal -decreto 7475,Decretos,https://www.dosp.com.br/exibe_do.php?i=NDA4Mzk0,,Não identificada
2023-09-28,1736,2913 - CAMARA,Leis,https://www.dosp.com.br/exibe_do.php?i=NDA4Mzk0,https://www.dosp.com.br/leituratexto?p=MTQyODgyMA==,Não identificada
2023-09-28,1736,2917 - CAMARA,Leis,https://www.dosp.com.br/exibe_do.php?i=NDA4Mzk0,https://www.dosp.com.br/leituratexto?p=MTQyODgyNQ==,Não identificada
2023-09-28,1736,2914 - CAMARA,Leis,https://www.dosp.com.br/exibe_do.php?i=NDA4Mzk0,https://www.dosp.com.br/leituratexto?p=MTQyODgyMQ==,Não identificada
2023-09-28,1736,2915 - CAMARA,Leis,https://www.dosp.com.br/exibe_do.php?i=NDA4Mzk0,https://www.dosp.com.br/leituratexto?p=MTQyODgyMg==,Não identificada
2023-09-28,1736,2916 - CAMARA,Leis,https://www.dosp.com.br/exibe_do.php?i=NDA4Mzk0,https://www.dosp.com.br/leituratexto?p=MTQyODgyNA==,Não identificada
2023-09-26,1732,7505 -  reorganiza equipe vigilância sanitaria - revoga 7353,Decretos,https://www.dosp.com.br/exibe_do.php?i=NDA3Mzcy,https://www.dosp.com.br/leituratexto?p=MTQyNTQwMg==,Não identificada
2023-09-26,1732,7508 - Elevaçaõ de vagas em concurso publico n° 002 18 - Psicólogo,Decretos,https://www.dosp.com.br/exibe_do.php?i=NDA3Mzcy,https://www.dosp.com.br/leituratexto?p=MTQyNTQwMw==,Não identificada
2023-09-26,1732,7506 - reorganiza equipe multiprofissional de avaliação -LTA- revoga 7414,Decretos,https://www.dosp.com.br/exibe_do.php?i=NDA3Mzcy,https://www.dosp.com.br/leituratexto?p=MTQyMzIzNw==,Não identificada
2023-09-26,1732,13567 – (...),Portarias,https://www.dosp.com.br/exibe_do.php?i=NDA3Mzcy,https://www.dosp.com.br/leituratexto?p=MTQyNTQ0OA==,Não identificada
2023-09-26,1732,7509 - Elevaçaõ de vagas em concurso publico n° 002 18 - Agente Administrativo,Decretos,https://www.dosp.com.br/exibe_do.php?i=NDA3Mzcy,https://www.dosp.com.br/leituratexto?p=MTQyNTQwNA==,Não identificada
2023-09-25,1731,7504 - Progressão Horizontal - Vanda Tonon,Decretos,https://www.dosp.com.br/exibe_do.php?i=NDA2NzEz,https://www.dosp.com.br/leituratexto?p=MTQyMjEzOQ==,Não identificada
2023-09-21,1729,7498 - hospede oficial - Jorge Anysio Haddad,Decretos,https://www.dosp.com.br/exibe_do.php?i=NDA1Njg0,https://www.dosp.com.br/leituratexto?p=MTQxOTk1Mg==,Não identificada
2023-09-21,1729,"7500 - Crédito Adicional Especial - planejamento - 24.183,29",Decretos,https://www.dosp.com.br/exibe_do.php?i=NDA1Njg0,https://www.dosp.com.br/leituratexto?p=MTQxOTQ3MQ==,Não identificada
2023-09-21,1729,7502 - Declaração de utilidade publica para desapropriação de imóvel de Angelo Antonio Marcusso,Decretos,https://www.dosp.com.br/exibe_do.php?i=NDA1Njg0,https://www.dosp.com.br/leituratexto?p=MTQxOTkzMw==,Não identificada
2023-09-21,1729,322 - Criação de cargo de Técnico em Telecomunicações,Leis,https://www.dosp.com.br/exibe_do.php?i=NDA1Njg0,https://www.dosp.com.br/leituratexto?p=MTQxOTQ4Mg==,Não identificada
2023-09-21,1729,2908 - Adiantamento para realização dos 85º jogos abertos  do estado de sp - sede são josé rio preto 2023,Leis,https://www.dosp.com.br/exibe_do.php?i=NDA1Njg0,https://www.dosp.com.br/leituratexto?p=MTQxOTQ2NQ==,Não identificada
2023-09-21,1729,2909 - Revogação da Lei 2523 - Folga de aniversário,Leis,https://www.dosp.com.br/exibe_do.php?i=NDA1Njg0,https://www.dosp.com.br/leituratexto?p=MTQyMDY3Mw==,Não identificada
2023-09-21,1729,"2910 -  Crédito Adicional Especial - 1.393,29 - planejamento e obras",Leis,https://www.dosp.com.br/exibe_do.php?i=NDA1Njg0,https://www.dosp.com.br/leituratexto?p=MTQxOTQ2Ng==,Secretaria de Obras
2023-09-21,1729,"2911 -  Crédito Adicional Especial - 24.183,29 - planejamento e obras",Leis,https://www.dosp.com.br/exibe_do.php?i=NDA1Njg0,https://www.dosp.com.br/leituratexto?p=MTQxOTQ2Nw==,Secretaria de Obras
2023-09-21,1729,7496 - Fixa preço para Locação de Espaço na 53ª EMAPA,Decretos,https://www.dosp.com.br/exibe_do.php?i=NDA1Njg0,,Não identificada
2023-09-21,1729,"7499 - Crédito Adicional Especial - planejamento - 1.393,29",Decretos,https://www.dosp.com.br/exibe_do.php?i=NDA1Njg0,https://www.dosp.com.br/leituratexto?p=MTQxOTQ3MA==,Não identificada
2023-09-12,1722,321 - Alteração do quadro de função gratificada - semads,Leis,https://www.dosp.com.br/exibe_do.php?i=NDAyMDM4,,Não identificada
2023-09-12,1722,"7491 - Crédito Adicional Especial - turismo - 47.000,00",Decretos,https://www.dosp.com.br/exibe_do.php?i=NDAyMDM4,https://www.dosp.com.br/leituratexto?p=MTQwODcyMw==,Não identificada
2023-09-12,1722,"2907 - Crédito adicional especial - turismo - 47.000,00",Leis,https://www.dosp.com.br/exibe_do.php?i=NDAyMDM4,https://www.dosp.com.br/leituratexto?p=MTQwODcxMw==,Não identificada
2023-09-12,1722,2906 - inclui área no perímetro urbano - 68 alqueires - Fazenda Onça,Leis,https://www.dosp.com.br/exibe_do.php?i=NDAyMDM4,https://www.dosp.com.br/leituratexto?p=MTQwODY0Mw==,Não identificada
2023-09-05,1717,"2905 - Crédito adicional especial - sec mulher - 100.000,00",Leis,https://www.dosp.com.br/exibe_do.php?i=NDAwMjI5,https://www.dosp.com.br/leituratexto?p=MTQwMzk4Ng==,Não identificada
2023-09-05,1717,"7484 - Crédito Adicional Especial - cultura - 785.356,78",Decretos,https://www.dosp.com.br/exibe_do.php?i=NDAwMjI5,https://www.dosp.com.br/leituratexto?p=MTQwMzk4Nw==,Secretaria de Cultura
2023-09-05,1717,"7485 - Crédito Adicional Especial - sec mulher - 100.000,00",Decretos,https://www.dosp.com.br/exibe_do.php?i=NDAwMjI5,https://www.dosp.com.br/leituratexto?p=MTQwMzk4OA==,Não identificada
2023-09-05,1717,"2904 - Crédito adicional especial - cultura - 785.356,78",Leis,https://www.dosp.com.br/exibe_do.php?i=NDAwMjI5,https://www.dosp.com.br/leituratexto?p=MTQwMzk4NQ==,Secretaria de Cultura
2023-09-05,1717,Portarias de Agosto,Portarias,https://www.dosp.com.br/exibe_do.php?i=NDAwMjI5,,Não identificada
2023-09-05,1718,13538 – (...),Portarias,https://www.dosp.com.br/exibe_do.php?i=NDAwMzc2,,Não identificada
2023-09-04,1716,7482 - Regras para o transporte de resíduos sólidos realizao por tratores e carretinhas,Decretos,https://www.dosp.com.br/exibe_do.php?i=Mzk5NzY4,https://www.dosp.com.br/leituratexto?p=MTQwMjQ1NQ==,Secretaria de Transporte
2023-09-04,1716,7480 - reorganiza Comissão Permanente de Readaptação Funcional - revoga 7012,Decretos,https://www.dosp.com.br/exibe_do.php?i=Mzk5NzY4,https://www.dosp.com.br/leituratexto?p=MTQwMjQ4Nw==,Não identificada
2023-09-01,1713,2900 - CAMARA,Leis,https://www.dosp.com.br/exibe_do.php?i=Mzk5MTU2,https://www.dosp.com.br/leituratexto?p=MTQwMDU4MQ==,Não identificada
2023-09-01,1713,2903 - CAMARA,Leis,https://www.dosp.com.br/exibe_do.php?i=Mzk5MTU2,https://www.dosp.com.br/leituratexto?p=MTQwMDU4NA==,Não identificada
2023-09-01,1713,2899 - CAMARA,Leis,https://www.dosp.com.br/exibe_do.php?i=Mzk5MTU2,https://www.dosp.com.br/leituratexto?p=MTQwMDU4MA==,Não identificada
2023-09-01,1713,2902 - CAMARA,Leis,https://www.dosp.com.br/exibe_do.php?i=Mzk5MTU2,https://www.dosp.com.br/leituratexto?p=MTQwMDU4Mw==,Não identificada
2023-09-01,1713,2898 - CAMARA,Leis,https://www.dosp.com.br/exibe_do.php?i=Mzk5MTU2,https://www.dosp.com.br/leituratexto?p=MTQwMDU3OQ==,Não identificada
2023-09-01,1713,2901 - CAMARA,Leis,https://www.dosp.com.br/exibe_do.php?i=Mzk5MTU2,https://www.dosp.com.br/leituratexto?p=MTQwMDU4Mg==,Não identificada
2023-09-01,1713,7471 - reorganiza os membros da Comissão Tecnica de Gestão de Carreiras da Educação Básica - revoga 7442,Decretos,https://www.dosp.com.br/exibe_do.php?i=Mzk5MTU2,https://www.dosp.com.br/leituratexto?p=MTM5OTg1MQ==,Secretaria de Educação
2023-08-31,1711,7479 - ponto facultativo - dia 08 setembro - 07 independencia do brasil,Decretos,https://www.dosp.com.br/exibe_do.php?i=Mzk4Njg2,https://www.dosp.com.br/leituratexto?p=MTM5OTQyNQ==,Não identificada
2023-08-31,1712,7481 - HOMOLOGAÇÃO COZINHEIRO,Decretos,https://www.dosp.com.br/exibe_do.php?i=Mzk4ODQ5,,Não identificada
2023-08-31,1711,7475 - Progressão dos Servidores,Decretos,https://www.dosp.com.br/exibe_do.php?i=Mzk4Njg2,,Não identificada
2023-08-31,1711,7472 - Deferimento do resultado final dos certificados necessários para manut do Adicional de Qualificaçao profissional do Magistério,Decretos,https://www.dosp.com.br/exibe_do.php?i=Mzk4Njg2,,Não identificada
2023-08-31,1711,13527 – (...),Portarias,https://www.dosp.com.br/exibe_do.php?i=Mzk4Njg2,https://www.dosp.com.br/leituratexto?p=MTM5ODYxMQ==,Não identificada
2023-08-30,1709,7473  - reorganiza comissão apoio delegações esportivas - 85º jogos abertos do interior  Horacio Barioni,Decretos,https://www.dosp.com.br/exibe_do.php?i=Mzk4MTc2,https://www.dosp.com.br/leituratexto?p=MTM5NzkwNA==,Não identificada
2023-08-30,1709,"7476 - Crédito Adicional especial - saude - 79.123,32",Decretos,https://www.dosp.com.br/exibe_do.php?i=Mzk4MTc2,https://www.dosp.com.br/leituratexto?p=MTM5NzkwMw==,Não identificada
2023-08-29,1708,"2897 - Crédito adicional especial - saúde - 79.123,32",Leis,https://www.dosp.com.br/exibe_do.php?i=Mzk3ODM4,https://www.dosp.com.br/leituratexto?p=MTM5NjY4Nw==,Secretaria de Saúde
2023-08-28,1706,2896 - CAMARA,Leis,https://www.dosp.com.br/exibe_do.php?i=Mzk3MjAy,https://www.dosp.com.br/leituratexto?p=MTM5NTIxMg==,Não identificada
2023-08-28,1706,2894 - CAMARA,Leis,https://www.dosp.com.br/exibe_do.php?i=Mzk3MjAy,https://www.dosp.com.br/leituratexto?p=MTM5NTIxMA==,Não identificada
2023-08-28,1706,2895 - CAMARA,Leis,https://www.dosp.com.br/exibe_do.php?i=Mzk3MjAy,https://www.dosp.com.br/leituratexto?p=MTM5NTIxMQ==,Não identificada
2023-08-28,1706,2893 - CAMARA,Leis,https://www.dosp.com.br/exibe_do.php?i=Mzk3MjAy,https://www.dosp.com.br/leituratexto?p=MTM5NTIwOQ==,Não identificada
2023-08-25,1705,7466 - Retenção na fonte do IR nos pagamentos efetuados por orgãos da Adm pública direta do municipio,Decretos,https://www.dosp.com.br/exibe_do.php?i=Mzk2OTI2,https://www.dosp.com.br/leituratexto?p=MTM5Mzk2MQ==,Não identificada
2023-08-24,1703,7465 - Substituição de secretário,Decretos,https://www.dosp.com.br/exibe_do.php?i=Mzk2MjQ3,https://www.dosp.com.br/leituratexto?p=MTM5MjY0OA==,Não identificada
2023-08-23,1701,"7462 - Crédito Adicional especial  - semads - 243,16",Decretos,https://www.dosp.com.br/exibe_do.php?i=Mzk1NzYz,https://www.dosp.com.br/leituratexto?p=MTM5MTAyNA==,Não identificada
2023-08-23,1701,"7461 - Crédito Adicional especial  - educação - 31.761,60",Decretos,https://www.dosp.com.br/exibe_do.php?i=Mzk1NzYz,https://www.dosp.com.br/leituratexto?p=MTM5MTAyMw==,Secretaria de Educação
2023-08-23,1701,"2891 - Crédito adicional especial - semads - 243,16",Leis,https://www.dosp.com.br/exibe_do.php?i=Mzk1NzYz,https://www.dosp.com.br/leituratexto?p=MTM5MDg5Nw==,Não identificada
2023-08-23,1701,"7463 - Crédito Adicional suplementar  - educação - 1.420.525,00",Decretos,https://www.dosp.com.br/exibe_do.php?i=Mzk1NzYz,https://www.dosp.com.br/leituratexto?p=MTM5MTAyNQ==,Secretaria de Educação
2023-08-23,1701,"2888 - Crédito adicional especial - Educação - 75.918,00 l",Leis,https://www.dosp.com.br/exibe_do.php?i=Mzk1NzYz,https://www.dosp.com.br/leituratexto?p=MTM5MDg5NA==,Secretaria de Educação
2023-08-23,1701,"2892 - Crédito adicional suplementar - educaçao - 1.420.525,00",Leis,https://www.dosp.com.br/exibe_do.php?i=Mzk1NzYz,https://www.dosp.com.br/leituratexto?p=MTM5MDg5OA==,Não identificada
2023-08-23,1701,2889 - Adiatamento de recursos financeiros destinados a realização da 40ª FAMPOP,Leis,https://www.dosp.com.br/exibe_do.php?i=Mzk1NzYz,https://www.dosp.com.br/leituratexto?p=MTM5MDg5NQ==,Não identificada
2023-08-23,1701,2890 - Crédito adicional especial - educação - 31.761.60,Leis,https://www.dosp.com.br/exibe_do.php?i=Mzk1NzYz,https://www.dosp.com.br/leituratexto?p=MTM5MDg5Ng==,Secretaria de Educação
2023-08-23,1701,"7460 - Crédito Adicional especial  - educação - 75.918,00",Decretos,https://www.dosp.com.br/exibe_do.php?i=Mzk1NzYz,https://www.dosp.com.br/leituratexto?p=MTM5MTAyMg==,Secretaria de Educação
2023-08-22,1700,"7459 - Crédito Adicional suplementar  -diversas secretarias - progressão  - 11.154.900,00",Decretos,https://www.dosp.com.br/exibe_do.php?i=Mzk1NDQ5,,Não identificada
2023-08-22,1699,2884 - Câmara - Dispõe sobre reconhecimento do direito da pessoa com transtorno de espectro autista - TEA,Leis,https://www.dosp.com.br/exibe_do.php?i=Mzk1MjA5,,Não identificada
2023-08-22,1699,2885 - Câmara - Obrigação de divulgação dos nomes de médicos que estão em horário de atendimento nas unidades de saúde do mun,Leis,https://www.dosp.com.br/exibe_do.php?i=Mzk1MjA5,,Secretaria de Saúde
2023-08-22,1699,2886 - Câmara - Estabelece validade indeterminada ao Laudo Médico Pericial que ateste o Transtorno do Escpectro Autista - TEA,Leis,https://www.dosp.com.br/exibe_do.php?i=Mzk1MjA5,,Não identificada
2023-08-22,1700,"2887 - Crédito adicional suplementar - Diversas Secretarias - 11.154.900,00 - Progressão",Leis,https://www.dosp.com.br/exibe_do.php?i=Mzk1NDQ5,https://www.dosp.com.br/leituratexto?p=MTM5MDA1OA==,Não identificada
2023-08-22,1700,7456 - Retificação da homologação de Progressão Horizontal -Elaine C de Melo Bonsaglia,Decretos,https://www.dosp.com.br/exibe_do.php?i=Mzk1NDQ5,https://www.dosp.com.br/leituratexto?p=MTM4OTg1OA==,Não identificada
2023-08-22,1700,7454 - conselho municipal dos direitos da pessoa com deficiencia - CMDPD revoga 7407,Decretos,https://www.dosp.com.br/exibe_do.php?i=Mzk1NDQ5,https://www.dosp.com.br/leituratexto?p=MTM4OTg1Nw==,Não identificada
2023-08-18,1697,7450 -  reorganiza conselho municipal dos direitos da criança e do adolescente - cmdca - revoga 7316,Decretos,https://www.dosp.com.br/exibe_do.php?i=Mzk0NDA4,https://www.dosp.com.br/leituratexto?p=MTM4Njc0OA==,Não identificada
2023-08-16,1695,"7449 - Crédio Adicional especial  - transporte e serviços  - 376.107,78",Decretos,https://www.dosp.com.br/exibe_do.php?i=MzkzNDc2,https://www.dosp.com.br/leituratexto?p=MTM4NDY1NA==,Secretaria de Transporte
2023-08-16,1695,2883 - Revisão Geral Anual e Reajuste Salarial - FREA,Leis,https://www.dosp.com.br/exibe_do.php?i=MzkzNDc2,https://www.dosp.com.br/leituratexto?p=MTM4Mzk3Mw==,Não identificada
2023-08-16,1695,"7448 - Crédio Adicional Suplementar - Planejamento e obras - 700.000,00",Decretos,https://www.dosp.com.br/exibe_do.php?i=MzkzNDc2,https://www.dosp.com.br/leituratexto?p=MTM4NDY1Mg==,Secretaria de Obras
2023-08-15,1694,"2881 - Crédito Adicional suplementar - 700.000,00 - Plan e Obras",Leis,https://www.dosp.com.br/exibe_do.php?i=MzkzMTAy,https://www.dosp.com.br/leituratexto?p=MTM4Mjk5MA==,Secretaria de Obras
2023-08-15,1694,320 - Alteração Progressão,Leis,https://www.dosp.com.br/exibe_do.php?i=MzkzMTAy,https://www.dosp.com.br/leituratexto?p=MTM4MzAzOQ==,Não identificada
2023-08-15,1694,"2882 - Crédito Adicional especial  - 376.107,78 - Transp e serviços",Leis,https://www.dosp.com.br/exibe_do.php?i=MzkzMTAy,https://www.dosp.com.br/leituratexto?p=MTM4Mjk5MQ==,Não identificada
2023-08-14,1692,"7446 - Crédio Adicional Especial - Semads - 1.029.097,85",Decretos,https://www.dosp.com.br/exibe_do.php?i=MzkyMzE3,https://www.dosp.com.br/leituratexto?p=MTM4MDgzNQ==,Não identificada
2023-08-14,1692,"7444 - Crédio Adicional Especial - Serviços - 38.289,70",Decretos,https://www.dosp.com.br/exibe_do.php?i=MzkyMzE3,https://www.dosp.com.br/leituratexto?p=MTM4MDgzMw==,Não identificada
2023-08-14,1692,7443 - reorganiza comdec - defesa civil - revoga 6952,Decretos,https://www.dosp.com.br/exibe_do.php?i=MzkyMzE3,https://www.dosp.com.br/leituratexto?p=MTM4MDUzNA==,Não identificada
2023-08-14,1692,"7445 - Crédio Adicional Especial - Serviços - 344.128,65",Decretos,https://www.dosp.com.br/exibe_do.php?i=MzkyMzE3,https://www.dosp.com.br/leituratexto?p=MTM4MDgzNA==,Não identificada
2023-08-11,1691,7442 - reorganiza os membros da Comissão Tecnica de Gestão de Carreiras da Educação Básica - revoga 6605,Decretos,https://www.dosp.com.br/exibe_do.php?i=MzkxODgx,https://www.dosp.com.br/leituratexto?p=MTM4MDMwOQ==,Secretaria de Educação
2023-08-10,1690,"2878 - Crédito Adicional Especial - 38.289,70 - Serviços",Leis,https://www.dosp.com.br/exibe_do.php?i=MzkxNjEy,https://www.dosp.com.br/leituratexto?p=MTM3ODYyOA==,Não identificada
2023-08-10,1690,"2879 - Crédito Adicional Especial - 344.128,65 - Serviços",Leis,https://www.dosp.com.br/exibe_do.php?i=MzkxNjEy,https://www.dosp.com.br/leituratexto?p=MTM3ODYyOQ==,Não identificada
2023-08-10,1690,"2880 - Crédito Adicional Especial - 1.029.097,85 - Semads",Leis,https://www.dosp.com.br/exibe_do.php?i=MzkxNjEy,https://www.dosp.com.br/leituratexto?p=MTM3ODYzMA==,Não identificada
2023-08-10,1690,2877 - Dispõe sobre o procedimento para instalação de infraestrutura de suporte para estação transmissora de Radiocomunicação - ETR,Leis,https://www.dosp.com.br/exibe_do.php?i=MzkxNjEy,https://www.dosp.com.br/leituratexto?p=MTM3ODYyNw==,Não identificada
2023-08-08,1688,7437 - Vitoria - Lalim Participações e Agua do Burrinho mat 62309,Decretos,https://www.dosp.com.br/exibe_do.php?i=MzkwNjQx,https://www.dosp.com.br/leituratexto?p=MTM3NjAwNA==,Não identificada
2023-08-08,1688,7438 - Vitoria - Lalim Participações e Agua do Burrinho mat 62304,Decretos,https://www.dosp.com.br/exibe_do.php?i=MzkwNjQx,https://www.dosp.com.br/leituratexto?p=MTM3NjAwNQ==,Não identificada
2023-08-07,1687,319 - Criação de cargo de Neuropsicólogo,Leis,https://www.dosp.com.br/exibe_do.php?i=MzkwMTQ0,https://www.dosp.com.br/leituratexto?p=MTM3NTQwMg==,Não identificada
2023-08-07,1687,316 - Criação de cargo de profissional de apoio escolar,Leis,https://www.dosp.com.br/exibe_do.php?i=MzkwMTQ0,https://www.dosp.com.br/leituratexto?p=MTM3NTM5OQ==,Não identificada
2023-08-07,1687,2876 - Alteração do art. 1º da Lei 1824 - COMSEA - Conselho Municipal de Segurança Alimentar e Nutricional,Leis,https://www.dosp.com.br/exibe_do.php?i=MzkwMTQ0,https://www.dosp.com.br/leituratexto?p=MTM3NTQwNg==,Não identificada
2023-08-07,1687,317 - Criação de cargo de provimento efetivo na modalidade de educaçao bilingue de surdos - Libras,Leis,https://www.dosp.com.br/exibe_do.php?i=MzkwMTQ0,https://www.dosp.com.br/leituratexto?p=MTM3NTQwMA==,Não identificada
2023-08-07,1687,314 - Alteração do anexo I quadro de pessoal permanente - cria cargo de tecnico em enfermagem,Leis,https://www.dosp.com.br/exibe_do.php?i=MzkwMTQ0,,Não identificada
2023-08-07,1687,318 - Criação de cargo de Farmaceutico,Leis,https://www.dosp.com.br/exibe_do.php?i=MzkwMTQ0,https://www.dosp.com.br/leituratexto?p=MTM3NTQwMQ==,Não identificada
2023-08-07,1687,315 - Criação de cargo de tecnico em enfermagem do trabalho,Leis,https://www.dosp.com.br/exibe_do.php?i=MzkwMTQ0,https://www.dosp.com.br/leituratexto?p=MTM3NTM5OA==,Não identificada
2023-08-04,1686,"7435 -Nomeia comissão examinadora da 2ª fase do concurso 002 2018, 003 2019 e 03 2022 - cargos e empregos publicos",Decretos,https://www.dosp.com.br/exibe_do.php?i=Mzg5NzE1,https://www.dosp.com.br/leituratexto?p=MTM3NDI1Ng==,Não identificada
2023-08-01,1681,Portarias de Julho,Portarias,https://www.dosp.com.br/exibe_do.php?i=Mzg4MDQ3,,Não identificada
2023-08-01,1681,"7421 -  Crédito adicional especial - saude  - 200.000,00",Decretos,https://www.dosp.com.br/exibe_do.php?i=Mzg4MDQ3,https://www.dosp.com.br/leituratexto?p=MTM2OTMwMQ==,Não identificada
2023-07-28,1678,"7427 -  Crédito adicional suplementar - educaçao  - 1.798.857,27",Decretos,https://www.dosp.com.br/exibe_do.php?i=Mzg2OTkx,https://www.dosp.com.br/leituratexto?p=MTM2NjI5OA==,Não identificada
2023-07-28,1678,"7424 -  Crédito adicional especial - semads  - 50.000,00",Decretos,https://www.dosp.com.br/exibe_do.php?i=Mzg2OTkx,https://www.dosp.com.br/leituratexto?p=MTM2NjI5NQ==,Não identificada
2023-07-28,1678,"7420 -  Crédito adicional especial - semads - 50.000,00",Decretos,https://www.dosp.com.br/exibe_do.php?i=Mzg2OTkx,https://www.dosp.com.br/leituratexto?p=MTM2NjI5MQ==,Não identificada
2023-07-28,1678,"7422 -  Crédito adicional especial - saude  - 22.971,29",Decretos,https://www.dosp.com.br/exibe_do.php?i=Mzg2OTkx,https://www.dosp.com.br/leituratexto?p=MTM2NjI5Mw==,Não identificada
2023-07-28,1678,"7423 -  Crédito adicional suplementar - educação  - 1.343.809,38",Decretos,https://www.dosp.com.br/exibe_do.php?i=Mzg2OTkx,https://www.dosp.com.br/leituratexto?p=MTM2NjI5NA==,Secretaria de Educação
2023-07-28,1678,"7421 -  Crédito adicional especial - saude  - 200.000,00",Decretos,https://www.dosp.com.br/exibe_do.php?i=Mzg2OTkx,https://www.dosp.com.br/leituratexto?p=MTM2NjI5Mg==,Não identificada
2023-07-28,1678,"7426 -  Crédito adicional especial - semads  - 150.000,00",Decretos,https://www.dosp.com.br/exibe_do.php?i=Mzg2OTkx,https://www.dosp.com.br/leituratexto?p=MTM2NjI5Nw==,Não identificada
2023-07-28,1678,"7425 -  Crédito adicional especial - semads  - 150.000,00",Decretos,https://www.dosp.com.br/exibe_do.php?i=Mzg2OTkx,https://www.dosp.com.br/leituratexto?p=MTM2NjI5Ng==,Não identificada
2023-07-28,1678,7418 - I Conferência Municipal de Segurança Alimentar e Nutricional,Decretos,https://www.dosp.com.br/exibe_do.php?i=Mzg2OTkx,https://www.dosp.com.br/leituratexto?p=MTM2NjA3OA==,Não identificada
2023-07-27,1677,13477 – (...),Portarias,https://www.dosp.com.br/exibe_do.php?i=Mzg2NjA0,https://www.dosp.com.br/leituratexto?p=MTM2MzM3Mg==,Não identificada
2023-07-27,1677,7414 - reorganiza equipe multiprofissional de avaliação - lta - revoga 6489,Decretos,https://www.dosp.com.br/exibe_do.php?i=Mzg2NjA0,https://www.dosp.com.br/leituratexto?p=MTM2NTI1MQ==,Não identificada
2023-07-27,1677,"2874 - Crédito adicional especial - semads - 150.000,00",Leis,https://www.dosp.com.br/exibe_do.php?i=Mzg2NjA0,https://www.dosp.com.br/leituratexto?p=MTM2NTA1Ng==,Não identificada
2023-07-27,1677,"2870 - Crédito adicional especial - saúde - 22.971,29",Leis,https://www.dosp.com.br/exibe_do.php?i=Mzg2NjA0,https://www.dosp.com.br/leituratexto?p=MTM2NTA1Mg==,Secretaria de Saúde
2023-07-27,1677,"2873 - Crédito adicional especial - semads - 150.000,00",Leis,https://www.dosp.com.br/exibe_do.php?i=Mzg2NjA0,https://www.dosp.com.br/leituratexto?p=MTM2NTA1NQ==,Não identificada
2023-07-27,1677,"2869 - Crédito adicional especial - saúde - 200.000,00",Leis,https://www.dosp.com.br/exibe_do.php?i=Mzg2NjA0,https://www.dosp.com.br/leituratexto?p=MTM2NTA1MQ==,Secretaria de Saúde
2023-07-27,1677,313 - Dispõe sobre a criação da Gratificação por exercício de Responsabilidade Tecnica GRT - cargo contador,Leis,https://www.dosp.com.br/exibe_do.php?i=Mzg2NjA0,https://www.dosp.com.br/leituratexto?p=MTM2NTE1Mg==,Não identificada
2023-07-27,1677,"2872 - Crédito adicional especial - semads - 50.000,00",Leis,https://www.dosp.com.br/exibe_do.php?i=Mzg2NjA0,https://www.dosp.com.br/leituratexto?p=MTM2NTA1NA==,Não identificada
2023-07-27,1677,"2868 - Crédito adicional especial - semads - 50.000,00",Leis,https://www.dosp.com.br/exibe_do.php?i=Mzg2NjA0,https://www.dosp.com.br/leituratexto?p=MTM2NTA1MA==,Não identificada
2023-07-27,1677,"2875 - Crédito adicional suplementar - educação - 1.798.857,27",Leis,https://www.dosp.com.br/exibe_do.php?i=Mzg2NjA0,https://www.dosp.com.br/leituratexto?p=MTM2NTA1Nw==,Secretaria de Educação
2023-07-27,1677,"2871 - Crédito adicional suplementar - educação - 1.343.809,38",Leis,https://www.dosp.com.br/exibe_do.php?i=Mzg2NjA0,https://www.dosp.com.br/leituratexto?p=MTM2NTA1Mw==,Secretaria de Educação
2023-07-26,1676,7410 - Resultado final e homologaçao dos certificados  para manutenção do Adicional de Qualificação do Magistério,Decretos,https://www.dosp.com.br/exibe_do.php?i=Mzg2MTc4,https://www.dosp.com.br/leituratexto?p=MTM2MzMzNg==,Não identificada
2023-07-24,1672,7408 - Reorganiza Conselho Municipal de Saúde - CMS - revoga 6634,Decretos,https://www.dosp.com.br/exibe_do.php?i=Mzg1MTgy,https://www.dosp.com.br/leituratexto?p=MTM1OTgxNQ==,Secretaria de Saúde
2023-07-24,1672,7407 - conselho municipal dos direitos da pessoa com deficiencia - revoga 6822,Decretos,https://www.dosp.com.br/exibe_do.php?i=Mzg1MTgy,https://www.dosp.com.br/leituratexto?p=MTM1OTgxNA==,Não identificada
2023-07-20,1670,7404 - Homologação complementar concurso 003 2019 - TAF - Oficial de Manutençao e serviços,Decretos,https://www.dosp.com.br/exibe_do.php?i=Mzg0MjAx,https://www.dosp.com.br/leituratexto?p=MTM1NzY5NA==,Não identificada
2023-07-20,1670,7405- Homologação complementar concurso 001 2022 - Borracheiro - Eletricista - Encanador - Marceneiro - Operador de Maquina - Pedreiro - Serralheiro,Decretos,https://www.dosp.com.br/exibe_do.php?i=Mzg0MjAx,https://www.dosp.com.br/leituratexto?p=MTM1NzY5NQ==,Não identificada
2023-07-20,1670,7402 - Reorganiza a Comissão Examinadora da 3ª fase do Concurso Publico 01 2022  - revoga 7263,Decretos,https://www.dosp.com.br/exibe_do.php?i=Mzg0MjAx,https://www.dosp.com.br/leituratexto?p=MTM1NzY5Mw==,Não identificada
2023-07-17,1666,7399 - Homologaçao do concurso 001 2022 - Monitor de Esportes e Lazer,Decretos,https://www.dosp.com.br/exibe_do.php?i=MzgyODc3,https://www.dosp.com.br/leituratexto?p=MTM1MzMzNw==,Secretaria de Esporte
2023-07-12,1663,Portarias de Junho,Portarias,https://www.dosp.com.br/exibe_do.php?i=MzgxNDU3,,Não identificada
2023-07-10,1661,7393 - Deferimento final  - Adicional de Qualificação profissionais do magistério,Decretos,https://www.dosp.com.br/exibe_do.php?i=MzgwMjgw,https://www.dosp.com.br/leituratexto?p=MTM0NTA4Mw==,Não identificada
2023-07-07,1659,7394 - Nomeia membros do Conselho Mun de Segurança Alimentar - COMSA,Decretos,https://www.dosp.com.br/exibe_do.php?i=MzgwMDgz,https://www.dosp.com.br/leituratexto?p=MTM0NDg1Mw==,Não identificada
2023-07-06,1657,7388 - Comissão da Lei 195.2022 - Lei Paulo Gustavo,Decretos,https://www.dosp.com.br/exibe_do.php?i=Mzc5NTE3,https://www.dosp.com.br/leituratexto?p=MTM0MTIyNg==,Não identificada
2023-07-06,1657,7389 - Reorganiza JARI - Junta Administrativa de Recursos de Infrações - revoga 7131,Decretos,https://www.dosp.com.br/exibe_do.php?i=Mzc5NTE3,https://www.dosp.com.br/leituratexto?p=MTM0MTIyOA==,Não identificada
2023-07-06,1657,7387 - Comissão organizadora fampop 2023,Decretos,https://www.dosp.com.br/exibe_do.php?i=Mzc5NTE3,https://www.dosp.com.br/leituratexto?p=MTM0MTIyNw==,Não identificada
2023-07-05,1656,13442 – (...),Portarias,https://www.dosp.com.br/exibe_do.php?i=Mzc5MDE3,https://www.dosp.com.br/leituratexto?p=MTM0MTM5MA==,Não identificada
2023-07-05,1656,2867 - LDO 2024,Leis,https://www.dosp.com.br/exibe_do.php?i=Mzc5MDE3,https://www.dosp.com.br/leituratexto?p=MTM0MDkwNA==,Não identificada
2023-06-30,1652,2865 - SUPERAVIT FINANC. DEVOLUÇÃO TRANSP.ESTADUAL - EDUCAÇÃO,Leis,https://www.dosp.com.br/exibe_do.php?i=Mzc3NTQz,https://www.dosp.com.br/leituratexto?p=MTMzNjc1NA==,Secretaria de Educação
2023-06-30,1652,2866 -  SUPERAVIT FINANC. DEVOLUÇÃO DSE MERENDA - EDUCAÇÃO,Leis,https://www.dosp.com.br/exibe_do.php?i=Mzc3NTQz,https://www.dosp.com.br/leituratexto?p=MTMzNjc1Mw==,Secretaria de Educação
2023-06-30,1652,2864 - EXCESSO ARREC.(SAUDE)-EMENDA INDIVIDUAL,Leis,https://www.dosp.com.br/exibe_do.php?i=Mzc3NTQz,https://www.dosp.com.br/leituratexto?p=MTMzNjc1MQ==,Não identificada
2023-06-30,1652,"2863 - CRED.ADICIONAL ESPECIAL ANULAÇÃO FES-PAB - Saúde - 183.584,00",Leis,https://www.dosp.com.br/exibe_do.php?i=Mzc3NTQz,https://www.dosp.com.br/leituratexto?p=MTMzNjc1Mg==,Secretaria de Saúde
2023-06-30,1653,7382 - SUPERAVIT FINANC. DEVOLUÇÃO TRANSP.ESTADUAL - EDUCAÇÃO,Decretos,https://www.dosp.com.br/exibe_do.php?i=Mzc3NjAw,https://www.dosp.com.br/leituratexto?p=MTMzNjkzMw==,Secretaria de Educação
2023-06-30,1653,"7380 - CRED.ADICIONAL ESPECIAL ANULAÇÃO FES-PAB - Saúde - 183.584,00",Decretos,https://www.dosp.com.br/exibe_do.php?i=Mzc3NjAw,https://www.dosp.com.br/leituratexto?p=MTMzNjkzNQ==,Secretaria de Saúde
2023-06-30,1653,7383 -  SUPERAVIT FINANC. DEVOLUÇÃO DSE MERENDA - EDUCAÇÃO,Decretos,https://www.dosp.com.br/exibe_do.php?i=Mzc3NjAw,https://www.dosp.com.br/leituratexto?p=MTMzNjkzNg==,Secretaria de Educação
2023-06-30,1653,7381 - EXCESSO ARREC.(SAUDE)-EMENDA INDIVIDUAL,Decretos,https://www.dosp.com.br/exibe_do.php?i=Mzc3NjAw,https://www.dosp.com.br/leituratexto?p=MTMzNjkzNA==,Não identificada
2023-06-29,1650,"7371 - cria, denomina e implanta o cate centro de atendimento ao trabalhador e empreendedor- CATE",Decretos,https://www.dosp.com.br/exibe_do.php?i=Mzc3MTEx,,Não identificada
2023-06-29,1650,2862 - Dispõe sobre alterações do inciso I e II do art. 1º - Atividade Delegada,Leis,https://www.dosp.com.br/exibe_do.php?i=Mzc3MTEx,https://www.dosp.com.br/leituratexto?p=MTMzNDg5Ng==,Não identificada
2023-06-29,1650,13438 – (...),Portarias,https://www.dosp.com.br/exibe_do.php?i=Mzc3MTEx,https://www.dosp.com.br/leituratexto?p=MTMzNDg4OQ==,Não identificada
2023-06-29,1650,7377 - Regulamentação da Lei Municipal nº 2.753.2022 - Azonioterapia,Decretos,https://www.dosp.com.br/exibe_do.php?i=Mzc3MTEx,https://www.dosp.com.br/leituratexto?p=MTMzNTE5OA==,Não identificada
2023-06-27,1648,2861 - Campanha Check up geral nas mulheres,Leis,https://www.dosp.com.br/exibe_do.php?i=Mzc2Mjg2,https://www.dosp.com.br/leituratexto?p=MTMzMDU0OQ==,Não identificada
2023-06-23,1646,7369 - permissão de uso - Secretaria da Fazenda do Estado,Decretos,https://www.dosp.com.br/exibe_do.php?i=Mzc1MjY5,https://www.dosp.com.br/leituratexto?p=MTMyOTc3OA==,Não identificada
2023-06-22,1645,"7367 -  Crédito adicional especial - semads - 30.169,65",Decretos,https://www.dosp.com.br/exibe_do.php?i=Mzc0NzY4,https://www.dosp.com.br/leituratexto?p=MTMyNzgyMg==,Não identificada
2023-06-22,1645,"7366 -  Crédito adicional especial - semads - 27.940,97",Decretos,https://www.dosp.com.br/exibe_do.php?i=Mzc0NzY4,https://www.dosp.com.br/leituratexto?p=MTMyNzgyMQ==,Não identificada
2023-06-20,1640,7359 - Elevação de vagas concurso publico 001 2018- Monitor,Decretos,https://www.dosp.com.br/exibe_do.php?i=MzczNjIz,https://www.dosp.com.br/leituratexto?p=MTMyNDE4Ng==,Não identificada
2023-06-20,1640,7360 - Elevação de vagas concurso publico 002 2018 - Telefonista,Decretos,https://www.dosp.com.br/exibe_do.php?i=MzczNjIz,https://www.dosp.com.br/leituratexto?p=MTMyNDE4OA==,Não identificada
2023-06-20,1640,7357 - Elevação de vagas concurso publico 001 2022 - Auxiliar de Farmacia,Decretos,https://www.dosp.com.br/exibe_do.php?i=MzczNjIz,https://www.dosp.com.br/leituratexto?p=MTMyNDE4Mw==,Não identificada
2023-06-20,1640,7361 - Elevação de vagas concurso publico 002 2018 - PSICÓLOGO,Decretos,https://www.dosp.com.br/exibe_do.php?i=MzczNjIz,https://www.dosp.com.br/leituratexto?p=MTMyNDE4OQ==,Não identificada
2023-06-20,1640,7363 - Declaração de utilidade publica -Cinira Ferreira de Almeida Pernambuco e outro  - por Vitoria,Decretos,https://www.dosp.com.br/exibe_do.php?i=MzczNjIz,https://www.dosp.com.br/leituratexto?p=MTMyNDQyNw==,Não identificada
2023-06-20,1640,7358 - Elevação de vagas concurso publico 001 2018- Auxiliar de  Desenvolvimento Infantuk - ADI,Decretos,https://www.dosp.com.br/exibe_do.php?i=MzczNjIz,https://www.dosp.com.br/leituratexto?p=MTMyNDE4NA==,Não identificada
2023-06-20,1640,7362 - Declaração de utilidade publica - Akemi Kinoshita Yamazaki e outro  - por Vitoria,Decretos,https://www.dosp.com.br/exibe_do.php?i=MzczNjIz,https://www.dosp.com.br/leituratexto?p=MTMyNDE5MA==,Não identificada
2023-06-20,1641,7356 - Atribui ao SEMADS a utilização do imóvel antigo vitor lamparelli,Decretos,https://www.dosp.com.br/exibe_do.php?i=MzczODY5,https://www.dosp.com.br/leituratexto?p=MTMyNDg0Ng==,Não identificada
2023-06-20,1640,7355 - Reorganização da Corregedoria do Conselho Tutelar - revoga 6788,Decretos,https://www.dosp.com.br/exibe_do.php?i=MzczNjIz,https://www.dosp.com.br/leituratexto?p=MTMyNDE4Mg==,Não identificada
2023-06-20,1641,312 - Institui o Programa de Recuperação Fiscal - REFIS,Leis,https://www.dosp.com.br/exibe_do.php?i=MzczODY5,https://www.dosp.com.br/leituratexto?p=MTMyNTQxNw==,Não identificada
2023-06-20,1641,2857 - Proíbe e criminaliza a promoção de estimulo pornográfico nas escolas municipais,Leis,https://www.dosp.com.br/exibe_do.php?i=MzczODY5,https://www.dosp.com.br/leituratexto?p=MTMyNDg0OQ==,Não identificada
2023-06-20,1641,"2860 - Crédito Adicional Especial - SEMADS - 30.169,65",Leis,https://www.dosp.com.br/exibe_do.php?i=MzczODY5,https://www.dosp.com.br/leituratexto?p=MTMyNTQwNw==,Não identificada
2023-06-20,1641,2858 - Autoriza as instituições de ensino a contratarem profissionais de segurança especializados,Leis,https://www.dosp.com.br/exibe_do.php?i=MzczODY5,https://www.dosp.com.br/leituratexto?p=MTMyNDg1MA==,Não identificada
2023-06-20,1641,"2859 - Crédito Adicional Especial - SEMADS - 27.940,97",Leis,https://www.dosp.com.br/exibe_do.php?i=MzczODY5,https://www.dosp.com.br/leituratexto?p=MTMyNTQwNg==,Não identificada
2023-06-15,1635,"7354 -  Crédito adicional especial - saude - 7.950,24",Decretos,https://www.dosp.com.br/exibe_do.php?i=MzcyMDQ4,https://www.dosp.com.br/leituratexto?p=MTMxOTI3Mg==,Não identificada
2023-06-15,1635,7353 -  reorganiza equipe vigilância sanitaria - revoga 7044,Decretos,https://www.dosp.com.br/exibe_do.php?i=MzcyMDQ4,https://www.dosp.com.br/leituratexto?p=MTMxOTI3MQ==,Não identificada
2023-06-14,1634,2855 - 65º Jogos Regionais do Estado de São de 2023,Leis,https://www.dosp.com.br/exibe_do.php?i=MzcxNTQy,https://www.dosp.com.br/leituratexto?p=MTMxODMxNg==,Não identificada
2023-06-14,1634,"2856 - Crédito Adicional Especial - Saúde - 7.950,24",Leis,https://www.dosp.com.br/exibe_do.php?i=MzcxNTQy,https://www.dosp.com.br/leituratexto?p=MTMxODMxNw==,Secretaria de Saúde
2023-06-13,1633,7351 - Reorganiza o Conselho do FUNDEB,Decretos,https://www.dosp.com.br/exibe_do.php?i=MzcxNDAx,https://www.dosp.com.br/leituratexto?p=MTMxNzk0Mw==,Não identificada
2023-06-13,1633,7350 - reorganiza cae - conselho de alimentação escolar - revoga 6842,Decretos,https://www.dosp.com.br/exibe_do.php?i=MzcxNDAx,https://www.dosp.com.br/leituratexto?p=MTMxNzk0Mg==,Não identificada
2023-06-13,1632,Portaria 178 2023 – (...),Portarias,https://www.dosp.com.br/exibe_do.php?i=MzcxMDMw,,Não identificada
2023-06-07,1628,"7346 - Crédito Adicional Especial - Turismo - 100.000,00",Decretos,https://www.dosp.com.br/exibe_do.php?i=MzcwMTU3,https://www.dosp.com.br/leituratexto?p=MTMxMzQzNQ==,Não identificada
2023-06-07,1628,"2854 - Crédito Adicional suplementar - educação - 2.606.511,48",Leis,https://www.dosp.com.br/exibe_do.php?i=MzcwMTU3,https://www.dosp.com.br/leituratexto?p=MTMxMzQzMQ==,Secretaria de Educação
2023-06-07,1628,"7347 - Crédito Adicional Suplementar - Educação  - 2.606.511,48",Decretos,https://www.dosp.com.br/exibe_do.php?i=MzcwMTU3,https://www.dosp.com.br/leituratexto?p=MTMxMzQzNg==,Secretaria de Educação
2023-06-07,1628,7348 - ponto facultativo corpus christi,Decretos,https://www.dosp.com.br/exibe_do.php?i=MzcwMTU3,https://www.dosp.com.br/leituratexto?p=MTMxNDEwNA==,Não identificada
2023-06-07,1628,"2853 - Crédito Adicional Especial - turismo - 100.000,00",Leis,https://www.dosp.com.br/exibe_do.php?i=MzcwMTU3,https://www.dosp.com.br/leituratexto?p=MTMxMzQzMA==,Não identificada
2023-06-06,1626,7341 - libera áreas hipotecadas Villaggio Porto Dourado,Decretos,https://www.dosp.com.br/exibe_do.php?i=MzY5Njg1,https://www.dosp.com.br/leituratexto?p=MTMxMTkwMA==,Não identificada
2023-06-06,1626,7343 - Deferimento resultado final - adicional de qualificação - alan carlos do amaral,Decretos,https://www.dosp.com.br/exibe_do.php?i=MzY5Njg1,https://www.dosp.com.br/leituratexto?p=MTMxMjM5OA==,Não identificada
2023-06-06,1627,"7345 - Crédito Adicional Especial - meio ambiente - 327.980,72",Decretos,https://www.dosp.com.br/exibe_do.php?i=MzY5NzI3,https://www.dosp.com.br/leituratexto?p=MTMxMjc1MA==,Secretaria de Meio Ambiente
2023-06-06,1627,"2852 - Crédito Adicional Especial - Meio Ambiente - 327.980,72",Leis,https://www.dosp.com.br/exibe_do.php?i=MzY5NzI3,https://www.dosp.com.br/leituratexto?p=MTMxMjczNw==,Secretaria de Meio Ambiente
2023-06-05,1625,Portarias de Maio,Portarias,https://www.dosp.com.br/exibe_do.php?i=MzY5Mzk3,,Não identificada
2023-06-05,1625,7339 - Dispõe sobre competência dos Secretários Municipais - correto,Decretos,https://www.dosp.com.br/exibe_do.php?i=MzY5Mzk3,https://www.dosp.com.br/leituratexto?p=MTMxMTgzOQ==,Não identificada
2023-06-05,1625,7339 - ANEXO FLUXOGRAMA. correto,Decretos,https://www.dosp.com.br/exibe_do.php?i=MzY5Mzk3,,Não identificada
2023-06-01,1623,2851 - Revogação da Lei 2510 - capina quimica,Leis,https://www.dosp.com.br/exibe_do.php?i=MzY4Mzcy,https://www.dosp.com.br/leituratexto?p=MTMwODEzMw==,Não identificada
2023-06-01,1623,311 - Criação de cargo de Terapeuta Ocupacional,Leis,https://www.dosp.com.br/exibe_do.php?i=MzY4Mzcy,https://www.dosp.com.br/leituratexto?p=MTMwODEzMA==,Não identificada
2023-05-31,1622,7265,Decretos,https://www.dosp.com.br/exibe_do.php?i=MzY3OTI1,,Não identificada
2023-05-31,1622,7308 - FREA Crédito suplementar,Decretos,https://www.dosp.com.br/exibe_do.php?i=MzY3OTI1,,Não identificada
2023-05-31,1622,7333 - Retificação da homologação de Progressão Horizontal - anunciata aparecida de o souza,Decretos,https://www.dosp.com.br/exibe_do.php?i=MzY3OTI1,https://www.dosp.com.br/leituratexto?p=MTMwNjM3MQ==,Não identificada
2023-05-31,1622,7332 - Homologação do concurso 003 2022 - Agente Comunitário de Saúde,Decretos,https://www.dosp.com.br/exibe_do.php?i=MzY3OTI1,https://www.dosp.com.br/leituratexto?p=MTMwNjM3MA==,Secretaria de Saúde
2023-05-31,1622,7338 - Anderson AVAREPREV,Decretos,https://www.dosp.com.br/exibe_do.php?i=MzY3OTI1,https://www.dosp.com.br/leituratexto?p=MTMwNzMzNw==,Não identificada
2023-05-31,1622,7335,Decretos,https://www.dosp.com.br/exibe_do.php?i=MzY3OTI1,,Não identificada
2023-05-31,1622,7205,Decretos,https://www.dosp.com.br/exibe_do.php?i=MzY3OTI1,,Não identificada
2023-05-31,1622,7336 - Dispõe sobre o pagamento de parcela para garantir remuneração não inferior ao salário-minino,Decretos,https://www.dosp.com.br/exibe_do.php?i=MzY3OTI1,https://www.dosp.com.br/leituratexto?p=MTMwNjM3Mg==,Não identificada
2023-05-30,1621,7334 - ANEXO - REGULAMENTO do campeonato municipal de futebol Elson Carlota  Niquinho Edição 2023,Decretos,https://www.dosp.com.br/exibe_do.php?i=MzY3MzUw,,Não identificada
2023-05-30,1621,7334 - institui o regulamento da premiação do campeonato municipal de futebol Elson Carlota  Niquinho Edição 2023,Decretos,https://www.dosp.com.br/exibe_do.php?i=MzY3MzUw,https://www.dosp.com.br/leituratexto?p=MTMwNTUxMw==,Não identificada
2023-05-26,1617,7330 - revoga decreto 7320 - Competência dos Secretários Municipais,Decretos,https://www.dosp.com.br/exibe_do.php?i=MzY2MzM0,https://www.dosp.com.br/leituratexto?p=MTMwMTczMA==,Não identificada
2023-05-26,1617,13407 – (...),Portarias,https://www.dosp.com.br/exibe_do.php?i=MzY2MzM0,https://www.dosp.com.br/leituratexto?p=MTMwMjQ4Ng==,Não identificada
2023-05-26,1616,7329 - permissão uso emapa - Exponel Avaré 2023,Decretos,https://www.dosp.com.br/exibe_do.php?i=MzY1ODk3,https://www.dosp.com.br/leituratexto?p=MTMwMDgxMQ==,Não identificada
2023-05-24,1614,7320 - ATRIBUIÇOES - SECRETARIOS - revoga 7210,Decretos,https://www.dosp.com.br/exibe_do.php?i=MzY1MDc0,https://www.dosp.com.br/leituratexto?p=MTI5ODM0MA==,Não identificada
2023-05-24,1614,7325 - Plano Setorial de Transporte e Mobilidade Urbana,Decretos,https://www.dosp.com.br/exibe_do.php?i=MzY1MDc0,https://www.dosp.com.br/leituratexto?p=MTI5ODMyNQ==,Secretaria de Transporte
2023-05-24,1614,7327  - nomeia a Comissão de Premiação do IV Etapa Festival Regional de Natação Avaré e Seletiva Avareense 2023,Decretos,https://www.dosp.com.br/exibe_do.php?i=MzY1MDc0,https://www.dosp.com.br/leituratexto?p=MTI5ODMyNg==,Não identificada
2023-05-24,1614,7320 - ANEXO FLUXOGRAMA,Decretos,https://www.dosp.com.br/exibe_do.php?i=MzY1MDc0,,Não identificada
2023-05-22,1611,7319 - Convoca a XII Conferência Municipal da Assistencia Social - SUAS,Decretos,https://www.dosp.com.br/exibe_do.php?i=MzYzOTc2,https://www.dosp.com.br/leituratexto?p=MTI5NDUwMA==,Secretaria de Assistência Social
2023-05-22,1611,"7323 - Crédito Adicional Especial - educação - 328.192,68",Decretos,https://www.dosp.com.br/exibe_do.php?i=MzYzOTc2,https://www.dosp.com.br/leituratexto?p=MTI5NDY3NA==,Secretaria de Educação
2023-05-22,1611,"7322 - Crédito Adicional Especial - saude - 401.668,88",Decretos,https://www.dosp.com.br/exibe_do.php?i=MzYzOTc2,https://www.dosp.com.br/leituratexto?p=MTI5NDY3Mw==,Não identificada
2023-05-22,1611,"7324 - Crédito Adicional Especial - saúde - 1.413.114,16",Decretos,https://www.dosp.com.br/exibe_do.php?i=MzYzOTc2,https://www.dosp.com.br/leituratexto?p=MTI5NDY3NQ==,Secretaria de Saúde
2023-05-22,1611,"7321 - Crédito Adicional Especial - saude - 2.850,80",Decretos,https://www.dosp.com.br/exibe_do.php?i=MzYzOTc2,https://www.dosp.com.br/leituratexto?p=MTI5NDY3Mg==,Não identificada
2023-05-19,1609,"2847 - Crédito Adicional Especial - Saúde - 401.668,88",Leis,https://www.dosp.com.br/exibe_do.php?i=MzYzNDM0,https://www.dosp.com.br/leituratexto?p=MTI5MzE5MQ==,Secretaria de Saúde
2023-05-19,1609,2850 - Concessão da GES - gratificação espcial de serviço para atuação na Ação do Cadastro Único,Leis,https://www.dosp.com.br/exibe_do.php?i=MzYzNDM0,,Não identificada
2023-05-19,1609,"2846 - Crédito Adicional Especial - Saúde - 2.850,80",Leis,https://www.dosp.com.br/exibe_do.php?i=MzYzNDM0,https://www.dosp.com.br/leituratexto?p=MTI5MzE5Mg==,Secretaria de Saúde
2023-05-19,1609,"2849 - Crédito Adicional Especial -saude - 1.413.114,16",Leis,https://www.dosp.com.br/exibe_do.php?i=MzYzNDM0,https://www.dosp.com.br/leituratexto?p=MTI5MzE4OQ==,Não identificada
2023-05-19,1609,"2848 - Crédito Adicional Especial - Educação - 328.192,68",Leis,https://www.dosp.com.br/exibe_do.php?i=MzYzNDM0,https://www.dosp.com.br/leituratexto?p=MTI5MzE5MA==,Secretaria de Educação
2023-05-19,1609,7316 -  reorganiza conselho municipal dos direitos da criança e do adolescente - cmdca - revoga 7237,Decretos,https://www.dosp.com.br/exibe_do.php?i=MzYzNDM0,https://www.dosp.com.br/leituratexto?p=MTI5MjI1NQ==,Não identificada
2023-05-19,1610,13405 – (...),Portarias,https://www.dosp.com.br/exibe_do.php?i=MzYzNjEz,https://www.dosp.com.br/leituratexto?p=MTI5Mzg5Nw==,Não identificada
2023-05-18,1608,7318 - Homologação do Concurso Público 001 2022 - Cozinheiro,Decretos,https://www.dosp.com.br/exibe_do.php?i=MzYyOTA3,https://www.dosp.com.br/leituratexto?p=MTI5MTQ4Mg==,Não identificada
2023-05-16,1604,7314 - aprovação de projeto de desmembramento de área urbana-Márcia Fonseca Piagentini Cruz,Decretos,https://www.dosp.com.br/exibe_do.php?i=MzYxNjE5,https://www.dosp.com.br/leituratexto?p=MTI4Njk2NQ==,Não identificada
2023-05-11,1598,7311  - permissão de uso bombeiros - Nissan Frontier placa EZX3G63,Decretos,https://www.dosp.com.br/exibe_do.php?i=MzU5ODU4,https://www.dosp.com.br/leituratexto?p=MTI4MzI3Ng==,Não identificada
2023-05-11,1598,"7312 - nomeia ordenador de despesas fumboar - fabio lyrio dos santos e fabiano crivelli de avila, Luiz Fernando Dalcin - revoga 6476",Decretos,https://www.dosp.com.br/exibe_do.php?i=MzU5ODU4,https://www.dosp.com.br/leituratexto?p=MTI4MzI3Nw==,Não identificada
2023-05-11,1598,7310  - nomeia a comissão apoio delegações esportivas  dos 65º jogos regionais  2023,Decretos,https://www.dosp.com.br/exibe_do.php?i=MzU5ODU4,https://www.dosp.com.br/leituratexto?p=MTI4MzI3NQ==,Não identificada
2023-05-08,1592,Prtarias de Abril,Portarias,https://www.dosp.com.br/exibe_do.php?i=MzU4NDM3,,Não identificada
2023-05-05,1591,7305 - Retificação do resultado final da Progressã Horizontal de Lucia Helena de Oliveira Amaral,Decretos,https://www.dosp.com.br/exibe_do.php?i=MzU3OTM4,https://www.dosp.com.br/leituratexto?p=MTI3NzM1Mg==,Não identificada
2023-05-05,1591,7307 - dá nova redação ao Anexo I do Decreto 5738 2020 - revoga 6396,Decretos,https://www.dosp.com.br/exibe_do.php?i=MzU3OTM4,https://www.dosp.com.br/leituratexto?p=MTI3ODE0MQ==,Não identificada
2023-05-04,1589,7300 - Reorganização do Conselho Municipal de Acompanhamento e Controle Social - FUNDEB,Decretos,https://www.dosp.com.br/exibe_do.php?i=MzU3NTA1,https://www.dosp.com.br/leituratexto?p=MTI3NjAyOQ==,Não identificada
2023-05-04,1589,2843 - Criação da Comissão Permanente para Equipe de Apoio das Licitações,Leis,https://www.dosp.com.br/exibe_do.php?i=MzU3NTA1,https://www.dosp.com.br/leituratexto?p=MTI3NjAyMQ==,Não identificada
2023-05-04,1589,2845 - Nova redação e inclusão de dispositivo da Lei Municipal 315 de 1995 estatuto,Leis,https://www.dosp.com.br/exibe_do.php?i=MzU3NTA1,https://www.dosp.com.br/leituratexto?p=MTI3NjAyMA==,Não identificada
2023-05-04,1589,310 - Revoga Lei Complementar 249 de 2019 - gratificaçao por desempenho Lei Delegada,Leis,https://www.dosp.com.br/exibe_do.php?i=MzU3NTA1,https://www.dosp.com.br/leituratexto?p=MTI3NjAyMg==,Não identificada
2023-04-28,1586,"7301 - Crédito Adicional Especial - Saúde - 951.335,30",Decretos,https://www.dosp.com.br/exibe_do.php?i=MzU1ODI2,https://www.dosp.com.br/leituratexto?p=MTI3MjE2Mw==,Secretaria de Saúde
2023-04-28,1586,2843 - Criação da Comissão Permanente para Equipe de Apoio das Licitações,Leis,https://www.dosp.com.br/exibe_do.php?i=MzU1ODI2,https://www.dosp.com.br/leituratexto?p=MTI3MjM0MA==,Não identificada
2023-04-28,1586,"7302 - Crédito Adicional Especial - Agricultura - 30.897,66",Decretos,https://www.dosp.com.br/exibe_do.php?i=MzU1ODI2,https://www.dosp.com.br/leituratexto?p=MTI3MjE2NA==,Secretaria de Cultura
2023-04-28,1585,7294 - denomina vias publicas - loteamento Reserva Central Parque,Decretos,https://www.dosp.com.br/exibe_do.php?i=MzU1NTk3,https://www.dosp.com.br/leituratexto?p=MTI3MTA5OA==,Não identificada
2023-04-28,1585,"7299 - Crédito Adicional Especial - FUNDEB - 397,73",Decretos,https://www.dosp.com.br/exibe_do.php?i=MzU1NTk3,https://www.dosp.com.br/leituratexto?p=MTI3MTU4Ng==,Não identificada
2023-04-28,1585,7295 - denomina vias publicas - loteamento Brisas Avaré,Decretos,https://www.dosp.com.br/exibe_do.php?i=MzU1NTk3,https://www.dosp.com.br/leituratexto?p=MTI3MTA5OQ==,Não identificada
2023-04-28,1585,"2841 - Crédito Adicional Especial - FUNDEB - 397,73",Leis,https://www.dosp.com.br/exibe_do.php?i=MzU1NTk3,https://www.dosp.com.br/leituratexto?p=MTI3MTU4NA==,Não identificada
2023-04-28,1586,"2844 - Crédito Adicional Especial - Agricultura - 30.897,66",Leis,https://www.dosp.com.br/exibe_do.php?i=MzU1ODI2,https://www.dosp.com.br/leituratexto?p=MTI3MjE1OA==,Secretaria de Cultura
2023-04-28,1586,"2842 - Crédito Adicional Especial - saúde - 951.335,30",Leis,https://www.dosp.com.br/exibe_do.php?i=MzU1ODI2,https://www.dosp.com.br/leituratexto?p=MTI3MjE1Ng==,Secretaria de Saúde
2023-04-27,1584,13377 – (...),Portarias,https://www.dosp.com.br/exibe_do.php?i=MzU1MjA2,https://www.dosp.com.br/leituratexto?p=MTI2ODk3Nw==,Não identificada
2023-04-27,1584,2840 - Câmara - Divulgação da lista de espera para vagas nas escolas municipais,Leis,https://www.dosp.com.br/exibe_do.php?i=MzU1MjA2,https://www.dosp.com.br/leituratexto?p=MTI3MDA5OA==,Não identificada
2023-04-26,1583,7292 - Adicional de Qualificação ao Profissional do Magistério,Decretos,https://www.dosp.com.br/exibe_do.php?i=MzU0NzY0,,Não identificada
2023-04-25,1581,309 - Alteração da Lei Complementar 213 de 2016 - Plano Diretor ZM 3,Leis,https://www.dosp.com.br/exibe_do.php?i=MzU0Mjc5,https://www.dosp.com.br/leituratexto?p=MTI2ODAxMA==,Não identificada
2023-04-25,1581,308 - Alteração da Lei Complementar 213 de 2016 - Plano Diretor ZM 1 e  ZM2,Leis,https://www.dosp.com.br/exibe_do.php?i=MzU0Mjc5,https://www.dosp.com.br/leituratexto?p=MTI2ODAwOQ==,Não identificada
2023-04-25,1581,7290 - homologação de Agente de Saneamento e Vetores,Decretos,https://www.dosp.com.br/exibe_do.php?i=MzU0Mjc5,https://www.dosp.com.br/leituratexto?p=MTI2ODAwMw==,Não identificada
2023-04-14,1572,7281 - Declara de utilidade pública para fins de desapropriação - Joaquim Santana da Rosa e Maria Benedita,Decretos,https://www.dosp.com.br/exibe_do.php?i=MzUxMDcw,https://www.dosp.com.br/leituratexto?p=MTI1NzIyNg==,Não identificada
2023-04-13,1571,7279 - Declaração de utilidade pública para desapropriação - quinta do jacarandá agropecuária,Decretos,https://www.dosp.com.br/exibe_do.php?i=MzUwNjM3,https://www.dosp.com.br/leituratexto?p=MTI1NjYwOA==,Não identificada
2023-04-13,1571,7282 - Homologação do Concurso publico 001 2022 - cargo de Técnico de Manutenção em Eq de Informática,Decretos,https://www.dosp.com.br/exibe_do.php?i=MzUwNjM3,https://www.dosp.com.br/leituratexto?p=MTI1NzA1NA==,Não identificada
2023-04-13,1571,7280 - Declaração de utilidade publica para desapropriação - Lourival Carnietto - Chácara Rancho Alegre,Decretos,https://www.dosp.com.br/exibe_do.php?i=MzUwNjM3,https://www.dosp.com.br/leituratexto?p=MTI1NjYwOQ==,Não identificada
2023-04-13,1571,2839 -Inclui área no Perímetro Urbano do Municipio - Fazenda Primavera,Leis,https://www.dosp.com.br/exibe_do.php?i=MzUwNjM3,https://www.dosp.com.br/leituratexto?p=MTI1NjYxNA==,Não identificada
2023-04-11,1568,"7276 - Revoga Decreto 7201 de 2023 - Crédito Adicional 300.000,00",Decretos,https://www.dosp.com.br/exibe_do.php?i=MzQ5NTcy,https://www.dosp.com.br/leituratexto?p=MTI1MzY1Nw==,Não identificada
2023-04-11,1568,"7277 - Crédito Adicional Especial - 300.000,00",Decretos,https://www.dosp.com.br/exibe_do.php?i=MzQ5NTcy,https://www.dosp.com.br/leituratexto?p=MTI1MzY1OA==,Não identificada
2023-04-10,1567,7274 - institui o regulamento da Premiação da Corrida 1º de Maio - Dia do Trabalhador,Decretos,https://www.dosp.com.br/exibe_do.php?i=MzQ5MTkz,https://www.dosp.com.br/leituratexto?p=MTI1MjY3OQ==,Não identificada
2023-04-10,1567,7274 - Anexo Regulamento da Premiação da Corrida 1º de Maio dia do Trabalhador,Decretos,https://www.dosp.com.br/exibe_do.php?i=MzQ5MTkz,,Não identificada
2023-04-05,1563,"7271 -Crédito Adicional Especial - 78.070,90 - Educação",Decretos,https://www.dosp.com.br/exibe_do.php?i=MzQ4MTQx,https://www.dosp.com.br/leituratexto?p=MTI0ODIyMg==,Secretaria de Educação
2023-04-05,1563,7266 - Nomeia Comissão Organizadora da Corrida 1º de Maio - Dia do Trabalhador 2023,Decretos,https://www.dosp.com.br/exibe_do.php?i=MzQ4MTQx,https://www.dosp.com.br/leituratexto?p=MTI0OTI3Mw==,Não identificada
2023-04-05,1563,"7268 - Altera o §3º do Artigo 1º do Decreto 5868, alterado através do Decreto 6949",Decretos,https://www.dosp.com.br/exibe_do.php?i=MzQ4MTQx,https://www.dosp.com.br/leituratexto?p=MTI0OTI3NA==,Não identificada
2023-04-04,1562,Portarias de Março,Portarias,https://www.dosp.com.br/exibe_do.php?i=MzQ3NzUy,,Não identificada
2023-04-04,1562,2838 - Cria Gratificação por Desempenho de Atividade Delegada,Leis,https://www.dosp.com.br/exibe_do.php?i=MzQ3NzUy,https://www.dosp.com.br/leituratexto?p=MTI0ODIxNw==,Não identificada
2023-04-04,1562,2837 - Regulamenta Lei Federal 14285 - parcelamento do solo urbano,Leis,https://www.dosp.com.br/exibe_do.php?i=MzQ3NzUy,https://www.dosp.com.br/leituratexto?p=MTI0ODIxNg==,Não identificada
2023-04-04,1562,"2836 - Crédito Adicional Especial - educação - 78.070,90",Leis,https://www.dosp.com.br/exibe_do.php?i=MzQ3NzUy,https://www.dosp.com.br/leituratexto?p=MTI0ODIxNQ==,Secretaria de Educação
2023-04-03,1561,13338 – (...),Portarias,https://www.dosp.com.br/exibe_do.php?i=MzQ3MDM3,https://www.dosp.com.br/leituratexto?p=MTI0NTYxNg==,Não identificada
2023-03-31,1560,7264 - Reorganização dos membros do Conselho Tutelar - revoga 7183,Decretos,https://www.dosp.com.br/exibe_do.php?i=MzQ2MzQ0,https://www.dosp.com.br/leituratexto?p=MTI0MzgyMQ==,Não identificada
2023-03-31,1560,7263 - Reorganiza a Comissão Examinadora da 3ª fase do Concurso Publico 01 2022  - revoga 7160,Decretos,https://www.dosp.com.br/exibe_do.php?i=MzQ2MzQ0,https://www.dosp.com.br/leituratexto?p=MTI0MzgyMA==,Não identificada
2023-03-30,1559,"7260 -Crédito Adicional Especial - 350.392,26 - saúde",Decretos,https://www.dosp.com.br/exibe_do.php?i=MzQ1NzI1,https://www.dosp.com.br/leituratexto?p=MTI0MjQxMw==,Secretaria de Saúde
2023-03-30,1559,7252 - reorganiza conselho plano diretor revoga 6625,Decretos,https://www.dosp.com.br/exibe_do.php?i=MzQ1NzI1,https://www.dosp.com.br/leituratexto?p=MTI0MjQ0NQ==,Não identificada
2023-03-30,1559,7257 - reorganiza comissão viva leite,Decretos,https://www.dosp.com.br/exibe_do.php?i=MzQ1NzI1,https://www.dosp.com.br/leituratexto?p=MTI0MTY0OA==,Não identificada
2023-03-29,1558,"7256 - Correção Progressão Horizontal - Ana Julia, Kelly Diane, Marcela",Decretos,https://www.dosp.com.br/exibe_do.php?i=MzQ1MTEz,https://www.dosp.com.br/leituratexto?p=MTI0MDEzMQ==,Não identificada
2023-03-29,1558,2833 - Alteração do art. 2º da Lei 2532 - concessão empresa Cléia Dalva Pereira Balera-ME,Leis,https://www.dosp.com.br/exibe_do.php?i=MzQ1MTEz,https://www.dosp.com.br/leituratexto?p=MTIzOTU5Nw==,Não identificada
2023-03-29,1558,307 - Alteração do salário do emprego público de Servente de Limpeza PSF,Leis,https://www.dosp.com.br/exibe_do.php?i=MzQ1MTEz,https://www.dosp.com.br/leituratexto?p=MTIzOTYwMg==,Não identificada
2023-03-29,1558,306 - Criação de cargo de psicologo e assistente social,Leis,https://www.dosp.com.br/exibe_do.php?i=MzQ1MTEz,https://www.dosp.com.br/leituratexto?p=MTIzOTYwMQ==,Não identificada
2023-03-29,1558,2835 - Alteração do art 11 da LC 298 2022 - designação função gratificada,Leis,https://www.dosp.com.br/exibe_do.php?i=MzQ1MTEz,https://www.dosp.com.br/leituratexto?p=MTIzOTU5OQ==,Não identificada
2023-03-29,1558,"2834 -Crédito Adicional Especial - 350.392,26 - saúde",Leis,https://www.dosp.com.br/exibe_do.php?i=MzQ1MTEz,https://www.dosp.com.br/leituratexto?p=MTIzOTU5OA==,Secretaria de Saúde
2023-03-28,1557,2829 - Reconhece os rodeios como patrimonio cultural,Leis,https://www.dosp.com.br/exibe_do.php?i=MzQ0NjY4,https://www.dosp.com.br/leituratexto?p=MTIzNzU3OQ==,Secretaria de Cultura
2023-03-27,1555,7255 - Correção Progressão Horizontal - Gessika Luana Silva Campos - revoga 7254,Decretos,https://www.dosp.com.br/exibe_do.php?i=MzQzNzcz,https://www.dosp.com.br/leituratexto?p=MTIzNTA0MQ==,Não identificada
2023-03-24,1554,7254 - Correção Progressão Horizontal - Gessika Luana Silva Campos,Decretos,https://www.dosp.com.br/exibe_do.php?i=MzQzNDYz,https://www.dosp.com.br/leituratexto?p=MTIzNDQ0Ng==,Não identificada
2023-03-22,1552,Portarias de Janeiro,Portarias,https://www.dosp.com.br/exibe_do.php?i=MzQyNTY0,,Não identificada
2023-03-22,1552,Portaria de Fe (...),Portarias,https://www.dosp.com.br/exibe_do.php?i=MzQyNTY0,,Não identificada
2023-03-21,1551,7248 - Correção dos resultados finais da Progressão Horizontal Ed Básica - LC 216,Decretos,https://www.dosp.com.br/exibe_do.php?i=MzQyMDc5,https://www.dosp.com.br/leituratexto?p=MTIzMDI2Mw==,Não identificada
2023-03-21,1551,7249  - permissão de uso bombeiros - Onix placa GIK8A83,Decretos,https://www.dosp.com.br/exibe_do.php?i=MzQyMDc5,https://www.dosp.com.br/leituratexto?p=MTIzMDI2NA==,Não identificada
2023-03-21,1551,7250  - permissão de uso bombeiros - Onix placa GEQ5F86,Decretos,https://www.dosp.com.br/exibe_do.php?i=MzQyMDc5,https://www.dosp.com.br/leituratexto?p=MTIzMDI2NQ==,Não identificada
2023-03-21,1551,7243 -Regulamenta Lei 14.133 - revoga 7179,Decretos,https://www.dosp.com.br/exibe_do.php?i=MzQyMDc5,https://www.dosp.com.br/leituratexto?p=MTIzMDI2Mg==,Não identificada
2023-03-17,1549,"7244 - Crédito Adicional Especial -planejamento- 743.792,60",Decretos,https://www.dosp.com.br/exibe_do.php?i=MzQxMDQ3,https://www.dosp.com.br/leituratexto?p=MTIyNjkzMA==,Não identificada
2023-03-17,1549,"7245 - Crédito Adicional Especial -saúde, educação, transporte (Leilão) - 487.080,54",Decretos,https://www.dosp.com.br/exibe_do.php?i=MzQxMDQ3,https://www.dosp.com.br/leituratexto?p=MTIyNjkzMQ==,Secretaria de Saúde
2023-03-17,1549,"7246 - Crédito Adicional Especial -transporte - 225.264,41",Decretos,https://www.dosp.com.br/exibe_do.php?i=MzQxMDQ3,https://www.dosp.com.br/leituratexto?p=MTIyNjkzMg==,Secretaria de Transporte
2023-03-16,1548,7241 - Revoga Decreto 1012 de 2005 - permissão de uso de veículo pela PM,Decretos,https://www.dosp.com.br/exibe_do.php?i=MzQwNjg2,https://www.dosp.com.br/leituratexto?p=MTIyNjAzNg==,Não identificada
2023-03-16,1548,7242 -Denomina vias publicas - loteamento Altos da Primavera - Revoga 7139,Decretos,https://www.dosp.com.br/exibe_do.php?i=MzQwNjg2,https://www.dosp.com.br/leituratexto?p=MTIyNjA1MQ==,Não identificada
2023-03-16,1548,305 - alteração do inc I e II do art 8º da LC 260 - cria cmpd,Leis,https://www.dosp.com.br/exibe_do.php?i=MzQwNjg2,https://www.dosp.com.br/leituratexto?p=MTIyNjA5Ng==,Não identificada
2023-03-16,1548,"2832 - Crédito Adicional Especial - transportes - 225.264,41",Leis,https://www.dosp.com.br/exibe_do.php?i=MzQwNjg2,https://www.dosp.com.br/leituratexto?p=MTIyNjA4OQ==,Secretaria de Transporte
2023-03-16,1548,"2831 - Crédito Adicional Especial - saude - 487.080,54",Leis,https://www.dosp.com.br/exibe_do.php?i=MzQwNjg2,https://www.dosp.com.br/leituratexto?p=MTIyNjA4OA==,Não identificada
2023-03-16,1548,"2830 - Crédito Adicional Especial - planejamento - 743.792,60",Leis,https://www.dosp.com.br/exibe_do.php?i=MzQwNjg2,https://www.dosp.com.br/leituratexto?p=MTIyNjA4Nw==,Não identificada
2023-03-15,1546,Decreto Legislativo 362.2023,Decretos,https://www.dosp.com.br/exibe_do.php?i=MzM5OTU2,https://www.dosp.com.br/leituratexto?p=MTIyMzQ1Ng==,Não identificada
2023-03-15,1546,7237 -  reorganiza conselho municipal dos direitos da criança e do adolescente - cmdca - revoga 7033,Decretos,https://www.dosp.com.br/exibe_do.php?i=MzM5OTU2,https://www.dosp.com.br/leituratexto?p=MTIyMjE2Nw==,Não identificada
2023-03-14,1545,7161 - 2ª ERRATA - Denomina vias publicas - loteamento Central Parque I,Decretos,https://www.dosp.com.br/exibe_do.php?i=MzM5Njgy,https://www.dosp.com.br/leituratexto?p=MTIyMjA4Nw==,Não identificada
2023-03-13,1544,7235 - Homologação de Progressão Horizontal cargos publicos educação básica,Decretos,https://www.dosp.com.br/exibe_do.php?i=MzM5MTI0,,Secretaria de Educação
2023-03-10,1543,13320 – (...),Portarias,https://www.dosp.com.br/exibe_do.php?i=MzM4Njk2,https://www.dosp.com.br/leituratexto?p=MTIxOTQ5Ng==,Não identificada
2023-03-09,1542,7213 - Denomina Avenida Nova Avaré,Decretos,https://www.dosp.com.br/exibe_do.php?i=MzM4MDcz,https://www.dosp.com.br/leituratexto?p=MTIxNTg3MQ==,Não identificada
2023-03-09,1542,7216- Declaração de utilidade pública - desapropriação parcial - Leilah Almeida Ward Rodrigues,Decretos,https://www.dosp.com.br/exibe_do.php?i=MzM4MDcz,https://www.dosp.com.br/leituratexto?p=MTIxNzIwNQ==,Não identificada
2023-03-08,1541,7215 - Aprovação de Projeto de Desmembramento de área urbana-Fazenda Santa Rita,Decretos,https://www.dosp.com.br/exibe_do.php?i=MzM3NTgz,https://www.dosp.com.br/leituratexto?p=MTIxNTg3OA==,Não identificada
2023-03-08,1541,"7230 - Crédito Adicional Especial - semads - 15.734,08",Decretos,https://www.dosp.com.br/exibe_do.php?i=MzM3NTgz,,Não identificada
2023-03-08,1541,"7223 - Crédito Adicional Especial - semads - 65.919,27",Decretos,https://www.dosp.com.br/exibe_do.php?i=MzM3NTgz,,Não identificada
2023-03-08,1541,7210 - ATRIBUIÇOES - SECRETARIOS - revoga 4813,Decretos,https://www.dosp.com.br/exibe_do.php?i=MzM3NTgz,https://www.dosp.com.br/leituratexto?p=MTIxNTg3NQ==,Não identificada
2023-03-08,1541,"7227 - Crédito Adicional Especial - semads - 1.288,47",Decretos,https://www.dosp.com.br/exibe_do.php?i=MzM3NTgz,,Não identificada
2023-03-08,1541,"7220 - Crédito Adicional Especial - semads - 32.923,87",Decretos,https://www.dosp.com.br/exibe_do.php?i=MzM3NTgz,,Não identificada
2023-03-08,1541,"7231 - Crédito Adicional Especial - semads - 56.616,86",Decretos,https://www.dosp.com.br/exibe_do.php?i=MzM3NTgz,,Não identificada
2023-03-08,1541,"7224 - Crédito Adicional Especial - semads - 52.780,50",Decretos,https://www.dosp.com.br/exibe_do.php?i=MzM3NTgz,,Não identificada
2023-03-08,1541,7210 - ANEXO FLUXOGRAMA,Decretos,https://www.dosp.com.br/exibe_do.php?i=MzM3NTgz,,Não identificada
2023-03-08,1541,"7228 - Crédito Adicional Especial - semads - 3.251,81",Decretos,https://www.dosp.com.br/exibe_do.php?i=MzM3NTgz,,Não identificada
2023-03-08,1541,"7221 - Crédito Adicional Especial - semads -468.483,36",Decretos,https://www.dosp.com.br/exibe_do.php?i=MzM3NTgz,,Não identificada
2023-03-08,1541,"7222 - Crédito Adicional Especial - semads - 133.332,40",Decretos,https://www.dosp.com.br/exibe_do.php?i=MzM3NTgz,,Não identificada
2023-03-08,1541,"7225 - Crédito Adicional Especial - semads - 13.602,05",Decretos,https://www.dosp.com.br/exibe_do.php?i=MzM3NTgz,,Não identificada
2023-03-08,1541,"7218 - Crédito Adicional Especial - semads - 356.726,15",Decretos,https://www.dosp.com.br/exibe_do.php?i=MzM3NTgz,,Não identificada
2023-03-08,1541,"7229 - Crédito Adicional Especial - semads - 500,01",Decretos,https://www.dosp.com.br/exibe_do.php?i=MzM3NTgz,,Não identificada
2023-03-08,1541,"7233 - Crédito Adicional Especial -educação- 476.510,22",Decretos,https://www.dosp.com.br/exibe_do.php?i=MzM3NTgz,,Secretaria de Educação
2023-03-08,1541,"7219 - Crédito Adicional Especial - semads - 43.744,75",Decretos,https://www.dosp.com.br/exibe_do.php?i=MzM3NTgz,,Não identificada
2023-03-08,1540,"7217 - Crédito Adicional Especial - Saúde - 397.860,55",Decretos,https://www.dosp.com.br/exibe_do.php?i=MzM3NDU1,https://www.dosp.com.br/leituratexto?p=MTIxNTc0OQ==,Secretaria de Saúde
2023-03-08,1541,"7232 - Crédito Adicional Especial - transp- 596.841,77",Decretos,https://www.dosp.com.br/exibe_do.php?i=MzM3NTgz,,Não identificada
2023-03-08,1541,"7226 - Crédito Adicional Especial - semads - 6.980,51",Decretos,https://www.dosp.com.br/exibe_do.php?i=MzM3NTgz,,Não identificada
2023-03-07,1539,"2820 - Crédito Adicional Especial - semads - 6.980,51",Leis,https://www.dosp.com.br/exibe_do.php?i=MzM3MTc0,,Não identificada
2023-03-07,1539,2814 - Alteração do inciso I art 2º da Lei 674 2004 - Vila,Leis,https://www.dosp.com.br/exibe_do.php?i=MzM3MTc0,,Não identificada
2023-03-07,1539,"2827 - Crédito Adicional Especial - educ - 476.510,22",Leis,https://www.dosp.com.br/exibe_do.php?i=MzM3MTc0,,Não identificada
2023-03-07,1539,"2812 - Crédito Adicional Especial - semads - 32.923,87",Leis,https://www.dosp.com.br/exibe_do.php?i=MzM3MTc0,,Não identificada
2023-03-07,1539,2813 - Autoriza efetuar desafetação e doação - CERIPA,Leis,https://www.dosp.com.br/exibe_do.php?i=MzM3MTc0,,Não identificada
2023-03-07,1539,"2824 - Crédito Adicional Especial - semads - 15.734,08",Leis,https://www.dosp.com.br/exibe_do.php?i=MzM3MTc0,,Não identificada
2023-03-07,1539,"2817 - Crédito Adicional Especial - 65.919,27",Leis,https://www.dosp.com.br/exibe_do.php?i=MzM3MTc0,,Não identificada
2023-03-07,1539,"2810 - Crédito Adicional Especial - semads - 356.726,15",Leis,https://www.dosp.com.br/exibe_do.php?i=MzM3MTc0,,Não identificada
2023-03-07,1539,"2828 - Crédito Adicional Especial - saude - 397.860,55",Leis,https://www.dosp.com.br/exibe_do.php?i=MzM3MTc0,,Não identificada
2023-03-07,1539,"2821 - Crédito Adicional Especial - semads - 1.288,47",Leis,https://www.dosp.com.br/exibe_do.php?i=MzM3MTc0,,Não identificada
2023-03-07,1539,"2825 - Crédito Adicional Especial - semads - 56.616,86",Leis,https://www.dosp.com.br/exibe_do.php?i=MzM3MTc0,,Não identificada
2023-03-07,1539,"2823 - Crédito Adicional Especial - semads - 500,01",Leis,https://www.dosp.com.br/exibe_do.php?i=MzM3MTc0,,Não identificada
2023-03-07,1539,"2818 - Crédito Adicional Especial -52.780,50",Leis,https://www.dosp.com.br/exibe_do.php?i=MzM3MTc0,,Não identificada
2023-03-07,1539,"2811 - Crédito Adicional Especial - semads - 43.744,75",Leis,https://www.dosp.com.br/exibe_do.php?i=MzM3MTc0,,Não identificada
2023-03-07,1539,"2819 - Crédito Adicional Especial - semads - 13.602,05",Leis,https://www.dosp.com.br/exibe_do.php?i=MzM3MTc0,,Não identificada
2023-03-07,1539,"2826 - Crédito Adicional Especial - transp - 596.841,77",Leis,https://www.dosp.com.br/exibe_do.php?i=MzM3MTc0,,Não identificada
2023-03-07,1539,"2815 - Crédito Adicional Especial - 468.483,36",Leis,https://www.dosp.com.br/exibe_do.php?i=MzM3MTc0,,Não identificada
2023-03-07,1539,"2822 - Crédito Adicional Especial - semads - 3.251,81",Leis,https://www.dosp.com.br/exibe_do.php?i=MzM3MTc0,,Não identificada
2023-03-07,1539,"2816 - Crédito Adicional Especial - 133.332,40",Leis,https://www.dosp.com.br/exibe_do.php?i=MzM3MTc0,,Não identificada
2023-03-06,1538,9d04519cca8d1262f1f75dd329a41f4e,Decretos,https://www.dosp.com.br/exibe_do.php?i=MzM2NTkz,,Não identificada
2023-03-02,1536,"7208 - Crédito Adicional Especial - fumboar -3.032.164,78",Decretos,https://www.dosp.com.br/exibe_do.php?i=MzM0ODc3,https://www.dosp.com.br/leituratexto?p=MTIxMDE1Mw==,Não identificada
2023-03-02,1536,"7207 - Crédito Adicional Especial - planej -1.526,30",Decretos,https://www.dosp.com.br/exibe_do.php?i=MzM0ODc3,https://www.dosp.com.br/leituratexto?p=MTIxMDE1MQ==,Não identificada
2023-03-02,1536,"7209 - Crédito Adicional Especial -semads -3.272,41",Decretos,https://www.dosp.com.br/exibe_do.php?i=MzM0ODc3,https://www.dosp.com.br/leituratexto?p=MTIxMDE1NA==,Não identificada
2023-03-01,1534,"2807 - Crédito Adicional Especial - plan. - 1.526,30",Leis,https://www.dosp.com.br/exibe_do.php?i=MzM0NDIy,https://www.dosp.com.br/leituratexto?p=MTIwODQ4OA==,Não identificada
2023-03-01,1534,"2809 - Crédito Adicional Especial - semads - 3.272,41",Leis,https://www.dosp.com.br/exibe_do.php?i=MzM0NDIy,https://www.dosp.com.br/leituratexto?p=MTIwODQ5MA==,Não identificada
2023-03-01,1534,"2808 - Crédito Adicional Especial - fumboar - 3.032.164,78",Leis,https://www.dosp.com.br/exibe_do.php?i=MzM0NDIy,https://www.dosp.com.br/leituratexto?p=MTIwODQ4OQ==,Não identificada
2023-02-28,1533,13296 – (...),Portarias,https://www.dosp.com.br/exibe_do.php?i=MzM0MDU0,https://www.dosp.com.br/leituratexto?p=MTIwNTk5Ng==,Não identificada
2023-02-27,1532,"7201 - Crédito Adicional Especial - semads - 300.000,00",Decretos,https://www.dosp.com.br/exibe_do.php?i=MzMzNTc2,https://www.dosp.com.br/leituratexto?p=MTIwNTYwMA==,Não identificada
2023-02-27,1532,"7200 - Crédito Adicional Especial - planejamento - 20.835,35",Decretos,https://www.dosp.com.br/exibe_do.php?i=MzMzNTc2,https://www.dosp.com.br/leituratexto?p=MTIwNTU5OQ==,Não identificada
2023-02-27,1532,"7202 - Crédito Adicional Especial - semads -150.000,00",Decretos,https://www.dosp.com.br/exibe_do.php?i=MzMzNTc2,https://www.dosp.com.br/leituratexto?p=MTIwNTY3Mw==,Não identificada
2023-02-24,1529,"2804 - Crédito Adicional Especial - 20.835,35",Leis,https://www.dosp.com.br/exibe_do.php?i=MzMyODgw,https://www.dosp.com.br/leituratexto?p=MTIwMzUxMA==,Não identificada
2023-02-24,1529,304 - alteração da LC 245 de 2019 - cra FG Licitação,Leis,https://www.dosp.com.br/exibe_do.php?i=MzMyODgw,https://www.dosp.com.br/leituratexto?p=MTIwMzUxNA==,Não identificada
2023-02-24,1529,"2806 - Crédito Adicional Especial - 150.000,00",Leis,https://www.dosp.com.br/exibe_do.php?i=MzMyODgw,https://www.dosp.com.br/leituratexto?p=MTIwMzUxMg==,Não identificada
2023-02-24,1529,"2805 - Crédito Adicional Especial - 300.000,00",Leis,https://www.dosp.com.br/exibe_do.php?i=MzMyODgw,https://www.dosp.com.br/leituratexto?p=MTIwMzUxMQ==,Não identificada
2023-02-24,1529,7188 - nomeia ordenador de despesas fumboar - fabio lyrio dos santos e Fabiano Crivelli de Avila - revoga 7165,Decretos,https://www.dosp.com.br/exibe_do.php?i=MzMyODgw,https://www.dosp.com.br/leituratexto?p=MTIwMTcyMQ==,Não identificada
2023-02-23,1528,"7198 - Crédito Adicional Especial - saude - 2.033.613,26",Decretos,https://www.dosp.com.br/exibe_do.php?i=MzMyNTI2,https://www.dosp.com.br/leituratexto?p=MTIwMTk4OQ==,Não identificada
2023-02-23,1528,"303 - alteração da referencia dos cargos de guarda civil, lavaderia, servente e zelador de 02 para 03, e alteração de auxiliar de SAMU",Leis,https://www.dosp.com.br/exibe_do.php?i=MzMyNTI2,https://www.dosp.com.br/leituratexto?p=MTIwMTc2Ng==,Não identificada
2023-02-23,1528,302 - criação e extinção de cargos Monitor etc,Leis,https://www.dosp.com.br/exibe_do.php?i=MzMyNTI2,,Não identificada
2023-02-23,1528,"7197 - Crédito Adicional Especial - saude - 4.558.016,07",Decretos,https://www.dosp.com.br/exibe_do.php?i=MzMyNTI2,https://www.dosp.com.br/leituratexto?p=MTIwMTk4OA==,Não identificada
2023-02-22,1526,"2802 - Crédito Adicional Especial - 4.558.016,07 - saude",Leis,https://www.dosp.com.br/exibe_do.php?i=MzMxODA0,https://www.dosp.com.br/leituratexto?p=MTIwMDUwMg==,Não identificada
2023-02-22,1527,301e09f7e2de801c2b3719f6512cd155,Decretos,https://www.dosp.com.br/exibe_do.php?i=MzMyMTA4,,Não identificada
2023-02-22,1526,"2803 - Crédito Adicional Especial - 2.033.613,26 - saude",Leis,https://www.dosp.com.br/exibe_do.php?i=MzMxODA0,https://www.dosp.com.br/leituratexto?p=MTIwMDUwNA==,Não identificada
2023-02-17,1525,"7190 - Crédito Adicional Especial - semads - 3.999.686,99",Decretos,https://www.dosp.com.br/exibe_do.php?i=MzMwODI0,https://www.dosp.com.br/leituratexto?p=MTE5OTYxNQ==,Não identificada
2023-02-17,1525,13291 – (...),Portarias,https://www.dosp.com.br/exibe_do.php?i=MzMwODI0,https://www.dosp.com.br/leituratexto?p=MTE5OTg4Nw==,Não identificada
2023-02-17,1525,"7191 - Crédito Adicional Especial - semads - 12.753,68",Decretos,https://www.dosp.com.br/exibe_do.php?i=MzMwODI0,https://www.dosp.com.br/leituratexto?p=MTE5OTYxNg==,Não identificada
2023-02-17,1525,"7194 - Crédito Adicional Especial - educação - 1.818.231,33",Decretos,https://www.dosp.com.br/exibe_do.php?i=MzMwODI0,https://www.dosp.com.br/leituratexto?p=MTE5OTYxOQ==,Secretaria de Educação
2023-02-17,1524,7187 - Ponto facultativo carnaval 2023 - revoga 7171,Decretos,https://www.dosp.com.br/exibe_do.php?i=MzMwNjI0,https://www.dosp.com.br/leituratexto?p=MTE5OTEzOA==,Não identificada
2023-02-17,1525,"7189 - Crédito Adicional Especial - eduacação - 153.454,95",Decretos,https://www.dosp.com.br/exibe_do.php?i=MzMwODI0,https://www.dosp.com.br/leituratexto?p=MTE5OTYxNA==,Não identificada
2023-02-17,1525,"7193 - Crédito Adicional Especial - semads - 855,23",Decretos,https://www.dosp.com.br/exibe_do.php?i=MzMwODI0,https://www.dosp.com.br/leituratexto?p=MTE5OTYxOA==,Não identificada
2023-02-17,1525,"7186 - Crédito Adicional Especial - semads - 268.056,60",Decretos,https://www.dosp.com.br/exibe_do.php?i=MzMwODI0,https://www.dosp.com.br/leituratexto?p=MTE5OTYxMw==,Não identificada
2023-02-17,1525,"7192 - Crédito Adicional Especial - semads - 465,40",Decretos,https://www.dosp.com.br/exibe_do.php?i=MzMwODI0,https://www.dosp.com.br/leituratexto?p=MTE5OTYxNw==,Não identificada
2023-02-16,1523,"2797 - Crédito Adicional Especial - 3.999.689,99 - semads",Leis,https://www.dosp.com.br/exibe_do.php?i=MzMwMTU3,https://www.dosp.com.br/leituratexto?p=MTE5NzI1MQ==,Não identificada
2023-02-16,1523,2800 - Crédito Adicional Especial - 855.23 - semads,Leis,https://www.dosp.com.br/exibe_do.php?i=MzMwMTU3,https://www.dosp.com.br/leituratexto?p=MTE5NzI1NA==,Não identificada
2023-02-16,1523,"2801 - Crédito Adicional Especial - 1.818.231,33 - educação",Leis,https://www.dosp.com.br/exibe_do.php?i=MzMwMTU3,https://www.dosp.com.br/leituratexto?p=MTE5NzI1NQ==,Secretaria de Educação
2023-02-16,1523,7183 - Reorganiza Conselho Tutelar - revoga 6164,Decretos,https://www.dosp.com.br/exibe_do.php?i=MzMwMTU3,https://www.dosp.com.br/leituratexto?p=MTE5NzI1Nw==,Não identificada
2023-02-16,1523,7185 - Reorganiza Composição do Conselho Municipal da Assistencia Social - revoga 6853,Decretos,https://www.dosp.com.br/exibe_do.php?i=MzMwMTU3,https://www.dosp.com.br/leituratexto?p=MTE5NzI1OA==,Secretaria de Assistência Social
2023-02-16,1523,"2798 - Crédito Adicional Especial - 12.753,68 - semads",Leis,https://www.dosp.com.br/exibe_do.php?i=MzMwMTU3,https://www.dosp.com.br/leituratexto?p=MTE5NzI1Mg==,Não identificada
2023-02-16,1523,"2795 - Crédito Adicional Especial - 268.056,60 - SEMADS",Leis,https://www.dosp.com.br/exibe_do.php?i=MzMwMTU3,https://www.dosp.com.br/leituratexto?p=MTE5NzI0OQ==,Não identificada
2023-02-16,1523,"2799 - Crédito Adicional Especial - 465,40 - semads",Leis,https://www.dosp.com.br/exibe_do.php?i=MzMwMTU3,https://www.dosp.com.br/leituratexto?p=MTE5NzI1Mw==,Não identificada
2023-02-16,1523,"2796 - Crédito Adicional Especial - 153.454,95 - educação",Leis,https://www.dosp.com.br/exibe_do.php?i=MzMwMTU3,https://www.dosp.com.br/leituratexto?p=MTE5NzI1MA==,Secretaria de Educação
2023-02-13,1519,7175 -  revoga 4446-Comissão de análise de solicitações especiais da secretaria mun da saúde de avaré - CASE,Decretos,https://www.dosp.com.br/exibe_do.php?i=MzI4MTY0,https://www.dosp.com.br/leituratexto?p=MTE5MDc5Mg==,Secretaria de Saúde
2023-02-13,1519,7179 - Regulamenta a Lei 14133 que estabelece normas gerais de licitação,Decretos,https://www.dosp.com.br/exibe_do.php?i=MzI4MTY0,https://www.dosp.com.br/leituratexto?p=MTE5MDc5Mw==,Não identificada
2023-02-10,1517,7177 -  revoga 6748 - regulamenta a Lei 14133 plano de contratações anual,Decretos,https://www.dosp.com.br/exibe_do.php?i=MzI3Nzk3,https://www.dosp.com.br/leituratexto?p=MTE4OTgyOA==,Não identificada
2023-02-09,1516,300 - Alteração do anexo II da LC 96 2009 - cargo procurador,Leis,https://www.dosp.com.br/exibe_do.php?i=MzI3MzM2,,Não identificada
2023-02-09,1516,7176 -  revoga 7128 - regulamenta a Lei 14133 Licitações,Decretos,https://www.dosp.com.br/exibe_do.php?i=MzI3MzM2,https://www.dosp.com.br/leituratexto?p=MTE4OTM1MA==,Não identificada
2023-02-09,1516,7171 - Ponto facultativo carnaval 2023,Decretos,https://www.dosp.com.br/exibe_do.php?i=MzI3MzM2,https://www.dosp.com.br/leituratexto?p=MTE4OTM0OA==,Não identificada
2023-02-09,1516,301 - Alteração da LC 276,Leis,https://www.dosp.com.br/exibe_do.php?i=MzI3MzM2,https://www.dosp.com.br/leituratexto?p=MTE4OTM0NQ==,Não identificada
2023-02-09,1516,2794 - Revogação da Lei 33 de 2021 - Av Mario Covas,Leis,https://www.dosp.com.br/exibe_do.php?i=MzI3MzM2,https://www.dosp.com.br/leituratexto?p=MTE4OTM0Ng==,Não identificada
2023-02-07,1513,"7173 - Crédito Adicional Especial 3.000.000,00 - Planejamento",Decretos,https://www.dosp.com.br/exibe_do.php?i=MzI2MjA3,https://www.dosp.com.br/leituratexto?p=MTE4NjIxMg==,Não identificada
2023-02-07,1513,"2793 - Crédito Adicional Espsecial 2.447.702,81 - Meio Ambiente",Leis,https://www.dosp.com.br/exibe_do.php?i=MzI2MjA3,https://www.dosp.com.br/leituratexto?p=MTE4NjIwMw==,Secretaria de Meio Ambiente
2023-02-07,1513,"2792 - Crédito Adicional Espsecial 3.000.000,00 - Planejamento",Leis,https://www.dosp.com.br/exibe_do.php?i=MzI2MjA3,https://www.dosp.com.br/leituratexto?p=MTE4NjIwMg==,Não identificada
2023-02-07,1513,7157 - Reorganiza o  CONDEPHAC,Decretos,https://www.dosp.com.br/exibe_do.php?i=MzI2MjA3,https://www.dosp.com.br/leituratexto?p=MTE4NTk2NQ==,Não identificada
2023-02-07,1513,"7172 - Crédito Adicional Especial 2.447.702,81 - Meio Ambiente",Decretos,https://www.dosp.com.br/exibe_do.php?i=MzI2MjA3,https://www.dosp.com.br/leituratexto?p=MTE4NjIxMQ==,Secretaria de Meio Ambiente
2023-02-07,1513,7167 - Atualiza a relação municipal de itens de Dieta Enteral,Decretos,https://www.dosp.com.br/exibe_do.php?i=MzI2MjA3,,Não identificada
2023-02-07,1513,7161 - Denomina vias publicas - loteamento Central Parque I,Decretos,https://www.dosp.com.br/exibe_do.php?i=MzI2MjA3,https://www.dosp.com.br/leituratexto?p=MTE4NTk2Ng==,Não identificada
2023-02-06,1511,7170 - Institui protocolo de segurança para atos que atentem contra a liberdade sexual da mulher - Regulamenta a Lei Estadual 17621 de 2023,Decretos,https://www.dosp.com.br/exibe_do.php?i=MzI1ODIy,https://www.dosp.com.br/leituratexto?p=MTE4NTE0Mw==,Não identificada
2023-02-06,1510,7165 - nomeia ordenador de despesas fumboar - fabio lyrio dos santos,Decretos,https://www.dosp.com.br/exibe_do.php?i=MzI1NDUx,https://www.dosp.com.br/leituratexto?p=MTE4MjgwNw==,Não identificada
2023-02-02,1508,7164 - Retifica homologação de progressão horizontal educação básica,Decretos,https://www.dosp.com.br/exibe_do.php?i=MzI0NzA4,https://www.dosp.com.br/leituratexto?p=MTE4MTM4Ng==,Secretaria de Educação
2023-02-01,1507,7160 - Nomeia comssão organizadora da 3ª fase do Concurso Publico 01 2022 para provimentos cargos publicos,Decretos,https://www.dosp.com.br/exibe_do.php?i=MzI0Mjg3,https://www.dosp.com.br/leituratexto?p=MTE4MDMzMQ==,Não identificada
2023-01-31,1506,7162,Decretos,https://www.dosp.com.br/exibe_do.php?i=MzIzNjY0,,Não identificada
2023-01-27,1503,7152 - Homologação complementar do concurso publico 003 2019 - Oficial de Manutenção e Serviços,Decretos,https://www.dosp.com.br/exibe_do.php?i=MzIyMjM4,https://www.dosp.com.br/leituratexto?p=MTE3MzMwOA==,Não identificada
2023-01-27,1503,7155 - Homologação do concurso publico 003 2022,Decretos,https://www.dosp.com.br/exibe_do.php?i=MzIyMjM4,,Não identificada
2023-01-27,1503,7149 - Homologação do concurso publico 002 2022,Decretos,https://www.dosp.com.br/exibe_do.php?i=MzIyMjM4,,Não identificada
2023-01-27,1503,7154 - Altera a reorganização do conselho municipal da pessoa Idosa - CMI,Decretos,https://www.dosp.com.br/exibe_do.php?i=MzIyMjM4,https://www.dosp.com.br/leituratexto?p=MTE3MzMxMA==,Não identificada
2023-01-27,1503,7148 - Homologação do concurso publico 001 2022,Decretos,https://www.dosp.com.br/exibe_do.php?i=MzIyMjM4,,Não identificada
2023-01-27,1503,7153 - Eelvação de vagas em concurso publio 002 2018 - tecnico em enfermagem,Decretos,https://www.dosp.com.br/exibe_do.php?i=MzIyMjM4,https://www.dosp.com.br/leituratexto?p=MTE3MzMwOQ==,Não identificada
2023-01-27,1503,7156 - Nomeia comissão examinadora da 2ª fase dos concursos 01 e 03 20022,Decretos,https://www.dosp.com.br/exibe_do.php?i=MzIyMjM4,https://www.dosp.com.br/leituratexto?p=MTE3MzMxMg==,Não identificada
2023-01-26,1502,7147 - Resultado final e conclusivo da análise dos certificados para manutençaõ do Adicional ao Profissional do Magistério,Decretos,https://www.dosp.com.br/exibe_do.php?i=MzIxODU5,https://www.dosp.com.br/leituratexto?p=MTE3MTU5OQ==,Não identificada
2023-01-26,1502,13233 – (...),Portarias,https://www.dosp.com.br/exibe_do.php?i=MzIxODU5,https://www.dosp.com.br/leituratexto?p=MTE3MDUxNg==,Não identificada
2023-01-25,1501,"7143 - REABERTURA DE CRÉDITO DE 2022_EMENDA CAPITÃO AUGUSTO_R$ 100.000,00",Decretos,https://www.dosp.com.br/exibe_do.php?i=MzIxMjUy,https://www.dosp.com.br/leituratexto?p=MTE2OTcxOA==,Não identificada
2023-01-23,1499,7145 - Dispõe sobre o pagamento de parcela autonma de complementação  remuneração não inferior ao salário mínimo,Decretos,https://www.dosp.com.br/exibe_do.php?i=MzIwNDgz,https://www.dosp.com.br/leituratexto?p=MTE2Nzk2NQ==,Não identificada
2023-01-18,1495,7139 - ERRATA - denomina vias publicas - loteamento Altos da Primavera,Decretos,https://www.dosp.com.br/exibe_do.php?i=MzE5MTEy,https://www.dosp.com.br/leituratexto?p=MTE2Mzg4Nw==,Não identificada
2023-01-18,1494,7140 - Atualiza valor para apuraçaõ das dívidas tributárias e não tributárias para efeito de ajuizamento de ação judicial,Decretos,https://www.dosp.com.br/exibe_do.php?i=MzE5MDI1,https://www.dosp.com.br/leituratexto?p=MTE2MzQxNw==,Não identificada
2023-01-18,1494,7135 - denomina Rua Caminho dos Orgânicos,Decretos,https://www.dosp.com.br/exibe_do.php?i=MzE5MDI1,https://www.dosp.com.br/leituratexto?p=MTE2MzQxMw==,Não identificada
2023-01-18,1494,7139 - denomina vias publicas - loteamento Altos da Primavera,Decretos,https://www.dosp.com.br/exibe_do.php?i=MzE5MDI1,https://www.dosp.com.br/leituratexto?p=MTE2MzQxNg==,Não identificada
2023-01-18,1494,7134 - denomina Rua Eduardo Filgueiras,Decretos,https://www.dosp.com.br/exibe_do.php?i=MzE5MDI1,https://www.dosp.com.br/leituratexto?p=MTE2MzQxMg==,Não identificada
2023-01-18,1494,7137 - Reorganiza Conselho FUNDEB,Decretos,https://www.dosp.com.br/exibe_do.php?i=MzE5MDI1,https://www.dosp.com.br/leituratexto?p=MTE2MzQxNQ==,Não identificada
2023-01-18,1494,7133 -  nomeia comissão organizadora  do campeonato semel 2023,Decretos,https://www.dosp.com.br/exibe_do.php?i=MzE5MDI1,https://www.dosp.com.br/leituratexto?p=MTE2MzQxMQ==,Não identificada
2023-01-18,1494,"7136 - criação do centro pedagógico educação especial, revoga 6180",Decretos,https://www.dosp.com.br/exibe_do.php?i=MzE5MDI1,,Secretaria de Educação
2023-01-11,1488,299 -Novo valor Vale Alimentação,Leis,https://www.dosp.com.br/exibe_do.php?i=MzE2NDg4,https://www.dosp.com.br/leituratexto?p=MTE1NzEwMw==,Não identificada
2023-01-11,1488,planilha porta (...),Portarias,https://www.dosp.com.br/exibe_do.php?i=MzE2NDg4,,Não identificada
2023-01-11,1489,2791 - Estabelece o índice para revisão e reajuste da remuneraçao dos servidores da Câmara,Leis,https://www.dosp.com.br/exibe_do.php?i=MzE2NTE1,https://www.dosp.com.br/leituratexto?p=MTE1NzIzMg==,Não identificada
2023-01-10,1487,7129  - reorganiza comissão apoio delegações esportivas - revoga 6790,Decretos,https://www.dosp.com.br/exibe_do.php?i=MzE2MDU0,https://www.dosp.com.br/leituratexto?p=MTE1NTQyMQ==,Não identificada
2023-01-10,1487,7130 - Elevação de vagas PEI,Decretos,https://www.dosp.com.br/exibe_do.php?i=MzE2MDU0,https://www.dosp.com.br/leituratexto?p=MTE1NTQxOQ==,Não identificada
2023-01-10,1487,7131 - Reorganiza JARI - Junta Administrativa de Recursos de Infrações - revoga 6629,Decretos,https://www.dosp.com.br/exibe_do.php?i=MzE2MDU0,https://www.dosp.com.br/leituratexto?p=MTE1NTQyMA==,Não identificada
2023-01-04,1483,"7128 - Regulamenta a Lei nº 14.133, de 1º de abril de 2021, que dispõe sobre licitações e contratos administrativos",Decretos,https://www.dosp.com.br/exibe_do.php?i=MzE0NjY2,https://www.dosp.com.br/leituratexto?p=MTE1MTc4OQ==,Não identificada
2023-01-03,1482,13140 – (...),Portarias,https://www.dosp.com.br/exibe_do.php?i=MzE0MjY3,https://www.dosp.com.br/leituratexto?p=MTE0MzQwMQ==,Não identificada
2023-01-03,1482,7126 - nomeia Carla Flores - secretaria da mulher,Decretos,https://www.dosp.com.br/exibe_do.php?i=MzE0MjY3,https://www.dosp.com.br/leituratexto?p=MTE1MDE2Mg==,Não identificada
2022-12-29,1477,7123 - Regulamenta Lei 1.011 de 2007 - contribuição para custos do serviço de iluminação pública - CIP,Decretos,https://www.dosp.com.br/exibe_do.php?i=MzEzMjU4,https://www.dosp.com.br/leituratexto?p=MTE0NzI3Mw==,Não identificada
2022-12-29,1479,7124- Ponto Facultativo Ano 2022 (1),Decretos,https://www.dosp.com.br/exibe_do.php?i=MzEzNDA0,https://www.dosp.com.br/leituratexto?p=MTE0Nzk5Ng==,Não identificada
2022-12-28,1475,"7118 - Crédito Adicional Suplementar - Avareprev - 30.000,00",Decretos,https://www.dosp.com.br/exibe_do.php?i=MzEyODA0,https://www.dosp.com.br/leituratexto?p=MTE0NTg4Mw==,Não identificada
2022-12-23,1473,298 - Reorganiza o Sistema de Controle Interno da Admção,Leis,https://www.dosp.com.br/exibe_do.php?i=MzExOTY4,https://www.dosp.com.br/leituratexto?p=MTE0MzMxOA==,Não identificada
2022-12-22,1471,7120 - Dispõe sobre os critérios destinados a auxiliar o custeio da gratuidade das pessoas idosas no transp público coletivo urbano,Decretos,https://www.dosp.com.br/exibe_do.php?i=MzExNTYw,https://www.dosp.com.br/leituratexto?p=MTE0MjE2Nw==,Não identificada
2022-12-22,1471,planilha porta (...),Portarias,https://www.dosp.com.br/exibe_do.php?i=MzExNTYw,,Não identificada
2022-12-21,1470,"7111 -Crédito Adicional Suplementar - 713.408,96",Decretos,https://www.dosp.com.br/exibe_do.php?i=MzExMDU4,https://www.dosp.com.br/leituratexto?p=MTEzOTk5Nw==,Não identificada
2022-12-21,1470,"7114 -Crédito Adicional Suplementar - 170.000,00",Decretos,https://www.dosp.com.br/exibe_do.php?i=MzExMDU4,https://www.dosp.com.br/leituratexto?p=MTE0MDAwMA==,Não identificada
2022-12-21,1470,"7117 -Crédito Adicional Suplementar  - 9.000,00",Decretos,https://www.dosp.com.br/exibe_do.php?i=MzExMDU4,https://www.dosp.com.br/leituratexto?p=MTE0MDAwMw==,Não identificada
2022-12-21,1470,"7113 -Crédito Adicional Especial - 1.826.360,70",Decretos,https://www.dosp.com.br/exibe_do.php?i=MzExMDU4,https://www.dosp.com.br/leituratexto?p=MTEzOTk5OQ==,Não identificada
2022-12-21,1470,"7116 -Crédito Adicional Especial - 1.048,39",Decretos,https://www.dosp.com.br/exibe_do.php?i=MzExMDU4,https://www.dosp.com.br/leituratexto?p=MTE0MDAwMg==,Não identificada
2022-12-21,1470,"7112 -Crédito Adicional Especial - 19.761,60",Decretos,https://www.dosp.com.br/exibe_do.php?i=MzExMDU4,https://www.dosp.com.br/leituratexto?p=MTEzOTk5OA==,Não identificada
2022-12-21,1470,"7110 -Crédito Adicional Suplementar - 268.723,84",Decretos,https://www.dosp.com.br/exibe_do.php?i=MzExMDU4,https://www.dosp.com.br/leituratexto?p=MTEzOTk5Ng==,Não identificada
2022-12-21,1470,"7115 -Crédito Adicional Suplementar - 35.000,00",Decretos,https://www.dosp.com.br/exibe_do.php?i=MzExMDU4,https://www.dosp.com.br/leituratexto?p=MTE0MDAwMQ==,Não identificada
2022-12-21,1469,2778 - Institui e estabelece diretrizes para Politica Municipal de Erradicação da Fome e de Promoção da Função Social dos Alimentos - PMEFSA,Leis,https://www.dosp.com.br/exibe_do.php?i=MzEwOTkx,https://www.dosp.com.br/leituratexto?p=MTEzOTc4Mw==,Não identificada
2022-12-20,1468,"2780 - Crédito Adicional Suplementar -saude - 713.408,96",Leis,https://www.dosp.com.br/exibe_do.php?i=MzEwNzAw,https://www.dosp.com.br/leituratexto?p=MTEzOTEyMw==,Não identificada
2022-12-20,1468,"2787 - Crédito Adicional Suplementar - esporte - 9.000,00",Leis,https://www.dosp.com.br/exibe_do.php?i=MzEwNzAw,https://www.dosp.com.br/leituratexto?p=MTEzOTEzNA==,Secretaria de Esporte
2022-12-20,1468,"2783 - Crédito Adicional Suplementar - 170.000,00",Leis,https://www.dosp.com.br/exibe_do.php?i=MzEwNzAw,https://www.dosp.com.br/leituratexto?p=MTEzOTEzMA==,Não identificada
2022-12-20,1468,"2779 - Crédito Adicional Suplementar - Planejamento - 268.723,84",Leis,https://www.dosp.com.br/exibe_do.php?i=MzEwNzAw,https://www.dosp.com.br/leituratexto?p=MTEzOTEyMg==,Não identificada
2022-12-20,1468,2786 - Autoriza o pagamento de premiações aos vencedores do campeonato SEMEL 2022,Leis,https://www.dosp.com.br/exibe_do.php?i=MzEwNzAw,https://www.dosp.com.br/leituratexto?p=MTEzOTEzMw==,Não identificada
2022-12-20,1468,"2782 - Crédito Adicional Especial -1.826.360,70",Leis,https://www.dosp.com.br/exibe_do.php?i=MzEwNzAw,https://www.dosp.com.br/leituratexto?p=MTEzOTEyOQ==,Não identificada
2022-12-20,1468,"2785 - Crédito Adicional Especial -planejamento - 1.048,39",Leis,https://www.dosp.com.br/exibe_do.php?i=MzEwNzAw,https://www.dosp.com.br/leituratexto?p=MTEzOTEzMg==,Não identificada
2022-12-20,1468,"2781 - Crédito Adicional Especial-saude - 19.761,60",Leis,https://www.dosp.com.br/exibe_do.php?i=MzEwNzAw,https://www.dosp.com.br/leituratexto?p=MTEzOTEyOA==,Não identificada
2022-12-20,1468,"2784 - Crédito Adicional Suplementar -transporte- 35.000,00",Leis,https://www.dosp.com.br/exibe_do.php?i=MzEwNzAw,https://www.dosp.com.br/leituratexto?p=MTEzOTEzMQ==,Secretaria de Transporte
2022-12-19,1467,2777 - Dispõe sobre o Programa Legislativo Jovem Profissional,Leis,https://www.dosp.com.br/exibe_do.php?i=MzEwMTU4,https://www.dosp.com.br/leituratexto?p=MTEzNjg3Mw==,Não identificada
2022-12-19,1467,7108 - Ponto Facultativo Natal 2022,Decretos,https://www.dosp.com.br/exibe_do.php?i=MzEwMTU4,https://www.dosp.com.br/leituratexto?p=MTEzNjk0MQ==,Não identificada
2022-12-19,1467,7109 - nomeia ordenador de despesas fumboar - José Antonio de Oliveira,Decretos,https://www.dosp.com.br/exibe_do.php?i=MzEwMTU4,https://www.dosp.com.br/leituratexto?p=MTEzNjg3MQ==,Não identificada
2022-12-13,1462,7100 - conselho da Pessoa idosa - revoga 7011,Decretos,https://www.dosp.com.br/exibe_do.php?i=MzA4NDQx,https://www.dosp.com.br/leituratexto?p=MTEzMTAyMw==,Não identificada
2022-12-13,1462,7102-  nomeia comissão organizadora  do Campeonato SEMEL 2022,Decretos,https://www.dosp.com.br/exibe_do.php?i=MzA4NDQx,https://www.dosp.com.br/leituratexto?p=MTEzMTAzOQ==,Não identificada
2022-12-13,1462,7103 - Regulamento Campeonato SEMEL 2022,Decretos,https://www.dosp.com.br/exibe_do.php?i=MzA4NDQx,,Não identificada
2022-12-09,1460,13108 – (...),Portarias,https://www.dosp.com.br/exibe_do.php?i=MzA3NDg1,https://www.dosp.com.br/leituratexto?p=MTEyODIyMw==,Não identificada
2022-12-08,1459,6945-  ERRATA - autoriza plano de loteamento reserva central parque,Decretos,https://www.dosp.com.br/exibe_do.php?i=MzA3MjQ4,https://www.dosp.com.br/leituratexto?p=MTEyNzE5Mw==,Não identificada
2022-12-06,1456,7093  - elevação de vagas assistente social - 0022018,Decretos,https://www.dosp.com.br/exibe_do.php?i=MzA2MzY2,https://www.dosp.com.br/leituratexto?p=MTEyNDU3NA==,Não identificada
2022-12-06,1456,7098 - Horário de funcionamento das repartições públicas durante os jogos do Brasil na Copa 2022 dia 09,Decretos,https://www.dosp.com.br/exibe_do.php?i=MzA2MzY2,https://www.dosp.com.br/leituratexto?p=MTEyNDc0OQ==,Não identificada
2022-12-06,1456,"7047 -FREA - Crédito Suplementar - 1.000,00",Decretos,https://www.dosp.com.br/exibe_do.php?i=MzA2MzY2,https://www.dosp.com.br/leituratexto?p=MTEyNDU2OQ==,Não identificada
2022-12-06,1456,7094  - elevação de vagas auxiliar administrativo 0012019,Decretos,https://www.dosp.com.br/exibe_do.php?i=MzA2MzY2,https://www.dosp.com.br/leituratexto?p=MTEyNDU3NQ==,Não identificada
2022-12-06,1456,7090 - Homologação da Resolução 005 2022 - educação,Decretos,https://www.dosp.com.br/exibe_do.php?i=MzA2MzY2,,Secretaria de Educação
2022-12-06,1456,"7078 - FREA - Crédito Suplementar - 210.000,00",Decretos,https://www.dosp.com.br/exibe_do.php?i=MzA2MzY2,https://www.dosp.com.br/leituratexto?p=MTEyNDU3MA==,Não identificada
2022-12-06,1456,7095  - elevação de vagas cargo de Monitor - 001 2018,Decretos,https://www.dosp.com.br/exibe_do.php?i=MzA2MzY2,https://www.dosp.com.br/leituratexto?p=MTEyNDU3Nw==,Não identificada
2022-12-06,1456,7092  - elevação de vagas agente administrativo - 002 2018,Decretos,https://www.dosp.com.br/exibe_do.php?i=MzA2MzY2,https://www.dosp.com.br/leituratexto?p=MTEyNDU3Mw==,Não identificada
2022-12-06,1456,7096  - elevação de vagas cargo de Psicólogo - 002 2018,Decretos,https://www.dosp.com.br/exibe_do.php?i=MzA2MzY2,https://www.dosp.com.br/leituratexto?p=MTEyNDU3OQ==,Não identificada
2022-12-06,1456,7097- Declaração  de utilidade publica para fins de futura despropriação  - Fazenda Sant Rita - Green avare,Decretos,https://www.dosp.com.br/exibe_do.php?i=MzA2MzY2,https://www.dosp.com.br/leituratexto?p=MTEyNDE3Mg==,Não identificada
2022-12-06,1456,Decreto Legislativo 361.2022,Decretos,https://www.dosp.com.br/exibe_do.php?i=MzA2MzY2,https://www.dosp.com.br/leituratexto?p=MTEyNDIyNg==,Não identificada
2022-12-05,1454,7089 - Horário de funcionamento das repartições públicas durante os jogos do Brasil na Copa 2022 dia 05,Decretos,https://www.dosp.com.br/exibe_do.php?i=MzA1Nzk1,https://www.dosp.com.br/leituratexto?p=MTEyMjg0OQ==,Não identificada
2022-12-02,1453,"297 - Criação, alteração da estrutura admva e nomenclatura das Secretarias Municipais",Leis,https://www.dosp.com.br/exibe_do.php?i=MzA1NTU3,https://www.dosp.com.br/leituratexto?p=MTEyMjAxMg==,Não identificada
2022-12-02,1453,2773 - Inclui área no perímetro urbano Fazenda Paraíso,Leis,https://www.dosp.com.br/exibe_do.php?i=MzA1NTU3,https://www.dosp.com.br/leituratexto?p=MTEyMjAwNg==,Não identificada
2022-12-02,1453,2774 - Autoriza doação de bem imóvel ABOVA,Leis,https://www.dosp.com.br/exibe_do.php?i=MzA1NTU3,https://www.dosp.com.br/leituratexto?p=MTEyMjAwNw==,Não identificada
2022-12-02,1453,2772 - Estima a receita e fixa despesa do municipio exercício 2023,Leis,https://www.dosp.com.br/exibe_do.php?i=MzA1NTU3,,Não identificada
2022-12-01,1452,2771 - Câmara - Institui meia entrada para profesores em eventos culturais,Leis,https://www.dosp.com.br/exibe_do.php?i=MzA1MDc4,https://www.dosp.com.br/leituratexto?p=MTEyMDM1Mw==,Secretaria de Cultura
2022-12-01,1452,13103 - Enquadramento de dezembro,Decretos,https://www.dosp.com.br/exibe_do.php?i=MzA1MDc4,https://www.dosp.com.br/leituratexto?p=MTEyMTA4NQ==,Não identificada
2022-12-01,1452,7083 - abertura de Crédito Adicional Suplementar avareprev,Decretos,https://www.dosp.com.br/exibe_do.php?i=MzA1MDc4,https://www.dosp.com.br/leituratexto?p=MTEyMDU1OQ==,Não identificada
2022-11-29,1449,"7079 - Crédito Adicional Especial - saúde - 4.525,60",Decretos,https://www.dosp.com.br/exibe_do.php?i=MzA0MTI3,https://www.dosp.com.br/leituratexto?p=MTExNzg0MQ==,Secretaria de Saúde
2022-11-29,1449,"7082 - Crédito Adicional Suplementar - saúde - 600.000,00",Decretos,https://www.dosp.com.br/exibe_do.php?i=MzA0MTI3,https://www.dosp.com.br/leituratexto?p=MTExNzg0NQ==,Secretaria de Saúde
2022-11-29,1449,"2776 -Crédito Adicional Suplementar - saúde - 600.000,00",Leis,https://www.dosp.com.br/exibe_do.php?i=MzA0MTI3,https://www.dosp.com.br/leituratexto?p=MTExNzgzNw==,Secretaria de Saúde
2022-11-29,1449,"2775 -Crédito Adicional Especial - educação - 140.051,41",Leis,https://www.dosp.com.br/exibe_do.php?i=MzA0MTI3,https://www.dosp.com.br/leituratexto?p=MTExNzgzNg==,Secretaria de Educação
2022-11-29,1449,"7080 - Crédito Adicional Especial - semads - 1.287,55",Decretos,https://www.dosp.com.br/exibe_do.php?i=MzA0MTI3,https://www.dosp.com.br/leituratexto?p=MTExNzg0Mg==,Não identificada
2022-11-29,1449,"7081 - Crédito Adicional Especial - educação - 140.051,41",Decretos,https://www.dosp.com.br/exibe_do.php?i=MzA0MTI3,https://www.dosp.com.br/leituratexto?p=MTExNzg0Mw==,Secretaria de Educação
2022-11-29,1449,7076 - Taxa de Embarque,Decretos,https://www.dosp.com.br/exibe_do.php?i=MzA0MTI3,https://www.dosp.com.br/leituratexto?p=MTExNzExNQ==,Não identificada
2022-11-25,1447,7077 - Horário de funcionamento das repartições públicas durante os jogos do Brasil na Copa 2022 - revoga 7074,Decretos,https://www.dosp.com.br/exibe_do.php?i=MzAzMzQ2,https://www.dosp.com.br/leituratexto?p=MTExNTczOQ==,Não identificada
2022-11-24,1446,2765 - Regularização da pesca do tucunaré amarelo e azul na represa jurumirim,Leis,https://www.dosp.com.br/exibe_do.php?i=MzAyOTMw,https://www.dosp.com.br/leituratexto?p=MTExNDQxMA==,Não identificada
2022-11-24,1446,2768 - Autoriza o poder executivo conceder o direito real de uso a Fundação Lanhoso,Leis,https://www.dosp.com.br/exibe_do.php?i=MzAyOTMw,https://www.dosp.com.br/leituratexto?p=MTExNDQxMw==,Não identificada
2022-11-24,1446,2767 - Autoriza o poder executivo firmar parceria com a Assciação do Cavalo de Rédeas - ANCR,Leis,https://www.dosp.com.br/exibe_do.php?i=MzAyOTMw,https://www.dosp.com.br/leituratexto?p=MTExNDQxMg==,Não identificada
2022-11-24,1446,"2770 - Crédito Adicional Especial - Saúde - 4.525,60",Leis,https://www.dosp.com.br/exibe_do.php?i=MzAyOTMw,https://www.dosp.com.br/leituratexto?p=MTExNDQxNQ==,Secretaria de Saúde
2022-11-24,1446,2766 -Institui a politica municipal de combate ao assédio moral,Leis,https://www.dosp.com.br/exibe_do.php?i=MzAyOTMw,https://www.dosp.com.br/leituratexto?p=MTExNDQxMQ==,Não identificada
2022-11-24,1446,"2769 - Crédito Adicional Especial - Semads - 1.287,55",Leis,https://www.dosp.com.br/exibe_do.php?i=MzAyOTMw,https://www.dosp.com.br/leituratexto?p=MTExNDQxNA==,Não identificada
2022-11-23,1443,"7073 - Crédito Adicional Suplementar - Orçamentos Municipaidade - 2.531.820,00",Decretos,https://www.dosp.com.br/exibe_do.php?i=MzAyNDEx,https://www.dosp.com.br/leituratexto?p=MTExMjE0NQ==,Não identificada
2022-11-23,1443,7074 - Horário de funcionamento das repartições públicas durante os jogos do Brasil na Copa 2022,Decretos,https://www.dosp.com.br/exibe_do.php?i=MzAyNDEx,https://www.dosp.com.br/leituratexto?p=MTExMjMwNg==,Não identificada
2022-11-23,1443,"2764 -Crédito Adicional Suplementar - Orçamentos Municipalidade - R$ 2.531.820,00",Leis,https://www.dosp.com.br/exibe_do.php?i=MzAyNDEx,https://www.dosp.com.br/leituratexto?p=MTExMjE0NA==,Não identificada
2022-11-22,1442,Decreto Legislativo 360.2022,Decretos,https://www.dosp.com.br/exibe_do.php?i=MzAyMDEz,https://www.dosp.com.br/leituratexto?p=MTExMDcwNg==,Não identificada
2022-11-22,1442,Decreto Legislativo 358.2022,Decretos,https://www.dosp.com.br/exibe_do.php?i=MzAyMDEz,https://www.dosp.com.br/leituratexto?p=MTExMDcwOA==,Não identificada
2022-11-22,1442,Decreto Legislativo 359.2022,Decretos,https://www.dosp.com.br/exibe_do.php?i=MzAyMDEz,https://www.dosp.com.br/leituratexto?p=MTExMDcwNw==,Não identificada
2022-11-18,1440,7071 - Regulamenta o exercício de atividade de ambulantes e de guarda de veículos na emapa 02 a 11 de dezembro,Decretos,https://www.dosp.com.br/exibe_do.php?i=MzAxMTEz,https://www.dosp.com.br/leituratexto?p=MTEwNzcwMw==,Não identificada
2022-11-18,1440,"7070 - Correção da UFMA - 4,28",Decretos,https://www.dosp.com.br/exibe_do.php?i=MzAxMTEz,https://www.dosp.com.br/leituratexto?p=MTEwODE5Nw==,Não identificada
2022-11-16,1438,7068 - hospede oficial - Sergio Minniti Igreja e Eliane Canto Igreja,Decretos,https://www.dosp.com.br/exibe_do.php?i=MzAwMTk5,https://www.dosp.com.br/leituratexto?p=MTEwNDQ0Mg==,Não identificada
2022-11-11,1437,2763 -Institui o Programa Rua do Lazer,Leis,https://www.dosp.com.br/exibe_do.php?i=Mjk5Njk1,https://www.dosp.com.br/leituratexto?p=MTEwMzA4Mw==,Não identificada
2022-11-11,1437,7058  - Declara Ponto Facultativo 14 de novembro - Proclamação da República,Decretos,https://www.dosp.com.br/exibe_do.php?i=Mjk5Njk1,https://www.dosp.com.br/leituratexto?p=MTEwMzU1MQ==,Não identificada
2022-11-11,1437,7065 - Dispõe sobre concessão de férias regulamentares para o ano letivo 2023 da Rede Mun de Ensino,Decretos,https://www.dosp.com.br/exibe_do.php?i=Mjk5Njk1,,Não identificada
2022-11-11,1437,7063 -  Altera os membros da Comissão Organizadora da XII Conferência Municipal dos Direitos da Criança e do Adolescente - revoga Decreto 6930,Decretos,https://www.dosp.com.br/exibe_do.php?i=Mjk5Njk1,https://www.dosp.com.br/leituratexto?p=MTEwMzA4MA==,Não identificada
2022-11-10,1436,7066 -  revoga 5657,Decretos,https://www.dosp.com.br/exibe_do.php?i=Mjk5Mjc4,https://www.dosp.com.br/leituratexto?p=MTEwMjI5Nw==,Não identificada
2022-11-10,1436,7062 - Fixa preço para Locação de Espaço na EMAPA,Decretos,https://www.dosp.com.br/exibe_do.php?i=Mjk5Mjc4,https://www.dosp.com.br/leituratexto?p=MTEwMTgxNA==,Não identificada
2022-11-09,1435,2762 - Autoriza alienação de bem objeto da matricula 48549 chacara pratania para programa habitacional,Leis,https://www.dosp.com.br/exibe_do.php?i=Mjk4OTIw,https://www.dosp.com.br/leituratexto?p=MTEwMTAyNg==,Não identificada
2022-11-09,1435,"2759 - Crédito adicional especial - saúde - 12.888,00",Leis,https://www.dosp.com.br/exibe_do.php?i=Mjk4OTIw,https://www.dosp.com.br/leituratexto?p=MTEwMTAyMw==,Secretaria de Saúde
2022-11-09,1435,296 - Alteração do §2º do art 9º da LC 216 de 2016 - Zona Rural,Leis,https://www.dosp.com.br/exibe_do.php?i=Mjk4OTIw,https://www.dosp.com.br/leituratexto?p=MTEwMTAyMQ==,Não identificada
2022-11-09,1435,2761 - Autoriza firmar convênio com o DER SP,Leis,https://www.dosp.com.br/exibe_do.php?i=Mjk4OTIw,https://www.dosp.com.br/leituratexto?p=MTEwMTAyNQ==,Não identificada
2022-11-09,1435,"2760 - Crédito adicional suplementar - educação - 2.374.000,00",Leis,https://www.dosp.com.br/exibe_do.php?i=Mjk4OTIw,https://www.dosp.com.br/leituratexto?p=MTEwMTAyNA==,Secretaria de Educação
2022-11-09,1435,"7060 - Crédito Adicional Especial - Saúde - 12.888,00",Decretos,https://www.dosp.com.br/exibe_do.php?i=Mjk4OTIw,https://www.dosp.com.br/leituratexto?p=MTEwMTExNA==,Secretaria de Saúde
2022-11-09,1435,7056,Decretos,https://www.dosp.com.br/exibe_do.php?i=Mjk4OTIw,,Não identificada
2022-11-09,1435,"7061 - Crédito Adicional Especial - Educação - 2.374.000,00",Decretos,https://www.dosp.com.br/exibe_do.php?i=Mjk4OTIw,https://www.dosp.com.br/leituratexto?p=MTEwMTExNQ==,Secretaria de Educação
2022-11-09,1435,7057,Decretos,https://www.dosp.com.br/exibe_do.php?i=Mjk4OTIw,,Não identificada
2022-11-09,1435,7053,Decretos,https://www.dosp.com.br/exibe_do.php?i=Mjk4OTIw,,Não identificada
2022-11-09,1435,Decreto Legislativo 357.2022,Decretos,https://www.dosp.com.br/exibe_do.php?i=Mjk4OTIw,https://www.dosp.com.br/leituratexto?p=MTEwMDYyNw==,Não identificada
2022-11-09,1435,7059,Decretos,https://www.dosp.com.br/exibe_do.php?i=Mjk4OTIw,,Não identificada
2022-11-09,1435,7054,Decretos,https://www.dosp.com.br/exibe_do.php?i=Mjk4OTIw,,Não identificada
2022-11-09,1435,7055,Decretos,https://www.dosp.com.br/exibe_do.php?i=Mjk4OTIw,,Não identificada
2022-11-03,1430,"7042 - FREA crédito suplementar - 70.000,00",Decretos,https://www.dosp.com.br/exibe_do.php?i=Mjk3Mjg2,https://www.dosp.com.br/leituratexto?p=MTA5NTM0NQ==,Não identificada
2022-11-01,1428,7050,Decretos,https://www.dosp.com.br/exibe_do.php?i=Mjk2OTk4,,Não identificada
2022-11-01,1428,7049,Decretos,https://www.dosp.com.br/exibe_do.php?i=Mjk2OTk4,,Não identificada
2022-10-31,1427,7044-  reorganiza equipe vigilância sanitaria - revoga 6820,Decretos,https://www.dosp.com.br/exibe_do.php?i=Mjk2NjUw,https://www.dosp.com.br/leituratexto?p=MTA5MzQ1MQ==,Não identificada
2022-10-31,1427,7040 -  Adicional de Qualificação ao Profissional do Magistério  novembro 22,Decretos,https://www.dosp.com.br/exibe_do.php?i=Mjk2NjUw,https://www.dosp.com.br/leituratexto?p=MTA5MzQ1Mg==,Não identificada
2022-10-27,1425,13077 – (...),Portarias,https://www.dosp.com.br/exibe_do.php?i=Mjk2MjE5,https://www.dosp.com.br/leituratexto?p=MTA5MDczNA==,Não identificada
2022-10-27,1425,2758 - Câmara - dispõe sobre o recolhimento de cachorras no cio,Leis,https://www.dosp.com.br/exibe_do.php?i=Mjk2MjE5,https://www.dosp.com.br/leituratexto?p=MTA5MjQxNA==,Não identificada
2022-10-27,1425,2757 - Câmara - cria o programa de doaçoes de sobra de materiais de construções,Leis,https://www.dosp.com.br/exibe_do.php?i=Mjk2MjE5,https://www.dosp.com.br/leituratexto?p=MTA5MjQxMw==,Não identificada
2022-10-27,1425,2756 - Câmara - Institui o uso do cordão de girassol para identificação de pessoas com deficiencia e ou transtornos ocultos,Leis,https://www.dosp.com.br/exibe_do.php?i=Mjk2MjE5,,Não identificada
2022-10-27,1426,7043 - horario de funcionamento cemitério - Dia de Finados,Decretos,https://www.dosp.com.br/exibe_do.php?i=Mjk2MjQw,https://www.dosp.com.br/leituratexto?p=MTA5MjUxOQ==,Não identificada
2022-10-27,1425,13083 – (...),Portarias,https://www.dosp.com.br/exibe_do.php?i=Mjk2MjE5,https://www.dosp.com.br/leituratexto?p=MTA5MDczMw==,Não identificada
2022-10-26,1424,7039 - Comissão 52 Emapa,Decretos,https://www.dosp.com.br/exibe_do.php?i=Mjk1Nzc1,https://www.dosp.com.br/leituratexto?p=MTA5MDc1OQ==,Não identificada
2022-10-25,1422,2754 - inclui no calendário de comemoraçoes oficiais a Semana Municipal da Longevidade,Decretos,https://www.dosp.com.br/exibe_do.php?i=Mjk1MzU4,https://www.dosp.com.br/leituratexto?p=MTA4OTA0OQ==,Não identificada
2022-10-25,1422,7037,Decretos,https://www.dosp.com.br/exibe_do.php?i=Mjk1MzU4,,Não identificada
2022-10-25,1422,7036 - Ponto Facultativo - 28 de outubro - Dia do Servidor Público,Decretos,https://www.dosp.com.br/exibe_do.php?i=Mjk1MzU4,https://www.dosp.com.br/leituratexto?p=MTA4OTAzMg==,Não identificada
2022-10-25,1422,7033 -  reorganiza conselho municipal dos direitos da criança e do adolescente - cmdca - revoga 6917,Decretos,https://www.dosp.com.br/exibe_do.php?i=Mjk1MzU4,https://www.dosp.com.br/leituratexto?p=MTA4OTA2MQ==,Não identificada
2022-10-25,1422,2753 - Dispõe sobre a autorização de serviço de terapias e dos procedimentos de sáude por meio de ozonioterapia,Decretos,https://www.dosp.com.br/exibe_do.php?i=Mjk1MzU4,https://www.dosp.com.br/leituratexto?p=MTA4OTA0OA==,Não identificada
2022-10-25,1422,2752 - Dispõe sobre implantação do programa internet wi-fi livre nas praças e parques,Decretos,https://www.dosp.com.br/exibe_do.php?i=Mjk1MzU4,https://www.dosp.com.br/leituratexto?p=MTA4OTA0Nw==,Não identificada
2022-10-25,1422,7038,Decretos,https://www.dosp.com.br/exibe_do.php?i=Mjk1MzU4,,Não identificada
2022-10-25,1422,2755 - autoriza criação de espaço para pratica do wheeling,Decretos,https://www.dosp.com.br/exibe_do.php?i=Mjk1MzU4,https://www.dosp.com.br/leituratexto?p=MTA4OTA1MA==,Não identificada
2022-10-20,1419,2750 - Autoriza a doação de terra aos munícipes de baixa renda,Leis,https://www.dosp.com.br/exibe_do.php?i=Mjk0MTMx,https://www.dosp.com.br/leituratexto?p=MTA4NTYwMw==,Não identificada
2022-10-20,1419,2751 - Autoriza a desafetar e efetuar a concessão de direito real de uso  da área de José Eduardo Alves,Leis,https://www.dosp.com.br/exibe_do.php?i=Mjk0MTMx,https://www.dosp.com.br/leituratexto?p=MTA4NTYwOA==,Não identificada
2022-10-18,1417,"7031 - Crédito Adicional Especial - SEMADS - 50.000,00",Decretos,https://www.dosp.com.br/exibe_do.php?i=MjkzNDU4,https://www.dosp.com.br/leituratexto?p=MTA4MzQyOQ==,Não identificada
2022-10-18,1417,"2749 - Crédito Adicional Especial - SEMADS - 50.000,00",Leis,https://www.dosp.com.br/exibe_do.php?i=MjkzNDU4,https://www.dosp.com.br/leituratexto?p=MTA4MzQyNw==,Não identificada
2022-10-18,1417,2748 - Autorização para inserção da Semana da Pesca no dia do Trabalhador e Semana Santa,Leis,https://www.dosp.com.br/exibe_do.php?i=MjkzNDU4,https://www.dosp.com.br/leituratexto?p=MTA4MzQyNg==,Não identificada
2022-10-14,1415,2745 - Revoga Lei 677 2000 - doa C. Ferreira da Silva Filho ME,Leis,https://www.dosp.com.br/exibe_do.php?i=MjkyNzA0,https://www.dosp.com.br/leituratexto?p=MTA4MDQ1MQ==,Não identificada
2022-10-13,1412,"2747 - Crédito Adicional Especial - Planejamento - 18.711,56",Leis,https://www.dosp.com.br/exibe_do.php?i=MjkyMjg4,https://www.dosp.com.br/leituratexto?p=MTA3OTI1MA==,Não identificada
2022-10-13,1412,"2746 - Crédito Adicional Especial - Planejamento - 2.669,12",Leis,https://www.dosp.com.br/exibe_do.php?i=MjkyMjg4,https://www.dosp.com.br/leituratexto?p=MTA3OTI0OQ==,Não identificada
2022-10-13,1414,"7023 - Crédito Suplementar FREA - 100.000,00",Decretos,https://www.dosp.com.br/exibe_do.php?i=MjkyNDEz,,Não identificada
2022-10-13,1413,7026,Decretos,https://www.dosp.com.br/exibe_do.php?i=MjkyMzM4,,Não identificada
2022-10-13,1413,7022 - Regiane Arruda Daffara -  fundo idoso,Decretos,https://www.dosp.com.br/exibe_do.php?i=MjkyMzM4,https://www.dosp.com.br/leituratexto?p=MTA3OTU1OA==,Não identificada
2022-10-13,1412,"7025 - Crédito Adicional Especial - planejamento - 18.711,56",Decretos,https://www.dosp.com.br/exibe_do.php?i=MjkyMjg4,https://www.dosp.com.br/leituratexto?p=MTA3OTI2Mg==,Não identificada
2022-10-13,1412,"7024 - Crédito Adicional Especial - planejamento - 2.669,12",Decretos,https://www.dosp.com.br/exibe_do.php?i=MjkyMjg4,https://www.dosp.com.br/leituratexto?p=MTA3OTI2MQ==,Não identificada
2022-10-05,1407,7019,Decretos,https://www.dosp.com.br/exibe_do.php?i=MjkwNDE5,,Não identificada
2022-10-05,1407,7018,Decretos,https://www.dosp.com.br/exibe_do.php?i=MjkwNDE5,,Não identificada
2022-10-05,1407,7012 - ERRATA - reorganiza Comissão Permanente de Readaptação Funcional set 22,Decretos,https://www.dosp.com.br/exibe_do.php?i=MjkwNDE5,https://www.dosp.com.br/leituratexto?p=MTA3MzY1NQ==,Não identificada
2022-10-05,1407,2737 - revoga da Lei 2065 de 2016,Leis,https://www.dosp.com.br/exibe_do.php?i=MjkwNDE5,https://www.dosp.com.br/leituratexto?p=MTA3MzEyNA==,Não identificada
2022-10-03,1406,7012 - reorganiza Comissão Permanente de Readaptação Funcional set 22,Decretos,https://www.dosp.com.br/exibe_do.php?i=Mjg5Njcy,https://www.dosp.com.br/leituratexto?p=MTA3MTA3Nw==,Não identificada
2022-09-30,1404,7002 - 84º jogos abertos baby barioni,Decretos,https://www.dosp.com.br/exibe_do.php?i=Mjg5MjA4,https://www.dosp.com.br/leituratexto?p=MTA2OTM2OQ==,Não identificada
2022-09-29,1403,7011 - conselho da Pessoa idosa - revoga 5367,Decretos,https://www.dosp.com.br/exibe_do.php?i=Mjg4OTY3,https://www.dosp.com.br/leituratexto?p=MTA2ODg2OA==,Não identificada
2022-09-28,1402,"7008 -crédito adicional suplementar - adm - 23.521.000,00",Decretos,https://www.dosp.com.br/exibe_do.php?i=Mjg4NjAw,https://www.dosp.com.br/leituratexto?p=MTA2NzQ1NQ==,Não identificada
2022-09-28,1402,"7010 -crédito adicional especial - semads - 80.000,00",Decretos,https://www.dosp.com.br/exibe_do.php?i=Mjg4NjAw,https://www.dosp.com.br/leituratexto?p=MTA2NzQ1Nw==,Não identificada
2022-09-28,1402,"7009 -crédito adicional suplementar - fundeb - 9.941.784,13",Decretos,https://www.dosp.com.br/exibe_do.php?i=Mjg4NjAw,https://www.dosp.com.br/leituratexto?p=MTA2NzQ1Ng==,Não identificada
2022-09-28,1400,7007,Decretos,https://www.dosp.com.br/exibe_do.php?i=Mjg4NTE5,,Não identificada
2022-09-28,1400,7006,Decretos,https://www.dosp.com.br/exibe_do.php?i=Mjg4NTE5,,Não identificada
2022-09-28,1401,2742 - Autoriza a desembolsar valores para custeio da delegação do 84º Jogos Aberto do Interior Horacio Baby Barioni,Leis,https://www.dosp.com.br/exibe_do.php?i=Mjg4NTM2,https://www.dosp.com.br/leituratexto?p=MTA2NzExMA==,Não identificada
2022-09-28,1401,"2739 -  Crédito Adicional Suplementar - Sec Adm - 23.521.000,00",Leis,https://www.dosp.com.br/exibe_do.php?i=Mjg4NTM2,https://www.dosp.com.br/leituratexto?p=MTA2NzEwNw==,Não identificada
2022-09-28,1400,13059 – (...),Portarias,https://www.dosp.com.br/exibe_do.php?i=Mjg4NTE5,https://www.dosp.com.br/leituratexto?p=MTA2NTgzOQ==,Não identificada
2022-09-28,1401,2743 - Desafeta imóvel matricula 85393 - Parque Santa Elizabeth IV,Leis,https://www.dosp.com.br/exibe_do.php?i=Mjg4NTM2,https://www.dosp.com.br/leituratexto?p=MTA2NzExMQ==,Não identificada
2022-09-28,1401,"2740 -Crédito Adicional Suplementar - FUNDEB - 9.941.784,13",Leis,https://www.dosp.com.br/exibe_do.php?i=Mjg4NTM2,https://www.dosp.com.br/leituratexto?p=MTA2NzEwOA==,Não identificada
2022-09-28,1401,2744 - Altera Lei 2641 2022 - Zeis com 4 pavimentos,Leis,https://www.dosp.com.br/exibe_do.php?i=Mjg4NTM2,https://www.dosp.com.br/leituratexto?p=MTA2NzExMg==,Não identificada
2022-09-28,1401,"2741 -Crédito Adicional Especial - SEMADS - 80.000,00",Leis,https://www.dosp.com.br/exibe_do.php?i=Mjg4NTM2,https://www.dosp.com.br/leituratexto?p=MTA2NzEwOQ==,Não identificada
2022-09-23,1396,7001,Decretos,https://www.dosp.com.br/exibe_do.php?i=Mjg3Mzc2,,Não identificada
2022-09-23,1396,7003,Decretos,https://www.dosp.com.br/exibe_do.php?i=Mjg3Mzc2,,Não identificada
2022-09-23,1396,7004,Decretos,https://www.dosp.com.br/exibe_do.php?i=Mjg3Mzc2,,Não identificada
2022-09-22,1394,7000 - nomeia Gilberto Saito - secretario adjunto,Decretos,https://www.dosp.com.br/exibe_do.php?i=Mjg2OTM4,https://www.dosp.com.br/leituratexto?p=MTA2MTY2OQ==,Não identificada
2022-09-21,1393,2735 - Autoriza conceder subsídio tarifário à concessionária de serviço de transporte coletivo urbano de passageiros,Leis,https://www.dosp.com.br/exibe_do.php?i=Mjg2NjA5,https://www.dosp.com.br/leituratexto?p=MTA2MDQ1Ng==,Secretaria de Transporte
2022-09-21,1393,2738 - inclui área no perímetro urbano do municipio - Sítio Santa Barbara,Leis,https://www.dosp.com.br/exibe_do.php?i=Mjg2NjA5,https://www.dosp.com.br/leituratexto?p=MTA2MDQ1OA==,Não identificada
2022-09-21,1393,2736 - Altera art. 5º da Lei 2480 de 2021,Leis,https://www.dosp.com.br/exibe_do.php?i=Mjg2NjA5,https://www.dosp.com.br/leituratexto?p=MTA2MDQ1Nw==,Não identificada
2022-09-19,1389,295 - Autoriza consignar a extinção da AMVAVE,Leis,https://www.dosp.com.br/exibe_do.php?i=Mjg1NzA5,https://www.dosp.com.br/leituratexto?p=MTA1Njk5MA==,Não identificada
2022-09-14,1388,2734 - Autoriza doação de área à CERIPA,Leis,https://www.dosp.com.br/exibe_do.php?i=Mjg0NzQ1,https://www.dosp.com.br/leituratexto?p=MTA1NDA2MA==,Não identificada
2022-09-14,1388,6997 -altera denominação de Avenida Geovane Begnozi para Avenida Antonio Figueiredo - Distrito ind Primavera,Decretos,https://www.dosp.com.br/exibe_do.php?i=Mjg0NzQ1,https://www.dosp.com.br/leituratexto?p=MTA1NDA0Mw==,Não identificada
2022-09-14,1388,6995 - revoga decreto 6760 - fundo social - Regina celia,Decretos,https://www.dosp.com.br/exibe_do.php?i=Mjg0NzQ1,https://www.dosp.com.br/leituratexto?p=MTA1NDAwMA==,Não identificada
2022-09-14,1388,294 - Acréscimo do art 5º na LC 293,Leis,https://www.dosp.com.br/exibe_do.php?i=Mjg0NzQ1,https://www.dosp.com.br/leituratexto?p=MTA1NDA1Ng==,Não identificada
2022-09-14,1388,6996 - Nomeia Presidente do Fundo Social - Bruna Silvestre,Decretos,https://www.dosp.com.br/exibe_do.php?i=Mjg0NzQ1,https://www.dosp.com.br/leituratexto?p=MTA1NDAwMQ==,Não identificada
2022-09-13,1387,2732 - Altera art. 2º da Lei 2152 de 2017 - corrida de rua - 30 dias,Leis,https://www.dosp.com.br/exibe_do.php?i=Mjg0MjE0,https://www.dosp.com.br/leituratexto?p=MTA1MTExMQ==,Não identificada
2022-09-13,1387,"2733 - Crédito Adicional Especial - AVAREPREV - 50.000,00",Leis,https://www.dosp.com.br/exibe_do.php?i=Mjg0MjE0,https://www.dosp.com.br/leituratexto?p=MTA1MTkxMg==,Não identificada
2022-09-13,1387,"6993 - Crédito Adicional Especial - Avareprev -50.000,00",Decretos,https://www.dosp.com.br/exibe_do.php?i=Mjg0MjE0,https://www.dosp.com.br/leituratexto?p=MTA1MTkxMw==,Não identificada
2022-09-12,1386,"6992 - Crédito Adicional Especial - semads - 33.422,32",Decretos,https://www.dosp.com.br/exibe_do.php?i=MjgzODEw,https://www.dosp.com.br/leituratexto?p=MTA1MDQ5OQ==,Não identificada
2022-09-12,1386,"6991 - Crédito Adicional Especial - semads - 29.921,60",Decretos,https://www.dosp.com.br/exibe_do.php?i=MjgzODEw,https://www.dosp.com.br/leituratexto?p=MTA1MDQ5OA==,Não identificada
2022-09-12,1386,"6990 - Crédito Adicional Suplementar - saúde - 1.122.952,00",Decretos,https://www.dosp.com.br/exibe_do.php?i=MjgzODEw,https://www.dosp.com.br/leituratexto?p=MTA1MDQ5Nw==,Secretaria de Saúde
2022-09-12,1386,"6989 - Crédito Adicional Especial - planejamento - 100.000,00",Decretos,https://www.dosp.com.br/exibe_do.php?i=MjgzODEw,https://www.dosp.com.br/leituratexto?p=MTA1MDQ2Nw==,Não identificada
2022-09-09,1385,6987 - ponto facultativo - dia 16 setembro - 15 de setembro aniversário de avare,Decretos,https://www.dosp.com.br/exibe_do.php?i=MjgzNDUx,https://www.dosp.com.br/leituratexto?p=MTA0OTQxMQ==,Não identificada
2022-09-06,1382,"2731 - Crédito Adicional Especial - planejamento - 100.000,00",Leis,https://www.dosp.com.br/exibe_do.php?i=MjgyNzgz,https://www.dosp.com.br/leituratexto?p=MTA0NzcwNg==,Não identificada
2022-09-06,1382,"2730 - Crédito Adicional Especial - SEMADS - 33.422,32",Leis,https://www.dosp.com.br/exibe_do.php?i=MjgyNzgz,https://www.dosp.com.br/leituratexto?p=MTA0NzcwNQ==,Não identificada
2022-09-06,1381,2727 - Regularização de construções,Leis,https://www.dosp.com.br/exibe_do.php?i=MjgyNzMx,https://www.dosp.com.br/leituratexto?p=MTA0NzUxMA==,Não identificada
2022-09-06,1382,"2728 - Crédito Adicional Suplementar - Saúde - 1.122.952,00",Leis,https://www.dosp.com.br/exibe_do.php?i=MjgyNzgz,https://www.dosp.com.br/leituratexto?p=MTA0NzcwMw==,Secretaria de Saúde
2022-09-06,1382,"2729 - Crédito Adicional Especial - SEMADS - 29.921,60",Leis,https://www.dosp.com.br/exibe_do.php?i=MjgyNzgz,https://www.dosp.com.br/leituratexto?p=MTA0NzcwNA==,Não identificada
2022-09-01,1378,6977 -  Autoriza Plano de loteamento  Jardim Esmeralda,Decretos,https://www.dosp.com.br/exibe_do.php?i=MjgxNTQ2,,Não identificada
2022-09-01,1377,2724 - Autoriza adiantamento para realização da FAMPOP,Leis,https://www.dosp.com.br/exibe_do.php?i=MjgxMzAy,https://www.dosp.com.br/leituratexto?p=MTA0MjgyNw==,Não identificada
2022-09-01,1377,2723 - Construção de fossas sépticas biodigestoras em loteamentos do municipio,Leis,https://www.dosp.com.br/exibe_do.php?i=MjgxMzAy,https://www.dosp.com.br/leituratexto?p=MTA0Mjg5OQ==,Não identificada
2022-09-01,1377,2722 - Autoriza concessão de bem imóvel - SOUPLELISS COSMÉTICOS LTDA,Leis,https://www.dosp.com.br/exibe_do.php?i=MjgxMzAy,https://www.dosp.com.br/leituratexto?p=MTA0Mjg5OA==,Não identificada
2022-09-01,1377,2721 - Institui vale-transporte - AVAREPREV,Leis,https://www.dosp.com.br/exibe_do.php?i=MjgxMzAy,https://www.dosp.com.br/leituratexto?p=MTA0Mjg4MA==,Secretaria de Transporte
2022-09-01,1377,2725 - Altera Lei 2698 2022 - Abono de Natal Câmara,Leis,https://www.dosp.com.br/exibe_do.php?i=MjgxMzAy,https://www.dosp.com.br/leituratexto?p=MTA0MjkwMA==,Não identificada
2022-08-31,1376,"2726 - Crédito Adicional Suplementar - Planejamento - R$ 1.200.000,00",Leis,https://www.dosp.com.br/exibe_do.php?i=MjgxMjAx,https://www.dosp.com.br/leituratexto?p=MTA0MjYyOA==,Não identificada
2022-08-31,1376,"6976 -  Crédito Adicional suplementar - planejamento - 1.200.000,00",Decretos,https://www.dosp.com.br/exibe_do.php?i=MjgxMjAx,https://www.dosp.com.br/leituratexto?p=MTA0MjYyOQ==,Não identificada
2022-08-30,1375,293 - Alteração do anexo III  da LC 126 2010 - Cria cargos em comissão - Secretario Adjunto,Leis,https://www.dosp.com.br/exibe_do.php?i=MjgwODIy,https://www.dosp.com.br/leituratexto?p=MTA0MTA2Ng==,Não identificada
2022-08-30,1375,13042 – (...),Portarias,https://www.dosp.com.br/exibe_do.php?i=MjgwODIy,https://www.dosp.com.br/leituratexto?p=MTA0MDI2MA==,Não identificada
2022-08-24,1371,13040 – (...),Portarias,https://www.dosp.com.br/exibe_do.php?i=Mjc5NDMy,https://www.dosp.com.br/leituratexto?p=MTAzNjM2MA==,Não identificada
2022-08-24,1371,2720 - Institui vale-alimentação - AVAREPREV,Leis,https://www.dosp.com.br/exibe_do.php?i=Mjc5NDMy,https://www.dosp.com.br/leituratexto?p=MTAzNjk0OA==,Não identificada
2022-08-22,1369,6969 - hospede oficial - renato jose garcia de almeida,Decretos,https://www.dosp.com.br/exibe_do.php?i=Mjc4Njcw,https://www.dosp.com.br/leituratexto?p=MTAzNDI3MQ==,Não identificada
2022-08-19,1368,6967 - Retificaçao homologaçao Progressão Educação Básica,Decretos,https://www.dosp.com.br/exibe_do.php?i=Mjc4NDQw,,Secretaria de Educação
2022-08-17,1366,"2717 - Crédito Adicional Especial - SEMADS - 100.000,00",Leis,https://www.dosp.com.br/exibe_do.php?i=Mjc3NjEw,https://www.dosp.com.br/leituratexto?p=MTAzMDY3OQ==,Não identificada
2022-08-17,1366,"2718 - Crédito Adicional sUPLEMENTAR - SAÚDE - 834.000,00",Leis,https://www.dosp.com.br/exibe_do.php?i=Mjc3NjEw,https://www.dosp.com.br/leituratexto?p=MTAzMDY4MA==,Secretaria de Saúde
2022-08-17,1366,"2719 - Crédito Adicional Especial - Planejamento - 610.578,37",Leis,https://www.dosp.com.br/exibe_do.php?i=Mjc3NjEw,https://www.dosp.com.br/leituratexto?p=MTAzMDY4MQ==,Não identificada
2022-08-17,1366,"6962 - Crédito Adicional Especial - SEMADS - 100.000,00",Decretos,https://www.dosp.com.br/exibe_do.php?i=Mjc3NjEw,https://www.dosp.com.br/leituratexto?p=MTAzMDY4NA==,Não identificada
2022-08-17,1366,6961- reorganiza conselho deliberativo do fundo social - revoga 6408,Decretos,https://www.dosp.com.br/exibe_do.php?i=Mjc3NjEw,https://www.dosp.com.br/leituratexto?p=MTAzMDU1Mw==,Não identificada
2022-08-17,1366,"6964 -  Crédito Adicional espcial- saúde - 610.578,37",Decretos,https://www.dosp.com.br/exibe_do.php?i=Mjc3NjEw,https://www.dosp.com.br/leituratexto?p=MTAzMDY4Ng==,Secretaria de Saúde
2022-08-17,1366,"6963 -  Crédito Adicional suplementar - saúde - 834.000,00",Decretos,https://www.dosp.com.br/exibe_do.php?i=Mjc3NjEw,https://www.dosp.com.br/leituratexto?p=MTAzMDY4NQ==,Secretaria de Saúde
2022-08-16,1365,"2716 - Alteração do art 4º da Lei 1647 2013 - importancia de 150.000,00 - esporte",Leis,https://www.dosp.com.br/exibe_do.php?i=Mjc3MzQ0,https://www.dosp.com.br/leituratexto?p=MTAyOTkwOQ==,Secretaria de Esporte
2022-08-16,1365,2712 - Autorização para alienar por venda terrenos de prop do municipio - Residencial Village,Leis,https://www.dosp.com.br/exibe_do.php?i=Mjc3MzQ0,https://www.dosp.com.br/leituratexto?p=MTAyOTU1MA==,Não identificada
2022-08-16,1365,2715 - regulamentação do controle de acesso nos loteamentos,Leis,https://www.dosp.com.br/exibe_do.php?i=Mjc3MzQ0,https://www.dosp.com.br/leituratexto?p=MTAyOTU1Mw==,Não identificada
2022-08-16,1365,2711 - Altera art 5º da Lei 379 2002 - Caderneta de Visista à Obra,Leis,https://www.dosp.com.br/exibe_do.php?i=Mjc3MzQ0,https://www.dosp.com.br/leituratexto?p=MTAyOTU0OQ==,Não identificada
2022-08-16,1365,2714 - altera artigos da Lei 2290 2019 - regulamenta praticas esportivas recreativas e culturais equestres,Leis,https://www.dosp.com.br/exibe_do.php?i=Mjc3MzQ0,https://www.dosp.com.br/leituratexto?p=MTAyOTU1Mg==,Secretaria de Cultura
2022-08-16,1365,2710 - Cria Pipódromo,Leis,https://www.dosp.com.br/exibe_do.php?i=Mjc3MzQ0,https://www.dosp.com.br/leituratexto?p=MTAyOTU0OA==,Não identificada
2022-08-16,1365,2713 - Revoga lei 145 2001 - concessão de uso - núcle da castelo  cavalo manga larga,Leis,https://www.dosp.com.br/exibe_do.php?i=Mjc3MzQ0,https://www.dosp.com.br/leituratexto?p=MTAyOTU1MQ==,Não identificada
2022-08-16,1365,2709 - Implantação da inclusão da Língua Brasileira de Sinais - LIBRAS,Leis,https://www.dosp.com.br/exibe_do.php?i=Mjc3MzQ0,https://www.dosp.com.br/leituratexto?p=MTAyOTU0Nw==,Não identificada
2022-08-15,1364,6956 - nomeia ordenador de despesas fumboar - josé antonio de oliveira,Decretos,https://www.dosp.com.br/exibe_do.php?i=Mjc3MDI4,https://www.dosp.com.br/leituratexto?p=MTAyNzg3NA==,Não identificada
2022-08-12,1363,6957 - Extinção da escola Victor Lamparelli,Decretos,https://www.dosp.com.br/exibe_do.php?i=Mjc2NjIz,https://www.dosp.com.br/leituratexto?p=MTAyNzk2MQ==,Não identificada
2022-08-12,1363,6958 - Paralisação Temporária emeb Zainy Zequi,Decretos,https://www.dosp.com.br/exibe_do.php?i=Mjc2NjIz,https://www.dosp.com.br/leituratexto?p=MTAyNzk2Mg==,Não identificada
2022-08-10,1360,6953 - Comissão organizadora fampop 2022,Decretos,https://www.dosp.com.br/exibe_do.php?i=Mjc1ODI4,https://www.dosp.com.br/leituratexto?p=MTAyNDczMg==,Não identificada
2022-08-10,1360,6952 - reorganiza comdec - defesa civil - revoga 6783,Decretos,https://www.dosp.com.br/exibe_do.php?i=Mjc1ODI4,https://www.dosp.com.br/leituratexto?p=MTAyNDczMQ==,Não identificada
2022-08-09,1359,6949 -  Acrescenta § 3º no art. 1º do Decreto 5868 2020,Decretos,https://www.dosp.com.br/exibe_do.php?i=Mjc1Mjk1,https://www.dosp.com.br/leituratexto?p=MTAyMzMxNA==,Não identificada
2022-08-09,1359,6948 -  revoga 6231 2021 - regulamenta o uso do espaço público do velorio municipal durante a pandemia,Decretos,https://www.dosp.com.br/exibe_do.php?i=Mjc1Mjk1,https://www.dosp.com.br/leituratexto?p=MTAyMzMxMw==,Não identificada
2022-08-05,1357,6947 - Declaração de desapropriação - QUEM DE DIREITO - prologamento da av. dr. antonio silvio da cunha bueno,Decretos,https://www.dosp.com.br/exibe_do.php?i=Mjc0NjAz,https://www.dosp.com.br/leituratexto?p=MTAyMTMzMw==,Não identificada
2022-08-04,1356,6946-  Autoriza Plano de loteamento  Central Parque I,Decretos,https://www.dosp.com.br/exibe_do.php?i=Mjc0MjU2,,Não identificada
2022-08-04,1356,6933 - Garantia Hipotecária Lalim Participações LTDA e outro - Reserva Central Parque,Decretos,https://www.dosp.com.br/exibe_do.php?i=Mjc0MjU2,https://www.dosp.com.br/leituratexto?p=MTAyMDUyMA==,Não identificada
2022-08-04,1356,6945-  Autoriza Plano de loteamento Reserva Central Parque,Decretos,https://www.dosp.com.br/exibe_do.php?i=Mjc0MjU2,,Não identificada
2022-08-04,1356,6932 - Garantia Hipotecária Lalim Participações LTDA e outro - Central Parque I,Decretos,https://www.dosp.com.br/exibe_do.php?i=Mjc0MjU2,https://www.dosp.com.br/leituratexto?p=MTAyMDUxOA==,Não identificada
2022-08-04,1356,"6944 - Garantia Hipotecária JAP comercio, administraçao e agropecuaria LTDA - Altos da Primavera",Decretos,https://www.dosp.com.br/exibe_do.php?i=Mjc0MjU2,https://www.dosp.com.br/leituratexto?p=MTAyMDUyMg==,Não identificada
2022-08-04,1356,6940 -  loteamento Altos da Primavera,Decretos,https://www.dosp.com.br/exibe_do.php?i=Mjc0MjU2,,Não identificada
2022-08-04,1355,6943 -  homologação de progressão cargos públicos da Educação Básica,Decretos,https://www.dosp.com.br/exibe_do.php?i=Mjc0MTg3,https://www.dosp.com.br/leituratexto?p=MTAxOTQ2Ng==,Secretaria de Educação
2022-08-01,1351,6936 - Comissão Fiscalizadora concurso público 2022,Decretos,https://www.dosp.com.br/exibe_do.php?i=MjcyOTg4,https://www.dosp.com.br/leituratexto?p=MTAxNTIyMg==,Não identificada
2022-07-29,1350,6938 -  revoga 6293 2021- permissão de bem público  à associação dos medicos veterinários e zootecnistas de avare,Decretos,https://www.dosp.com.br/exibe_do.php?i=MjcyNjgy,https://www.dosp.com.br/leituratexto?p=MTAxNTA1NQ==,Não identificada
2022-07-29,1350,12074 – (...),Portarias,https://www.dosp.com.br/exibe_do.php?i=MjcyNjgy,https://www.dosp.com.br/leituratexto?p=MTAxNTIzMw==,Não identificada
2022-07-28,1349,"6934 - Nomeia Conselho Municipal do Trabalho, Emprego e Renda",Decretos,https://www.dosp.com.br/exibe_do.php?i=MjcyMjE4,https://www.dosp.com.br/leituratexto?p=MTAxMzM3Nw==,Não identificada
2022-07-26,1348,6931 -  Dispõe sobre deferimnto resultao final e conclusivo da validação dos certificados - Adicional de qualificação magistério,Decretos,https://www.dosp.com.br/exibe_do.php?i=MjcxNDQy,,Não identificada
2022-07-25,1347,6930 -  Nomeia a Comissão Organizadora da XII Conferência Municipal dos Direitos da Criança e do Adolescente,Decretos,https://www.dosp.com.br/exibe_do.php?i=MjcxMTkz,https://www.dosp.com.br/leituratexto?p=MTAwOTg3Ng==,Não identificada
2022-07-25,1347,"6927 -  Crédito Adicional suplementar - semads - 150.000,00",Decretos,https://www.dosp.com.br/exibe_do.php?i=MjcxMTkz,https://www.dosp.com.br/leituratexto?p=MTAwOTg3Mw==,Não identificada
2022-07-25,1347,"6923 -  Crédito Adicional Especial - saúde - 53.987,34",Decretos,https://www.dosp.com.br/exibe_do.php?i=MjcxMTkz,https://www.dosp.com.br/leituratexto?p=MTAwOTg2OQ==,Secretaria de Saúde
2022-07-25,1347,"6926 -  Crédito Adicional Especial - semads - 150.000,00",Decretos,https://www.dosp.com.br/exibe_do.php?i=MjcxMTkz,https://www.dosp.com.br/leituratexto?p=MTAwOTg3Mg==,Não identificada
2022-07-25,1347,"6922 -  Crédito Adicional Especial - saúde - 1.901.919,00",Decretos,https://www.dosp.com.br/exibe_do.php?i=MjcxMTkz,https://www.dosp.com.br/leituratexto?p=MTAwOTg2OA==,Secretaria de Saúde
2022-07-25,1347,"6929 -  Crédito Adicional especial - educação - 2.718.974,88",Decretos,https://www.dosp.com.br/exibe_do.php?i=MjcxMTkz,https://www.dosp.com.br/leituratexto?p=MTAwOTg3NQ==,Secretaria de Educação
2022-07-25,1347,"6921 -  Crédito Adicional suplementar - saúde - 22.500,00",Decretos,https://www.dosp.com.br/exibe_do.php?i=MjcxMTkz,https://www.dosp.com.br/leituratexto?p=MTAwOTg2Nw==,Secretaria de Saúde
2022-07-25,1347,"6928 -  Crédito Adicional especial - semads - 900.000,00",Decretos,https://www.dosp.com.br/exibe_do.php?i=MjcxMTkz,https://www.dosp.com.br/leituratexto?p=MTAwOTg3NA==,Não identificada
2022-07-25,1347,"6924 -  Crédito Adicional Especial - semads - 74.420,00",Decretos,https://www.dosp.com.br/exibe_do.php?i=MjcxMTkz,https://www.dosp.com.br/leituratexto?p=MTAwOTg3MA==,Não identificada
2022-07-25,1347,"6925 -  Crédito Adicional Especial - semads - 100.000,00",Decretos,https://www.dosp.com.br/exibe_do.php?i=MjcxMTkz,https://www.dosp.com.br/leituratexto?p=MTAwOTg3MQ==,Não identificada
2022-07-22,1345,"2705 - Crédito Adicional Especial -SEMADS - 150.000,00",Leis,https://www.dosp.com.br/exibe_do.php?i=MjcwNzc5,https://www.dosp.com.br/leituratexto?p=MTAwODQwOQ==,Não identificada
2022-07-22,1345,"2708 - Crédito Adicional Especial - Educação - 2.718.974,88",Leis,https://www.dosp.com.br/exibe_do.php?i=MjcwNzc5,https://www.dosp.com.br/leituratexto?p=MTAwODQxMg==,Secretaria de Educação
2022-07-22,1345,"2702 - Crédito Adicional Especial - Saúde - 53.987,34",Leis,https://www.dosp.com.br/exibe_do.php?i=MjcwNzc5,https://www.dosp.com.br/leituratexto?p=MTAwODQwNg==,Secretaria de Saúde
2022-07-22,1345,288 - Alteração do anexo II - Quadro de FG - LC 251 2020 - Agente de Apoio - Abordagem Social,Leis,https://www.dosp.com.br/exibe_do.php?i=MjcwNzc5,,Não identificada
2022-07-22,1345,"2706 - Crédito Adicional Suplementar -SEMADS - 150.000,00",Leis,https://www.dosp.com.br/exibe_do.php?i=MjcwNzc5,https://www.dosp.com.br/leituratexto?p=MTAwODQxMA==,Não identificada
2022-07-22,1345,292 - Alteração do anexo III - Cria cargos em comissão,Leis,https://www.dosp.com.br/exibe_do.php?i=MjcwNzc5,,Não identificada
2022-07-22,1345,285 - Altera Anexo I - Quadro de Pessoal Permanente da LC 126 2010 - Tecnico de Enfermagem,Leis,https://www.dosp.com.br/exibe_do.php?i=MjcwNzc5,,Não identificada
2022-07-22,1345,"2703 - Crédito Adicional Especial -SEMADS - 74.420,00",Leis,https://www.dosp.com.br/exibe_do.php?i=MjcwNzc5,https://www.dosp.com.br/leituratexto?p=MTAwODQwNw==,Não identificada
2022-07-22,1345,289 - Alteração sobre alteração da Lei Complementar 245 - Agente de Contratação,Leis,https://www.dosp.com.br/exibe_do.php?i=MjcwNzc5,,Não identificada
2022-07-22,1345,"2707 - Crédito Adicional Especial -Saúde - 900.000,00",Leis,https://www.dosp.com.br/exibe_do.php?i=MjcwNzc5,https://www.dosp.com.br/leituratexto?p=MTAwODQxMQ==,Secretaria de Saúde
2022-07-22,1345,"2700 - Crédito Adicional Suplementar - Saúde - 22.500,00",Leis,https://www.dosp.com.br/exibe_do.php?i=MjcwNzc5,https://www.dosp.com.br/leituratexto?p=MTAwODQwNA==,Secretaria de Saúde
2022-07-22,1345,286 - Regulamenta a fixação do piso salarial de Agente Comunitário da Saúde,Leis,https://www.dosp.com.br/exibe_do.php?i=MjcwNzc5,https://www.dosp.com.br/leituratexto?p=MTAwODM5Nw==,Secretaria de Saúde
2022-07-22,1345,287 - Alteração do anexo I - Quadro de Pessoal Permanente - Nivel Tecnico e Superior - Cria e extingue,Leis,https://www.dosp.com.br/exibe_do.php?i=MjcwNzc5,,Não identificada
2022-07-22,1345,291 - Alteração do anexo III Cargos em Comissão - extinção de cargos em comissão,Leis,https://www.dosp.com.br/exibe_do.php?i=MjcwNzc5,,Não identificada
2022-07-22,1345,"2704 - Crédito Adicional Especial -SEMADS - 100.000,00",Leis,https://www.dosp.com.br/exibe_do.php?i=MjcwNzc5,https://www.dosp.com.br/leituratexto?p=MTAwODQwOA==,Não identificada
2022-07-22,1345,290 - Alteração sobre alteração do anexo III Cargos em Comissão - Coord. Tecnico Admvo da Divisão de Exped e Açoes Integradas da Sec de Gabinete,Leis,https://www.dosp.com.br/exibe_do.php?i=MjcwNzc5,,Não identificada
2022-07-22,1345,"2701 - Crédito Adicional Especial - Saúde - 1.901.919,00",Leis,https://www.dosp.com.br/exibe_do.php?i=MjcwNzc5,https://www.dosp.com.br/leituratexto?p=MTAwODQwNQ==,Secretaria de Saúde
2022-07-20,1343,"6918 - Avareprev - crédito adicional suplementar - 42.000,00",Decretos,https://www.dosp.com.br/exibe_do.php?i=MjcwMTI4,https://www.dosp.com.br/leituratexto?p=MTAwNTk4NQ==,Não identificada
2022-07-19,1342,6917 -  reorganiza conselho municipal dos direitos da criança e do adolescente - cmdca,Decretos,https://www.dosp.com.br/exibe_do.php?i=MjY5Njgy,https://www.dosp.com.br/leituratexto?p=MTAwMzgxOQ==,Não identificada
2022-07-18,1341,2699 - Altera a Lei nº 2670 2022 - isenção,Leis,https://www.dosp.com.br/exibe_do.php?i=MjY5Mzc3,https://www.dosp.com.br/leituratexto?p=MTAwMzE2MA==,Não identificada
2022-07-15,1339,6916 - recomendação do uso de mascaras em ambientes fechados- covid 19,Decretos,https://www.dosp.com.br/exibe_do.php?i=MjY4OTcw,https://www.dosp.com.br/leituratexto?p=MTAwMTk4Mw==,Não identificada
2022-07-13,1337,6913 - altera o parágrafo único do art 5º do Decreto 1384 2007 - Revoga o Decreto 1510 2007 - Zonal Azul,Decretos,https://www.dosp.com.br/exibe_do.php?i=MjY4MzY4,https://www.dosp.com.br/leituratexto?p=OTk5NjEx,Não identificada
2022-07-12,1336,6912 - aprova regimento interno - conselho do plano diretor,Decretos,https://www.dosp.com.br/exibe_do.php?i=MjY4MDYy,https://www.dosp.com.br/leituratexto?p=OTk4NjUx,Não identificada
2022-07-12,1336,6912 - ANEXO - REGIMENTO INTERNO DO CONSELHO MUNICIPAL DO PLANO DIRETOR DE AVARÉ,Decretos,https://www.dosp.com.br/exibe_do.php?i=MjY4MDYy,,Não identificada
2022-07-11,1333,6900 - libera áreas hipotecadas Vila Suiça,Decretos,https://www.dosp.com.br/exibe_do.php?i=MjY3NjUx,https://www.dosp.com.br/leituratexto?p=OTk3NjAz,Não identificada
2022-07-11,1333,6909 -  permissão de uso ao Estado de SP - Costa Azul,Decretos,https://www.dosp.com.br/exibe_do.php?i=MjY3NjUx,https://www.dosp.com.br/leituratexto?p=OTk3NjI5,Não identificada
2022-07-08,1331,6908 - revoga Decreto Municipal nº 5.583 de 2019,Decretos,https://www.dosp.com.br/exibe_do.php?i=MjY3Mzc5,https://www.dosp.com.br/leituratexto?p=OTk2ODcy,Não identificada
2022-07-08,1331,6907 - denominação AME - Dr. Eduardo Brandi Carneiro,Decretos,https://www.dosp.com.br/exibe_do.php?i=MjY3Mzc5,https://www.dosp.com.br/leituratexto?p=OTk1OTYw,Não identificada
2022-07-07,1330,6903 - utilidade pública associação amigo solidário,Decretos,https://www.dosp.com.br/exibe_do.php?i=MjY2OTQx,https://www.dosp.com.br/leituratexto?p=OTk1MTE2,Não identificada
2022-07-07,1330,6895 - Convoca a XIII conferencia municipal dos direitos da criança e do adolescente,Decretos,https://www.dosp.com.br/exibe_do.php?i=MjY2OTQx,https://www.dosp.com.br/leituratexto?p=OTk1MTE1,Não identificada
2022-07-07,1330,6904 -  revoga 2763 2011 - uso de area publica para implantaçao de banca de jornal,Decretos,https://www.dosp.com.br/exibe_do.php?i=MjY2OTQx,https://www.dosp.com.br/leituratexto?p=OTk1MDgz,Não identificada
2022-07-06,1329,2695 - Dispõe sobre a forma de instituição do calendário oficial do municipio,Leis,https://www.dosp.com.br/exibe_do.php?i=MjY2NTk4,https://www.dosp.com.br/leituratexto?p=OTkzNzg2,Não identificada
2022-07-05,1328,2698 - Altera a Lei nº 2601 2022 - abono de natal Camara,Leis,https://www.dosp.com.br/exibe_do.php?i=MjY2MTc5,https://www.dosp.com.br/leituratexto?p=OTkyMzQx,Não identificada
2022-07-04,1327,"6897 - Crédito Adicional Especial - semads -100.000,00",Decretos,https://www.dosp.com.br/exibe_do.php?i=MjY1ODM2,https://www.dosp.com.br/leituratexto?p=OTkxMDAy,Não identificada
2022-07-04,1327,"2696 - crédito adicional especial - semads - 175.000,00",Leis,https://www.dosp.com.br/exibe_do.php?i=MjY1ODM2,https://www.dosp.com.br/leituratexto?p=OTkwOTU1,Não identificada
2022-07-04,1327,"2694 - Crédito Adicional Especial - semads - 100.000,00",Leis,https://www.dosp.com.br/exibe_do.php?i=MjY1ODM2,https://www.dosp.com.br/leituratexto?p=OTkwOTU0,Não identificada
2022-07-04,1327,"2693 - Crédito Adicional Especial - semads - 50.000,00",Leis,https://www.dosp.com.br/exibe_do.php?i=MjY1ODM2,https://www.dosp.com.br/leituratexto?p=OTkwOTUz,Não identificada
2022-07-04,1327,"2697 - crédito adicional especial - semads - 75.000,00",Leis,https://www.dosp.com.br/exibe_do.php?i=MjY1ODM2,https://www.dosp.com.br/leituratexto?p=OTkwOTU2,Não identificada
2022-07-04,1327,"6898 - Crédito Adicional Especial - semads -175.000,00",Decretos,https://www.dosp.com.br/exibe_do.php?i=MjY1ODM2,https://www.dosp.com.br/leituratexto?p=OTkxMDAz,Não identificada
2022-07-04,1327,"6899 - Crédito Adicional Especial - semads -75.000,00",Decretos,https://www.dosp.com.br/exibe_do.php?i=MjY1ODM2,https://www.dosp.com.br/leituratexto?p=OTkxMDA0,Não identificada
2022-07-04,1327,"6896 - Crédito Adicional Especial - semads - 50.000,00",Decretos,https://www.dosp.com.br/exibe_do.php?i=MjY1ODM2,https://www.dosp.com.br/leituratexto?p=OTkxMDAx,Não identificada
2022-07-01,1326,6893 - dispõe sobre o funcionamento da unidades educacionais municipal no periodo do recesso escolar ano letivo 2022,Decretos,https://www.dosp.com.br/exibe_do.php?i=MjY1MzY4,https://www.dosp.com.br/leituratexto?p=OTg5NDM4,Não identificada
2022-07-01,1326,Decreto Legislativo 356.2022,Decretos,https://www.dosp.com.br/exibe_do.php?i=MjY1MzY4,https://www.dosp.com.br/leituratexto?p=OTg5NDE5,Não identificada
2022-06-30,1325,2688 - Institiui e autoriza a concessão de serviço de guincho,Leis,https://www.dosp.com.br/exibe_do.php?i=MjY1MDY3,https://www.dosp.com.br/leituratexto?p=OTg3ODQ4,Não identificada
2022-06-30,1325,6731- ERRATA  institui o regulamento do campeonato intermunicipal de futebol de veteranos - bugrinho,Decretos,https://www.dosp.com.br/exibe_do.php?i=MjY1MDY3,https://www.dosp.com.br/leituratexto?p=OTg4MDQ0,Não identificada
2022-06-30,1325,6825- ERRATA -  nomeia comissão organizadora  do campeonato intermunicipal de futebol do veteranos 2022 benedito da silva - bugrinho,Decretos,https://www.dosp.com.br/exibe_do.php?i=MjY1MDY3,https://www.dosp.com.br/leituratexto?p=OTg4MDQx,Não identificada
2022-06-30,1325,6826-  ERRATA - nomeia comissão organizadora  da COPA JUBILEU 2022,Decretos,https://www.dosp.com.br/exibe_do.php?i=MjY1MDY3,https://www.dosp.com.br/leituratexto?p=OTg4MDQy,Não identificada
2022-06-30,1325,6731-  ANEXO DA ERRATA  que institui o regulamento do Campeonato Intermunicipal de Futebol de Veteranos - Bugrinho,Decretos,https://www.dosp.com.br/exibe_do.php?i=MjY1MDY3,,Não identificada
2022-06-30,1325,2689 - inclui no calendario oficial do municipio a Semana de Incentivo à Pratica de Atividades Fisicas e do Profissional de Ed Física,Leis,https://www.dosp.com.br/exibe_do.php?i=MjY1MDY3,https://www.dosp.com.br/leituratexto?p=OTg4MDgz,Não identificada
2022-06-30,1325,2691 - Institui a Campanha Março Roxo,Leis,https://www.dosp.com.br/exibe_do.php?i=MjY1MDY3,https://www.dosp.com.br/leituratexto?p=OTg4MDg1,Não identificada
2022-06-30,1325,2692 - Classifica a Visão Monocular com Deficiencia Visual,Leis,https://www.dosp.com.br/exibe_do.php?i=MjY1MDY3,https://www.dosp.com.br/leituratexto?p=OTg4MDg2,Não identificada
2022-06-30,1325,2690 - Institui no Calendário Oficial do Municipio o Dia de Conscientização da Violencia contra pessoa idosa,Leis,https://www.dosp.com.br/exibe_do.php?i=MjY1MDY3,https://www.dosp.com.br/leituratexto?p=OTg4MDg0,Não identificada
2022-06-27,1322,2682 - Dispõe instalação de brinquedos adaptados e equipamentos p pessoas com mobilidade reduzida,Leis,https://www.dosp.com.br/exibe_do.php?i=MjYzODUx,https://www.dosp.com.br/leituratexto?p=OTgzNDMz,Não identificada
2022-06-27,1322,6885 - altera art. 4º do decreto 4466-16 - saúde,Decretos,https://www.dosp.com.br/exibe_do.php?i=MjYzODUx,https://www.dosp.com.br/leituratexto?p=OTg0MDc2,Secretaria de Saúde
2022-06-27,1322,2681 - Dispõe implantação do programa Avaré cidade limpa - quem ama cuida,Leis,https://www.dosp.com.br/exibe_do.php?i=MjYzODUx,https://www.dosp.com.br/leituratexto?p=OTgzNDMy,Não identificada
2022-06-27,1322,2683 - Dispõe sobre inclusão no calendário oficial de eventos a Semana de Conscientização e Combate ao Trabalho Infantil,Leis,https://www.dosp.com.br/exibe_do.php?i=MjYzODUx,https://www.dosp.com.br/leituratexto?p=OTgzNDM0,Não identificada
2022-06-24,1321,2685 - Câmara - Direito das maes amamentarem os seus filhos durante realização de concursos publicos,Leis,https://www.dosp.com.br/exibe_do.php?i=MjYzNDU2,https://www.dosp.com.br/leituratexto?p=OTgzMTI4,Não identificada
2022-06-24,1321,2686 - Câmara - altera o art 4º da Lei 1338 2010 Dia de Combate à Discriminação Racial 21 de março,Leis,https://www.dosp.com.br/exibe_do.php?i=MjYzNDU2,https://www.dosp.com.br/leituratexto?p=OTgzMTI5,Não identificada
2022-06-24,1321,2687 - Câmara - Altera o art 4º da lei 1338 2010 - Dia da conscientização da importancia da atualização da caderneta de vacinação,Leis,https://www.dosp.com.br/exibe_do.php?i=MjYzNDU2,https://www.dosp.com.br/leituratexto?p=OTgzMTMw,Não identificada
2022-06-24,1321,2684 - Câmara - dispõe sobre proibição da suspensão de agua e energia eletrica em finais de semana e vespera de feriados,Leis,https://www.dosp.com.br/exibe_do.php?i=MjYzNDU2,https://www.dosp.com.br/leituratexto?p=OTgzMTI3,Não identificada
2022-06-23,1319,12025 – (...),Portarias,https://www.dosp.com.br/exibe_do.php?i=MjYzMTQ1,https://www.dosp.com.br/leituratexto?p=OTgwOTg5,Não identificada
2022-06-23,1319,6883 - homologação do concurso publico 002 2018 - Condutor de veículos e transporte coletivo,Decretos,https://www.dosp.com.br/exibe_do.php?i=MjYzMTQ1,,Secretaria de Transporte
2022-06-22,1318,284 - Dispoe sobe alteração do anexo I da LC 216 - Função de Confiança educação,Leis,https://www.dosp.com.br/exibe_do.php?i=MjYyNzU0,,Secretaria de Educação
2022-06-22,1318,2680 - Dispõe sobre Diretrizes Orçamentárias do municipio,Leis,https://www.dosp.com.br/exibe_do.php?i=MjYyNzU0,https://www.dosp.com.br/leituratexto?p=OTgwNjU0,Não identificada
2022-06-22,1318,"6877- Crédito Adicional Escpecial - semads - 33.360,00",Decretos,https://www.dosp.com.br/exibe_do.php?i=MjYyNzU0,https://www.dosp.com.br/leituratexto?p=OTgwNjM3,Não identificada
2022-06-22,1318,"6876- Crédito Adicional Escpecial - semads - 548.492,00",Decretos,https://www.dosp.com.br/exibe_do.php?i=MjYyNzU0,https://www.dosp.com.br/leituratexto?p=OTgwNjM2,Não identificada
2022-06-22,1318,"6873- Crédito Adicional Suplementar- frea - 15.000,00",Decretos,https://www.dosp.com.br/exibe_do.php?i=MjYyNzU0,https://www.dosp.com.br/leituratexto?p=OTgwNjMz,Não identificada
2022-06-22,1318,"6880- Crédito Adicional suplementarl - saúde - 2.329.564,32",Decretos,https://www.dosp.com.br/exibe_do.php?i=MjYyNzU0,https://www.dosp.com.br/leituratexto?p=OTgwNjQw,Secretaria de Saúde
2022-06-22,1318,"6881- Crédito Adicional especial - 2.013.697,23",Decretos,https://www.dosp.com.br/exibe_do.php?i=MjYyNzU0,https://www.dosp.com.br/leituratexto?p=OTgwNjQx,Não identificada
2022-06-22,1318,"6874- Crédito Adicional Escpecial - semads- 500.000,00",Decretos,https://www.dosp.com.br/exibe_do.php?i=MjYyNzU0,https://www.dosp.com.br/leituratexto?p=OTgwNjM0,Não identificada
2022-06-22,1318,"6878- Crédito Adicional Escpecial - educação - 39.910,40",Decretos,https://www.dosp.com.br/exibe_do.php?i=MjYyNzU0,https://www.dosp.com.br/leituratexto?p=OTgwNjM4,Secretaria de Educação
2022-06-22,1318,"6882 - CREDITO ADICIONAL ESPECIAL ANULAÇÃO_ COMPENSAÇÃO FINANCEIRA REC. HIDRICOS_R$ 650.000,00",Decretos,https://www.dosp.com.br/exibe_do.php?i=MjYyNzU0,https://www.dosp.com.br/leituratexto?p=OTgwNjQy,Não identificada
2022-06-22,1318,"6875- Crédito Adicional Escpecial - educação - 307.460,62",Decretos,https://www.dosp.com.br/exibe_do.php?i=MjYyNzU0,https://www.dosp.com.br/leituratexto?p=OTgwNjM1,Secretaria de Educação
2022-06-22,1318,"2679 - CREDITO ADICIONAL ESPECIAL ANULAÇÃO_ COMPENSAÇÃO FINANCEIRA REC. HIDRICOS_R$ 650.000,00",Leis,https://www.dosp.com.br/exibe_do.php?i=MjYyNzU0,https://www.dosp.com.br/leituratexto?p=OTgwNjI4,Não identificada
2022-06-22,1318,"6879- Crédito Adicional Escpecial - educação - 1.955.370,00",Decretos,https://www.dosp.com.br/exibe_do.php?i=MjYyNzU0,https://www.dosp.com.br/leituratexto?p=OTgwNjM5,Secretaria de Educação
2022-06-21,1317,"2676 - crédito adicional especial  - educação - 1.955.370,00",Leis,https://www.dosp.com.br/exibe_do.php?i=MjYyNDU1,https://www.dosp.com.br/leituratexto?p=OTc5OTgz,Secretaria de Educação
2022-06-21,1317,"2671 - crédito adicional especial  - semads - 500.000,00",Leis,https://www.dosp.com.br/exibe_do.php?i=MjYyNDU1,https://www.dosp.com.br/leituratexto?p=OTc5OTc4,Não identificada
2022-06-21,1317,"2674 - crédito adicional especial  - semads - 33.360,00",Leis,https://www.dosp.com.br/exibe_do.php?i=MjYyNDU1,https://www.dosp.com.br/leituratexto?p=OTc5OTgx,Não identificada
2022-06-21,1317,"2677 - crédito adicional suplementar  - saúde - 2.329.564,32",Leis,https://www.dosp.com.br/exibe_do.php?i=MjYyNDU1,https://www.dosp.com.br/leituratexto?p=OTc5OTg0,Secretaria de Saúde
2022-06-21,1317,"2673 - crédito adicional especial  - semads - 548.492,00",Leis,https://www.dosp.com.br/exibe_do.php?i=MjYyNDU1,https://www.dosp.com.br/leituratexto?p=OTc5OTgw,Não identificada
2022-06-21,1317,"2672 - crédito adicional especial  - educação - 307.460,62",Leis,https://www.dosp.com.br/exibe_do.php?i=MjYyNDU1,https://www.dosp.com.br/leituratexto?p=OTc5OTc5,Secretaria de Educação
2022-06-21,1317,"2675 - crédito adicional especial  - educação - 39.910,40",Leis,https://www.dosp.com.br/exibe_do.php?i=MjYyNDU1,https://www.dosp.com.br/leituratexto?p=OTc5OTgy,Secretaria de Educação
2022-06-21,1317,2678 - crédito adicional especialr  - meioambiente - 2.013.697.23,Leis,https://www.dosp.com.br/exibe_do.php?i=MjYyNDU1,https://www.dosp.com.br/leituratexto?p=OTgwMDI5,Não identificada
2022-06-15,1314,6871  - regulamentação da redução de jornada de trabalho com remuneração proporcional,Decretos,https://www.dosp.com.br/exibe_do.php?i=MjYxMzk0,https://www.dosp.com.br/leituratexto?p=OTc2NDM3,Não identificada
2022-06-13,1312,6870  - declara ponto facultativo dia17 de junho,Decretos,https://www.dosp.com.br/exibe_do.php?i=MjYwNTU0,https://www.dosp.com.br/leituratexto?p=OTczNzQw,Não identificada
2022-06-13,1312,6865  - elevação de vagas em concurso público 002 2018 - Enfermeiro,Decretos,https://www.dosp.com.br/exibe_do.php?i=MjYwNTU0,https://www.dosp.com.br/leituratexto?p=OTczMzk0,Não identificada
2022-06-13,1312,6866  - elevação de vagas em concurso público 003 2019 - Cargo de Oficial de Manutenção,Decretos,https://www.dosp.com.br/exibe_do.php?i=MjYwNTU0,https://www.dosp.com.br/leituratexto?p=OTczMzk1,Não identificada
2022-06-13,1312,6869 - presidente frea- Edson Gabriel da Silva- revoga 5183,Decretos,https://www.dosp.com.br/exibe_do.php?i=MjYwNTU0,https://www.dosp.com.br/leituratexto?p=OTczNjI5,Não identificada
2022-06-10,1310,2668 - inclui área no perímetro urano - Fazenda Bom Jardim,Leis,https://www.dosp.com.br/exibe_do.php?i=MjU5OTY5,https://www.dosp.com.br/leituratexto?p=OTcxNDk3,Não identificada
2022-06-10,1310,"2669 - crédito adicional especial  - saúde - 31.500,00",Leis,https://www.dosp.com.br/exibe_do.php?i=MjU5OTY5,https://www.dosp.com.br/leituratexto?p=OTcxNDk4,Secretaria de Saúde
2022-06-10,1310,2666 - altera o art 1º da Lei 2648 2022,Leis,https://www.dosp.com.br/exibe_do.php?i=MjU5OTY5,https://www.dosp.com.br/leituratexto?p=OTcxNDk1,Não identificada
2022-06-10,1310,"2667 - Crédito Adicional Suplementar - Saúde - 1.400.000,00",Leis,https://www.dosp.com.br/exibe_do.php?i=MjU5OTY5,https://www.dosp.com.br/leituratexto?p=OTcxNDk2,Secretaria de Saúde
2022-06-10,1311,"6868- Crédito Adicional Suplementar- saúde - 1.400.000,00",Decretos,https://www.dosp.com.br/exibe_do.php?i=MjYwMTk1,https://www.dosp.com.br/leituratexto?p=OTcyNzIw,Secretaria de Saúde
2022-06-10,1311,"6867- Crédito Adicional Especial saúde - 31.500,00",Decretos,https://www.dosp.com.br/exibe_do.php?i=MjYwMTk1,https://www.dosp.com.br/leituratexto?p=OTcyNzE5,Secretaria de Saúde
2022-06-09,1309,2670 -  Câmara - Isenção IPTU portadores de doenças considerada graves,Leis,https://www.dosp.com.br/exibe_do.php?i=MjU5ODM2,https://www.dosp.com.br/leituratexto?p=OTcxNzgz,Não identificada
2022-06-09,1309,2665 - autoriza concessão de bem imóvel - LELU,Leis,https://www.dosp.com.br/exibe_do.php?i=MjU5ODM2,https://www.dosp.com.br/leituratexto?p=OTcxNTQ5,Não identificada
2022-06-09,1309,"6863  - homologação complementar do concurso publico nº 003 2019, acrescido do resultado do TAF",Decretos,https://www.dosp.com.br/exibe_do.php?i=MjU5ODM2,https://www.dosp.com.br/leituratexto?p=OTcxNDM3,Não identificada
2022-06-08,1308,2663 - Dispõe sobre obrigatoriedade da instalação de lixeiras externas em imóveis residenciais,Leis,https://www.dosp.com.br/exibe_do.php?i=MjU5MTgz,https://www.dosp.com.br/leituratexto?p=OTY4ODk2,Não identificada
2022-06-08,1308,2664 - Dispõe sobre os cães e gatos comunitários no municipio,Leis,https://www.dosp.com.br/exibe_do.php?i=MjU5MTgz,https://www.dosp.com.br/leituratexto?p=OTY4ODk3,Não identificada
2022-06-06,1306,6860 -Mudança de endereço em virtude do fechamento das Unidades Educacionais Vitor Lamaparelli e Zainy Zequi,Decretos,https://www.dosp.com.br/exibe_do.php?i=MjU4NTcy,https://www.dosp.com.br/leituratexto?p=OTY3NDE1,Não identificada
2022-06-03,1305,12012 – (...),Portarias,https://www.dosp.com.br/exibe_do.php?i=MjU3OTMz,https://www.dosp.com.br/leituratexto?p=OTY1NTAx,Não identificada
2022-06-03,1305,12013 – (...),Portarias,https://www.dosp.com.br/exibe_do.php?i=MjU3OTMz,https://www.dosp.com.br/leituratexto?p=OTY1NTAw,Não identificada
2022-06-02,1304,2661 - Regulamenta e disciplina a colocação de caçambas coletoras de entulhos nas vias publicas do municipio,Leis,https://www.dosp.com.br/exibe_do.php?i=MjU3NzIw,https://www.dosp.com.br/leituratexto?p=OTY0ODE4,Não identificada
2022-06-02,1304,2662 - Dispõe sobre alteraçao da Lei 1290 2009,Leis,https://www.dosp.com.br/exibe_do.php?i=MjU3NzIw,https://www.dosp.com.br/leituratexto?p=OTY0ODE5,Não identificada
2022-05-31,1302,6853 -reorganiza a composição do conselho municipal de assistencia social  - cmas - revoga 6600,Decretos,https://www.dosp.com.br/exibe_do.php?i=MjU2OTM4,https://www.dosp.com.br/leituratexto?p=OTYxNjM0,Secretaria de Assistência Social
2022-05-27,1299,"6850 - Crédito Adicional Especial AVAREPREV - 150.000,00",Decretos,https://www.dosp.com.br/exibe_do.php?i=MjU2MTgx,https://www.dosp.com.br/leituratexto?p=OTYwMTkx,Não identificada
2022-05-27,1299,"6851 - Crédito Adicional Especial educação - 181.757,13",Decretos,https://www.dosp.com.br/exibe_do.php?i=MjU2MTgx,https://www.dosp.com.br/leituratexto?p=OTYwMTky,Secretaria de Educação
2022-05-26,1297,6849 - altera regulamento de adiantamento - revoga decreto 6618,Decretos,https://www.dosp.com.br/exibe_do.php?i=MjU1Njg5,,Não identificada
2022-05-26,1297,282 - Autoriza conceder revisão geral anual de vencimentos dos servidores e empregados públicos,Leis,https://www.dosp.com.br/exibe_do.php?i=MjU1Njg5,https://www.dosp.com.br/leituratexto?p=OTU4MTM1,Não identificada
2022-05-26,1297,"2659 - Crédito Adicional Especial Educação - 181.757,13",Leis,https://www.dosp.com.br/exibe_do.php?i=MjU1Njg5,https://www.dosp.com.br/leituratexto?p=OTU4MTM4,Secretaria de Educação
2022-05-26,1297,"2658 - Crédito Adicional Especial AVAREPREV - 150.000,00",Leis,https://www.dosp.com.br/exibe_do.php?i=MjU1Njg5,https://www.dosp.com.br/leituratexto?p=OTU4MTM3,Não identificada
2022-05-26,1297,283 - Dispoe sobe alteração do anexo I da LC 216 - Função de Confiança educação,Leis,https://www.dosp.com.br/exibe_do.php?i=MjU1Njg5,https://www.dosp.com.br/leituratexto?p=OTU4MTM2,Secretaria de Educação
2022-05-26,1297,2660 - Autoriza conceder revisão gral anual e reajuste salarial aos funcionários FREA,Leis,https://www.dosp.com.br/exibe_do.php?i=MjU1Njg5,https://www.dosp.com.br/leituratexto?p=OTU4MTM5,Não identificada
2022-05-25,1296,2657 - Alteração do dispositivo da Lei 1.283,Leis,https://www.dosp.com.br/exibe_do.php?i=MjU1MzI0,https://www.dosp.com.br/leituratexto?p=OTU2NDc1,Não identificada
2022-05-25,1296,6845 - nomeia Regiane Arruda Daffara - gestora e ordenadora FMAS - fundo assistencia social,Decretos,https://www.dosp.com.br/exibe_do.php?i=MjU1MzI0,https://www.dosp.com.br/leituratexto?p=OTU2NDc0,Secretaria de Assistência Social
2022-05-25,1296,12008 – (...),Portarias,https://www.dosp.com.br/exibe_do.php?i=MjU1MzI0,https://www.dosp.com.br/leituratexto?p=OTU2NjM4,Não identificada
2022-05-24,1295,"2656 - Crédito adicional suplementar - Educação - R$ 1.712.144,07",Leis,https://www.dosp.com.br/exibe_do.php?i=MjU0OTAy,https://www.dosp.com.br/leituratexto?p=OTU0OTUy,Secretaria de Educação
2022-05-24,1295,"6844- crédito adicional suplementar - educação - 1.712.144,07",Decretos,https://www.dosp.com.br/exibe_do.php?i=MjU0OTAy,https://www.dosp.com.br/leituratexto?p=OTU0OTUz,Secretaria de Educação
2022-05-24,1294,6842 - reorganiza cae - conselho de alimentação escolar - 6611,Decretos,https://www.dosp.com.br/exibe_do.php?i=MjU0NjY2,https://www.dosp.com.br/leituratexto?p=OTUzMzc4,Não identificada
2022-05-23,1293,6843 nomeia regiane daffara,Decretos,https://www.dosp.com.br/exibe_do.php?i=MjU0NjU0,https://www.dosp.com.br/leituratexto?p=OTU0MzQ2,Não identificada
2022-05-20,1291,6841 - Reorganização do atendimento educacional especializado - Centro de Atendimento Profª Maria José de Araújo,Decretos,https://www.dosp.com.br/exibe_do.php?i=MjUzOTg0,,Não identificada
2022-05-19,1290,2655 - Atendimento Educacional Especializado - AEE,Leis,https://www.dosp.com.br/exibe_do.php?i=MjUzNjYy,https://www.dosp.com.br/leituratexto?p=OTUwNDg2,Não identificada
2022-05-19,1290,"2653 - Altera o art. 4º da Lei 1338 2010, Inclui Semana da Pesca",Decretos,https://www.dosp.com.br/exibe_do.php?i=MjUzNjYy,https://www.dosp.com.br/leituratexto?p=OTQ5NTIz,Não identificada
2022-05-19,1290,6840 - reorganiza gta - grupo tecnico de apoio,Decretos,https://www.dosp.com.br/exibe_do.php?i=MjUzNjYy,https://www.dosp.com.br/leituratexto?p=OTUwNTg4,Não identificada
2022-05-19,1290,6839 - redenominação do Centro de Atendimento ao Educando,Decretos,https://www.dosp.com.br/exibe_do.php?i=MjUzNjYy,https://www.dosp.com.br/leituratexto?p=OTUwNTg3,Não identificada
2022-05-18,1289,6837 - exonera Adriana Moreira Gomes - SEMADS,Decretos,https://www.dosp.com.br/exibe_do.php?i=MjUzMzQx,https://www.dosp.com.br/leituratexto?p=OTQ5NTM0,Não identificada
2022-05-17,1288,"6831- crédito adicional especial - 452.150,00",Decretos,https://www.dosp.com.br/exibe_do.php?i=MjUyOTk1,https://www.dosp.com.br/leituratexto?p=OTQ3NzM0,Não identificada
2022-05-17,1288,"6833- crédito adicional especial - 33.601,54",Decretos,https://www.dosp.com.br/exibe_do.php?i=MjUyOTk1,https://www.dosp.com.br/leituratexto?p=OTQ3NzM2,Não identificada
2022-05-17,1288,Decreto Legislativo 355.2022,Decretos,https://www.dosp.com.br/exibe_do.php?i=MjUyOTk1,https://www.dosp.com.br/leituratexto?p=OTQ4MDMy,Não identificada
2022-05-17,1288,6835 - obrigatoriedade do uso de mascaras em ambientes fechados- Covid 19,Decretos,https://www.dosp.com.br/exibe_do.php?i=MjUyOTk1,https://www.dosp.com.br/leituratexto?p=OTQ4NDIx,Não identificada
2022-05-17,1288,"6832- crédito adicional especial - 78.070,90",Decretos,https://www.dosp.com.br/exibe_do.php?i=MjUyOTk1,https://www.dosp.com.br/leituratexto?p=OTQ3NzM1,Não identificada
2022-05-17,1288,Decreto Legislativo 354.2022,Decretos,https://www.dosp.com.br/exibe_do.php?i=MjUyOTk1,https://www.dosp.com.br/leituratexto?p=OTQ4MDMx,Não identificada
2022-05-17,1288,2654 - Autoriza a concessão de bem imóvel - sangiacomo materiais de construções,Leis,https://www.dosp.com.br/exibe_do.php?i=MjUyOTk1,https://www.dosp.com.br/leituratexto?p=OTQ3NzQw,Não identificada
2022-05-17,1288,"6834- crédito adicional especial - 176,16",Decretos,https://www.dosp.com.br/exibe_do.php?i=MjUyOTk1,https://www.dosp.com.br/leituratexto?p=OTQ3NzM3,Não identificada
2022-05-13,1286,2645 - Institui a campanha AGOSTO LILÁS  - fim da violencia contra a mulher,Leis,https://www.dosp.com.br/exibe_do.php?i=MjUyMDYy,https://www.dosp.com.br/leituratexto?p=OTQyNDAx,Não identificada
2022-05-13,1286,2644 - Dispõe sobre o direito de toda a mulher a ter acompanhante nas consultas e exames nos estabelecimentos públicos e privados de saúde do Município,Leis,https://www.dosp.com.br/exibe_do.php?i=MjUyMDYy,https://www.dosp.com.br/leituratexto?p=OTQyNDAw,Secretaria de Saúde
2022-05-13,1286,"2651 -Crédito Adicional Especial - Saúde - 33.601,54",Leis,https://www.dosp.com.br/exibe_do.php?i=MjUyMDYy,https://www.dosp.com.br/leituratexto?p=OTQ0Mjcy,Secretaria de Saúde
2022-05-13,1286,2647 - Dispõe sobre a fixação de cartazes nas escolas municipais - disque denúncia contra pedofilia e abuso sexual de crianças e adolescentes,Leis,https://www.dosp.com.br/exibe_do.php?i=MjUyMDYy,https://www.dosp.com.br/leituratexto?p=OTQyNDAz,Não identificada
2022-05-13,1286,2650 - Realizar exame preventivo de Diabetes nos alunos da rede publica de ensino,Leis,https://www.dosp.com.br/exibe_do.php?i=MjUyMDYy,https://www.dosp.com.br/leituratexto?p=OTQ0Mjcx,Não identificada
2022-05-13,1286,2646 - Dispõe sobre os Direitos da Mulher e Institui o Conselho Municipal dos Direitos da Mulher,Leis,https://www.dosp.com.br/exibe_do.php?i=MjUyMDYy,https://www.dosp.com.br/leituratexto?p=OTQyNDAy,Não identificada
2022-05-13,1286,"2649 - Crédito Adicional Esipecial - Educação - 78.070,90",Leis,https://www.dosp.com.br/exibe_do.php?i=MjUyMDYy,https://www.dosp.com.br/leituratexto?p=OTQ0Mjcw,Secretaria de Educação
2022-05-13,1286,6825-  nomeia comissão organizadora  do campeonato intermunicipal de futebol do veteranos 2022 benedito da silva - bugrinho,Decretos,https://www.dosp.com.br/exibe_do.php?i=MjUyMDYy,https://www.dosp.com.br/leituratexto?p=OTQ0MjYz,Não identificada
2022-05-13,1286,6826-  nomeia comissão organizadora  da COPA JUBILEU 2022,Decretos,https://www.dosp.com.br/exibe_do.php?i=MjUyMDYy,https://www.dosp.com.br/leituratexto?p=OTQ0MjY0,Não identificada
2022-05-13,1286,"2652 -Crédito Adicional Especial - Agricultura - 176,16",Leis,https://www.dosp.com.br/exibe_do.php?i=MjUyMDYy,https://www.dosp.com.br/leituratexto?p=OTQ0Mjcz,Secretaria de Cultura
2022-05-13,1286,6828- institui o regulamento da Copa Jubileu 2022,Decretos,https://www.dosp.com.br/exibe_do.php?i=MjUyMDYy,https://www.dosp.com.br/leituratexto?p=OTQ0MjY1,Não identificada
2022-05-13,1286,"2648 - Crédito Adicional Especial - Saúde - 452.150,00",Leis,https://www.dosp.com.br/exibe_do.php?i=MjUyMDYy,https://www.dosp.com.br/leituratexto?p=OTQ0MjY5,Secretaria de Saúde
2022-05-11,1285,6822- conselho municipal dos direitos da pessoa com deficiencia - revoga6646,Decretos,https://www.dosp.com.br/exibe_do.php?i=MjUwNjU0,https://www.dosp.com.br/leituratexto?p=OTQyMjA5,Não identificada
2022-05-09,1283,6820 -  reorganiza equipe vigilância sanitaria - revoga 6715,Decretos,https://www.dosp.com.br/exibe_do.php?i=MjQ5ODc0,https://www.dosp.com.br/leituratexto?p=OTM5OTY3,Não identificada
2022-05-06,1282,2642 - Autoriza a concessão de bem imóvel - Clube Avareense de Aeromodelismo - CAVA,Leis,https://www.dosp.com.br/exibe_do.php?i=MjQ4MTU3,https://www.dosp.com.br/leituratexto?p=OTM3NTk5,Não identificada
2022-05-05,1281,"6811-FREA - Crédito Suplementar 260.000,00",Decretos,https://www.dosp.com.br/exibe_do.php?i=MjQ3NzAy,,Não identificada
2022-05-05,1281,6814 - Retificação Decreto 6805-2022 - aposentados e exonerados,Decretos,https://www.dosp.com.br/exibe_do.php?i=MjQ3NzAy,,Não identificada
2022-05-05,1281,2643 - Câmara - regularização de construções,Leis,https://www.dosp.com.br/exibe_do.php?i=MjQ3NzAy,https://www.dosp.com.br/leituratexto?p=OTM3OTMy,Não identificada
2022-05-04,1280,2641 - Inclui área no Perímetro Urbano - Chácara Pratânia,Leis,https://www.dosp.com.br/exibe_do.php?i=MjQ3MzA2,https://www.dosp.com.br/leituratexto?p=OTM2NDM4,Não identificada
2022-05-02,1276,6801 - Elevação de vagas em concurso público  002 2018 - Agente Administrativo,Decretos,https://www.dosp.com.br/exibe_do.php?i=MjQ2NDQ5,https://www.dosp.com.br/leituratexto?p=OTMzMTcx,Não identificada
2022-05-02,1276,6805 - Retificação do Anexo Unico - Progressão Horizontal do profissionais aposentados,Decretos,https://www.dosp.com.br/exibe_do.php?i=MjQ2NDQ5,,Não identificada
2022-05-02,1276,6807 - Elevação de vagas em concurso público  001 2018 - PEB I,Decretos,https://www.dosp.com.br/exibe_do.php?i=MjQ2NDQ5,https://www.dosp.com.br/leituratexto?p=OTMzMTc3,Não identificada
2022-05-02,1276,6803 - Elevação de vagas em concurso público  002 2018 - Condutor de Veículos e Transporte Coletivo,Decretos,https://www.dosp.com.br/exibe_do.php?i=MjQ2NDQ5,https://www.dosp.com.br/leituratexto?p=OTMzMTcz,Secretaria de Transporte
2022-05-02,1276,6804 - Elevação de vagas em concurso público  001 2019 - Dentista PSF,Decretos,https://www.dosp.com.br/exibe_do.php?i=MjQ2NDQ5,https://www.dosp.com.br/leituratexto?p=OTMzMTc0,Não identificada
2022-05-02,1276,6802 - Elevação de vagas em concurso público  001 2019 - Auxiliar admvo PSF,Decretos,https://www.dosp.com.br/exibe_do.php?i=MjQ2NDQ5,https://www.dosp.com.br/leituratexto?p=OTMzMTcy,Não identificada
2022-05-02,1276,6806 - Elevação de vagas em concurso público  002 2018 - Enfermeiro,Decretos,https://www.dosp.com.br/exibe_do.php?i=MjQ2NDQ5,https://www.dosp.com.br/leituratexto?p=OTMzMTc2,Não identificada
2022-04-29,1274,2636 - Câmara - Institui a marcha da Precvençao ao Suicídio,Leis,https://www.dosp.com.br/exibe_do.php?i=MjQ2MTI4,https://www.dosp.com.br/leituratexto?p=OTMxOTkx,Não identificada
2022-04-29,1274,2635 - Câmara - Altera art 4º da Lei 1338 - Semana de Conscientizaçao da Importancia da Acessibilidade para pessoas com deficiencia,Leis,https://www.dosp.com.br/exibe_do.php?i=MjQ2MTI4,https://www.dosp.com.br/leituratexto?p=OTMxOTkw,Não identificada
2022-04-29,1274,2634 - Câmara - Intitui o mês Dezembro Laranja - Cancer de pele,Leis,https://www.dosp.com.br/exibe_do.php?i=MjQ2MTI4,https://www.dosp.com.br/leituratexto?p=OTMxOTg5,Não identificada
2022-04-29,1274,2633 - Câmara - DIa Municipal em Memória às Vítimas da COVID-19,Leis,https://www.dosp.com.br/exibe_do.php?i=MjQ2MTI4,https://www.dosp.com.br/leituratexto?p=OTMxOTg4,Não identificada
2022-04-28,1273,"6797 - Crédito Adicional Especial -Saúde - 2.918.016,37",Decretos,https://www.dosp.com.br/exibe_do.php?i=MjQ1NjUx,https://www.dosp.com.br/leituratexto?p=OTMwNzU4,Secretaria de Saúde
2022-04-28,1273,"6798 - Crédito Adicional Especial -Saúde - 689.939,04",Decretos,https://www.dosp.com.br/exibe_do.php?i=MjQ1NjUx,https://www.dosp.com.br/leituratexto?p=OTMwNzU5,Secretaria de Saúde
2022-04-28,1273,"6796 - Crédito Adicional Especial - Educação - 230.470,45",Decretos,https://www.dosp.com.br/exibe_do.php?i=MjQ1NjUx,https://www.dosp.com.br/leituratexto?p=OTMwNzU3,Secretaria de Educação
2022-04-28,1273,"6795 - Crédito Adicional Especial - Agricultura - 45.867,04",Decretos,https://www.dosp.com.br/exibe_do.php?i=MjQ1NjUx,https://www.dosp.com.br/leituratexto?p=OTMwNzU2,Secretaria de Cultura
2022-04-28,1272,6793  - Deferimento resultado final Adicional de Qualificação ao Profissional do Magistério,Decretos,https://www.dosp.com.br/exibe_do.php?i=MjQ1NTI0,,Não identificada
2022-04-28,1272,6788 - Reorganização da Corregedoria do Conselho Tutelar,Decretos,https://www.dosp.com.br/exibe_do.php?i=MjQ1NTI0,https://www.dosp.com.br/leituratexto?p=OTI5ODkz,Não identificada
2022-04-28,1273,"2639 - Crédito Adicional Especial - Saúde - 689.939,04",Leis,https://www.dosp.com.br/exibe_do.php?i=MjQ1NjUx,https://www.dosp.com.br/leituratexto?p=OTMwNzUz,Secretaria de Saúde
2022-04-28,1273,2632 - Regina Câmara,Leis,https://www.dosp.com.br/exibe_do.php?i=MjQ1NjUx,https://www.dosp.com.br/leituratexto?p=OTMwNzUw,Não identificada
2022-04-28,1273,"2640 - Crédito Adicional Especial - Agricultura - 45.867,04",Leis,https://www.dosp.com.br/exibe_do.php?i=MjQ1NjUx,https://www.dosp.com.br/leituratexto?p=OTMwNzU0,Secretaria de Cultura
2022-04-28,1273,"2637 - Crédito Adicional Especial - Educação - 230.470,45",Leis,https://www.dosp.com.br/exibe_do.php?i=MjQ1NjUx,https://www.dosp.com.br/leituratexto?p=OTMwNzUx,Secretaria de Educação
2022-04-28,1273,281 - Câmara Regina,Leis,https://www.dosp.com.br/exibe_do.php?i=MjQ1NjUx,https://www.dosp.com.br/leituratexto?p=OTMwNzU1,Não identificada
2022-04-28,1273,"2638 - Crédito Adicional Especial - Saúde - 2.918.016,37",Leis,https://www.dosp.com.br/exibe_do.php?i=MjQ1NjUx,https://www.dosp.com.br/leituratexto?p=OTMwNzUy,Secretaria de Saúde
2022-04-27,1271,6790  - reorganiza comissão apoio delegações esportivas - revoga 6680,Decretos,https://www.dosp.com.br/exibe_do.php?i=MjQ1Mjgz,https://www.dosp.com.br/leituratexto?p=OTI5Njg2,Não identificada
2022-04-27,1271,11052 – (...),Portarias,https://www.dosp.com.br/exibe_do.php?i=MjQ1Mjgz,https://www.dosp.com.br/leituratexto?p=OTI5OTAy,Não identificada
2022-04-27,1271,11053 – (...),Portarias,https://www.dosp.com.br/exibe_do.php?i=MjQ1Mjgz,https://www.dosp.com.br/leituratexto?p=OTI5OTAx,Não identificada
2022-04-26,1270,2628 - Autoriza a concessão de bem imóvel - ABOVA,Leis,https://www.dosp.com.br/exibe_do.php?i=MjQ0ODgy,https://www.dosp.com.br/leituratexto?p=OTI4MTM1,Não identificada
2022-04-26,1270,2627 - Revoga Lei 2067 2016,Leis,https://www.dosp.com.br/exibe_do.php?i=MjQ0ODgy,https://www.dosp.com.br/leituratexto?p=OTI4MTM0,Não identificada
2022-04-26,1270,2631 - Institui  a Semana Quebrando o Silêncio,Decretos,https://www.dosp.com.br/exibe_do.php?i=MjQ0ODgy,https://www.dosp.com.br/leituratexto?p=OTI4NzA1,Não identificada
2022-04-26,1270,2629 - Inclusão no calendário oficial de evntos a  - A Semana do Brincar,Decretos,https://www.dosp.com.br/exibe_do.php?i=MjQ0ODgy,https://www.dosp.com.br/leituratexto?p=OTI4NzAz,Não identificada
2022-04-26,1270,2630 - Institui  Dia Municipal da Família na Escola,Decretos,https://www.dosp.com.br/exibe_do.php?i=MjQ0ODgy,https://www.dosp.com.br/leituratexto?p=OTI4NzA0,Não identificada
2022-04-26,1270,"6784 - Parcelamento do solo urbano sobre as áreas de preservação permante no entorno de cursos d'água em áreas urbanas consolidadas, alterando a lei 12651.2012",Decretos,https://www.dosp.com.br/exibe_do.php?i=MjQ0ODgy,https://www.dosp.com.br/leituratexto?p=OTI3MDA5,Não identificada
2022-04-25,1269,"6786 - Crédito Adicional Especial - FUNDEB - 4.638.556,95",Decretos,https://www.dosp.com.br/exibe_do.php?i=MjQ0NDAw,https://www.dosp.com.br/leituratexto?p=OTI3MDM0,Não identificada
2022-04-25,1269,6782 - Homologação complementar concurso publico 002 2018,Decretos,https://www.dosp.com.br/exibe_do.php?i=MjQ0NDAw,https://www.dosp.com.br/leituratexto?p=OTI2ODQ5,Não identificada
2022-04-25,1269,6783 - reorganiza comdec - defesa civil - revoga 6781,Decretos,https://www.dosp.com.br/exibe_do.php?i=MjQ0NDAw,https://www.dosp.com.br/leituratexto?p=OTI2ODUw,Não identificada
2022-04-19,1267,6773 - Cria carteira de identidade da pessoa com transtorno do espectro autista - CIPTEA,Decretos,https://www.dosp.com.br/exibe_do.php?i=MjQzNDE0,,Não identificada
2022-04-19,1267,6780 -  revoga 6716 2022 - comissão organizadoara campeonato bugrinho,Decretos,https://www.dosp.com.br/exibe_do.php?i=MjQzNDE0,https://www.dosp.com.br/leituratexto?p=OTIzOTg1,Não identificada
2022-04-19,1267,6781 - comdec - defesa civil - revoga 6590,Decretos,https://www.dosp.com.br/exibe_do.php?i=MjQzNDE0,https://www.dosp.com.br/leituratexto?p=OTI0NDA3,Não identificada
2022-04-18,1266,"6779 - Crédito Adicional Especial - Sec de Obras - 200.000,00",Decretos,https://www.dosp.com.br/exibe_do.php?i=MjQyOTk2,https://www.dosp.com.br/leituratexto?p=OTIzMDUz,Secretaria de Obras
2022-04-18,1265,6778 - retificação (correção) da homologação da progressão horizontal da Educação Básica,Decretos,https://www.dosp.com.br/exibe_do.php?i=MjQyODg1,,Secretaria de Educação
2022-04-18,1265,6769-  loteamento GARDEN RESIDENCE,Decretos,https://www.dosp.com.br/exibe_do.php?i=MjQyODg1,,Não identificada
2022-04-14,1264,6777 - nomeia Carlos Roberto dos Santos - secretario de esportes,Decretos,https://www.dosp.com.br/exibe_do.php?i=MjQyNDYx,https://www.dosp.com.br/leituratexto?p=OTIyMDc4,Secretaria de Esporte
2022-04-14,1264,6776 -  revoga 6.685 2022 - cobrança de taxas para utilização dos campos de varzea,Decretos,https://www.dosp.com.br/exibe_do.php?i=MjQyNDYx,https://www.dosp.com.br/leituratexto?p=OTIyMDc3,Não identificada
2022-04-13,1260,6771 - nomeia andreia brisola cavalheira - secretaria relaçoe institucionais,Decretos,https://www.dosp.com.br/exibe_do.php?i=MjQxOTI0,https://www.dosp.com.br/leituratexto?p=OTIwMTU4,Não identificada
2022-04-13,1261,6767 - ponto facultativo - dia 22 de abrl - Dia de Tiradentes,Decretos,https://www.dosp.com.br/exibe_do.php?i=MjQyMDA0,https://www.dosp.com.br/leituratexto?p=OTIwNTAx,Não identificada
2022-04-13,1261,"6766 - Crédito Adicional Especial - Progressão Educação - 4.638.556,95",Decretos,https://www.dosp.com.br/exibe_do.php?i=MjQyMDA0,https://www.dosp.com.br/leituratexto?p=OTIwNTAw,Secretaria de Educação
2022-04-13,1260,6770 - revoga decreto 6150 - secretária de esportes - andreia brisola,Decretos,https://www.dosp.com.br/exibe_do.php?i=MjQxOTI0,https://www.dosp.com.br/leituratexto?p=OTIwMTU5,Secretaria de Esporte
2022-04-11,1258,"2626 - Crédito Adicional Especial - Progressão Educação Básica - 4.638.556,95",Leis,https://www.dosp.com.br/exibe_do.php?i=MjQxMTg4,https://www.dosp.com.br/leituratexto?p=OTE3ODU4,Secretaria de Educação
2022-04-11,1258,280 - Autoriza o Executivo efetivar pagamento de progressão funcional aos ocupantes de cargos da educação,Leis,https://www.dosp.com.br/exibe_do.php?i=MjQxMTg4,https://www.dosp.com.br/leituratexto?p=OTE3ODU5,Secretaria de Educação
2022-04-07,1256,279 - Institui o Programa de Recuperação Fiscal - REFIS,Leis,https://www.dosp.com.br/exibe_do.php?i=MjQwNDY0,https://www.dosp.com.br/leituratexto?p=OTE1NjQ1,Não identificada
2022-04-07,1256,"2625 - Crédito Adicional Suplementar - Sec de Obras - 200.000,00",Leis,https://www.dosp.com.br/exibe_do.php?i=MjQwNDY0,https://www.dosp.com.br/leituratexto?p=OTE1NjUz,Secretaria de Obras
2022-04-06,1253,Decreto Legislativo   353 2022,Decretos,https://www.dosp.com.br/exibe_do.php?i=MjM5OTE5,https://www.dosp.com.br/leituratexto?p=OTEzNzkx,Não identificada
2022-04-06,1253,6762- Atualiza valor a ser utilizado como parametro para apuração das dívidas tributária e não tributárias - procuradoria,Decretos,https://www.dosp.com.br/exibe_do.php?i=MjM5OTE5,https://www.dosp.com.br/leituratexto?p=OTEzMzYz,Não identificada
2022-04-04,1250,11030 – (...),Portarias,https://www.dosp.com.br/exibe_do.php?i=MjM5MjAz,https://www.dosp.com.br/leituratexto?p=OTExMzI1,Não identificada
2022-04-04,1251,6760- fundo social - Regina Celia Pompiani Lopes Arca,Decretos,https://www.dosp.com.br/exibe_do.php?i=MjM5MjM0,https://www.dosp.com.br/leituratexto?p=OTExNDA1,Não identificada
2022-04-01,1249,6755 - Novos prazos dos Concursos Públicos Lei Federal 14.314 2022,Decretos,https://www.dosp.com.br/exibe_do.php?i=MjM4OTI2,https://www.dosp.com.br/leituratexto?p=OTEwNjY5,Não identificada
2022-04-01,1248,anexo ao Decreto 6756 - Ata TAF Concurso Público 03 2019,Decretos,https://www.dosp.com.br/exibe_do.php?i=MjM4ODUx,https://www.dosp.com.br/leituratexto?p=OTEwMTEx,Não identificada
2022-04-01,1248,anexo ao Decreto 6756 - Ata TAF Concurso Público 02 2018,Decretos,https://www.dosp.com.br/exibe_do.php?i=MjM4ODUx,https://www.dosp.com.br/leituratexto?p=OTEwMTEw,Não identificada
2022-04-01,1248,6756 - Homologação complementar do concurso publico 003 2019,Decretos,https://www.dosp.com.br/exibe_do.php?i=MjM4ODUx,https://www.dosp.com.br/leituratexto?p=OTEwMTA5,Não identificada
2022-03-31,1246,6754 - Altera art. 3º  Decreto 6740  2022,Decretos,https://www.dosp.com.br/exibe_do.php?i=MjM4Mzgx,https://www.dosp.com.br/leituratexto?p=OTA4NTc5,Não identificada
2022-03-29,1242,6749 - revoga decreto 6136 - Fundo Social,Decretos,https://www.dosp.com.br/exibe_do.php?i=MjM3NTYy,https://www.dosp.com.br/leituratexto?p=OTA1MjU2,Não identificada
2022-03-29,1241,6750 - Retificação do Anexo Unicio -Decreto 67 40 -2022,Decretos,https://www.dosp.com.br/exibe_do.php?i=MjM3NTE0,,Não identificada
2022-03-29,1242,6746 - exonera carla flores - secretaria de relações institucionais,Decretos,https://www.dosp.com.br/exibe_do.php?i=MjM3NTYy,https://www.dosp.com.br/leituratexto?p=OTA1MjU1,Não identificada
2022-03-25,1239,"2621 - Crédito Adicional Especial - Sec Agric e Abast -1.251,82",Leis,https://www.dosp.com.br/exibe_do.php?i=MjM2OTcx,https://www.dosp.com.br/leituratexto?p=OTAzMzky,Não identificada
2022-03-25,1239,2623 - Institui a Semana Municipal do Trabalhador,Leis,https://www.dosp.com.br/exibe_do.php?i=MjM2OTcx,https://www.dosp.com.br/leituratexto?p=OTAzMzg5,Não identificada
2022-03-25,1239,"2622 - Crédito Adicional Especial - FUMBOAR -1.399.484,48",Leis,https://www.dosp.com.br/exibe_do.php?i=MjM2OTcx,https://www.dosp.com.br/leituratexto?p=OTAzMzkz,Não identificada
2022-03-25,1239,2624 - Obrigatoriedade de prestar socorro aos animais atropelados no municipio de avare,Leis,https://www.dosp.com.br/exibe_do.php?i=MjM2OTcx,https://www.dosp.com.br/leituratexto?p=OTAzMzkw,Não identificada
2022-03-25,1239,"6744- Abertura de Crédito Adicional Especial FUMBOARt - 1.399.484,48",Decretos,https://www.dosp.com.br/exibe_do.php?i=MjM2OTcx,https://www.dosp.com.br/leituratexto?p=OTAzMzk5,Não identificada
2022-03-25,1239,6748 -ANEXO I DECRETO PLANO ANULA DE CONTRATAÇÕES,Decretos,https://www.dosp.com.br/exibe_do.php?i=MjM2OTcx,,Não identificada
2022-03-25,1239,6748 - regulamenta o sistema de planejamento e gerenciamento de contratação,Decretos,https://www.dosp.com.br/exibe_do.php?i=MjM2OTcx,https://www.dosp.com.br/leituratexto?p=OTAzNTI4,Não identificada
2022-03-25,1239,"6743- Abertura de Crédito Adicional Especial Sec Agr Abast - 1.251,82",Decretos,https://www.dosp.com.br/exibe_do.php?i=MjM2OTcx,https://www.dosp.com.br/leituratexto?p=OTAzMzk4,Não identificada
2022-03-24,1237,"6742- Reabertura de Crédito Adicional Especial na Lei Orçamentária Anual 2022 - 250.000,00",Decretos,https://www.dosp.com.br/exibe_do.php?i=MjM2NDIz,https://www.dosp.com.br/leituratexto?p=OTAxNDcx,Não identificada
2022-03-23,1236,Decreto Legislativo 352.2022,Decretos,https://www.dosp.com.br/exibe_do.php?i=MjM2MTIx,https://www.dosp.com.br/leituratexto?p=ODk5NTc3,Não identificada
2022-03-23,1236,6740 - Anexo Unico,Decretos,https://www.dosp.com.br/exibe_do.php?i=MjM2MTIx,,Não identificada
2022-03-23,1236,6740 - Homologa Progressão Horizontal do Profissionais ocupantes de cargo publico da Educação Básica,Decretos,https://www.dosp.com.br/exibe_do.php?i=MjM2MTIx,https://www.dosp.com.br/leituratexto?p=OTAwMzU1,Secretaria de Educação
2022-03-22,1235,6736 -  Plano Setorial de Transporte e Mobilidade Urbana - REVISÃO 1,Decretos,https://www.dosp.com.br/exibe_do.php?i=MjM1NzQ2,https://www.dosp.com.br/leituratexto?p=ODk5MDgy,Secretaria de Transporte
2022-03-22,1235,2620 - Institui o Dia do Ciclista e a Politica de Fomento ao Ciclismo,Leis,https://www.dosp.com.br/exibe_do.php?i=MjM1NzQ2,https://www.dosp.com.br/leituratexto?p=ODk4MDAw,Não identificada
2022-03-22,1235,6737 -  revoga 6.727 - revoga concessão de direito real ABOVA,Decretos,https://www.dosp.com.br/exibe_do.php?i=MjM1NzQ2,https://www.dosp.com.br/leituratexto?p=ODk4Njk5,Não identificada
2022-03-21,1234,6726 -  revoga 5697 2019 - permissão de uso Cimentos Oeste Industria e Comércio de Artefatos de Concreto,Decretos,https://www.dosp.com.br/exibe_do.php?i=MjM1NDA2,https://www.dosp.com.br/leituratexto?p=ODk3MjIz,Não identificada
2022-03-21,1234,6730 - ERRATA -  revoga Decreto 5825 -  uso obrigatório de mascara covid 19,Decretos,https://www.dosp.com.br/exibe_do.php?i=MjM1NDA2,https://www.dosp.com.br/leituratexto?p=ODk3MzU2,Não identificada
2022-03-21,1234,6728 - garantia hipotecária loteamento Garden Residence,Decretos,https://www.dosp.com.br/exibe_do.php?i=MjM1NDA2,https://www.dosp.com.br/leituratexto?p=ODk3MjQy,Não identificada
2022-03-21,1234,6731-  ANEXO institui o regulamento do Campeonato Intermunicipal de Futebol de Veteranos - Bugrinho,Decretos,https://www.dosp.com.br/exibe_do.php?i=MjM1NDA2,,Não identificada
2022-03-21,1234,6727 -  revoga 2067 2016 - concessão de direito real ABOVA,Decretos,https://www.dosp.com.br/exibe_do.php?i=MjM1NDA2,https://www.dosp.com.br/leituratexto?p=ODk3MjI0,Não identificada
2022-03-21,1234,6731- institui o regulamento do Campeonato Intermunicipal de Futebol de Veteranos - Bugrinho,Decretos,https://www.dosp.com.br/exibe_do.php?i=MjM1NDA2,https://www.dosp.com.br/leituratexto?p=ODk3OTk1,Não identificada
2022-03-21,1234,PORTARIAS PARA (...),Portarias,https://www.dosp.com.br/exibe_do.php?i=MjM1NDA2,,Não identificada
2022-03-18,1233,6730 - revoga Decreto 5825 -  uso obrigatório de mascara covid 19,Decretos,https://www.dosp.com.br/exibe_do.php?i=MjM1MDE0,,Não identificada
2022-03-18,1232,TERMO DE DOAÇÃO - TRANSPORTE FUNDO SOCIAL - ki kakau 23 de março,Decretos,https://www.dosp.com.br/exibe_do.php?i=MjM0ODcx,,Secretaria de Transporte
2022-03-14,1227,6722 - declaração de utilidade pública - desapropriação parcial - sergio filgueiras,Decretos,https://www.dosp.com.br/exibe_do.php?i=MjMzMzQy,,Não identificada
2022-03-09,1224,"2617 - Crédito Adicional Especial - Sec de Obras e Serviços - R$ 120.930,50",Leis,https://www.dosp.com.br/exibe_do.php?i=MjMyMzc2,,Secretaria de Obras
2022-03-09,1224,"6720- Crédito Adicional Especial - Semads - 2.358.300,23",Decretos,https://www.dosp.com.br/exibe_do.php?i=MjMyMzc2,,Não identificada
2022-03-09,1224,"6719- Crédito Adicional Especial - Obras e Serviços - 729,35",Decretos,https://www.dosp.com.br/exibe_do.php?i=MjMyMzc2,,Secretaria de Obras
2022-03-09,1224,"6718- Crédito Adicional Especial - Obras e Serviços - 120.930,50",Decretos,https://www.dosp.com.br/exibe_do.php?i=MjMyMzc2,,Secretaria de Obras
2022-03-09,1224,"2618 - Crédito Adicional Especial - Sec de Obras e Serviços - R$ 729,35",Leis,https://www.dosp.com.br/exibe_do.php?i=MjMyMzc2,,Secretaria de Obras
2022-03-09,1224,"2619 - Crédito Adicional Especial - Semads - R$ 2.358.300,23",Leis,https://www.dosp.com.br/exibe_do.php?i=MjMyMzc2,,Não identificada
2022-03-08,1220,6716-  nomeia comissão organizadora  do Campeonato Intermunicipal de Futebol do Veteranos 2022 Benedito da Silva - Bugrinho,Decretos,https://www.dosp.com.br/exibe_do.php?i=MjMxOTU0,,Não identificada
2022-03-07,1219,6715 -  reorganiza equipe vigilância sanitaria - revoga 6490,Decretos,https://www.dosp.com.br/exibe_do.php?i=MjMxNTQ5,,Não identificada
2022-03-07,1219,6714 - Organiza COMSEA,Decretos,https://www.dosp.com.br/exibe_do.php?i=MjMxNTQ5,,Não identificada
2022-03-07,1219,6712-  reorganiza conselho municipal dos direitos da criança e do adolescente - cmdca,Decretos,https://www.dosp.com.br/exibe_do.php?i=MjMxNTQ5,,Não identificada
2022-03-07,1219,2616 - Parceria com Instituições de ensino superior curso de psicologia,Leis,https://www.dosp.com.br/exibe_do.php?i=MjMxNTQ5,,Não identificada
2022-02-24,1212,"6693- Crédito Adicional Especial - SEMADS- 125.069,87",Decretos,https://www.dosp.com.br/exibe_do.php?i=MjI5NDkw,,Não identificada
2022-02-24,1212,"6697- Crédito Adicional Especial - SEMADS- 18.422,38",Decretos,https://www.dosp.com.br/exibe_do.php?i=MjI5NDkw,,Não identificada
2022-02-24,1212,"6690- Crédito Adicional Especial - SEMADS- 205.252,99",Decretos,https://www.dosp.com.br/exibe_do.php?i=MjI5NDkw,,Não identificada
2022-02-24,1212,6686 -  reorganiza conselho municipal dos direitos da criança e do adolescente - CMDCA,Decretos,https://www.dosp.com.br/exibe_do.php?i=MjI5NDkw,,Não identificada
2022-02-24,1212,"6696- Crédito Adicional Especial - SEMADS- 34.912,58",Decretos,https://www.dosp.com.br/exibe_do.php?i=MjI5NDkw,,Não identificada
2022-02-24,1212,"6701- Crédito Adicional Especial - SEMADS- 113.939,48",Decretos,https://www.dosp.com.br/exibe_do.php?i=MjI5NDkw,,Não identificada
2022-02-24,1212,"6694- Crédito Adicional Especial - SEMADS- 44.699,63",Decretos,https://www.dosp.com.br/exibe_do.php?i=MjI5NDkw,,Não identificada
2022-02-24,1212,"6698- Crédito Adicional Especial - SEMADS- 12.146,60",Decretos,https://www.dosp.com.br/exibe_do.php?i=MjI5NDkw,,Não identificada
2022-02-24,1212,"6691- Crédito Adicional Especial - SEMADS- 169.500,75",Decretos,https://www.dosp.com.br/exibe_do.php?i=MjI5NDkw,,Não identificada
2022-02-24,1212,"6702- Crédito Adicional Especial - SEMADS- 779,38",Decretos,https://www.dosp.com.br/exibe_do.php?i=MjI5NDkw,,Não identificada
2022-02-24,1212,"6699- Crédito Adicional Especial - SEMADS- 4.624,56",Decretos,https://www.dosp.com.br/exibe_do.php?i=MjI5NDkw,,Não identificada
2022-02-24,1212,"6692- Crédito Adicional Especial - SEMADS- 169,91",Decretos,https://www.dosp.com.br/exibe_do.php?i=MjI5NDkw,,Não identificada
2022-02-24,1212,"6695- Crédito Adicional Especial - SEMADS- 39.866,60",Decretos,https://www.dosp.com.br/exibe_do.php?i=MjI5NDkw,,Não identificada
2022-02-24,1212,"6700- Crédito Adicional Especial - SEMADS- 289.481,37",Decretos,https://www.dosp.com.br/exibe_do.php?i=MjI5NDkw,,Não identificada
2022-02-24,1212,"6703- Crédito Adicional Especial - SEMADS- 554,47",Decretos,https://www.dosp.com.br/exibe_do.php?i=MjI5NDkw,,Não identificada
2022-02-24,1212,"2612 - Crédito Adicional Especial - SEMADS -289.481,37",Leis,https://www.dosp.com.br/exibe_do.php?i=MjI5NDkw,,Não identificada
2022-02-24,1212,"2611 - Crédito Adicional Especial - SEMADS -4.624,56",Leis,https://www.dosp.com.br/exibe_do.php?i=MjI5NDkw,,Não identificada
2022-02-24,1212,"2604 - Crédito Adicional Especial - SEMADS -169,91",Leis,https://www.dosp.com.br/exibe_do.php?i=MjI5NDkw,,Não identificada
2022-02-24,1212,"2614 - Crédito Adicional Especial - SEMADS -779,38",Leis,https://www.dosp.com.br/exibe_do.php?i=MjI5NDkw,,Não identificada
2022-02-24,1212,"2615 - Crédito Adicional Especial - SEMADS -554,47",Leis,https://www.dosp.com.br/exibe_do.php?i=MjI5NDkw,,Não identificada
2022-02-24,1212,"2608 - Crédito Adicional Especial - SEMADS -34.912,58",Leis,https://www.dosp.com.br/exibe_do.php?i=MjI5NDkw,,Não identificada
2022-02-24,1212,278 - Altera dispositivo na L C 126 - Adicional 45%,Leis,https://www.dosp.com.br/exibe_do.php?i=MjI5NDkw,,Não identificada
2022-02-24,1212,"2607 - Crédito Adicional Especial - SEMADS -39.866,60",Leis,https://www.dosp.com.br/exibe_do.php?i=MjI5NDkw,,Não identificada
2022-02-24,1212,"2605 - Crédito Adicional Especial - SEMADS -125.069,87",Leis,https://www.dosp.com.br/exibe_do.php?i=MjI5NDkw,,Não identificada
2022-02-24,1212,"2609 - Crédito Adicional Especial - SEMADS -18.422,38",Leis,https://www.dosp.com.br/exibe_do.php?i=MjI5NDkw,,Não identificada
2022-02-24,1212,"2603 - Crédito Adicional Especial - SEMADS -169.500,75",Leis,https://www.dosp.com.br/exibe_do.php?i=MjI5NDkw,,Não identificada
2022-02-24,1212,"2610 - Crédito Adicional Especial - SEMADS -12.146,60",Leis,https://www.dosp.com.br/exibe_do.php?i=MjI5NDkw,,Não identificada
2022-02-24,1212,"2606 - Crédito Adicional Especial - SEMADS -44.699,63",Leis,https://www.dosp.com.br/exibe_do.php?i=MjI5NDkw,,Não identificada
2022-02-24,1212,"2602 - Crédito Adicional Especial - SEMADS - 205.252,99",Leis,https://www.dosp.com.br/exibe_do.php?i=MjI5NDkw,,Não identificada
2022-02-24,1212,"2613 - Crédito Adicional Especial - SEMADS -113.939,48",Leis,https://www.dosp.com.br/exibe_do.php?i=MjI5NDkw,,Não identificada
2022-02-22,1209,2601 - índice para revisão geral anual e reajuste da remuneração dos servidores da Câmara,Leis,https://www.dosp.com.br/exibe_do.php?i=MjI4Njkx,,Não identificada
2022-02-21,1208,10991 – (...),Portarias,https://www.dosp.com.br/exibe_do.php?i=MjI4NDMx,,Não identificada
2022-02-21,1208,2598 - Instalação de placas informativas sobre locais de grande incidencia de alagamentos,Leis,https://www.dosp.com.br/exibe_do.php?i=MjI4NDMx,,Não identificada
2022-02-21,1208,2599 - Criação e inclusão de notificação meteorologica no site da Prefeitura,Leis,https://www.dosp.com.br/exibe_do.php?i=MjI4NDMx,,Não identificada
2022-02-21,1208,"2600 - Parceria entre Prefeitura, Defesa Civil e Corpo de Bombeiros para mapeamento dos pontos de alagamentos",Leis,https://www.dosp.com.br/exibe_do.php?i=MjI4NDMx,,Não identificada
2022-02-21,1208,6685 - Utilização de campos municipais de varzea,Decretos,https://www.dosp.com.br/exibe_do.php?i=MjI4NDMx,,Não identificada
2022-02-18,1207,6680  - reorganiza comissão apoio delegações esportivas - revoga 5956,Decretos,https://www.dosp.com.br/exibe_do.php?i=MjI3OTUz,,Não identificada
2022-02-18,1207,6682 - Comissão de Revisão ITBI,Decretos,https://www.dosp.com.br/exibe_do.php?i=MjI3OTUz,,Não identificada
2022-02-18,1207,2596 - Proceder permuta de área de propriedade do Municipio,Leis,https://www.dosp.com.br/exibe_do.php?i=MjI3OTUz,,Não identificada
2022-02-18,1207,2597 - Altera o § 1º do art 7º da Lei 1283 de 2009,Leis,https://www.dosp.com.br/exibe_do.php?i=MjI3OTUz,,Não identificada
2022-02-15,1204,6563 - Desapropriação - Roberto Bonan - Vitória.doc,Decretos,https://www.dosp.com.br/exibe_do.php?i=MjI2NTQ4,,Não identificada
2022-02-15,1204,6200 - denomina vias publicas - jardim dona laura - altera decreto 3943,Decretos,https://www.dosp.com.br/exibe_do.php?i=MjI2NTQ4,,Não identificada
2022-02-15,1204,6561 - Desapropriação - Partilha de Antonio Francisco da Silva - Vitória.doc,Decretos,https://www.dosp.com.br/exibe_do.php?i=MjI2NTQ4,,Não identificada
2022-02-15,1204,PORTARIA PRO – (...),Portarias,https://www.dosp.com.br/exibe_do.php?i=MjI2NTQ4,,Não identificada
2022-02-10,1201,6677 - declara ponto facultativo carnaval 2022,Decretos,https://www.dosp.com.br/exibe_do.php?i=MjI1NDM3,,Não identificada
2022-02-09,1200,2595 - concessão de bem imóvel CASA NOVA MIX LTDA,Leis,https://www.dosp.com.br/exibe_do.php?i=MjI1MDUy,,Não identificada
2022-02-08,1199,6674 - nomeia luiz guilherme de almeida peliçon - gestor e ordenador fundo da criança e adolescente - revoga 6172,Decretos,https://www.dosp.com.br/exibe_do.php?i=MjI0NzI2,,Não identificada
2022-02-03,1195,6672 - Declara situação de emergência,Decretos,https://www.dosp.com.br/exibe_do.php?i=MjIzNTM5,,Não identificada
2022-02-03,1195,6671 -  revoga 6669 2022 - Estado de Calamidade Pública,Decretos,https://www.dosp.com.br/exibe_do.php?i=MjIzNTM5,,Não identificada
2022-02-03,1195,10974 – (...),Portarias,https://www.dosp.com.br/exibe_do.php?i=MjIzNTM5,,Não identificada
2022-02-01,1193,6669 - Declara Estado de Calamidade Pública em razão das chuvas 01 02 2022,Decretos,https://www.dosp.com.br/exibe_do.php?i=MjIyOTU4,,Não identificada
2022-02-01,1192,6666 - nomeia Carla Flores - secretaria relaçoe institucionais,Decretos,https://www.dosp.com.br/exibe_do.php?i=MjIyNzU2,,Não identificada
2022-01-31,1190,6664- Deferimento e homologação para manutenção do Adicional de Qualificação ao profissional do magistério,Decretos,https://www.dosp.com.br/exibe_do.php?i=MjIyMzE3,,Não identificada
2022-01-31,1191,10966 – (...),Portarias,https://www.dosp.com.br/exibe_do.php?i=MjIyMzg2,,Não identificada
2022-01-28,1188,6661 - Reorganiza Comissão Examinadora da 2ª Fase dos Concursos Publicso 0002 e 0003 de 2019,Decretos,https://www.dosp.com.br/exibe_do.php?i=MjIxNDg3,,Não identificada
2022-01-27,1187,276 - Reestrutura o Regime Próprio de Previdência Social - AVAREPREV,Leis,https://www.dosp.com.br/exibe_do.php?i=MjIxMDY3,,Não identificada
2022-01-27,1187,2594 - Autoriza poder executivo a celerar convênio com o SESI,Leis,https://www.dosp.com.br/exibe_do.php?i=MjIxMDY3,,Não identificada
2022-01-27,1187,6660 - pagamento de parcela autonoma de complementação ao salário,Decretos,https://www.dosp.com.br/exibe_do.php?i=MjIxMDY3,,Não identificada
2022-01-27,1187,277 - Altera o art 2º da Lei Complementar 90 2009 - SECRETARIAS,Leis,https://www.dosp.com.br/exibe_do.php?i=MjIxMDY3,,Não identificada
2022-01-26,1186,6655 - reorganiza gta - grupo tecnico de apoio,Decretos,https://www.dosp.com.br/exibe_do.php?i=MjIwNzY3,,Não identificada
2022-01-26,1186,6625  - reorganiza conselho plano diretor revoga 5574 de 2020,Decretos,https://www.dosp.com.br/exibe_do.php?i=MjIwNzY3,,Não identificada
2022-01-19,1181,6648 - denomina estrada municipal Munir Abbud,Decretos,https://www.dosp.com.br/exibe_do.php?i=MjE5MDQw,,Não identificada
2022-01-19,1180,6647- Institui o Regimento Interno da Comissão Municipal de Educação Ambiental - COMEA,Decretos,https://www.dosp.com.br/exibe_do.php?i=MjE5MDA1,,Secretaria de Educação
2022-01-18,1179,6646- conselho municipal dos direitos da pessoa com deficiencia - revoga 6400,Decretos,https://www.dosp.com.br/exibe_do.php?i=MjE4NTI4,,Não identificada
2022-01-17,1178,2593 - Obrigatoriedade de realização de exame toxicologico de queratina Vereadores,Leis,https://www.dosp.com.br/exibe_do.php?i=MjE4NDE2,,Não identificada
2022-01-17,1178,"2591 - Credito Adicional Especial - Saúde - 252.000,00",Leis,https://www.dosp.com.br/exibe_do.php?i=MjE4NDE2,,Secretaria de Saúde
2022-01-17,1178,2592 - Altera art.1º da Lei nº 2.590 2021 - JC,Leis,https://www.dosp.com.br/exibe_do.php?i=MjE4NDE2,,Não identificada
2022-01-17,1178,"6644 - Crédito Adicional Especial - saúde - 252.000,00",Decretos,https://www.dosp.com.br/exibe_do.php?i=MjE4NDE2,,Secretaria de Saúde
2022-01-13,1175,274 - Altera o Anexo I - Quadro de emprego público - Enfermeiro PSF,Leis,https://www.dosp.com.br/exibe_do.php?i=MjE3ODEy,,Não identificada
2022-01-13,1175,275 - Altera o Anexo I - Quadro de pessoal permanente - Enfermeiro,Leis,https://www.dosp.com.br/exibe_do.php?i=MjE3ODEy,,Não identificada
2022-01-12,1174,Portarias de D (...),Portarias,https://www.dosp.com.br/exibe_do.php?i=MjE3NDIw,,Não identificada
2022-01-12,1174,Portaria de Junho,Portarias,https://www.dosp.com.br/exibe_do.php?i=MjE3NDIw,,Não identificada
2022-01-12,1174,Portarias de Julho,Portarias,https://www.dosp.com.br/exibe_do.php?i=MjE3NDIw,,Não identificada
2022-01-12,1174,Portarias Setembro,Portarias,https://www.dosp.com.br/exibe_do.php?i=MjE3NDIw,,Não identificada
2022-01-12,1174,Portarias de N (...),Portarias,https://www.dosp.com.br/exibe_do.php?i=MjE3NDIw,,Não identificada
2022-01-12,1174,Portarias de Outubro,Portarias,https://www.dosp.com.br/exibe_do.php?i=MjE3NDIw,,Não identificada
2022-01-12,1174,Portarias de Agosto,Portarias,https://www.dosp.com.br/exibe_do.php?i=MjE3NDIw,,Não identificada
2022-01-10,1172,6641 - Compração de regularidade vacinal contra Covid 19,Decretos,https://www.dosp.com.br/exibe_do.php?i=MjE2ODcy,,Não identificada
2022-01-07,1169,6639 - revoga 6582 2021 - plano setorial de transporte e mobilidade,Decretos,https://www.dosp.com.br/exibe_do.php?i=MjE2NTU5,,Secretaria de Transporte
2022-01-03,1165,6634 - Reorganiza Conselho Municipal de Saúde,Decretos,https://www.dosp.com.br/exibe_do.php?i=MjE1NDYx,,Secretaria de Saúde
2021-12-29,1163,"6628 - Crédito Adicional Suplementar - R$ 1.200.000,00 - Osvaldo Avareprev",Decretos,https://www.dosp.com.br/exibe_do.php?i=MjE0ODkw,,Não identificada
2021-12-29,1163,6629 - Reorganiza JARI - Junta Administrativa de Recursos de Infrações - revoga 6174,Decretos,https://www.dosp.com.br/exibe_do.php?i=MjE0ODkw,,Não identificada
2021-12-27,1160,6627 - reorganiza comissão viva leite,Decretos,https://www.dosp.com.br/exibe_do.php?i=MjE0MzM0,,Não identificada
2021-12-23,1158,6624 - garantia hipotecária loteamento Residencial Ferreira Santos,Decretos,https://www.dosp.com.br/exibe_do.php?i=MjE0MDQ3,,Não identificada
2021-12-23,1158,6623 - Autoriza Loteamento - Residencial Ferreira Santos,Decretos,https://www.dosp.com.br/exibe_do.php?i=MjE0MDQ3,,Não identificada
2021-12-22,1157,2590 - Autoriza concessão de bem imóvel - JC Prestações de Serviços Ltda,Decretos,https://www.dosp.com.br/exibe_do.php?i=MjEzNjg0,,Não identificada
2021-12-20,1155,"2589 - Crédito Adicional Suplementar - educação FUNDEB- R$ 3.786.590,90",Leis,https://www.dosp.com.br/exibe_do.php?i=MjEzMDk3,,Secretaria de Educação
2021-12-20,1155,"2588 - Crédito Adicional Suplementar - saúde - R$ 670.000,00",Leis,https://www.dosp.com.br/exibe_do.php?i=MjEzMDk3,,Secretaria de Saúde
2021-12-20,1155,273 - Altera  o art 3º da Lei Complementar 263 FMSAI,Leis,https://www.dosp.com.br/exibe_do.php?i=MjEzMDk3,,Não identificada
2021-12-20,1155,"6620 - Crédito Adicional Suplemantar - saúde - R$ 670.000,00",Decretos,https://www.dosp.com.br/exibe_do.php?i=MjEzMDk3,,Secretaria de Saúde
2021-12-20,1155,"6621 - Crédito Adicional Suplemantar - FUNDEB - R$3.786.590,90",Decretos,https://www.dosp.com.br/exibe_do.php?i=MjEzMDk3,,Não identificada
2021-12-16,1153,6617 - ponto facultativo - final de ano 2021,Decretos,https://www.dosp.com.br/exibe_do.php?i=MjEyNTE2,,Não identificada
2021-12-15,1152,6616 - reorganiza Conselho FUNDEB,Decretos,https://www.dosp.com.br/exibe_do.php?i=MjEyMTU1,,Não identificada
2021-12-15,1152,"6613 - FREA - Crédito Suplementar - R$62.400,00",Decretos,https://www.dosp.com.br/exibe_do.php?i=MjEyMTU1,,Não identificada
2021-12-14,1150,6611 - reorganiza cae - conselho de alimentação escolar,Decretos,https://www.dosp.com.br/exibe_do.php?i=MjExNzky,,Não identificada
2021-12-14,1150,2587 - Altera redação do caput do art 2º Lei 2412 - 2020 - subsídio Vice Prefeito,Leis,https://www.dosp.com.br/exibe_do.php?i=MjExNzky,,Não identificada
2021-12-13,1148,"6610- crédito adicional extraordinário -  saúde _1.630.500,00",Decretos,https://www.dosp.com.br/exibe_do.php?i=MjExMjQ2,,Secretaria de Saúde
2021-12-10,1147,6608 - Elevação de vaga - Cargo Agente Administrativo,Decretos,https://www.dosp.com.br/exibe_do.php?i=MjExMDUw,,Não identificada
2021-12-10,1147,6607 - Elevação de vaga - Cargo de Oficial de Manutenção e Serviços,Decretos,https://www.dosp.com.br/exibe_do.php?i=MjExMDUw,,Não identificada
2021-12-10,1147,6605 - reorganiza os membros da Comissão Tecnica de Gestão de Carreiras da Educação Básica,Decretos,https://www.dosp.com.br/exibe_do.php?i=MjExMDUw,,Secretaria de Educação
2021-12-10,1147,"6609 - Destinação de itens residuais de uniforme, material escolar, livro didático - FNDE",Decretos,https://www.dosp.com.br/exibe_do.php?i=MjExMDUw,,Não identificada
2021-12-09,1145,6603 - revoga 5711 2020 - comissão permanente de análise de comissão,Decretos,https://www.dosp.com.br/exibe_do.php?i=MjEwODIw,,Não identificada
2021-12-07,1143,6602- reorganiza Comissão Permanente de Readaptação Funcional,Decretos,https://www.dosp.com.br/exibe_do.php?i=MjEwMjQy,,Não identificada
2021-12-06,1142,6600 -reorganiza a composição do Conselho Municipal de Assistencia Social  - CMAS,Decretos,https://www.dosp.com.br/exibe_do.php?i=MjA5OTY2,,Secretaria de Assistência Social
2021-12-06,1142,"CATE - Decreto Nº 6.366, de 02 de Julho de 2021",Decretos,https://www.dosp.com.br/exibe_do.php?i=MjA5OTY2,,Não identificada
2021-12-06,1142,6596 - elevação de vagas OFICIAL DE MANUTENÇÃO E SERVIÇOS,Decretos,https://www.dosp.com.br/exibe_do.php?i=MjA5OTY2,,Não identificada
2021-12-06,1142,6597 -elevação de vagas tec enfermagem,Decretos,https://www.dosp.com.br/exibe_do.php?i=MjA5OTY2,,Não identificada
2021-12-06,1142,6601- nomeação de membros do Conselho Municipal de Desenvolvimento Rural - cmdr,Decretos,https://www.dosp.com.br/exibe_do.php?i=MjA5OTY2,,Não identificada
2021-12-06,1142,6598 -elevacao de vagas aux. farmacia,Decretos,https://www.dosp.com.br/exibe_do.php?i=MjA5OTY2,,Não identificada
2021-12-02,1140,"2584 - Crédito Adicional Especial - Saúde - 60.000,00",Leis,https://www.dosp.com.br/exibe_do.php?i=MjA5Mzkw,,Secretaria de Saúde
2021-12-02,1140,"2585 - Crédito Adicional Especial - Saúde -259.533,64",Leis,https://www.dosp.com.br/exibe_do.php?i=MjA5Mzkw,,Secretaria de Saúde
2021-12-02,1140,2581 - Proíbe a utilização de verba pública em eventos e serviços que promovam a sexualização de crianças e adolescentes,Leis,https://www.dosp.com.br/exibe_do.php?i=MjA5Mzkw,,Não identificada
2021-12-02,1140,2583 - Autoriza de bem imovel - UNIÃO NEGRA AVAREENSE - UNA,Leis,https://www.dosp.com.br/exibe_do.php?i=MjA5Mzkw,,Não identificada
2021-12-02,1140,"2582 - Inclusão do art 1º - A na Lei 2411 - ferias e 13º de vereadores, prefeito e vice",Leis,https://www.dosp.com.br/exibe_do.php?i=MjA5Mzkw,,Não identificada
2021-12-02,1140,"2586 - Crédito Adicional Especial - Saúde -102.000,00",Leis,https://www.dosp.com.br/exibe_do.php?i=MjA5Mzkw,,Secretaria de Saúde
2021-12-02,1140,"6587 - Crédito Adicional Especial-Semads -200.000,00",Decretos,https://www.dosp.com.br/exibe_do.php?i=MjA5Mzkw,,Não identificada
2021-12-02,1140,6591 - revoga decreto 6437 e 6447 declaclaração de utilidade pública para fins de desapropriação parcial,Decretos,https://www.dosp.com.br/exibe_do.php?i=MjA5Mzkw,,Não identificada
2021-12-02,1139,6564 - Declaração para desapropriação - Quem Direito,Decretos,https://www.dosp.com.br/exibe_do.php?i=MjA5Mjgy,,Não identificada
2021-12-02,1139,6585- desapropriação parcial equipamento publico comunitario,Decretos,https://www.dosp.com.br/exibe_do.php?i=MjA5Mjgy,,Não identificada
2021-12-02,1140,"6595 - Crédito Adicional Especial - saúde. -102.000,00",Decretos,https://www.dosp.com.br/exibe_do.php?i=MjA5Mzkw,,Secretaria de Saúde
2021-12-02,1140,"6593 - Crédito Adicional Especial - saúde. -60.000,00",Decretos,https://www.dosp.com.br/exibe_do.php?i=MjA5Mzkw,,Secretaria de Saúde
2021-12-02,1140,"6588 - Crédito Adicional Especial-Semads -50.000,00",Decretos,https://www.dosp.com.br/exibe_do.php?i=MjA5Mzkw,,Não identificada
2021-12-02,1139,6584- desapropriação parcial VIELA SANITÁRIA,Decretos,https://www.dosp.com.br/exibe_do.php?i=MjA5Mjgy,,Não identificada
2021-12-02,1139,6558 - Declaração para desapropriação - Quem Direito,Decretos,https://www.dosp.com.br/exibe_do.php?i=MjA5Mjgy,,Não identificada
2021-12-02,1140,"6594 - Crédito Adicional Especial - saúde. -259.533,64",Decretos,https://www.dosp.com.br/exibe_do.php?i=MjA5Mzkw,,Secretaria de Saúde
2021-12-02,1139,6586 -desapropriação parcial VIA DE CIRCULAÇÃO PARTICULAR EXISTENTE DE VEÍCULOS E PEDESTRES NA ÁREA 04 DA FAZENDA SANTA RITA II,Decretos,https://www.dosp.com.br/exibe_do.php?i=MjA5Mjgy,,Não identificada
2021-12-02,1139,6562 - Declaração para desapropriação - Quem Direito,Decretos,https://www.dosp.com.br/exibe_do.php?i=MjA5Mjgy,,Não identificada
2021-12-02,1140,"6589 - Crédito Adicional Suplementar-Planej. -580.000,00",Decretos,https://www.dosp.com.br/exibe_do.php?i=MjA5Mzkw,,Não identificada
2021-12-02,1139,6560 - Declaração para desapropriação - Quem Direito,Decretos,https://www.dosp.com.br/exibe_do.php?i=MjA5Mjgy,,Não identificada
2021-12-02,1139,6559 - Declaração para desapropriação - Quem Direito,Decretos,https://www.dosp.com.br/exibe_do.php?i=MjA5Mjgy,,Não identificada
2021-12-01,1138,"2578 - Crédito Adicional Especial - SEMADS - 200.000,00",Leis,https://www.dosp.com.br/exibe_do.php?i=MjA5MDU5,,Não identificada
2021-12-01,1138,270 - Altera anexo III da Lei complementar 140 de 2011 - redenominação e redefinição SAMU,Leis,https://www.dosp.com.br/exibe_do.php?i=MjA5MDU5,,Não identificada
2021-12-01,1138,"2579 - Crédito Adicional Especial - SEMADS - 50.000,00",Leis,https://www.dosp.com.br/exibe_do.php?i=MjA5MDU5,,Não identificada
2021-12-01,1138,"269 - Alteração dos anexos da Lei Complementar 254 de 2010, redenominação e redefinição das atribuições de cargos",Leis,https://www.dosp.com.br/exibe_do.php?i=MjA5MDU5,,Não identificada
2021-12-01,1138,2577 - Altera a redação do art. 3º §Ú da Lei 2532 - Cléia Dalva Pereira Balera Eireli Epp,Leis,https://www.dosp.com.br/exibe_do.php?i=MjA5MDU5,,Não identificada
2021-12-01,1138,271 - Altera anexo III da Lei complementar 188 de 2013 - redenominação e redefinição Bairro Costa Azul,Leis,https://www.dosp.com.br/exibe_do.php?i=MjA5MDU5,,Não identificada
2021-12-01,1138,6590 - comdec - defesa civil - revoga 6344,Decretos,https://www.dosp.com.br/exibe_do.php?i=MjA5MDU5,,Não identificada
2021-12-01,1138,272 - Altera anexo III da Lei complementar 253 de 2020 - redenominação e redefinição Chefe de Planejamento e Gestão Admva,Leis,https://www.dosp.com.br/exibe_do.php?i=MjA5MDU5,,Não identificada
2021-12-01,1138,6582 -  Plano Setorial de Transporte e Mobilidade Urbana,Decretos,https://www.dosp.com.br/exibe_do.php?i=MjA5MDU5,,Secretaria de Transporte
2021-12-01,1138,"2580 - Crédito Adicional Suplementar PLANEJAMENTO - 580.000,00",Leis,https://www.dosp.com.br/exibe_do.php?i=MjA5MDU5,,Não identificada
2021-11-30,1137,6581-  nomeia comissão organizadora da Final do Campeonato Municipal de Avaré Novembro Azul,Decretos,https://www.dosp.com.br/exibe_do.php?i=MjA4NzUx,,Não identificada
2021-11-30,1137,6578- utilização das Praças Públicas para realização de feiras e comércio em geral de veículos automotores,Decretos,https://www.dosp.com.br/exibe_do.php?i=MjA4NzUx,,Não identificada
2021-11-30,1137,2576 - Autoriza Sec. de Esportes a desembolsar valores para pagamento de premiação - Final Campeonato Mun de Avaré Novembro Azul,Leis,https://www.dosp.com.br/exibe_do.php?i=MjA4NzUx,,Secretaria de Esporte
2021-11-29,1136,6516 - Altera conselho municipal dos direitos da criança e do adolescente - Retroage 18 08,Decretos,https://www.dosp.com.br/exibe_do.php?i=MjA4Mzc5,,Não identificada
2021-11-29,1136,6575-  reorganiza conselho municipal dos direitos da criança e do adolescente,Decretos,https://www.dosp.com.br/exibe_do.php?i=MjA4Mzc5,,Não identificada
2021-11-29,1136,6533 - Altera conselho municipal dos direitos da criança e do adolescente - Retroage 18 07,Decretos,https://www.dosp.com.br/exibe_do.php?i=MjA4Mzc5,,Não identificada
2021-11-25,1134,"267 - Criação, alteração da estrutura administrativa e nomenclatura SEMAJ",Leis,https://www.dosp.com.br/exibe_do.php?i=MjA3ODcw,,Não identificada
2021-11-25,1134,"2569 -Altera a redação do art. 3º, §Ù, da Lei 2530 - Pedro Martins da Costa Eirelli EPP",Leis,https://www.dosp.com.br/exibe_do.php?i=MjA3ODcw,,Não identificada
2021-11-25,1134,"2572 -Altera a redação do art. 3º, §Ù, da Lei 2533-WALLTEC",Leis,https://www.dosp.com.br/exibe_do.php?i=MjA3ODcw,,Não identificada
2021-11-25,1134,2568 -Estima a receita e fixa a despesa do Município 2022,Leis,https://www.dosp.com.br/exibe_do.php?i=MjA3ODcw,,Não identificada
2021-11-25,1134,2575 - Alteração e inclusão de dispositivosda Lei Municipal 315 1995 - Estatuto dos Func Públicos,Leis,https://www.dosp.com.br/exibe_do.php?i=MjA3ODcw,,Não identificada
2021-11-25,1134,"265 - Criação, alteração da estrutura administrativa e nomenclatura SMPO",Leis,https://www.dosp.com.br/exibe_do.php?i=MjA3ODcw,,Não identificada
2021-11-25,1134,"2571 -Altera a redação do art. 3º, §Ù, da Lei 2531-ROMA ENGENHARIA",Leis,https://www.dosp.com.br/exibe_do.php?i=MjA3ODcw,,Não identificada
2021-11-25,1134,"2573 -Altera a redação do art. 3º, §Ù, da Lei 2538-LAJES FERREIRA & BARBOSA LTDA ME",Leis,https://www.dosp.com.br/exibe_do.php?i=MjA3ODcw,,Não identificada
2021-11-25,1134,"2570 -Altera a redação do art. 3º, §Ù, da Lei 2529 - KI-KAKAU",Leis,https://www.dosp.com.br/exibe_do.php?i=MjA3ODcw,,Não identificada
2021-11-25,1134,2574 - Revoga a Lei Municipal 1440 de 30 11 2010,Leis,https://www.dosp.com.br/exibe_do.php?i=MjA3ODcw,,Não identificada
2021-11-25,1134,2567 -Autoriza afetação de área pública no Bairro Jardim Paraiso,Leis,https://www.dosp.com.br/exibe_do.php?i=MjA3ODcw,,Não identificada
2021-11-25,1134,"266 - Criação, alteração da estrutura administrativa e nomenclatura SMTS",Leis,https://www.dosp.com.br/exibe_do.php?i=MjA3ODcw,,Não identificada
2021-11-25,1134,6574 - Concessão de férias regulamentares para o ano 2022 da Rede Municipal de Ensino,Decretos,https://www.dosp.com.br/exibe_do.php?i=MjA3ODcw,,Não identificada
2021-11-24,1133,"268 - Estabelece novo valor do vale alimentação - R$ 400,00",Leis,https://www.dosp.com.br/exibe_do.php?i=MjA3NTY0,,Não identificada
2021-11-23,1131,6570 - Abono permanencia,Decretos,https://www.dosp.com.br/exibe_do.php?i=MjA3MjI3,,Não identificada
2021-11-18,1128,10906 – (...),Portarias,https://www.dosp.com.br/exibe_do.php?i=MjA2Mzc3,,Não identificada
2021-11-18,1128,6410 - desapropriação Ronaldo Abdala,Decretos,https://www.dosp.com.br/exibe_do.php?i=MjA2Mzc3,,Não identificada
2021-11-17,1127,6567 - ufma 2022,Decretos,https://www.dosp.com.br/exibe_do.php?i=MjA2MDEz,,Não identificada
2021-11-11,1122,6468 - Declaração para desapropriação - Quem Direito,Decretos,https://www.dosp.com.br/exibe_do.php?i=MjA1MDQ2,,Não identificada
2021-11-11,1123,"2563 -Crédito Adicional Especial - Saúde - R$ 771.232,00",Leis,https://www.dosp.com.br/exibe_do.php?i=MjA1MDU2,,Secretaria de Saúde
2021-11-11,1123,"6555 - Crédito Adicional Especial - Saúde - 771.232,00",Decretos,https://www.dosp.com.br/exibe_do.php?i=MjA1MDU2,,Secretaria de Saúde
2021-11-11,1124,6565 - vila suíça,Decretos,https://www.dosp.com.br/exibe_do.php?i=MjA1MTIz,,Não identificada
2021-11-11,1123,"2564 -Crédito Adicional Suplementar -Obras  - R$ 130.000,00",Leis,https://www.dosp.com.br/exibe_do.php?i=MjA1MDU2,,Secretaria de Obras
2021-11-11,1123,"2561 -Altera § Ú, art 2º da Lei 2557 - Vale Alimentação Conselho Tutelar",Leis,https://www.dosp.com.br/exibe_do.php?i=MjA1MDU2,,Não identificada
2021-11-11,1123,"2565 -Crédito Adicional Suplementar -saúde  - R$ 680.000,00",Leis,https://www.dosp.com.br/exibe_do.php?i=MjA1MDU2,,Secretaria de Saúde
2021-11-11,1123,264 - Alteração do inciso I do art 12 da Lei Complementar 216 de  2016 - Bonus da Educação Básica,Leis,https://www.dosp.com.br/exibe_do.php?i=MjA1MDU2,,Secretaria de Educação
2021-11-11,1123,"2562 -Crédito Adicional Suplementar - Obras e Serviços - R$ 345.000,00",Leis,https://www.dosp.com.br/exibe_do.php?i=MjA1MDU2,,Secretaria de Obras
2021-11-11,1123,263 - Cria Fundo Municipal de Saneamento Ambiental e de Infraestrutura - FMSAI,Leis,https://www.dosp.com.br/exibe_do.php?i=MjA1MDU2,,Não identificada
2021-11-11,1122,6463 - Declaração para desapropriação - Quem Direito (1),Decretos,https://www.dosp.com.br/exibe_do.php?i=MjA1MDQ2,,Não identificada
2021-11-11,1123,2566 -Autoriza afetação de área pública no Bairro Costa Azul III,Leis,https://www.dosp.com.br/exibe_do.php?i=MjA1MDU2,,Não identificada
2021-11-11,1123,"6556 - Crédito Adicional Suplementar-Obras -130.000,00",Decretos,https://www.dosp.com.br/exibe_do.php?i=MjA1MDU2,,Secretaria de Obras
2021-11-11,1123,"6557 - Crédito Adicional Suplementar-Saúde -680.000,00",Decretos,https://www.dosp.com.br/exibe_do.php?i=MjA1MDU2,,Secretaria de Saúde
2021-11-11,1122,6467 - Declaração para desapropriação - Quem Direito,Decretos,https://www.dosp.com.br/exibe_do.php?i=MjA1MDQ2,,Não identificada
2021-11-11,1123,"6554 - Crédito Adicional Suplementar - Obras - 345.000,00",Decretos,https://www.dosp.com.br/exibe_do.php?i=MjA1MDU2,,Secretaria de Obras
2021-11-09,1119,6457 - Declaração para desapropriação - Quem Direito,Decretos,https://www.dosp.com.br/exibe_do.php?i=MjA0NDcz,,Não identificada
2021-11-09,1120,"6553 - Crédito Adicional Especial - SEMADS - 26.521,17",Decretos,https://www.dosp.com.br/exibe_do.php?i=MjA0NTE3,,Não identificada
2021-11-09,1120,6552 - denominação de praça  central do Calçadão Costa Azul,Decretos,https://www.dosp.com.br/exibe_do.php?i=MjA0NTE3,,Não identificada
2021-11-09,1120,"2559 -Crédito Adicional Especial - SEMADS - R$ 26.521,17",Leis,https://www.dosp.com.br/exibe_do.php?i=MjA0NTE3,,Não identificada
2021-11-09,1120,2560 -Autoriza criar Banco de Materiais Ortopédicos,Leis,https://www.dosp.com.br/exibe_do.php?i=MjA0NTE3,,Não identificada
2021-11-09,1119,6465 - Declaração para desapropriação - Quem Direito,Decretos,https://www.dosp.com.br/exibe_do.php?i=MjA0NDcz,,Não identificada
2021-11-09,1119,6466 - Declaração para desapropriação - Quem Direito,Decretos,https://www.dosp.com.br/exibe_do.php?i=MjA0NDcz,,Não identificada
2021-11-09,1119,6460 - Declaração para desapropriação - Quem Direito,Decretos,https://www.dosp.com.br/exibe_do.php?i=MjA0NDcz,,Não identificada
2021-11-09,1119,6462 - Declaração para desapropriação - Quem Direito,Decretos,https://www.dosp.com.br/exibe_do.php?i=MjA0NDcz,,Não identificada
2021-11-09,1119,6461 - Declaração para desapropriação - Quem Direito,Decretos,https://www.dosp.com.br/exibe_do.php?i=MjA0NDcz,,Não identificada
2021-11-08,1118,6551 - Criação da CEI Profª Martha Righi,Decretos,https://www.dosp.com.br/exibe_do.php?i=MjA0MjQ3,,Não identificada
2021-11-08,1118,"6547 - crédito adicional extraordinário -  saúde  R$ 720.000,00",Decretos,https://www.dosp.com.br/exibe_do.php?i=MjA0MjQ3,,Secretaria de Saúde
2021-11-08,1118,6550 - Criação da CEI Prof Helio Alves de Oliveira,Decretos,https://www.dosp.com.br/exibe_do.php?i=MjA0MjQ3,,Não identificada
2021-11-08,1118,6549 - Elaboração do Plano Municipal pela Primeira Infancia e Institui a Comissão Municipal  do PMPI,Decretos,https://www.dosp.com.br/exibe_do.php?i=MjA0MjQ3,,Não identificada
2021-10-29,1113,6541 - hospede oficial - Luiz Roberto Moreira Alvim,Decretos,https://www.dosp.com.br/exibe_do.php?i=MjAzMDQw,,Não identificada
2021-10-28,1112,6540 - Retomada da aulas e atividades escolares presenciais na rede municipal,Decretos,https://www.dosp.com.br/exibe_do.php?i=MjAyODE1,,Não identificada
2021-10-27,1111,6471 - Declaração para desapropriação -JADE PARTICIPAÇÕES LTDA,Decretos,https://www.dosp.com.br/exibe_do.php?i=MjAyNTY2,,Não identificada
2021-10-27,1111,6473 - Declaração para desapropriação -JOSÉ ANTONIO FOGANHOLI,Decretos,https://www.dosp.com.br/exibe_do.php?i=MjAyNTY2,,Não identificada
2021-10-27,1111,6470 - Declaração para desapropriação -FLÁVIO ROWE,Decretos,https://www.dosp.com.br/exibe_do.php?i=MjAyNTY2,,Não identificada
2021-10-27,1111,6474 - Declaração para desapropriação -THOMAS SAMPAIO E HELOISA SAMPAIO,Decretos,https://www.dosp.com.br/exibe_do.php?i=MjAyNTY2,,Não identificada
2021-10-27,1111,6475 - Declaração para desapropriação -MAURY RAMON ROMERO,Decretos,https://www.dosp.com.br/exibe_do.php?i=MjAyNTY2,,Não identificada
2021-10-26,1110,2557 - Concessão do Vale Alimentação aos Conselheiros Tutelares,Leis,https://www.dosp.com.br/exibe_do.php?i=MjAyMjY2,,Não identificada
2021-10-26,1110,2558 - Autoriza o executivo a efetuar adiantamento de recursos financeiros destinados Vacina Cultural - Aldir Blanc,Leis,https://www.dosp.com.br/exibe_do.php?i=MjAyMjY2,,Secretaria de Cultura
2021-10-26,1110,"2555 - Crédito Adicional Especial - saúde - R$ 532.863,00",Leis,https://www.dosp.com.br/exibe_do.php?i=MjAyMjY2,,Secretaria de Saúde
2021-10-26,1110,2556 - Diretrizes para ações de promoção da dignidade menstrual,Leis,https://www.dosp.com.br/exibe_do.php?i=MjAyMjY2,,Não identificada
2021-10-26,1109,10896 – (...),Portarias,https://www.dosp.com.br/exibe_do.php?i=MjAyMTg3,,Não identificada
2021-10-26,1110,"6538 - Crédito Adicional Especial - saúde - R$ 532.863,00",Decretos,https://www.dosp.com.br/exibe_do.php?i=MjAyMjY2,,Secretaria de Saúde
2021-10-26,1110,6536 - Deferimento resultado final  - manutenção do adicional de qualificação ao profissional do magistério,Decretos,https://www.dosp.com.br/exibe_do.php?i=MjAyMjY2,,Não identificada
2021-10-26,1109,Decreto Legislativo 351.2021,Decretos,https://www.dosp.com.br/exibe_do.php?i=MjAyMTg3,,Não identificada
2021-10-26,1109,6537 - Conselho Municipal de Educação - CME,Decretos,https://www.dosp.com.br/exibe_do.php?i=MjAyMTg3,,Secretaria de Educação
2021-10-25,1108,6534 - Comissão Organizadora Vacina Cultural - Aldir Blanc,Decretos,https://www.dosp.com.br/exibe_do.php?i=MjAxOTY5,,Secretaria de Cultura
2021-10-25,1107,6529 - revoga 5698 2019 - LAURO MADEIRAS,Decretos,https://www.dosp.com.br/exibe_do.php?i=MjAxODky,,Não identificada
2021-10-25,1107,6528 - revoga 5698 2019 - GILBERTO MARTINS,Decretos,https://www.dosp.com.br/exibe_do.php?i=MjAxODky,,Não identificada
2021-10-22,1106,"6527 - Crédito Adiconal Suplementar - Educação - R$ 489.163,18",Decretos,https://www.dosp.com.br/exibe_do.php?i=MjAxNjI0,,Secretaria de Educação
2021-10-22,1106,2554 - Concessão de bem imóvel - Lauro Madeiras Comércio e Construções Ltda EPP,Leis,https://www.dosp.com.br/exibe_do.php?i=MjAxNjI0,,Não identificada
2021-10-22,1106,6530 - REMUME,Decretos,https://www.dosp.com.br/exibe_do.php?i=MjAxNjI0,,Não identificada
2021-10-22,1106,"6526 - Crédito Adiconal Especial - Obras e Serviços - R$ 250.00,00",Decretos,https://www.dosp.com.br/exibe_do.php?i=MjAxNjI0,,Secretaria de Obras
2021-10-22,1106,6524 - reorganiza cae - conselho de alimentação escolar,Decretos,https://www.dosp.com.br/exibe_do.php?i=MjAxNjI0,,Não identificada
2021-10-22,1106,"2552 - Crédito Adicional Especial - Obras e Serviços - R$ 250.000,00",Leis,https://www.dosp.com.br/exibe_do.php?i=MjAxNjI0,,Secretaria de Obras
2021-10-22,1106,"2553 - Crédito Adicional Suplementar - Educação  - R$489.163,18",Leis,https://www.dosp.com.br/exibe_do.php?i=MjAxNjI0,,Secretaria de Educação
2021-10-19,1102,6519 - revoga 5687 2019 - ki-kakau,Decretos,https://www.dosp.com.br/exibe_do.php?i=MjAwNTI5,,Não identificada
2021-10-19,1102,6523 - revoga 5696 2019 - lajes ferreira,Decretos,https://www.dosp.com.br/exibe_do.php?i=MjAwNTI5,,Não identificada
2021-10-19,1102,6520 - revoga 5703 2019 - pedro martins,Decretos,https://www.dosp.com.br/exibe_do.php?i=MjAwNTI5,,Não identificada
2021-10-19,1102,6521 - revoga 5679 2019 - walltec,Decretos,https://www.dosp.com.br/exibe_do.php?i=MjAwNTI5,,Não identificada
2021-10-19,1102,6522 - revoga 5686 2019 - walltec,Decretos,https://www.dosp.com.br/exibe_do.php?i=MjAwNTI5,,Não identificada
2021-10-14,1097,6512 -  Reorganiza a Comissão Permanente de Desenvolvimento Funcional,Decretos,https://www.dosp.com.br/exibe_do.php?i=MTk5NzU3,,Não identificada
2021-10-14,1097,6513 -  Reorganiza a Comissão Permanente de Avaliação e Desempenho dos Servidor em Estágio Probatório,Decretos,https://www.dosp.com.br/exibe_do.php?i=MTk5NzU3,,Não identificada
2021-10-14,1098,6514 - Enquadramento do loteamento Jardim Esmeralda ao Programa Federal Casa Verde Amarela,Decretos,https://www.dosp.com.br/exibe_do.php?i=MTk5ODA2,,Não identificada
2021-10-14,1098,6515 - suspende o expediente nas repartiçoes públicas municipais 1º de novembro,Decretos,https://www.dosp.com.br/exibe_do.php?i=MTk5ODA2,,Não identificada
2021-10-13,1095,"6499 - ERRATA - FREA - abertura de crédito suplementar 184.000,00",Decretos,https://www.dosp.com.br/exibe_do.php?i=MTk5NTA5,,Não identificada
2021-10-13,1095,6469 -  Errata - Declaração para desapropriação - Gilberto Filgueiras Júnior,Decretos,https://www.dosp.com.br/exibe_do.php?i=MTk5NTA5,,Não identificada
2021-10-13,1095,"6510 - FREA - abertura de crédito suplementar 49.000,00",Decretos,https://www.dosp.com.br/exibe_do.php?i=MTk5NTA5,,Não identificada
2021-10-08,1092,2550 - Anexo,Leis,https://www.dosp.com.br/exibe_do.php?i=MTk4ODg3,,Não identificada
2021-10-08,1092,2550 - Revisão do Plano Municipal de Gestão Integrada de Resíduos Sólidos,Leis,https://www.dosp.com.br/exibe_do.php?i=MTk4ODg3,,Não identificada
2021-10-08,1092,2551 - Revoga Lei Municipal 1987 de 2016,Leis,https://www.dosp.com.br/exibe_do.php?i=MTk4ODg3,,Não identificada
2021-10-08,1092,2549 - Institui Semana Ulysses Guimarães,Leis,https://www.dosp.com.br/exibe_do.php?i=MTk4ODg3,,Não identificada
2021-10-07,1090,6504 - Institui o Regimento Interno do Depto de Assistencia Farmaceutica - DAF,Decretos,https://www.dosp.com.br/exibe_do.php?i=MTk4NzY0,,Secretaria de Assistência Social
2021-10-07,1090,6507 - Reorganiza o Conselho Municipal da Assistencia Social,Decretos,https://www.dosp.com.br/exibe_do.php?i=MTk4NzY0,,Secretaria de Assistência Social
2021-10-06,1088,"6506 - crédito adicional extraordinário -  saúde - 720.000,00",Decretos,https://www.dosp.com.br/exibe_do.php?i=MTk4NTIw,,Secretaria de Saúde
2021-10-06,1088,6505 - revoga decreto 5254 2018 - Telecentro,Decretos,https://www.dosp.com.br/exibe_do.php?i=MTk4NTIw,,Não identificada
2021-10-05,1086,Portaria 006 2021 – (...),Portarias,https://www.dosp.com.br/exibe_do.php?i=MTk4MTY2,,Não identificada
2021-10-05,1087,6483 - Organiza Comissão de Regularização Fundiária,Decretos,https://www.dosp.com.br/exibe_do.php?i=MTk4MjE4,,Não identificada
2021-10-04,1084,6499 - FREA - Crédito Adicional Suplementar,Decretos,https://www.dosp.com.br/exibe_do.php?i=MTk3ODcw,,Não identificada
2021-10-04,1084,6501 - ponto facultativo - dia 11 outubro - 12 dia de Nossa Senhora,Decretos,https://www.dosp.com.br/exibe_do.php?i=MTk3ODcw,,Não identificada
2021-10-04,1084,"6500 - AVAREPREV Crédito Adicioanal Suplementar - R$ 270.000,00",Decretos,https://www.dosp.com.br/exibe_do.php?i=MTk3ODcw,,Não identificada
2021-10-01,1083,2548 - Institui o Regime de Previdencia Complementar,Leis,https://www.dosp.com.br/exibe_do.php?i=MTk3Njc5,,Não identificada
2021-09-30,1081,6496 - Elevação de vagas em concurso público 002 2018 - Psicólogo,Decretos,https://www.dosp.com.br/exibe_do.php?i=MTk3MzE5,,Não identificada
2021-09-30,1081,6495 - Elevação de vagas em concurso público 003 2019 - Oficial de Manut e Serviços,Decretos,https://www.dosp.com.br/exibe_do.php?i=MTk3MzE5,,Não identificada
2021-09-30,1081,6497 - Elevação de vagas em concurso público 001 2018 - Monitor,Decretos,https://www.dosp.com.br/exibe_do.php?i=MTk3MzE5,,Não identificada
2021-09-28,1078,6490- reorganiza equipe vigilância sanitaria - revoga 6451,Decretos,https://www.dosp.com.br/exibe_do.php?i=MTk2NTg1,,Não identificada
2021-09-28,1078,6489 - reorganiza equipe multiprofissional de avaliação - LTA - revoga 6274,Decretos,https://www.dosp.com.br/exibe_do.php?i=MTk2NTg1,,Não identificada
2021-09-24,1076,6484 - DECRETO DE HOMOLOGAÇÃO COMPLEMENTAR CP 02-2018 - CONDUTOR- TAF REALIZADO EM 18-08-2021,Decretos,https://www.dosp.com.br/exibe_do.php?i=MTk2MDA3,,Não identificada
2021-09-24,1076,6485- DECRETO DE HOMOLOGAÇÃO CP oficial de manutenção e serviços- 18-08-2021,Decretos,https://www.dosp.com.br/exibe_do.php?i=MTk2MDA3,,Não identificada
2021-09-21,1072,6469 - Declaração para desapropriação - Gilberto Filgueiras Júnior,Decretos,https://www.dosp.com.br/exibe_do.php?i=MTk1MTYz,,Não identificada
2021-09-21,1071,2547 - Decretação de utilidade pública municipal a Grupo de Assistencia ao Adolescente e Desenvolvimento da Criança GAADAC,Leis,https://www.dosp.com.br/exibe_do.php?i=MTk0OTMw,,Secretaria de Assistência Social
2021-09-21,1072,2545 - Institui o Conselho de Polícia Cultural de Avaré,Leis,https://www.dosp.com.br/exibe_do.php?i=MTk1MTYz,,Secretaria de Cultura
2021-09-21,1072,Decreto Legislativo 350.2021,Decretos,https://www.dosp.com.br/exibe_do.php?i=MTk1MTYz,,Não identificada
2021-09-21,1072,6480 - Adicional de Qualificação ao profissional do Magistério,Decretos,https://www.dosp.com.br/exibe_do.php?i=MTk1MTYz,,Não identificada
2021-09-20,1070,6476 - ordenadora de despesa fumboar - autoriza operações bancárias - José Antonio de Oliveira,Decretos,https://www.dosp.com.br/exibe_do.php?i=MTk0ODQ2,,Não identificada
2021-09-20,1070,"6464 - CREDITO ADICIONAL ESPECIAL Cultura_567.688,89",Decretos,https://www.dosp.com.br/exibe_do.php?i=MTk0ODQ2,,Secretaria de Cultura
2021-09-20,1070,"6478 - Crédito Adicional Extraordinário -  SAÚDE RECURSO SANTA CASA_382.500,00",Decretos,https://www.dosp.com.br/exibe_do.php?i=MTk0ODQ2,,Secretaria de Saúde
2021-09-20,1070,6472 - nomeia ordenadora de despesas fumboar - José Antonio de Oliveira,Decretos,https://www.dosp.com.br/exibe_do.php?i=MTk0ODQ2,,Não identificada
2021-09-17,1069,"2546 - Crédito Adicional Especial - Cultura R$ 572.560,55",Leis,https://www.dosp.com.br/exibe_do.php?i=MTk0NTQx,,Secretaria de Cultura
2021-09-16,1066,6438 - Declaração para desapropriação - Guidote Administradora de Bens Eireli ME,Decretos,https://www.dosp.com.br/exibe_do.php?i=MTk0MDUz,,Não identificada
2021-09-16,1066,6444 - Declaração para desapropriação - Minardi e Carvalho Ltda,Decretos,https://www.dosp.com.br/exibe_do.php?i=MTk0MDUz,,Não identificada
2021-09-16,1066,6453 - Declaração para desapropriação-Marco Antonio Cardoso,Decretos,https://www.dosp.com.br/exibe_do.php?i=MTk0MDUz,,Não identificada
2021-09-16,1066,6439 - Declaração de desapropriação - Milton Carlos Balera,Decretos,https://www.dosp.com.br/exibe_do.php?i=MTk0MDUz,,Não identificada
2021-09-16,1066,6447 - Declaração para desapropriação - Paulo Totaro,Decretos,https://www.dosp.com.br/exibe_do.php?i=MTk0MDUz,,Não identificada
2021-09-16,1066,6435 - Declaração para desapropriação - Paulo Totaro,Decretos,https://www.dosp.com.br/exibe_do.php?i=MTk0MDUz,,Não identificada
2021-09-16,1066,6443 - Declaração para desapropriação - Minardi e Carvalho Ltda,Decretos,https://www.dosp.com.br/exibe_do.php?i=MTk0MDUz,,Não identificada
2021-09-16,1066,6450 - Declaração para desapropriação - José Antonio Foganholi,Decretos,https://www.dosp.com.br/exibe_do.php?i=MTk0MDUz,,Não identificada
2021-09-16,1066,6446 - Declaração para desapropriação - José Antonio Foganholi,Decretos,https://www.dosp.com.br/exibe_do.php?i=MTk0MDUz,,Não identificada
2021-09-16,1066,6448 - Declaração para desapropriação - Fernando,Decretos,https://www.dosp.com.br/exibe_do.php?i=MTk0MDUz,,Não identificada
2021-09-16,1066,6456 - Declaração para desapropriação - Quem Direito,Decretos,https://www.dosp.com.br/exibe_do.php?i=MTk0MDUz,,Não identificada
2021-09-16,1066,6454 - Declaração para desapropriação - Massimiliano Bertolacini,Decretos,https://www.dosp.com.br/exibe_do.php?i=MTk0MDUz,,Não identificada
2021-09-16,1066,6442 - Declaração para desapropriação - Alessandra Filgueiras Gomes Eireli ME,Decretos,https://www.dosp.com.br/exibe_do.php?i=MTk0MDUz,,Não identificada
2021-09-16,1066,6449 - Declaração para desapropriação - Fernando César Almeida Melo,Decretos,https://www.dosp.com.br/exibe_do.php?i=MTk0MDUz,,Não identificada
2021-09-16,1066,6437 - Declaração para desapropriação - A quem de Direito,Decretos,https://www.dosp.com.br/exibe_do.php?i=MTk0MDUz,,Não identificada
2021-09-16,1066,6445 - Declaração para desapropriação - Guidote Administradora de Bens Eirelli me,Decretos,https://www.dosp.com.br/exibe_do.php?i=MTk0MDUz,,Não identificada
2021-09-16,1066,6455 - Declaração para desapropriação -Quem de Direito,Decretos,https://www.dosp.com.br/exibe_do.php?i=MTk0MDUz,,Não identificada
2021-09-16,1066,6436 - Declaração para desapropriação - Guidote Administradora de Bens Eirelli ME,Decretos,https://www.dosp.com.br/exibe_do.php?i=MTk0MDUz,,Não identificada
2021-09-16,1066,6441 - Declaração para desapropriação - Alessandra Filgueiras Gomes Eireli ME,Decretos,https://www.dosp.com.br/exibe_do.php?i=MTk0MDUz,,Não identificada
2021-09-14,1065,2544 - Autoriza o poder executivo municipal através da Secretaria de Saúde a desembolsar valores para custeio de exames,Leis,https://www.dosp.com.br/exibe_do.php?i=MTkzNDA3,,Secretaria de Saúde
2021-09-13,1064,6434 - Regulamenta a aplicação da Lei Federal n°13.709 de 14 de agosto de 2018 – Lei Geral de Proteção de Dados (LGPD,Decretos,https://www.dosp.com.br/exibe_do.php?i=MTkyNzk3,,Não identificada
2021-09-13,1064,6451- reorganiza equipe vigilância sanitaria - revoga 6275,Decretos,https://www.dosp.com.br/exibe_do.php?i=MTkyNzk3,,Não identificada
2021-09-13,1064,6452 -altera artigo 2º do Decreto 6407 - retorno dos servidores vacinados,Decretos,https://www.dosp.com.br/exibe_do.php?i=MTkyNzk3,,Não identificada
2021-09-08,1061,6431 -altera denominação de Avenida Industrial para Avenida Comendador João Demétrio Calfat - Distrito ind Primavera,Decretos,https://www.dosp.com.br/exibe_do.php?i=MTkyMTQw,,Não identificada
2021-09-03,1059,6427 - loteamento Brisas de Avaré,Decretos,https://www.dosp.com.br/exibe_do.php?i=MTkxODMy,,Não identificada
2021-08-31,1053,6424 - ponto facultativo - dia 06 setembro - 07 Independencia do Brasil,Decretos,https://www.dosp.com.br/exibe_do.php?i=MTkwODkw,,Não identificada
2021-08-31,1053,Decreto Legislativo 349.2021,Decretos,https://www.dosp.com.br/exibe_do.php?i=MTkwODkw,,Não identificada
2021-08-31,1053,6423 - altera denominação de Avenida Vale Verde  para Maria José Forte Bertolaccini - Brabancia,Decretos,https://www.dosp.com.br/exibe_do.php?i=MTkwODkw,,Não identificada
2021-08-27,1051,"6421 - Abertura de Crédito Adicional Extraordinário SANTA CASA_720.000,00",Decretos,https://www.dosp.com.br/exibe_do.php?i=MTkwMjUx,,Não identificada
2021-08-26,1050,"6416 - CREDITO ADICIONAL ESPECIAL Saúde_150.000,00",Decretos,https://www.dosp.com.br/exibe_do.php?i=MTkwMDE5,,Secretaria de Saúde
2021-08-26,1050,"2542 - Crédito Adicional Especial - Saúde  - R$ 150.000,00",Leis,https://www.dosp.com.br/exibe_do.php?i=MTkwMDE5,,Secretaria de Saúde
2021-08-26,1050,"6417 - CREDITO ADICIONAL ESPECIAL Saúde_185.087,69",Decretos,https://www.dosp.com.br/exibe_do.php?i=MTkwMDE5,,Secretaria de Saúde
2021-08-26,1050,"6414 - CREDITO ADICIONAL ESPECIAL SAUDE_450.000,00",Decretos,https://www.dosp.com.br/exibe_do.php?i=MTkwMDE5,,Não identificada
2021-08-26,1050,"6415 - CREDITO ADICIONAL ESPECIAL Agricultura_50.000,00",Decretos,https://www.dosp.com.br/exibe_do.php?i=MTkwMDE5,,Secretaria de Cultura
2021-08-26,1050,"6413 - CREDITO ADICIONAL ESPECIAL SAUDE_103.011,48",Decretos,https://www.dosp.com.br/exibe_do.php?i=MTkwMDE5,,Não identificada
2021-08-26,1050,"2541 - Crédito Adicional Especial - Agricultura  - R$ 50.000,00",Leis,https://www.dosp.com.br/exibe_do.php?i=MTkwMDE5,,Secretaria de Cultura
2021-08-26,1050,"2540 - Crédito Adicional Especial - Saúde  - R$ 450.000,00",Leis,https://www.dosp.com.br/exibe_do.php?i=MTkwMDE5,,Secretaria de Saúde
2021-08-26,1050,"2543 - Crédito Adicional Especial - Saúde  - R$ 185.087,69",Leis,https://www.dosp.com.br/exibe_do.php?i=MTkwMDE5,,Secretaria de Saúde
2021-08-26,1050,"2539 - Crédito Adicional Especial - Saúde  - R$ 103.011,48",Leis,https://www.dosp.com.br/exibe_do.php?i=MTkwMDE5,,Secretaria de Saúde
2021-08-26,1050,2538 - Autoriza concessão de bem imóvel - Lajes Ferreira & Barbosa Ltda ME,Leis,https://www.dosp.com.br/exibe_do.php?i=MTkwMDE5,,Não identificada
2021-08-25,1049,6412 - Prorrogação de prazo recadastramento dos jazigos,Decretos,https://www.dosp.com.br/exibe_do.php?i=MTg5NzA4,,Não identificada
2021-08-25,1049,6411 - revoga 5706 2019 - Jatobá - capecci,Decretos,https://www.dosp.com.br/exibe_do.php?i=MTg5NzA4,,Não identificada
2021-08-25,1049,6409- Mudança da modalidade da 12ª Conferencia Municipal de Assistencia Social,Decretos,https://www.dosp.com.br/exibe_do.php?i=MTg5NzA4,,Secretaria de Assistência Social
2021-08-25,1049,6408- reorganiza conselho deliberativo do fundo social - revoga 6311 (1),Decretos,https://www.dosp.com.br/exibe_do.php?i=MTg5NzA4,,Não identificada
2021-08-23,1047,"6407- dever de vacinação contra COVID – 19 e retorno seguro ao trabalho dos servidores e empregados públicos da Administração Direta, Autarquias e Fundações.",Decretos,https://www.dosp.com.br/exibe_do.php?i=MTg5MTcx,,Secretaria de Administração
2021-08-23,1047,10826 – (...),Portarias,https://www.dosp.com.br/exibe_do.php?i=MTg5MTcx,,Não identificada
2021-08-20,1046,6401- reorganiza comissão municipal de educação ambiental,Decretos,https://www.dosp.com.br/exibe_do.php?i=MTg4ODYw,,Secretaria de Educação
2021-08-20,1046,6404 - Estabelece a retomada das atividades presenciais dos Serviços Socioassistenciais de Proteção Social Básica – Serviço de Convivência e Fortalecimento de Vínculos e Proteção Social Especial – Centro Di,Decretos,https://www.dosp.com.br/exibe_do.php?i=MTg4ODYw,,Secretaria de Assistência Social
2021-08-16,1042,6400 - Conselho Municipal dos Direitos da Pessoa com Deficiencia (aguardando lei),Decretos,https://www.dosp.com.br/exibe_do.php?i=MTg3NTY5,,Não identificada
2021-08-16,1042,6396 - dá nova redação ao Anexo I do Decreto 5738 2020,Decretos,https://www.dosp.com.br/exibe_do.php?i=MTg3NTY5,,Não identificada
2021-08-16,1042,6399 - reorganiza conselho de assistencia social - cmas,Decretos,https://www.dosp.com.br/exibe_do.php?i=MTg3NTY5,,Secretaria de Assistência Social
2021-08-13,1041,2537 -Altera Lei 1682 de 28 de maio de 2013,Leis,https://www.dosp.com.br/exibe_do.php?i=MTg3NTI2,,Não identificada
2021-08-12,1040,2534 - Aprovação do Plano Municipal de Recuperação e Conservação da Mata Atlantica e do Cerrado,Leis,https://www.dosp.com.br/exibe_do.php?i=MTg2OTc2,,Não identificada
2021-08-12,1040,2534 - Anexo Autografo 129.2021,Leis,https://www.dosp.com.br/exibe_do.php?i=MTg2OTc2,,Não identificada
2021-08-12,1040,2536 - Anexo Autografo 131.2021,Leis,https://www.dosp.com.br/exibe_do.php?i=MTg2OTc2,,Não identificada
2021-08-12,1040,2535 -Aprovação do Plano Municipal de Controle de Erosão,Leis,https://www.dosp.com.br/exibe_do.php?i=MTg2OTc2,,Não identificada
2021-08-12,1040,2536 -Aprovação do Plano Municipal de Arborização Urbana,Leis,https://www.dosp.com.br/exibe_do.php?i=MTg2OTc2,,Não identificada
2021-08-12,1040,2535 - Anexo Autografo 130.2021,Leis,https://www.dosp.com.br/exibe_do.php?i=MTg2OTc2,,Não identificada
2021-08-11,1039,6395 - Regulamenta o Regime de Diária para Condutores de Veículos completo,Decretos,https://www.dosp.com.br/exibe_do.php?i=MTg2OTI5,,Não identificada
2021-08-10,1038,2533 - Autoriza concessão de imovel -Walltec S.A.,Leis,https://www.dosp.com.br/exibe_do.php?i=MTg2NjQ2,,Não identificada
2021-08-06,1036,2530 - Autoriza concessão de imovel -Pedro Martins da Costa Eirelli EPP,Leis,https://www.dosp.com.br/exibe_do.php?i=MTg2MDkw,,Não identificada
2021-08-06,1036,2531 - Autoriza concessão de imovel -Roma Engenharia e Terraplanagem Eirelli,Leis,https://www.dosp.com.br/exibe_do.php?i=MTg2MDkw,,Não identificada
2021-08-06,1036,2532 - Autoriza concessão de imovel -Cléia Dalva Pereira Balera,Leis,https://www.dosp.com.br/exibe_do.php?i=MTg2MDkw,,Não identificada
2021-08-06,1036,2529 - Autoriza concessão de imovel -Ki-Kakau,Leis,https://www.dosp.com.br/exibe_do.php?i=MTg2MDkw,,Não identificada
2021-08-04,1034,2528 -Alteração da Lei 674 2004 - Lei de Vila,Leis,https://www.dosp.com.br/exibe_do.php?i=MTg1NTM2,,Não identificada
2021-07-30,1030,6385-FREA - Abertura de Crédito Suplementar,Decretos,https://www.dosp.com.br/exibe_do.php?i=MTg0NjQ1,,Não identificada
2021-07-30,1030,6390 - Comissão organizadora - 1ª copa Thiago Enge de Futebo Digital,Decretos,https://www.dosp.com.br/exibe_do.php?i=MTg0NjQ1,,Não identificada
2021-07-30,1030,6391 - Regulamenta o  Regiemento Interno CMDCA,Decretos,https://www.dosp.com.br/exibe_do.php?i=MTg0NjQ1,,Não identificada
2021-07-27,1024,"2527 - Crédito Adicional Especial - Saúde 6.505,88",Decretos,https://www.dosp.com.br/exibe_do.php?i=MTgzNjQ3,,Secretaria de Saúde
2021-07-27,1024,"2526 - Crédito Adicional Especial - Saúde - 100.000,00",Decretos,https://www.dosp.com.br/exibe_do.php?i=MTgzNjQ3,,Secretaria de Saúde
2021-07-26,1023,6384 - convocação ordinária da 12ª Conferência Municipal de Assistência Social,Decretos,https://www.dosp.com.br/exibe_do.php?i=MTgzNDUy,,Secretaria de Assistência Social
2021-07-23,1022,"2527 -Crédito Adicional Especial - Saúde - 6.505,88",Leis,https://www.dosp.com.br/exibe_do.php?i=MTgzMjM1,,Secretaria de Saúde
2021-07-23,1022,"2526 -Crédito Adicional Especial - Saúde - 100.000,00",Leis,https://www.dosp.com.br/exibe_do.php?i=MTgzMjM1,,Secretaria de Saúde
2021-07-20,1020,2524 - Dispõe sobre denominação do Horto Florestal - Neto Guazzelli,Leis,https://www.dosp.com.br/exibe_do.php?i=MTgyMzM3,,Não identificada
2021-07-20,1020,2525 - Institui no calendário oficial a campanha Acolha a Vida,Leis,https://www.dosp.com.br/exibe_do.php?i=MTgyMzM3,,Não identificada
2021-07-19,1019,6381 - altera decreto 6376,Decretos,https://www.dosp.com.br/exibe_do.php?i=MTgyMTU3,,Não identificada
2021-07-16,1017,"6379 - abertura de crédito adicional extraordinário _720.000,00",Decretos,https://www.dosp.com.br/exibe_do.php?i=MTgxODAy,,Não identificada
2021-07-16,1017,6380-Dispõe sobre elevação de vagas em concurso publico - Monitor,Decretos,https://www.dosp.com.br/exibe_do.php?i=MTgxODAy,,Não identificada
2021-07-13,1014,6370 - Autoriza Loteamento São Francisco,Decretos,https://www.dosp.com.br/exibe_do.php?i=MTgwOTYx,,Não identificada
2021-07-08,1011,6375-Dispõe sobre a transposição de recursos financeirios orçamentários entre programas da Secretaria da Saúde,Decretos,https://www.dosp.com.br/exibe_do.php?i=MTgwMzIx,,Secretaria de Saúde
2021-07-08,1012,6376 - Medidas de enfrentamento decorrentes da pandemia COVID-19,Decretos,https://www.dosp.com.br/exibe_do.php?i=MTgwNDE2,,Não identificada
2021-07-08,1011,6369 - Criação da Equipe Pedagógica Multidisciplinar de Educação Ambiental,Decretos,https://www.dosp.com.br/exibe_do.php?i=MTgwMzIx,,Secretaria de Educação
2021-07-07,1010,6373-Dispõe sobre elevação de vagas em concurso publico - FARMACEUTICO,Decretos,https://www.dosp.com.br/exibe_do.php?i=MTc5OTg5,,Não identificada
2021-07-07,1010,6372-Dispõe sobre elevação de vagas em concurso publico - PEB I,Decretos,https://www.dosp.com.br/exibe_do.php?i=MTc5OTg5,,Não identificada
2021-07-07,1010,6371-Dispõe sobre elevação de vagas em concurso publico - Monitor,Decretos,https://www.dosp.com.br/exibe_do.php?i=MTc5OTg5,,Não identificada
2021-07-06,1008,6367 - reorganiza CAE - conselho de alimentação escolar,Decretos,https://www.dosp.com.br/exibe_do.php?i=MTc5Njk2,,Não identificada
2021-07-06,1008,2522 -Proíbe o consumo de bebidas alcoolicas nos locais publicos,Leis,https://www.dosp.com.br/exibe_do.php?i=MTc5Njk2,,Não identificada
2021-07-06,1008,"6366 - Cria, denomina e implanta o CATE Centro de Atendimento ao Trabalhador e Empreendedor",Decretos,https://www.dosp.com.br/exibe_do.php?i=MTc5Njk2,,Não identificada
2021-07-06,1009,6368 -reorganiza a Comissão para melhoria do IDEB - Índice do Desenvolvimento da Educação Básica,Decretos,https://www.dosp.com.br/exibe_do.php?i=MTc5NzUy,,Secretaria de Educação
2021-07-06,1008,2523 -Dispõe sobre uma folga anual para todos servidores publicos no dia de seu aniversário,Leis,https://www.dosp.com.br/exibe_do.php?i=MTc5Njk2,,Não identificada
2021-07-05,1007,2520 -Dispõe sobre o Plano Plurianual de Ação Governamental - PPAG,Leis,https://www.dosp.com.br/exibe_do.php?i=MTc5MzQ3,,Não identificada
2021-07-05,1007,2521 -Dispõe sobre as Diretrizes Orçamentárias  - LDO,Leis,https://www.dosp.com.br/exibe_do.php?i=MTc5MzQ3,,Não identificada
2021-07-02,1006,6364 - Exonera alexandre leal nigro - secretario serviços,Decretos,https://www.dosp.com.br/exibe_do.php?i=MTc5MTY1,,Não identificada
2021-07-02,1006,6365 - Nomeia  César Augusto Luciano Franco Morelli - Sec Serviços,Decretos,https://www.dosp.com.br/exibe_do.php?i=MTc5MTY1,,Não identificada
2021-06-30,1002,2513 - Instalação de equipamento eliminador de ar na tubulação do sistema de agua residencial ou comercial,Leis,https://www.dosp.com.br/exibe_do.php?i=MTc4NTQy,,Não identificada
2021-06-30,1002,2511 - Estabelecimento de multa para quem promover ou ceder propriedade para realização de festas,Leis,https://www.dosp.com.br/exibe_do.php?i=MTc4NTQy,,Não identificada
2021-06-30,1002,2517 - Revoga Lei 2426 2020,Leis,https://www.dosp.com.br/exibe_do.php?i=MTc4NTQy,,Não identificada
2021-06-30,1002,2516 - Revoga Lei 2493 2021,Leis,https://www.dosp.com.br/exibe_do.php?i=MTc4NTQy,,Não identificada
2021-06-30,1002,2518 - Atendimento médico-pediátrico o período noturno,Leis,https://www.dosp.com.br/exibe_do.php?i=MTc4NTQy,,Não identificada
2021-06-30,1002,6357  - Reorganiza Comitê de Prevenção ao Corona Vírus,Decretos,https://www.dosp.com.br/exibe_do.php?i=MTc4NTQy,,Não identificada
2021-06-30,1002,6347 - garantia hipotecária Loteamento São Francisco,Decretos,https://www.dosp.com.br/exibe_do.php?i=MTc4NTQy,,Não identificada
2021-06-30,1002,6360 - Decreto Lockdown Noturno 01.07 a 15.07,Decretos,https://www.dosp.com.br/exibe_do.php?i=MTc4NTQy,,Não identificada
2021-06-29,1001,"2519 -Crédito Adicional Especial - Educação - 257.235,34",Leis,https://www.dosp.com.br/exibe_do.php?i=MTc4MzQ1,,Secretaria de Educação
2021-06-29,1001,"6359- Crédito Especial Adicional - Educação - 257.235,34",Decretos,https://www.dosp.com.br/exibe_do.php?i=MTc4MzQ1,,Secretaria de Educação
2021-06-24,997,"6356 - Crédito Especial Adicional -Turismo - 88.236,81",Decretos,https://www.dosp.com.br/exibe_do.php?i=MTc3NDg1,,Não identificada
2021-06-24,997,2515  obrigatoriedade das Concessionárias de Energia Elétrica a proceder a ligação de energia nos bairros e loteamentos que não tiverem energia do município de Avaré,Leis,https://www.dosp.com.br/exibe_do.php?i=MTc3NDg1,,Não identificada
2021-06-24,997,"2514 -Crédito Adicional Especial - Turismo - 88.236,81",Leis,https://www.dosp.com.br/exibe_do.php?i=MTc3NDg1,,Não identificada
2021-06-23,996,2512 - Denomina o campo municipal Benedito da Silva  - Bugrinho,Leis,https://www.dosp.com.br/exibe_do.php?i=MTc3MTk4,,Não identificada
2021-06-23,996,2510 - Alteração da Lei nº 114 2001 - herbicida,Leis,https://www.dosp.com.br/exibe_do.php?i=MTc3MTk4,,Não identificada
2021-06-23,996,10758 – (...),Portarias,https://www.dosp.com.br/exibe_do.php?i=MTc3MTk4,,Não identificada
2021-06-23,996,2509 - Institui o Programa Municipal de Educação PMEA,Leis,https://www.dosp.com.br/exibe_do.php?i=MTc3MTk4,,Secretaria de Educação
2021-06-23,996,6351 - reorganiza equipe vigilância sanitaria - revoga 6275,Decretos,https://www.dosp.com.br/exibe_do.php?i=MTc3MTk4,,Não identificada
2021-06-23,996,6346 - garantia hipotecária Garden Residence,Decretos,https://www.dosp.com.br/exibe_do.php?i=MTc3MTk4,,Não identificada
2021-06-22,995,"6354 - Crédito Especial Adicional - SME - 66.023,03",Decretos,https://www.dosp.com.br/exibe_do.php?i=MTc2OTkz,,Não identificada
2021-06-22,995,"2508 - Crédito adicional especial - SME 66.023,03",Leis,https://www.dosp.com.br/exibe_do.php?i=MTc2OTkz,,Não identificada
2021-06-21,994,"6353 - Dá nova redação aos § 1º e § 3º do artigo 2º, e acrescenta § 1º no Decreto 6.349,",Decretos,https://www.dosp.com.br/exibe_do.php?i=MTc2NzQ3,,Não identificada
2021-06-18,991,6348 - reorganiza conselho FUNDEB,Decretos,https://www.dosp.com.br/exibe_do.php?i=MTc2NDMx,,Não identificada
2021-06-18,992,6350 Anexo,Decretos,https://www.dosp.com.br/exibe_do.php?i=MTc2NDU4,,Não identificada
2021-06-18,990,6349 - Decreto Lockdown Noturno,Decretos,https://www.dosp.com.br/exibe_do.php?i=MTc2Mzkx,,Não identificada
2021-06-18,992,6350 - Medidas destinadas ao enfrentamento da pandemia - Vigilãncia Sanitária,Decretos,https://www.dosp.com.br/exibe_do.php?i=MTc2NDU4,,Não identificada
2021-06-18,990,Portarias de Abril,Portarias,https://www.dosp.com.br/exibe_do.php?i=MTc2Mzkx,,Não identificada
2021-06-18,990,Portarias de Maio,Portarias,https://www.dosp.com.br/exibe_do.php?i=MTc2Mzkx,,Não identificada
2021-06-17,988,10755 – (...),Portarias,https://www.dosp.com.br/exibe_do.php?i=MTc2MDcw,,Não identificada
2021-06-17,988,2507 - Obrigatoriedade de inserção do simbolo mundial da conscientizaçao dos Transtornos do Espectro Autista - TEA,Leis,https://www.dosp.com.br/exibe_do.php?i=MTc2MDcw,,Não identificada
2021-06-17,988,262 - Alteração do Anexo I do Quadro de Pessoal Permanente - Enfermagem,Leis,https://www.dosp.com.br/exibe_do.php?i=MTc2MDcw,,Não identificada
2021-06-17,988,2506 - veda  a nomeação pela administração Publica Direta e Indireta de pessoas condenadas,Leis,https://www.dosp.com.br/exibe_do.php?i=MTc2MDcw,,Secretaria de Administração
2021-06-16,987,6344 - comdec - defesa civil,Decretos,https://www.dosp.com.br/exibe_do.php?i=MTc1ODE3,,Não identificada
2021-06-16,986,2505 - Altera a redação do art. 2º da Lei 698 de 03 de março de 2005,Decretos,https://www.dosp.com.br/exibe_do.php?i=MTc1Nzk0,,Não identificada
2021-06-15,984,2502 - Prioridade de matricula e transferencia às crianças e adolescnetes sob guarda de mulheres vitimas de violencia,Leis,https://www.dosp.com.br/exibe_do.php?i=MTc1NTAz,,Não identificada
2021-06-15,984,2503 - Denomina a Pista de Atletismo do Campo Municipal de Adão de Campos,Leis,https://www.dosp.com.br/exibe_do.php?i=MTc1NTAz,,Não identificada
2021-06-15,985,Portarias de F (...),Portarias,https://www.dosp.com.br/exibe_do.php?i=MTc1NTYy,,Não identificada
2021-06-15,984,6342 - Organização da Comissão Municipal de Educação Ambiental - COMEA,Decretos,https://www.dosp.com.br/exibe_do.php?i=MTc1NTAz,,Secretaria de Educação
2021-06-15,985,Portarias de Março,Portarias,https://www.dosp.com.br/exibe_do.php?i=MTc1NTYy,,Não identificada
2021-06-15,985,Portarias de Janeiro,Portarias,https://www.dosp.com.br/exibe_do.php?i=MTc1NTYy,,Não identificada
2021-06-14,983,6340 - Projeto CERIPA,Decretos,https://www.dosp.com.br/exibe_do.php?i=MTc1MjMx,,Não identificada
2021-06-14,983,6340 - Autorização de construção de linha de distribuição de energia elétrica  CERIPA,Decretos,https://www.dosp.com.br/exibe_do.php?i=MTc1MjMx,,Não identificada
2021-06-11,980,"6337 - CREDITO ADICIONAL ESPECIAL 285.722,71",Decretos,https://www.dosp.com.br/exibe_do.php?i=MTc0OTAw,,Não identificada
2021-06-11,981,2504 - Obrigatoriedade de disponibilizar a entrega de medicamentos nos domicilios das pessoas que fazem uso contínuo,Leis,https://www.dosp.com.br/exibe_do.php?i=MTc0OTE0,,Não identificada
2021-06-10,979,2499 - Institui a Comissão Especial de Estudos denominada Frente Parlamentar em Defesa dos Direitos das Mulheres,Leis,https://www.dosp.com.br/exibe_do.php?i=MTc0NDgw,,Não identificada
2021-06-10,979,2498 - Dispõe sobre a reserva de vagas de empregos para mulheres vitimas de violencia domestica e familiar,Leis,https://www.dosp.com.br/exibe_do.php?i=MTc0NDgw,,Não identificada
2021-06-10,979,"2501 - Crédito Adicional Especial Saude e Educação 285.722,71",Leis,https://www.dosp.com.br/exibe_do.php?i=MTc0NDgw,,Secretaria de Educação
2021-06-10,979,2500 - Altera redação do § 4º do art 15 da Lei Municipal 2286,Leis,https://www.dosp.com.br/exibe_do.php?i=MTc0NDgw,,Não identificada
2021-06-10,979,"6335 - Abertura de Crédito Adicional Extraordinário _672.000,00",Decretos,https://www.dosp.com.br/exibe_do.php?i=MTc0NDgw,,Não identificada
2021-06-08,976,2497 - Estabelece que hospitais e maternidades do municipio oferaçam aos pais treinamentos para primeiros socorros,Leis,https://www.dosp.com.br/exibe_do.php?i=MTc0MDQ4,,Não identificada
2021-06-07,974,2495 - Altera a redação do parágrafo terceiro do art 1º da Lei 2428,Leis,https://www.dosp.com.br/exibe_do.php?i=MTczNjYw,,Não identificada
2021-06-07,974,"6330 - Abertura de Crédito Adicional Extraordinário _312.934,65",Decretos,https://www.dosp.com.br/exibe_do.php?i=MTczNjYw,,Não identificada
2021-06-07,974,2496 - Revoga a Lei 2481 2021,Leis,https://www.dosp.com.br/exibe_do.php?i=MTczNjYw,,Não identificada
2021-06-07,975,Decreto2_Bebida_Emergencial,Decretos,https://www.dosp.com.br/exibe_do.php?i=MTczOTE2,,Não identificada
2021-06-02,971,6324 - Declara Utilidade Pública para fins de Desapropiação parcial - Totaro Administração de Bens Ltda - Trecho 2,Decretos,https://www.dosp.com.br/exibe_do.php?i=MTczNDEw,,Secretaria de Administração
2021-06-02,971,2488- Altera a redação do art. 4º da lei 2331- 2019,Leis,https://www.dosp.com.br/exibe_do.php?i=MTczNDEw,,Não identificada
2021-06-02,971,2494 - Altera Lei 2464 2021 SANCIONADA PELA CAMARA,Leis,https://www.dosp.com.br/exibe_do.php?i=MTczNDEw,,Não identificada
2021-06-02,971,2493 - Revogação do parágrafo 3º do art. 1º da Lei 2426 SANCIONADA PELA CAMARA,Leis,https://www.dosp.com.br/exibe_do.php?i=MTczNDEw,,Não identificada
2021-06-02,971,6327 - Declara Utilidade Pública para fins de Desapropiação parcial - Totaro Administração de Bens Ltda - Trecho 5,Decretos,https://www.dosp.com.br/exibe_do.php?i=MTczNDEw,,Secretaria de Administração
2021-06-02,971,6326 - Declara Utilidade Pública para fins de Desapropiação parcial - Totaro Administração de Bens Ltda - Trecho 4,Decretos,https://www.dosp.com.br/exibe_do.php?i=MTczNDEw,,Secretaria de Administração
2021-06-02,971,6329  - declara ponto facultativo dia 04 de junho,Decretos,https://www.dosp.com.br/exibe_do.php?i=MTczNDEw,,Não identificada
2021-06-02,971,6325 - Declara Utilidade Pública para fins de Desapropiação parcial - Totaro Administração de Bens Ltda - Trecho 3,Decretos,https://www.dosp.com.br/exibe_do.php?i=MTczNDEw,,Secretaria de Administração
2021-06-02,971,6328 - Declaração de utilidade pública - desapropriação parcial - totaro administração - trecho 6,Decretos,https://www.dosp.com.br/exibe_do.php?i=MTczNDEw,,Secretaria de Administração
2021-06-02,971,6323 - Declara Utilidade Pública para fins de Desapropiação parcial - Totaro Administração de Bens Ltda - Trecho 1,Decretos,https://www.dosp.com.br/exibe_do.php?i=MTczNDEw,,Secretaria de Administração
2021-05-31,968,6318 - denominação CCI Vereador Evaristo Garcia Pereira,Decretos,https://www.dosp.com.br/exibe_do.php?i=MTcyNzgx,,Não identificada
2021-05-28,967,6319 - Elevação de vagas em concurso público -  auxiliar contabil,Decretos,https://www.dosp.com.br/exibe_do.php?i=MTcyMjE3,,Não identificada
2021-05-28,967,"6314 - CREDITO ADICIONAL ESPECIAL FMS_ 106.831,06",Decretos,https://www.dosp.com.br/exibe_do.php?i=MTcyMjE3,,Não identificada
2021-05-28,967,"6317 - CREDITO ADICIONAL ESPECIAL FMS_ 44.457,09",Decretos,https://www.dosp.com.br/exibe_do.php?i=MTcyMjE3,,Não identificada
2021-05-28,967,"6316 - CREDITO ADICIONAL ESPECIAL FMS_ 133.838,10",Decretos,https://www.dosp.com.br/exibe_do.php?i=MTcyMjE3,,Não identificada
2021-05-28,967,"6315 - CREDITO ADICIONAL ESPECIAL FMS_ 126.836,54",Decretos,https://www.dosp.com.br/exibe_do.php?i=MTcyMjE3,,Não identificada
2021-05-28,967,"2492 - Crédito Adicional Especial - FMS  - 44.457,09",Leis,https://www.dosp.com.br/exibe_do.php?i=MTcyMjE3,,Não identificada
2021-05-28,967,"2491 - Crédito Adicional Especial - FMS  - 133.838,10",Leis,https://www.dosp.com.br/exibe_do.php?i=MTcyMjE3,,Não identificada
2021-05-28,967,"2489 - Crédito Adicional Especial - FMS  - 106.831,06",Leis,https://www.dosp.com.br/exibe_do.php?i=MTcyMjE3,,Não identificada
2021-05-28,967,"2490 - Crédito Adicional Especial - FMS  - 126.836,54",Leis,https://www.dosp.com.br/exibe_do.php?i=MTcyMjE3,,Não identificada
2021-05-26,965,6311- reorganiza conselho deliberativo do fundo social - revoga 5762,Decretos,https://www.dosp.com.br/exibe_do.php?i=MTcxNjM2,,Não identificada
2021-05-25,963,2487 - Dispoe sobre a proibição de produtos fumígenos e afins nas repartições públicas,Leis,https://www.dosp.com.br/exibe_do.php?i=MTcxMzQx,,Não identificada
2021-05-25,963,6293 - permissão de uso - amvar,Decretos,https://www.dosp.com.br/exibe_do.php?i=MTcxMzQx,,Não identificada
2021-05-24,961,261 - Altera a redaçõa do caput do art. 3º e Anexo I da Lei Complementar 259  REFIS,Leis,https://www.dosp.com.br/exibe_do.php?i=MTcxMjM3,,Não identificada
2021-05-24,961,6310 - Dispõe sobre o recadastramento dos jazigos e transferencia de restos mortais,Decretos,https://www.dosp.com.br/exibe_do.php?i=MTcxMjM3,,Não identificada
2021-05-24,961,"6306 - CREDITO ADICIONAL ESPECIAL FMS_ 501.056,45",Decretos,https://www.dosp.com.br/exibe_do.php?i=MTcxMjM3,,Não identificada
2021-05-24,961,"6303 - CREDITO ADICIONAL ESPECIAL FMS_ 94.992,95",Decretos,https://www.dosp.com.br/exibe_do.php?i=MTcxMjM3,,Não identificada
2021-05-24,961,6302- reorganiza o COMDEMA,Decretos,https://www.dosp.com.br/exibe_do.php?i=MTcxMjM3,,Não identificada
2021-05-24,961,"6304 - CREDITO ADICIONAL ESPECIAL FMS_ 38.504,60",Decretos,https://www.dosp.com.br/exibe_do.php?i=MTcxMjM3,,Não identificada
2021-05-24,961,"6309 - Abertura de Crédito Adicional Extraordinário _672.000,00",Decretos,https://www.dosp.com.br/exibe_do.php?i=MTcxMjM3,,Não identificada
2021-05-24,962,10728 – (...),Portarias,https://www.dosp.com.br/exibe_do.php?i=MTcxMzEx,,Não identificada
2021-05-24,961,"2482 - Crédito Adicional Especial - FMS  - 94.992,95",Leis,https://www.dosp.com.br/exibe_do.php?i=MTcxMjM3,,Não identificada
2021-05-24,961,"2486 - Crédito Adicional Especial - FMS  - 501.056,45",Leis,https://www.dosp.com.br/exibe_do.php?i=MTcxMjM3,,Não identificada
2021-05-24,961,"6305 - CREDITO ADICIONAL ESPECIAL FMS_ 78.002,25",Decretos,https://www.dosp.com.br/exibe_do.php?i=MTcxMjM3,,Não identificada
2021-05-24,961,"2485 - Crédito Adicional Especial - FMS  - 78.002,25",Leis,https://www.dosp.com.br/exibe_do.php?i=MTcxMjM3,,Não identificada
2021-05-24,961,"2484 - Crédito Adicional Especial - FMS  - 38.504,60",Leis,https://www.dosp.com.br/exibe_do.php?i=MTcxMjM3,,Não identificada
2021-05-20,958,2483 - Lei Veto Sancionada Pela Camara - Projeto de Lei 23.2021,Leis,https://www.dosp.com.br/exibe_do.php?i=MTcwNzAz,,Não identificada
2021-05-17,953,6300- altera artigo 2º do decreto 5478,Decretos,https://www.dosp.com.br/exibe_do.php?i=MTY5ODA4,,Não identificada
2021-05-17,954,10712 – (...),Portarias,https://www.dosp.com.br/exibe_do.php?i=MTY5ODMx,,Não identificada
2021-05-17,954,10701 – (...),Portarias,https://www.dosp.com.br/exibe_do.php?i=MTY5ODMx,,Não identificada
2021-05-14,952,2480 - Cria incentivos para a instalação e permanência de empresas no Municipio de Avaré,Leis,https://www.dosp.com.br/exibe_do.php?i=MTY5NTQw,,Não identificada
2021-05-14,951,2477- Cria a Procuradoria da Mulher na Câmara Municipal de Avaré,Leis,https://www.dosp.com.br/exibe_do.php?i=MTY5MzAw,,Não identificada
2021-05-14,951,2479- Cria a Parada Segura dispondo sobre critérios para embarque e desembarque para mulheres em horáio noturno no transporte coletivo,Leis,https://www.dosp.com.br/exibe_do.php?i=MTY5MzAw,,Secretaria de Transporte
2021-05-14,952,"6299 - Dispõe sobre a regulamentação do artigo 53, da Lei Municipal nº 2.007, de 03 de maio de 2.016",Decretos,https://www.dosp.com.br/exibe_do.php?i=MTY5NTQw,,Não identificada
2021-05-14,951,2478- Institui o Programa de Cooperação e o Códiogo Sinal Vermelho,Leis,https://www.dosp.com.br/exibe_do.php?i=MTY5MzAw,,Não identificada
2021-05-14,951,2481 - Adoção de medidas temporárias e emergenciais na prevenção e combate ao contágio de Covid 19,Leis,https://www.dosp.com.br/exibe_do.php?i=MTY5MzAw,,Não identificada
2021-05-14,951,260 - Cria e disciplina o Conselho Municipal do Plano Direto CMPD,Leis,https://www.dosp.com.br/exibe_do.php?i=MTY5MzAw,,Não identificada
2021-05-13,950,6298 - altera artigo 3º do decreto 6183 Vacina,Decretos,https://www.dosp.com.br/exibe_do.php?i=MTY5MjY5,,Não identificada
2021-05-10,946,6280 - Permissão de uso - AAVANT,Decretos,https://www.dosp.com.br/exibe_do.php?i=MTY4NDYw,,Não identificada
2021-05-10,946,10710 – (...),Portarias,https://www.dosp.com.br/exibe_do.php?i=MTY4NDYw,,Não identificada
2021-05-06,943,6291 - SIAFIC,Decretos,https://www.dosp.com.br/exibe_do.php?i=MTY3NjIz,,Não identificada
2021-05-06,944,2473- Determina prioridade na Vacinação contra Covid 19,Leis,https://www.dosp.com.br/exibe_do.php?i=MTY3Nzc3,,Não identificada
2021-05-06,943,2475- Altera o artigo 4º da Lei 1.338 2010 inclusão da Semana Municipal da Lingua Brasileira de Sinais,Leis,https://www.dosp.com.br/exibe_do.php?i=MTY3NjIz,,Não identificada
2021-05-06,943,2477- Institui o programa de Recuperação Fiscal - REFIS,Leis,https://www.dosp.com.br/exibe_do.php?i=MTY3NjIz,,Não identificada
2021-05-06,943,2476- Institui doação voluntária de alimentos não pereciveis na vacinação COVID 19,Leis,https://www.dosp.com.br/exibe_do.php?i=MTY3NjIz,,Não identificada
2021-05-03,941,6290 - Elevação de vagas em concurso público agente administrativo,Decretos,https://www.dosp.com.br/exibe_do.php?i=MTY2OTA5,,Não identificada
2021-04-29,939,2474- Altera o artigo 3º da Lei 1.434 2020,Leis,https://www.dosp.com.br/exibe_do.php?i=MTY2MzQ4,,Não identificada
2021-04-28,937,"2470- CRÉDITO ADICIONAL ESPECIAL - Sec  Obras - 149.569,20",Leis,https://www.dosp.com.br/exibe_do.php?i=MTY1OTgy,,Secretaria de Obras
2021-04-28,937,"2469- CRÉDITO ADICIONAL SUPLEMENTAR  - FMS - 2.310.000,00",Leis,https://www.dosp.com.br/exibe_do.php?i=MTY1OTgy,,Não identificada
2021-04-28,937,"2472- CRÉDITO ADICIONAL ESPECIAL - FMS - 32.641,12",Leis,https://www.dosp.com.br/exibe_do.php?i=MTY1OTgy,,Não identificada
2021-04-28,937,"6286 - CREDITO ADICIONAL ESPECIAL FMS_ 32.641,12",Decretos,https://www.dosp.com.br/exibe_do.php?i=MTY1OTgy,,Não identificada
2021-04-28,937,"2471- CRÉDITO ADICIONAL ESPECIAL - FMS - 550.120,95",Leis,https://www.dosp.com.br/exibe_do.php?i=MTY1OTgy,,Não identificada
2021-04-28,937,"6283 - CREDITO ADICIONAL SUPLEMENTAR FMS_2.310.000,00",Decretos,https://www.dosp.com.br/exibe_do.php?i=MTY1OTgy,,Não identificada
2021-04-28,937,"6282 - CREDITO ADICIONAL ESPECIAL Sec de Educação_4.347.268,36",Decretos,https://www.dosp.com.br/exibe_do.php?i=MTY1OTgy,,Secretaria de Educação
2021-04-28,937,"6284 - CREDITO ADICIONAL ESPECIAL Sec de Obras_ 149.569,20",Decretos,https://www.dosp.com.br/exibe_do.php?i=MTY1OTgy,,Secretaria de Obras
2021-04-28,937,"2468- CRÉDITO ADICIONAL ESPECIAL  - Sec Educação - 4.347.268,36",Leis,https://www.dosp.com.br/exibe_do.php?i=MTY1OTgy,,Secretaria de Educação
2021-04-28,937,"6285 - CREDITO ADICIONAL ESPECIAL FMS_ 550.120,95",Decretos,https://www.dosp.com.br/exibe_do.php?i=MTY1OTgy,,Não identificada
2021-04-27,936,6260 -permissão uso - associação organicos e associação de apicultores de avare - box mercadão,Decretos,https://www.dosp.com.br/exibe_do.php?i=MTY1NzUz,,Não identificada
2021-04-27,936,6277 -declaração de utilidade publica - anel viário - maria geralda macedo,Decretos,https://www.dosp.com.br/exibe_do.php?i=MTY1NzUz,,Não identificada
2021-04-22,933,2467- Altera a redação do inciso I do art. 53 da Lei 2007 16 - 60 horas,Leis,https://www.dosp.com.br/exibe_do.php?i=MTY0NzU4,,Não identificada
2021-04-22,933,6273 - denominação de praça  Eng Agrônomo Waldyr Pena,Decretos,https://www.dosp.com.br/exibe_do.php?i=MTY0NzU4,,Não identificada
2021-04-22,933,6274  - reorganiza equipe multiprofissional de avaliação - vigilância sanitaria - revoga 6152,Decretos,https://www.dosp.com.br/exibe_do.php?i=MTY0NzU4,,Não identificada
2021-04-22,933,6275 - reorganiza equipe vigilância sanitaria - revoga 6268,Decretos,https://www.dosp.com.br/exibe_do.php?i=MTY0NzU4,,Não identificada
2021-04-15,928,2466- Obriga disponibilizar consulta online dos registros cadastrais de imóveis -Câmara,Leis,https://www.dosp.com.br/exibe_do.php?i=MTYzNjkz,,Não identificada
2021-04-15,929,6271 - abertura de igreja - Covid,Decretos,https://www.dosp.com.br/exibe_do.php?i=MTYzNzUy,,Não identificada
2021-04-15,928,6268  - reorganiza equipe vigilância sanitaria - revoga 6233,Decretos,https://www.dosp.com.br/exibe_do.php?i=MTYzNjkz,,Não identificada
2021-04-12,925,6267 - retomada das aulas presenciais da rede pública e particular,Decretos,https://www.dosp.com.br/exibe_do.php?i=MTYyOTE4,,Não identificada
2021-04-12,924,6265 - regulamenta lei municipal n°879,Decretos,https://www.dosp.com.br/exibe_do.php?i=MTYyNzA1,,Não identificada
2021-04-09,923,6266 - Institui Campanha Vacina Solidária,Decretos,https://www.dosp.com.br/exibe_do.php?i=MTYyNjI5,,Não identificada
2021-04-09,922,Tabela em texto - 2021 - com referencia 16 (1),Decretos,https://www.dosp.com.br/exibe_do.php?i=MTYyNTUz,,Não identificada
2021-04-07,919,"6257 - Abertura de Crédito Adicional Extraordinário _34.000,00",Decretos,https://www.dosp.com.br/exibe_do.php?i=MTYyMDEx,,Não identificada
2021-04-07,919,"6258 - Abertura de Crédito Adicional Extraordinário _672.000,00",Decretos,https://www.dosp.com.br/exibe_do.php?i=MTYyMDEx,,Não identificada
2021-04-06,918,2465- utilização de lacre inviolável na embalagen de alimentos entregues em domiciliio,Leis,https://www.dosp.com.br/exibe_do.php?i=MTYxODI2,,Não identificada
2021-04-05,917,6256- Declara de utilidade pública para fins de desapropriação - Valdomiro dos Santos e outro,Decretos,https://www.dosp.com.br/exibe_do.php?i=MTYxNTI2,,Não identificada
2021-04-01,916,6255 - Prorroga Vencimento de ISS - COVID,Decretos,https://www.dosp.com.br/exibe_do.php?i=MTYxMzQz,,Não identificada
2021-04-01,916,"6249 - CREDITO ADICIONAL ESPECIAL FMS _709.672,23",Decretos,https://www.dosp.com.br/exibe_do.php?i=MTYxMzQz,,Não identificada
2021-04-01,916,"6245 - CREDITO ADICIONAL ESPECIAL FMS _35.140,07",Decretos,https://www.dosp.com.br/exibe_do.php?i=MTYxMzQz,,Não identificada
2021-04-01,916,10597 – (...),Portarias,https://www.dosp.com.br/exibe_do.php?i=MTYxMzQz,,Não identificada
2021-04-01,916,10596 – (...),Portarias,https://www.dosp.com.br/exibe_do.php?i=MTYxMzQz,,Não identificada
2021-04-01,916,"6248 - CREDITO ADICIONAL ESPECIAL FMS _57.243,89",Decretos,https://www.dosp.com.br/exibe_do.php?i=MTYxMzQz,,Não identificada
2021-04-01,916,"6244 - CREDITO ADICIONAL ESPECIAL Sec Planejamento_101,43",Decretos,https://www.dosp.com.br/exibe_do.php?i=MTYxMzQz,,Não identificada
2021-04-01,916,"6246 - CREDITO ADICIONAL ESPECIAL FMS _508.343,93",Decretos,https://www.dosp.com.br/exibe_do.php?i=MTYxMzQz,,Não identificada
2021-04-01,916,"6250 - CREDITO ADICIONAL ESPECIAL FMS _767.704,06",Decretos,https://www.dosp.com.br/exibe_do.php?i=MTYxMzQz,,Não identificada
2021-04-01,916,"6243 - CREDITO ADICIONAL ESPECIAL FMS _150.000,00",Decretos,https://www.dosp.com.br/exibe_do.php?i=MTYxMzQz,,Não identificada
2021-04-01,916,"6247 - CREDITO ADICIONAL ESPECIAL FMS _Ass. Social - 122.022,64",Decretos,https://www.dosp.com.br/exibe_do.php?i=MTYxMzQz,,Não identificada
2021-04-01,916,"6251 - CREDITO ADICIONAL ESPECIAL Sec Mun de Obras_651,18",Decretos,https://www.dosp.com.br/exibe_do.php?i=MTYxMzQz,,Secretaria de Obras
2021-04-01,916,6254 - reorganiza comissão - educação basica - avaliação do desempenho dos profissionais da educação,Decretos,https://www.dosp.com.br/exibe_do.php?i=MTYxMzQz,,Secretaria de Educação
2021-03-30,912,"2463- CRÉDITO ADICIONAL ESPECIAL Secretaria Municipal de Obras - 651,18",Leis,https://www.dosp.com.br/exibe_do.php?i=MTYwNjk0,,Secretaria de Obras
2021-03-30,912,"2456 - CRÉDITO ADICIONAL ESPECIAL Planejamento e Transp Viário - 101,43.",Leis,https://www.dosp.com.br/exibe_do.php?i=MTYwNjk0,,Não identificada
2021-03-30,912,"2460 - CRÉDITO ADICIONAL ESPECIAL F M Saúde - 57.243,89",Leis,https://www.dosp.com.br/exibe_do.php?i=MTYwNjk0,,Secretaria de Saúde
2021-03-30,913,2464-Autorização para abertura do Comércio - Covid,Leis,https://www.dosp.com.br/exibe_do.php?i=MTYwNzQy,,Não identificada
2021-03-30,912,6240 - Prorroga Decreto 6222 até dia 11 de abril 2021 - covid 19,Decretos,https://www.dosp.com.br/exibe_do.php?i=MTYwNjk0,,Não identificada
2021-03-30,912,"2457 - CRÉDITO ADICIONAL ESPECIAL F M Saúde - 35.140,07",Leis,https://www.dosp.com.br/exibe_do.php?i=MTYwNjk0,,Secretaria de Saúde
2021-03-30,912,"2455 - CRÉDITO ADICIONAL ESPECIAL F M Saúde - 150.000,00",Leis,https://www.dosp.com.br/exibe_do.php?i=MTYwNjk0,,Secretaria de Saúde
2021-03-30,912,"2462- CRÉDITO ADICIONAL ESPECIAL F M Saúde - 767.704,06",Leis,https://www.dosp.com.br/exibe_do.php?i=MTYwNjk0,,Secretaria de Saúde
2021-03-30,912,"2458 - CRÉDITO ADICIONAL ESPECIAL F M Saúde - 508.343,93",Leis,https://www.dosp.com.br/exibe_do.php?i=MTYwNjk0,,Secretaria de Saúde
2021-03-30,912,"2461- CRÉDITO ADICIONAL ESPECIAL F M Saúde - 709.672,23",Leis,https://www.dosp.com.br/exibe_do.php?i=MTYwNjk0,,Secretaria de Saúde
2021-03-30,912,"2459- CRÉDITO ADICIONAL ESPECIAL SEMADS - 122.022,64",Leis,https://www.dosp.com.br/exibe_do.php?i=MTYwNjk0,,Não identificada
2021-03-28,910,Revogação_Decreto_Bebida_Emergencial-1,Decretos,https://www.dosp.com.br/exibe_do.php?i=MTYwMTIy,,Não identificada
2021-03-26,909,6238,Decretos,https://www.dosp.com.br/exibe_do.php?i=MTYwMTEz,,Não identificada
2021-03-26,908,"6236 - Atendimento psicológico, serviço socal e Fonoaudiológico aos alunos da Rede Municipal de ensino",Decretos,https://www.dosp.com.br/exibe_do.php?i=MTYwMDQ1,,Não identificada
2021-03-24,906,6214- Itamar abertura de Crédito FREA,Decretos,https://www.dosp.com.br/exibe_do.php?i=MTU5NDEy,,Não identificada
2021-03-24,906,6235 - reorganiza conselho municipal dos direitos da criança e do adolescente,Decretos,https://www.dosp.com.br/exibe_do.php?i=MTU5NDEy,,Não identificada
2021-03-23,905,6233  - reorganiza equipe vigilância sanitaria - revoga 6142,Decretos,https://www.dosp.com.br/exibe_do.php?i=MTU5MDI4,,Não identificada
2021-03-19,903,"6234 - Abertura de Crédito Adicional Extraordinário _960.000,00",Decretos,https://www.dosp.com.br/exibe_do.php?i=MTU4MTI2,,Não identificada
2021-03-18,902,6231 - regulamenta o uso do espaço publico do velorio municipal durante a pandemia coronavirus,Decretos,https://www.dosp.com.br/exibe_do.php?i=MTU3NzU4,,Não identificada
2021-03-17,901,258 - Lei Complementar - Altera anexo III - Quadro de Pessoal - Cargos em Comissão,Leis,https://www.dosp.com.br/exibe_do.php?i=MTU3NDk1,,Não identificada
2021-03-17,901,2447 - Ampliação de perimetro urbano - Fazenda Lazzaretos,Leis,https://www.dosp.com.br/exibe_do.php?i=MTU3NDk1,,Não identificada
2021-03-17,901,2448 - Ampliação de perimetro urbano - Fazenda do Trevo Gleba C,Leis,https://www.dosp.com.br/exibe_do.php?i=MTU3NDk1,,Não identificada
2021-03-17,901,2449 - Ampliação de perimetro urbano - Fazenda do Trevo Gleba A,Leis,https://www.dosp.com.br/exibe_do.php?i=MTU3NDk1,,Não identificada
2021-03-17,901,257 - Lei Complementar - Altera anexo IV E - Tabela de Vencimentos - acrescido nivel 16,Leis,https://www.dosp.com.br/exibe_do.php?i=MTU3NDk1,,Não identificada
2021-03-16,899,"6218 - CREDITO ADICIONAL ESPECIAL SEMADS _209.899,67",Decretos,https://www.dosp.com.br/exibe_do.php?i=MTU3MTkx,,Não identificada
2021-03-16,900,"6226 - CREDITO ADICIONAL ESPECIAL SEMADS _2.706,11",Decretos,https://www.dosp.com.br/exibe_do.php?i=MTU3MjEz,,Não identificada
2021-03-16,899,"6216 - CREDITO ADICIONAL ESPECIAL SEMADS _54.668,69",Decretos,https://www.dosp.com.br/exibe_do.php?i=MTU3MTkx,,Não identificada
2021-03-16,899,"6217 - CREDITO ADICIONAL ESPECIAL SEMADS _94.148,52",Decretos,https://www.dosp.com.br/exibe_do.php?i=MTU3MTkx,,Não identificada
2021-03-16,900,"6229 - CREDITO ADICIONAL ESPECIAL FUMBOAR _858.030,22",Decretos,https://www.dosp.com.br/exibe_do.php?i=MTU3MjEz,,Não identificada
2021-03-16,899,"6215 - CREDITO ADICIONAL ESPECIAL SEMADS _26.291,57",Decretos,https://www.dosp.com.br/exibe_do.php?i=MTU3MTkx,,Não identificada
2021-03-16,899,"6219 - CREDITO ADICIONAL ESPECIAL SEMADS _279.213,95",Decretos,https://www.dosp.com.br/exibe_do.php?i=MTU3MTkx,,Não identificada
2021-03-16,899,"6223 - CREDITO ADICIONAL ESPECIAL SEMADS _452.238,04",Decretos,https://www.dosp.com.br/exibe_do.php?i=MTU3MTkx,,Não identificada
2021-03-16,899,"6220 - CREDITO ADICIONAL ESPECIAL SEMADS _351.084,61",Decretos,https://www.dosp.com.br/exibe_do.php?i=MTU3MTkx,,Não identificada
2021-03-16,900,"6227 - CREDITO ADICIONAL ESPECIAL SEMADS _4.511,11",Decretos,https://www.dosp.com.br/exibe_do.php?i=MTU3MjEz,,Não identificada
2021-03-16,900,"6228 - CREDITO ADICIONAL ESPECIAL SEMADS _73,81",Decretos,https://www.dosp.com.br/exibe_do.php?i=MTU3MjEz,,Não identificada
2021-03-16,900,"6225 - CREDITO ADICIONAL ESPECIAL SEMADS _2.028,17",Decretos,https://www.dosp.com.br/exibe_do.php?i=MTU3MjEz,,Não identificada
2021-03-15,898,"2452 - CRÉDITO ADICIONAL ESPECIAL Semads 4.511,11",Leis,https://www.dosp.com.br/exibe_do.php?i=MTU3MDQx,,Não identificada
2021-03-15,898,"2453 - CRÉDITO ADICIONAL ESPECIAL Semads 73,81",Leis,https://www.dosp.com.br/exibe_do.php?i=MTU3MDQx,,Não identificada
2021-03-15,898,"2450 - CRÉDITO ADICIONAL ESPECIAL Semads 2.028,17",Leis,https://www.dosp.com.br/exibe_do.php?i=MTU3MDQx,,Não identificada
2021-03-15,898,"2454 - CRÉDITO ADICIONAL ESPECIAL FUMBOAR 858.030,22",Leis,https://www.dosp.com.br/exibe_do.php?i=MTU3MDQx,,Não identificada
2021-03-15,898,"2451 - CRÉDITO ADICIONAL ESPECIAL Semads 2.706,11",Leis,https://www.dosp.com.br/exibe_do.php?i=MTU3MDQx,,Não identificada
2021-03-15,897,"2444 - CRÉDITO ADICIONAL ESPECIAL R$ 279.213,95",Leis,https://www.dosp.com.br/exibe_do.php?i=MTU2OTg4,,Não identificada
2021-03-15,897,"2443 - CRÉDITO ADICIONAL ESPECIAL R$ 209.899,67",Leis,https://www.dosp.com.br/exibe_do.php?i=MTU2OTg4,,Não identificada
2021-03-15,897,"2442 - CRÉDITO ADICIONAL ESPECIAL R$ 94.148,52",Leis,https://www.dosp.com.br/exibe_do.php?i=MTU2OTg4,,Não identificada
2021-03-15,897,"2445 - CRÉDITO ADICIONAL ESPECIAL R$ 351.084,61",Leis,https://www.dosp.com.br/exibe_do.php?i=MTU2OTg4,,Não identificada
2021-03-15,897,"2446 - CRÉDITO ADICIONAL ESPECIAL R$ 452.238,04",Leis,https://www.dosp.com.br/exibe_do.php?i=MTU2OTg4,,Não identificada
2021-03-15,897,"2441 - CRÉDITO ADICIONAL ESPECIAL R$ 54.668,69",Leis,https://www.dosp.com.br/exibe_do.php?i=MTU2OTg4,,Não identificada
2021-03-15,897,"2440 - CRÉDITO ADICIONAL ESPECIAL R$ 26.291,57",Leis,https://www.dosp.com.br/exibe_do.php?i=MTU2OTg4,,Não identificada
2021-03-12,895,6221 - fase vermelha - COVID Prorrogação IPTU,Decretos,https://www.dosp.com.br/exibe_do.php?i=MTU2NzIy,,Não identificada
2021-03-12,896,6222 - suspensão das aulas presenciais no período de 15 a 30 de março de 2021 - covid 19,Decretos,https://www.dosp.com.br/exibe_do.php?i=MTU2NzYy,,Não identificada
2021-03-11,894,2437- criação e implantação do Projeto Arte para a Melhor Idade,Leis,https://www.dosp.com.br/exibe_do.php?i=MTU2MzU2,,Não identificada
2021-03-11,894,2436- Revoga Lei 2427 - Serviços Essenciais,Leis,https://www.dosp.com.br/exibe_do.php?i=MTU2MzU2,,Não identificada
2021-03-11,894,2438- Cria S.O.S Idoso,Leis,https://www.dosp.com.br/exibe_do.php?i=MTU2MzU2,,Não identificada
2021-03-11,894,2439- Institui o Programa de Conscientização da Sindrome de Down,Leis,https://www.dosp.com.br/exibe_do.php?i=MTU2MzU2,,Não identificada
2021-03-09,892,"6210 - Abertura de Crédito Adicional Extraordinário _1.685.200,00",Decretos,https://www.dosp.com.br/exibe_do.php?i=MTU1ODI5,,Não identificada
2021-03-08,891,6199 - permissão de uso - Creche de Idosos,Decretos,https://www.dosp.com.br/exibe_do.php?i=MTU1NTI5,,Não identificada
2021-03-08,891,2435 - contratação de serviços médicos e equipamentos para exames,Leis,https://www.dosp.com.br/exibe_do.php?i=MTU1NTI5,,Não identificada
2021-03-04,887,"6207 - Abertura de Crédito Adicional Extraordinário RECURSO SANTA CASA_1.097.424,00",Decretos,https://www.dosp.com.br/exibe_do.php?i=MTU0NjYz,,Não identificada
2021-03-02,885,6206 - prorrogação dos concursos publicos apos calamidade,Decretos,https://www.dosp.com.br/exibe_do.php?i=MTU0MzYz,,Não identificada
2021-02-27,883,6204 - revoga decreto 6187,Decretos,https://www.dosp.com.br/exibe_do.php?i=MTUzODk4,,Não identificada
2021-02-19,876,"6192 - CREDITO ADICIONAL ESPECIAL SF SAUDE_4.258.723,34",Decretos,https://www.dosp.com.br/exibe_do.php?i=MTUyMjk5,,Não identificada
2021-02-19,876,6195 - CREDITO ADICIONAL ESPECIAL_devolução CONVENIO transp. alunos_contrapartida município,Decretos,https://www.dosp.com.br/exibe_do.php?i=MTUyMjk5,,Não identificada
2021-02-19,876,"6194 - CREDITO ADICIONAL ESPECIAL_devolução CONVENIO DADE_172.977,05",Decretos,https://www.dosp.com.br/exibe_do.php?i=MTUyMjk5,,Não identificada
2021-02-19,876,"6193 - CREDITO ADICIONAL SF_CONVENIO devolução 1.042,85",Decretos,https://www.dosp.com.br/exibe_do.php?i=MTUyMjk5,,Não identificada
2021-02-19,876,6196 - CRÉDITO -  SUPERAVIT FUMCAD 2021,Decretos,https://www.dosp.com.br/exibe_do.php?i=MTUyMjk5,,Não identificada
2021-02-19,876,"6191 - CREDITO ADICIONAL ESPECIAL SF SAUDE_543.807,65",Decretos,https://www.dosp.com.br/exibe_do.php?i=MTUyMjk5,,Não identificada
2021-02-19,876,"2430 - CREDITO ADICIONAL ESPECIAL SF SAUDE_4.258.723,34",Leis,https://www.dosp.com.br/exibe_do.php?i=MTUyMjk5,,Não identificada
2021-02-19,876,2433 - CREDITO ADICIONAL ESPECIAL_devolução CONVENIO transp. alunos_contrapartida município,Leis,https://www.dosp.com.br/exibe_do.php?i=MTUyMjk5,,Não identificada
2021-02-19,876,"2429 - CREDITO ADICIONAL ESPECIAL SF SAUDE_543.807,65",Leis,https://www.dosp.com.br/exibe_do.php?i=MTUyMjk5,,Não identificada
2021-02-19,876,"2432 - CREDITO ADICIONAL ESPECIAL_devolução CONVENIO DADE_172.977,05",Leis,https://www.dosp.com.br/exibe_do.php?i=MTUyMjk5,,Não identificada
2021-02-19,876,"2431 - CREDITO ADICIONAL SF_CONVENIO devolução 1.042,85",Leis,https://www.dosp.com.br/exibe_do.php?i=MTUyMjk5,,Não identificada
2021-02-19,876,2434 - CRÉDITO -  SUPERAVIT FUMCAD 2021,Leis,https://www.dosp.com.br/exibe_do.php?i=MTUyMjk5,,Não identificada
2021-02-12,873,6190 - revoga decreto 6184 - carnaval,Decretos,https://www.dosp.com.br/exibe_do.php?i=MTUxMTY0,,Não identificada
2021-02-10,871,2428 - Autoriza Poder Legislativo celebrar Convênio,Leis,https://www.dosp.com.br/exibe_do.php?i=MTUwNzAw,,Não identificada
2021-02-10,871,256 - Utilização do Camping Municipal,Leis,https://www.dosp.com.br/exibe_do.php?i=MTUwNzAw,,Não identificada
2021-02-10,871,255 - Reestrutura o Regime Próprio de Previdência,Leis,https://www.dosp.com.br/exibe_do.php?i=MTUwNzAw,,Não identificada
2021-02-06,868,6187 - serviços essesnciais,Decretos,https://www.dosp.com.br/exibe_do.php?i=MTQ5OTY2,,Não identificada
2021-02-05,867,2427 - Serviços essenciais para a população de Avaré,Leis,https://www.dosp.com.br/exibe_do.php?i=MTQ5ODkx,,Não identificada
2021-02-04,864,6186 - Reorganiza Comissão IDEB - educação - revoga 5998,Decretos,https://www.dosp.com.br/exibe_do.php?i=MTQ5NTU0,,Secretaria de Educação
2021-02-04,864,6184 - suspende feriado de carnaval,Decretos,https://www.dosp.com.br/exibe_do.php?i=MTQ5NTU0,,Não identificada
2021-02-04,864,6185 - altera decreto 6161 - retorno as aulas,Decretos,https://www.dosp.com.br/exibe_do.php?i=MTQ5NTU0,,Não identificada
2021-02-03,863,6183 - retorno dos funcionários afastados covid19,Decretos,https://www.dosp.com.br/exibe_do.php?i=MTQ5MzE2,,Não identificada
2021-02-03,863,6174 - Reorganiza JARI - Junta Administrativa de Recursos de Infrações - revoga 5707,Decretos,https://www.dosp.com.br/exibe_do.php?i=MTQ5MzE2,,Não identificada
2021-02-02,860,6181 - Nomeia Josiane Ap. Lopes Medeiros - secretaria educação,Decretos,https://www.dosp.com.br/exibe_do.php?i=MTQ4OTE0,,Secretaria de Educação
2021-02-01,859,6180 - criação do centro pedagógico educação especial,Decretos,https://www.dosp.com.br/exibe_do.php?i=MTQ4NzAz,,Secretaria de Educação
2021-02-01,858,6173 - Exonera josiane ap lopes medeiros - Secretária educação,Decretos,https://www.dosp.com.br/exibe_do.php?i=MTQ4NjY4,,Secretaria de Educação
2021-01-31,857,6178 - luto oficial padre sebastião,Decretos,https://www.dosp.com.br/exibe_do.php?i=MTQ4NTIz,,Não identificada
2021-01-28,855,6160 - criação e denominação da Emeb Maria Pierina Domiciano Silvestre,Decretos,https://www.dosp.com.br/exibe_do.php?i=MTQ3ODIz,,Não identificada
2021-01-27,854,6172 - nomeia marcia vendramini - gestora e ordenadora fundo da criança e adolescente,Decretos,https://www.dosp.com.br/exibe_do.php?i=MTQ3NzMz,,Não identificada
2021-01-27,854,10508 – (...),Portarias,https://www.dosp.com.br/exibe_do.php?i=MTQ3NzMz,,Não identificada
2021-01-26,853,6169 - Reorganiza Comissão gestao de carreiras educação,Decretos,https://www.dosp.com.br/exibe_do.php?i=MTQ3NTE0,,Secretaria de Educação
2021-01-26,853,6171 - atualiza Valor parâmetro para apuração de dívidas antieconômicas,Decretos,https://www.dosp.com.br/exibe_do.php?i=MTQ3NTE0,,Não identificada
2021-01-26,852,6168 - altera decreto 6167 - fase vermelha - COVID,Decretos,https://www.dosp.com.br/exibe_do.php?i=MTQ3NDE4,,Não identificada
2021-01-24,850,6167- Fase Vermelha - COVID,Decretos,https://www.dosp.com.br/exibe_do.php?i=MTQ3MDE2,,Não identificada
2021-01-22,849,6165 - liberação de materiais de construção COVID19,Decretos,https://www.dosp.com.br/exibe_do.php?i=MTQ2OTIx,,Não identificada
2021-01-22,848,10496 – (...),Portarias,https://www.dosp.com.br/exibe_do.php?i=MTQ2ODgy,,Não identificada
2021-01-22,849,6166 - nomeia adriana moreira - gestora e ordenadora FMAS - fundo assistencia social,Decretos,https://www.dosp.com.br/exibe_do.php?i=MTQ2OTIx,,Secretaria de Assistência Social
2021-01-22,848,6163 - loteamento Vila Suíça,Decretos,https://www.dosp.com.br/exibe_do.php?i=MTQ2ODgy,,Não identificada
2021-01-22,848,6164 - Reorganiza Conselho Tutelar,Decretos,https://www.dosp.com.br/exibe_do.php?i=MTQ2ODgy,,Não identificada
2021-01-22,848,6161 - retomada das aulas presenciais da rede pública e particular,Decretos,https://www.dosp.com.br/exibe_do.php?i=MTQ2ODgy,,Não identificada
2021-01-21,847,6143 - Comdec - defesa civil,Decretos,https://www.dosp.com.br/exibe_do.php?i=MTQ2NTk2,,Não identificada
2021-01-20,846,6159 - criação de vagas - oficial de manutenção,Decretos,https://www.dosp.com.br/exibe_do.php?i=MTQ2Mzg5,,Não identificada
2021-01-19,844,6155 - Anexo,Decretos,https://www.dosp.com.br/exibe_do.php?i=MTQ2MTEx,,Não identificada
2021-01-19,844,6155 - Adicional de Qualificação 2020,Decretos,https://www.dosp.com.br/exibe_do.php?i=MTQ2MTEx,,Não identificada
2021-01-19,844,6152  - Reorganiza Equipe Multiprofissional de Avaliação - Vigilância Sanitaria - revoga,Decretos,https://www.dosp.com.br/exibe_do.php?i=MTQ2MTEx,,Não identificada
2021-01-19,845,6158 - liberação de feiras - COVID19 - fase laranja,Decretos,https://www.dosp.com.br/exibe_do.php?i=MTQ2MTk3,,Não identificada
2021-01-18,843,6154 - liberação de academias - COVID19 - fase laranja,Decretos,https://www.dosp.com.br/exibe_do.php?i=MTQ1ODgy,,Não identificada
2021-01-15,840,Relação de Por (...),Portarias,https://www.dosp.com.br/exibe_do.php?i=MTQ1NTg2,,Não identificada
2021-01-15,842,6153 - Adota novas medidas - COVID19 - fase laranja,Decretos,https://www.dosp.com.br/exibe_do.php?i=MTQ1Njg4,,Não identificada
2021-01-15,840,6144 - Nomeia  Alexandre Nigro - planejamento + obras,Decretos,https://www.dosp.com.br/exibe_do.php?i=MTQ1NTg2,,Secretaria de Obras
2021-01-15,840,6150 - Nomeia Andreia Brisola carvalheira - secretaria esportes,Decretos,https://www.dosp.com.br/exibe_do.php?i=MTQ1NTg2,,Secretaria de Esporte
2021-01-15,840,6149 - Nomeia Márcio Danilo dos Santos - secretaria turismo,Decretos,https://www.dosp.com.br/exibe_do.php?i=MTQ1NTg2,,Não identificada
2021-01-13,838,6147 - criação de vagas PEB I - 2020,Decretos,https://www.dosp.com.br/exibe_do.php?i=MTQ1MTI3,,Não identificada
2021-01-13,838,6145 - criação de vagas Condutor - 2020,Decretos,https://www.dosp.com.br/exibe_do.php?i=MTQ1MTI3,,Não identificada
2021-01-13,838,6146 - criação de vagas Monitor,Decretos,https://www.dosp.com.br/exibe_do.php?i=MTQ1MTI3,,Não identificada
2021-01-11,836,6140 - desapropria danilo tomei - ponta dos cambarás,Decretos,https://www.dosp.com.br/exibe_do.php?i=MTQ0NzAw,,Não identificada
2021-01-11,836,6141 - ordenadora de despesa FUMBOAR - autoriza operações bancárias - Olivia,Decretos,https://www.dosp.com.br/exibe_do.php?i=MTQ0NzAw,,Não identificada
2021-01-11,836,6142  - Reorganiza Equipe Vigilância Sanitaria - revoga 5960,Decretos,https://www.dosp.com.br/exibe_do.php?i=MTQ0NzAw,,Não identificada
2021-01-11,836,6138 - Nomeia Ordenadora de Despesas Fumboar - Olivia Perrone Cazo,Decretos,https://www.dosp.com.br/exibe_do.php?i=MTQ0NzAw,,Não identificada
2021-01-07,834,6137 - Nomeia thais francine - secretaria comunicação,Decretos,https://www.dosp.com.br/exibe_do.php?i=MTQ0MjMw,,Não identificada
2021-01-07,834,6136 - Fundo Social - Bruna Silvestre,Decretos,https://www.dosp.com.br/exibe_do.php?i=MTQ0MjMw,,Não identificada
2021-01-06,833,6132 - Nomeia judesio borges - meio ambiente,Decretos,https://www.dosp.com.br/exibe_do.php?i=MTQzNzA3,,Secretaria de Meio Ambiente
2021-01-06,833,6135 - Nomeia isabel cardoso - secretaria cultura,Decretos,https://www.dosp.com.br/exibe_do.php?i=MTQzNzA3,,Secretaria de Cultura
2021-01-06,833,6133 - Nomeia alexandre nigro - planejamento,Decretos,https://www.dosp.com.br/exibe_do.php?i=MTQzNzA3,,Não identificada
2021-01-06,833,6131 - Nomeia ronaldo vilas boas - agricultura,Decretos,https://www.dosp.com.br/exibe_do.php?i=MTQzNzA3,,Secretaria de Cultura
2021-01-06,833,6134 - Nomeia sandra fatima theodoro - industria e comercio,Decretos,https://www.dosp.com.br/exibe_do.php?i=MTQzNzA3,,Não identificada
2021-01-06,833,6129 - Nomeia Josiane Ap. Lopes Medeiros - secretaria educação,Decretos,https://www.dosp.com.br/exibe_do.php?i=MTQzNzA3,,Secretaria de Educação
2021-01-06,833,6130 - Nomeia glauco fabiano - secretario de habitação,Decretos,https://www.dosp.com.br/exibe_do.php?i=MTQzNzA3,,Não identificada
2021-01-05,831,6125 - autoriza ronaldo assinar portarias sindicancias,Decretos,https://www.dosp.com.br/exibe_do.php?i=MTQzNDQ2,,Não identificada
2021-01-05,831,6123 - designa ronaldo para assinaturas junto ao DRH,Decretos,https://www.dosp.com.br/exibe_do.php?i=MTQzNDQ2,,Não identificada
2021-01-05,831,6122 - homologação e posse - avareprev,Decretos,https://www.dosp.com.br/exibe_do.php?i=MTQzNDQ2,,Não identificada
2021-01-05,831,6126 - operações bancárias - itamar araujo,Decretos,https://www.dosp.com.br/exibe_do.php?i=MTQzNDQ2,,Não identificada
2021-01-05,832,6127 - Nomeia Roslindo Machado - secretaria saude,Decretos,https://www.dosp.com.br/exibe_do.php?i=MTQzNTIy,,Não identificada
2021-01-05,832,6128 - Nomeia Patrícia Franzolin - secretaria governo,Decretos,https://www.dosp.com.br/exibe_do.php?i=MTQzNTIy,,Não identificada
2021-01-04,829,6121 - Nomeia Ronaldo Guardiano - secretario administração,Decretos,https://www.dosp.com.br/exibe_do.php?i=MTQzMDgz,,Secretaria de Administração
2021-01-04,829,6114 - permanência - fase amarela covid ate 07 de fevereiro 2021,Decretos,https://www.dosp.com.br/exibe_do.php?i=MTQzMDgz,,Não identificada
2021-01-04,830,6124 - Nomeia Adriana Moreira - secretaria semads,Decretos,https://www.dosp.com.br/exibe_do.php?i=MTQzMTQ3,,Não identificada
2021-01-04,829,6117 - operações bancárias - Saúde,Decretos,https://www.dosp.com.br/exibe_do.php?i=MTQzMDgz,,Secretaria de Saúde
2021-01-04,829,6120 - Nomeia Itamar Araújo - secretario fazenda,Decretos,https://www.dosp.com.br/exibe_do.php?i=MTQzMDgz,,Não identificada
2021-01-04,829,6116 - operações bancárias - Geral,Decretos,https://www.dosp.com.br/exibe_do.php?i=MTQzMDgz,,Não identificada
2021-01-04,829,6119 - operações bancárias - Semads,Decretos,https://www.dosp.com.br/exibe_do.php?i=MTQzMDgz,,Não identificada
2021-01-04,829,6115 - Nomeação - Conselho Tutelar a partir de 04 de janeiro de 2021,Decretos,https://www.dosp.com.br/exibe_do.php?i=MTQzMDgz,,Não identificada
2021-01-04,829,6118 - operações bancárias - Saude II,Decretos,https://www.dosp.com.br/exibe_do.php?i=MTQzMDgz,,Não identificada
2020-12-31,827,10400 – (...),Portarias,https://www.dosp.com.br/exibe_do.php?i=MTQyODU3,,Não identificada
2020-12-31,827,6111- Exonera Secretário da Fazenda - Revoga 6098,Decretos,https://www.dosp.com.br/exibe_do.php?i=MTQyODU3,,Não identificada
2020-12-31,828,"6112 - Fase Vermelha dias 01, 02 e 03",Decretos,https://www.dosp.com.br/exibe_do.php?i=MTQyODkz,,Não identificada
2020-12-29,826,6098 - Exonera itamar araujo - secretario fazenda,Decretos,https://www.dosp.com.br/exibe_do.php?i=MTQyMzUw,,Não identificada
2020-12-29,826,6072 - Exonera patricia de cassia franzolin - secretaria governo,Decretos,https://www.dosp.com.br/exibe_do.php?i=MTQyMzUw,,Não identificada
2020-12-29,826,6096 - Exonera adriana moreira gomes - secretario assistencia social,Decretos,https://www.dosp.com.br/exibe_do.php?i=MTQyMzUw,,Secretaria de Assistência Social
2020-12-29,826,6099 - Exonera roslindo machado - secretario saude,Decretos,https://www.dosp.com.br/exibe_do.php?i=MTQyMzUw,,Não identificada
2020-12-29,826,6091 - Exonera alexandre leal nigro - secretario serviços,Decretos,https://www.dosp.com.br/exibe_do.php?i=MTQyMzUw,,Não identificada
2020-12-29,826,6073 - Exonera alexandre leal nigro - secretario planejamento e transportes,Decretos,https://www.dosp.com.br/exibe_do.php?i=MTQyMzUw,,Secretaria de Transporte
2020-12-29,826,6097 - Exonera ronaldo adao guardiano - secretario administração,Decretos,https://www.dosp.com.br/exibe_do.php?i=MTQyMzUw,,Secretaria de Administração
2020-12-24,824,10393 – (...),Portarias,https://www.dosp.com.br/exibe_do.php?i=MTQyMTUw,,Não identificada
2020-12-22,823,Lei 2426,Leis,https://www.dosp.com.br/exibe_do.php?i=MTQxNzkz,,Não identificada
2020-12-18,821,6092 - Exonera judesio borges - secretario turismo,Decretos,https://www.dosp.com.br/exibe_do.php?i=MTQxMzI3,,Não identificada
2020-12-18,821,6069 - Exonera thais francine - Secretária cultura,Decretos,https://www.dosp.com.br/exibe_do.php?i=MTQxMzI3,,Secretaria de Cultura
2020-12-18,821,6090 - Exonera glauco fabiano favaro de oliveira - Secretário esportes,Decretos,https://www.dosp.com.br/exibe_do.php?i=MTQxMzI3,,Secretaria de Esporte
2020-12-18,821,6071 - Exonera glauco fabiano favaro de oliveira - Secretário habitação,Decretos,https://www.dosp.com.br/exibe_do.php?i=MTQxMzI3,,Não identificada
2020-12-18,821,6074 - Exonera judesio borges - secretario meio ambiente,Decretos,https://www.dosp.com.br/exibe_do.php?i=MTQxMzI3,,Secretaria de Meio Ambiente
2020-12-18,821,6070 - Exonera josiane ap lopes medeiros - Secretária educação,Decretos,https://www.dosp.com.br/exibe_do.php?i=MTQxMzI3,,Secretaria de Educação
2020-12-18,821,6075 - Exonera sandra de fátima - secretaria indústria e comércio,Decretos,https://www.dosp.com.br/exibe_do.php?i=MTQxMzI3,,Não identificada
2020-12-18,821,6068 - Exonera ronaldo vilas boas - Secretário agricultura,Decretos,https://www.dosp.com.br/exibe_do.php?i=MTQxMzI3,,Secretaria de Cultura
2020-12-17,820,6106 - REMUME - Relação Municipal Medicamentos,Decretos,https://www.dosp.com.br/exibe_do.php?i=MTQxMTA2,,Não identificada
2020-12-17,820,6106 - Anexo REMUME 3ª Ed,Decretos,https://www.dosp.com.br/exibe_do.php?i=MTQxMTA2,,Não identificada
2020-12-16,819,6100 - CRÉDITO AVAREPREV,Decretos,https://www.dosp.com.br/exibe_do.php?i=MTQwODY2,,Não identificada
2020-12-16,819,6105 - permanência - fase amarela covid ate 04 de janeiro 2021,Decretos,https://www.dosp.com.br/exibe_do.php?i=MTQwODY2,,Não identificada
2020-12-14,817,6086 - desapropriação - jose eduardo alves - mat 1037,Decretos,https://www.dosp.com.br/exibe_do.php?i=MTQwNDI4,,Não identificada
2020-12-14,817,6079 - desapropriação - tibiriçá - mat 5591,Decretos,https://www.dosp.com.br/exibe_do.php?i=MTQwNDI4,,Não identificada
2020-12-14,817,"6101 - CRÉDITO ADICIONAL - EDUCAÇÃO EXCESSO ARREC._8.983,28",Decretos,https://www.dosp.com.br/exibe_do.php?i=MTQwNDI4,,Secretaria de Educação
2020-12-14,817,6083 - desapropriação - massimiliano - mat 31205,Decretos,https://www.dosp.com.br/exibe_do.php?i=MTQwNDI4,,Não identificada
2020-12-14,817,6076- desapropriação - jose eduardo alves mat 3244,Decretos,https://www.dosp.com.br/exibe_do.php?i=MTQwNDI4,,Não identificada
2020-12-14,817,6087 - desapropriação - sem proprietário - parque jurumirim,Decretos,https://www.dosp.com.br/exibe_do.php?i=MTQwNDI4,,Não identificada
2020-12-14,817,6080 - desapropriação - tibiriçá - mat 7482,Decretos,https://www.dosp.com.br/exibe_do.php?i=MTQwNDI4,,Não identificada
2020-12-14,817,"6102 - CREDITO ADICIONAL - EDUCAÇÃO SUPERAVIT FINANCEIRO_239.893,63",Decretos,https://www.dosp.com.br/exibe_do.php?i=MTQwNDI4,,Secretaria de Educação
2020-12-14,817,6084 - desapropriação - massimiliano - mat 31206,Decretos,https://www.dosp.com.br/exibe_do.php?i=MTQwNDI4,,Não identificada
2020-12-14,817,6077 - desapropriação - tibiriçá - mat 5557,Decretos,https://www.dosp.com.br/exibe_do.php?i=MTQwNDI4,,Não identificada
2020-12-14,817,6088 - desapropriação - sem proprietário - parque jurumirim,Decretos,https://www.dosp.com.br/exibe_do.php?i=MTQwNDI4,,Não identificada
2020-12-14,817,6081 - desapropriação - max césar forte - mat 8158,Decretos,https://www.dosp.com.br/exibe_do.php?i=MTQwNDI4,,Não identificada
2020-12-14,817,"6103 - CREDITO - SEMADS RECURSO COVID SEMADS_92.460,00",Decretos,https://www.dosp.com.br/exibe_do.php?i=MTQwNDI4,,Não identificada
2020-12-14,817,6085 - desapropriação - jose eduardo alves - mat 34116,Decretos,https://www.dosp.com.br/exibe_do.php?i=MTQwNDI4,,Não identificada
2020-12-14,817,6078 - desapropriação - tibiriçá - mat 5558,Decretos,https://www.dosp.com.br/exibe_do.php?i=MTQwNDI4,,Não identificada
2020-12-14,817,6089 - desapropriação - sem proprietário - parque jurumirim,Decretos,https://www.dosp.com.br/exibe_do.php?i=MTQwNDI4,,Não identificada
2020-12-14,817,6082 - desapropriação - massimiliano - mat 31199,Decretos,https://www.dosp.com.br/exibe_do.php?i=MTQwNDI4,,Não identificada
2020-12-14,817,"2425 - CREDITO - SEMADS RECURSO COVID SEMADS_92.460,00",Leis,https://www.dosp.com.br/exibe_do.php?i=MTQwNDI4,,Não identificada
2020-12-14,817,"2424 - CREDITO ADICIONAL - EDUCAÇÃO SUPERAVIT FINANCEIRO_239.893,63",Leis,https://www.dosp.com.br/exibe_do.php?i=MTQwNDI4,,Secretaria de Educação
2020-12-14,817,"2423 - CRÉDITO ADICIONAL - EDUCAÇÃO EXCESSO ARREC._8.983,28",Leis,https://www.dosp.com.br/exibe_do.php?i=MTQwNDI4,,Secretaria de Educação
2020-12-10,813,10363 – (...),Portarias,https://www.dosp.com.br/exibe_do.php?i=MTM5OTA3,,Não identificada
2020-12-10,813,10274 – (...),Portarias,https://www.dosp.com.br/exibe_do.php?i=MTM5OTA3,,Não identificada
2020-12-10,813,6093 - ponto facultativo - final de ano 2020,Decretos,https://www.dosp.com.br/exibe_do.php?i=MTM5OTA3,,Não identificada
2020-12-09,812,Relação de Por (...),Portarias,https://www.dosp.com.br/exibe_do.php?i=MTM5NTc3,,Não identificada
2020-12-08,811,6064 - Utilidade Publica Sabesp - terezinha filgueiras - area 01,Decretos,https://www.dosp.com.br/exibe_do.php?i=MTM5Mzk1,,Não identificada
2020-12-08,811,6065 - Utilidade Publica Sabesp - terezinha filgueiras - area 02,Decretos,https://www.dosp.com.br/exibe_do.php?i=MTM5Mzk1,,Não identificada
2020-12-08,811,6066 - Utilidade Publica Sabesp - terezinha filgueiras - area 03,Decretos,https://www.dosp.com.br/exibe_do.php?i=MTM5Mzk1,,Não identificada
2020-12-08,811,6063  - Cria Comitê de Contingência Municipal de Assistencia Social para enfrentamento do COVID 19,Decretos,https://www.dosp.com.br/exibe_do.php?i=MTM5Mzk1,,Secretaria de Assistência Social
2020-12-08,811,6067 - concessão férias rede municipal 2021,Decretos,https://www.dosp.com.br/exibe_do.php?i=MTM5Mzk1,,Não identificada
2020-12-04,809,10336 – (...),Portarias,https://www.dosp.com.br/exibe_do.php?i=MTM5MTM2,,Não identificada
2020-12-04,809,6061 - Revoga decreto 6060 - abertura de credito adicional extraordinario Semads,Decretos,https://www.dosp.com.br/exibe_do.php?i=MTM5MTM2,,Não identificada
2020-12-04,809,6062- REVOGAÇÃO DECRETO 5699 - CEREALISTA GOES,Decretos,https://www.dosp.com.br/exibe_do.php?i=MTM5MTM2,,Não identificada
2020-12-03,808,6060 - SAÜDE RECURSO EXTRAORDINÁRIO SEMADS,Decretos,https://www.dosp.com.br/exibe_do.php?i=MTM4ODc4,,Não identificada
2020-12-02,807,6056 - CREDITO ADICIONAL SUPLEMENTAR_SEMADS_CONSTRUÇÃO CASA ABRIGO,Decretos,https://www.dosp.com.br/exibe_do.php?i=MTM4NjY5,,Não identificada
2020-12-02,807,"6057 - SAÜDE RECURSO SANTA CASA_1.440.000,00",Decretos,https://www.dosp.com.br/exibe_do.php?i=MTM4NjY5,,Não identificada
2020-12-02,807,2422 - CREDITO ADICIONAL SUPLEMENTAR_SEMADS_CONSTRUÇÃO CASA ABRIGO,Leis,https://www.dosp.com.br/exibe_do.php?i=MTM4NjY5,,Não identificada
2020-12-02,807,2421 - LOA 2021,Leis,https://www.dosp.com.br/exibe_do.php?i=MTM4NjY5,,Não identificada
2020-12-01,806,6055  - autoriza funcionamento escola recrear,Decretos,https://www.dosp.com.br/exibe_do.php?i=MTM4NDMx,,Não identificada
2020-11-26,804,6054  - altera inciso IV e parágrafo 1º do artigo 1º do decreto 5963,Decretos,https://www.dosp.com.br/exibe_do.php?i=MTM3ODI2,,Não identificada
2020-11-25,802,Relação de Por (...),Portarias,https://www.dosp.com.br/exibe_do.php?i=MTM3NTQ0,,Não identificada
2020-11-25,803,6053- Luto oficial acidente Rodovia SP 249,Decretos,https://www.dosp.com.br/exibe_do.php?i=MTM3NjE5,,Não identificada
2020-11-20,799,6049 - altera paragrafo unico do artigo 16 do decreto 6017,Decretos,https://www.dosp.com.br/exibe_do.php?i=MTM2OTc0,,Não identificada
2020-11-19,798,6047 - UFMA 2021,Decretos,https://www.dosp.com.br/exibe_do.php?i=MTM2ODA1,,Não identificada
2020-11-18,796,2420 - Prorrogação PARCERIA PAVIMENTAÇÃO - Fazenda dos Milagros,Leis,https://www.dosp.com.br/exibe_do.php?i=MTM2NTkw,,Não identificada
2020-11-18,796,2419 - Ampliação de perimetro urbano - Auto Rio Novo Fazenda Santa Rita,Leis,https://www.dosp.com.br/exibe_do.php?i=MTM2NTkw,,Não identificada
2020-11-17,795,6046 - permanência - fase amarela covid ate 16 de dezembro,Decretos,https://www.dosp.com.br/exibe_do.php?i=MTM2NDI1,,Não identificada
2020-11-16,793,6045 - permanência - fase amarela covid ate 30 novembro,Decretos,https://www.dosp.com.br/exibe_do.php?i=MTM2MjA0,,Não identificada
2020-11-16,792,6044 - Nomeia  Alexandre Nigro - planejamento + obras,Decretos,https://www.dosp.com.br/exibe_do.php?i=MTM2MTg4,,Secretaria de Obras
2020-11-16,792,6043 - Exonera Abelardo Mendes - Secretário Obras serviços,Decretos,https://www.dosp.com.br/exibe_do.php?i=MTM2MTg4,,Secretaria de Obras
2020-11-13,791,6042 - desapropria - interesse social abrigo - centro educação santa elisabeth,Decretos,https://www.dosp.com.br/exibe_do.php?i=MTM2MDA4,,Secretaria de Educação
2020-11-11,789,"2418 - Credito Especial Secretaria da Cultura R$ 631.725,51",Leis,https://www.dosp.com.br/exibe_do.php?i=MTM1Njk3,,Secretaria de Cultura
2020-11-11,789,"6039 - Credito Especial Secretaria da Cultura R$ 631.725,51",Decretos,https://www.dosp.com.br/exibe_do.php?i=MTM1Njk3,,Secretaria de Cultura
2020-11-11,789,2417 - Regulamenta Processo Administrativo no Ambito Municipal - revoga lei 60-2001,Leis,https://www.dosp.com.br/exibe_do.php?i=MTM1Njk3,,Não identificada
2020-11-11,789,2416 - Autoriza receber imóveis em doação,Leis,https://www.dosp.com.br/exibe_do.php?i=MTM1Njk3,,Não identificada
2020-11-11,789,254 - Redenomina Cargos Diretor e outros,Leis,https://www.dosp.com.br/exibe_do.php?i=MTM1Njk3,,Não identificada
2020-10-29,783,6031 - Homologação Complementar 006-2016 -5 chamada 28-10-2020,Decretos,https://www.dosp.com.br/exibe_do.php?i=MTM0MDg0,,Não identificada
2020-10-29,783,6032 - Regulamenta Profissional Readaptado,Decretos,https://www.dosp.com.br/exibe_do.php?i=MTM0MDg0,,Não identificada
2020-10-28,782,"2415 - Crédito Adicional - SAÚDE EXCESSO ARREC. COVID_279.169,92",Leis,https://www.dosp.com.br/exibe_do.php?i=MTMzODQy,,Secretaria de Saúde
2020-10-28,782,"6029 - Crédito Adicional - SAÚDE EXCESSO ARREC. COVID_279.169,92",Decretos,https://www.dosp.com.br/exibe_do.php?i=MTMzODQy,,Secretaria de Saúde
2020-10-22,779,6028 - altera inciso I do artigo 2º do decreto 6026,Decretos,https://www.dosp.com.br/exibe_do.php?i=MTMzMTA4,,Não identificada
2020-10-21,778,5989 - utilidade pública ASSOCIAÇÃO ESPIRITA ARCO-IRIS,Decretos,https://www.dosp.com.br/exibe_do.php?i=MTMyOTI1,,Não identificada
2020-10-20,777,6025 - altera inciso II do artigo 10 do decreto 6017,Decretos,https://www.dosp.com.br/exibe_do.php?i=MTMyNzIy,,Não identificada
2020-10-20,777,6026 - Decreto_Bancos,Decretos,https://www.dosp.com.br/exibe_do.php?i=MTMyNzIy,,Não identificada
2020-10-20,777,6023 - Desapropriação Parcial - JOSÉ ANTÔNIO FOGANHOLI - mat. 55.683,Decretos,https://www.dosp.com.br/exibe_do.php?i=MTMyNzIy,,Não identificada
2020-10-16,775,Anexo Lei 2414,Leis,https://www.dosp.com.br/exibe_do.php?i=MTMyMjkx,,Não identificada
2020-10-16,775,Lei 2414,Leis,https://www.dosp.com.br/exibe_do.php?i=MTMyMjkx,,Não identificada
2020-10-16,775,6019 - ponto facultativo - funcionário público,Decretos,https://www.dosp.com.br/exibe_do.php?i=MTMyMjkx,,Não identificada
2020-10-13,772,10247 – (...),Portarias,https://www.dosp.com.br/exibe_do.php?i=MTMxNjE1,,Não identificada
2020-10-10,771,6017 - prorroga quarentena para 16 de novembro,Decretos,https://www.dosp.com.br/exibe_do.php?i=MTMxNTAw,,Não identificada
2020-10-09,770,6014 - Criação de vagas auxiliar contabil -09-10,Decretos,https://www.dosp.com.br/exibe_do.php?i=MTMxNDY4,,Não identificada
2020-10-09,770,6015 - Criação de vagas tec enfermagem--08-10,Decretos,https://www.dosp.com.br/exibe_do.php?i=MTMxNDY4,,Não identificada
2020-10-09,770,6016 - permanência - fase amarela covid ate 28 de outubro,Decretos,https://www.dosp.com.br/exibe_do.php?i=MTMxNDY4,,Não identificada
2020-10-09,770,6013 - Criação de vagas agente de fiscalização -09-10,Decretos,https://www.dosp.com.br/exibe_do.php?i=MTMxNDY4,,Não identificada
2020-10-08,768,2413 - Delimita área da EMAPA,Leis,https://www.dosp.com.br/exibe_do.php?i=MTMxMTU3,,Não identificada
2020-10-07,767,6010 - Nomeia Borges - Meio Ambiente + Turismo,Decretos,https://www.dosp.com.br/exibe_do.php?i=MTMxMDA1,,Secretaria de Meio Ambiente
2020-10-07,767,6009 - Nomeia Glauco Fávaro - Habitação + Esporte,Decretos,https://www.dosp.com.br/exibe_do.php?i=MTMxMDA1,,Secretaria de Esporte
2020-10-06,766,10245 – (...),Portarias,https://www.dosp.com.br/exibe_do.php?i=MTMwODI5,,Não identificada
2020-10-01,763,6007 - Revoga decreto 5995 - adicional de qualificação PEB,Decretos,https://www.dosp.com.br/exibe_do.php?i=MTMwMjIz,,Não identificada
2020-09-30,762,2411 - Subsídios Vereadores 2021 a 2024,Leis,https://www.dosp.com.br/exibe_do.php?i=MTI5OTk0,,Não identificada
2020-09-30,762,6004 - altera incisos VI e VII do artigo 13 do decreto 5986,Decretos,https://www.dosp.com.br/exibe_do.php?i=MTI5OTk0,,Não identificada
2020-09-30,762,2412 - Subsídios Prefeito e Secretários 2021 a 2024,Leis,https://www.dosp.com.br/exibe_do.php?i=MTI5OTk0,,Não identificada
2020-09-29,761,6003 - atribuições da comissão IDEB,Decretos,https://www.dosp.com.br/exibe_do.php?i=MTI5NzQ1,,Não identificada
2020-09-29,761,"6001 - Desapropriação Parcial - LUIZ ANTONIO INNOCENTE - mat. 84027, 84028, 84029, 84 030",Decretos,https://www.dosp.com.br/exibe_do.php?i=MTI5NzQ1,,Não identificada
2020-09-24,755,5999 - medidas COVID velório,Decretos,https://www.dosp.com.br/exibe_do.php?i=MTI5MDk4,,Não identificada
2020-09-23,754,Relação de Por (...),Portarias,https://www.dosp.com.br/exibe_do.php?i=MTI4NzI2,,Não identificada
2020-09-22,753,5998 - Reorganiza Comissão IDEB - educação,Decretos,https://www.dosp.com.br/exibe_do.php?i=MTI4NjY4,,Secretaria de Educação
2020-09-21,751,5992 - Criação de vagas PSICOLOGO 10-09,Decretos,https://www.dosp.com.br/exibe_do.php?i=MTI4NDM1,,Não identificada
2020-09-21,751,5995 - OFICIO PREFEITO,Decretos,https://www.dosp.com.br/exibe_do.php?i=MTI4NDM1,,Não identificada
2020-09-21,751,5996 - Exonera Marcelo Oliveira Sanches - Secretário Turismo,Decretos,https://www.dosp.com.br/exibe_do.php?i=MTI4NDM1,,Não identificada
2020-09-21,751,5995 - Adicional de Qualificação 2020,Decretos,https://www.dosp.com.br/exibe_do.php?i=MTI4NDM1,,Não identificada
2020-09-21,751,5994 - Criação de vagas agente administrativo -10-09-20,Decretos,https://www.dosp.com.br/exibe_do.php?i=MTI4NDM1,,Não identificada
2020-09-21,751,5995 - Relatório final 30-08-2020,Decretos,https://www.dosp.com.br/exibe_do.php?i=MTI4NDM1,,Não identificada
2020-09-21,751,5993 - Criação de vagas ASSISTENTE SOCIAL 10-09,Decretos,https://www.dosp.com.br/exibe_do.php?i=MTI4NDM1,,Não identificada
2020-09-21,751,5995 - Relatório final 30-07-2020,Decretos,https://www.dosp.com.br/exibe_do.php?i=MTI4NDM1,,Não identificada
2020-09-18,749,5987 - garantia hipotecária Villa Suiça,Decretos,https://www.dosp.com.br/exibe_do.php?i=MTI4MTkw,,Não identificada
2020-09-18,749,5922  - denomina ruas loteamento Villa Suíça,Decretos,https://www.dosp.com.br/exibe_do.php?i=MTI4MTkw,,Não identificada
2020-09-18,750,5991 - permanência - fase amarela covid ate 09 de outubro,Decretos,https://www.dosp.com.br/exibe_do.php?i=MTI4MjM0,,Não identificada
2020-09-16,746,5986 - Altera artigo 12 do decreto 5975,Decretos,https://www.dosp.com.br/exibe_do.php?i=MTI3Nzky,,Não identificada
2020-09-10,743,"2410 - Crédito Adicional - SAÚDE EXCESSO ARREC. COVID_6.201.041,00",Leis,https://www.dosp.com.br/exibe_do.php?i=MTI2OTc4,,Secretaria de Saúde
2020-09-10,743,"5982 - Crédito Adicional - SAÚDE EXCESSO ARREC. COVID_6.201.041,00",Decretos,https://www.dosp.com.br/exibe_do.php?i=MTI2OTc4,,Secretaria de Saúde
2020-09-09,742,5978 - ponto facultativo - dia 14 setembro - 15 aniversário de avare,Decretos,https://www.dosp.com.br/exibe_do.php?i=MTI2NzMw,,Não identificada
2020-09-08,740,5973 - altera denominação de rua viena para mário rotelli - jd europa,Decretos,https://www.dosp.com.br/exibe_do.php?i=MTI2NDEz,,Não identificada
2020-09-05,739,5977 - Altera inciso xxiv do artigo 6 e inciso iii do artigo 16 do decreto 5975,Decretos,https://www.dosp.com.br/exibe_do.php?i=MTI2MjQ3,,Não identificada
2020-09-04,738,5975 - permanência - fase amarela covid,Decretos,https://www.dosp.com.br/exibe_do.php?i=MTI2MjMx,,Não identificada
2020-09-04,738,5976 - Suspensão definitiva das aulas,Decretos,https://www.dosp.com.br/exibe_do.php?i=MTI2MjMx,,Não identificada
2020-09-02,736,"5972 - Crédito Adicional - SAÚDE EXCESSO ARREC. COVID_350.000,00",Decretos,https://www.dosp.com.br/exibe_do.php?i=MTI1NzEw,,Secretaria de Saúde
2020-09-02,736,"2408 - Altera 2398 - credito adicional 467.336,55 - correção dotação",Leis,https://www.dosp.com.br/exibe_do.php?i=MTI1NzEw,,Não identificada
2020-09-02,736,"2409 - Crédito Adicional - SAÚDE EXCESSO ARREC. COVID_350.000,00",Leis,https://www.dosp.com.br/exibe_do.php?i=MTI1NzEw,,Secretaria de Saúde
2020-09-02,736,"5971 - Altera decreto 5918 - credito adicional 467.336,55 - correção dotação",Decretos,https://www.dosp.com.br/exibe_do.php?i=MTI1NzEw,,Não identificada
2020-08-28,733,5965 - Crédito Suplementar - AVAREPREV,Decretos,https://www.dosp.com.br/exibe_do.php?i=MTI1MDky,,Não identificada
2020-08-26,731,"5964 - Crédito Adicional - SEMADS EXCESSO ARREC. COVID_266.400,00 - 2ª PARCELA",Decretos,https://www.dosp.com.br/exibe_do.php?i=MTI0NzIz,,Não identificada
2020-08-26,731,"2407 - Crédito Adicional - SEMADS EXCESSO ARREC. COVID_266.400,00 - 2ª PARCELA",Leis,https://www.dosp.com.br/exibe_do.php?i=MTI0NzIz,,Não identificada
2020-08-24,729,5963  - regulamenta práticas espotivas - fase amarela,Decretos,https://www.dosp.com.br/exibe_do.php?i=MTI0Mzc4,,Não identificada
2020-08-21,726,10226 – (...),Portarias,https://www.dosp.com.br/exibe_do.php?i=MTI0MTQz,,Não identificada
2020-08-21,726,5959 - credito adicional - FREA,Decretos,https://www.dosp.com.br/exibe_do.php?i=MTI0MTQz,,Não identificada
2020-08-21,725,5960  - Reorganiza Equipe Vigilância Sanitaria - revoga 5906,Decretos,https://www.dosp.com.br/exibe_do.php?i=MTI0MDk5,,Não identificada
2020-08-21,727,5961  - práticas espotivas - fase amarela,Decretos,https://www.dosp.com.br/exibe_do.php?i=MTI0MTY4,,Não identificada
2020-08-20,724,5958 - segunda fase amarela - covid - publicação,Decretos,https://www.dosp.com.br/exibe_do.php?i=MTIzODkx,,Não identificada
2020-08-19,723,5956  - reorganiza comissão apoio delegações esportivas,Decretos,https://www.dosp.com.br/exibe_do.php?i=MTIzNjg3,,Não identificada
2020-08-19,723,2404 - Altera artigo 1 da lei 1390 - quiosque praça da paz,Leis,https://www.dosp.com.br/exibe_do.php?i=MTIzNjg3,,Não identificada
2020-08-19,723,"2405 - Crédito Adicional - SEMADS EXCESSO ARREC. COVID 19_121.095,00 - 2ª PARCELA",Leis,https://www.dosp.com.br/exibe_do.php?i=MTIzNjg3,,Não identificada
2020-08-19,723,"5957 - Crédito Adicional - SEMADS EXCESSO ARREC. COVID 19_121.095,00 - 2ª PARCELA",Decretos,https://www.dosp.com.br/exibe_do.php?i=MTIzNjg3,,Não identificada
2020-08-18,720,5953 - operações bancárias - Saude II,Decretos,https://www.dosp.com.br/exibe_do.php?i=MTIzMzU5,,Não identificada
2020-08-18,720,5951 - operações bancárias - Semads,Decretos,https://www.dosp.com.br/exibe_do.php?i=MTIzMzU5,,Não identificada
2020-08-18,720,5950 - operações bancárias - Geral,Decretos,https://www.dosp.com.br/exibe_do.php?i=MTIzMzU5,,Não identificada
2020-08-18,720,5952 - operações bancárias - Saúde,Decretos,https://www.dosp.com.br/exibe_do.php?i=MTIzMzU5,,Secretaria de Saúde
2020-08-14,718,10222 – (...),Portarias,https://www.dosp.com.br/exibe_do.php?i=MTIzMTM1,,Não identificada
2020-08-14,717,10215 – (...),Portarias,https://www.dosp.com.br/exibe_do.php?i=MTIzMDMx,,Não identificada
2020-08-14,717,10216 – (...),Portarias,https://www.dosp.com.br/exibe_do.php?i=MTIzMDMx,,Não identificada
2020-08-14,718,10220 – (...),Portarias,https://www.dosp.com.br/exibe_do.php?i=MTIzMTM1,,Não identificada
2020-08-14,717,10211 – (...),Portarias,https://www.dosp.com.br/exibe_do.php?i=MTIzMDMx,,Não identificada
2020-08-14,717,10217 – (...),Portarias,https://www.dosp.com.br/exibe_do.php?i=MTIzMDMx,,Não identificada
2020-08-14,717,10219 – (...),Portarias,https://www.dosp.com.br/exibe_do.php?i=MTIzMDMx,,Não identificada
2020-08-14,717,10213 – (...),Portarias,https://www.dosp.com.br/exibe_do.php?i=MTIzMDMx,,Não identificada
2020-08-14,717,10218 – (...),Portarias,https://www.dosp.com.br/exibe_do.php?i=MTIzMDMx,,Não identificada
2020-08-14,717,10212 – (...),Portarias,https://www.dosp.com.br/exibe_do.php?i=MTIzMDMx,,Não identificada
2020-08-14,717,10214 – (...),Portarias,https://www.dosp.com.br/exibe_do.php?i=MTIzMDMx,,Não identificada
2020-08-14,718,10197 – (...),Portarias,https://www.dosp.com.br/exibe_do.php?i=MTIzMTM1,,Não identificada
2020-08-14,718,10221 – (...),Portarias,https://www.dosp.com.br/exibe_do.php?i=MTIzMTM1,,Não identificada
2020-08-14,717,5940 - Desapropriação Nelson Incau e outro,Decretos,https://www.dosp.com.br/exibe_do.php?i=MTIzMDMx,,Não identificada
2020-08-14,717,5930 - Desapropriação Max César Forte Bertolacini,Decretos,https://www.dosp.com.br/exibe_do.php?i=MTIzMDMx,,Não identificada
2020-08-14,718,10223 – (...),Portarias,https://www.dosp.com.br/exibe_do.php?i=MTIzMTM1,,Não identificada
2020-08-14,717,5939 - Desapropriação Alessandra Filgueiras Gomes,Decretos,https://www.dosp.com.br/exibe_do.php?i=MTIzMDMx,,Não identificada
2020-08-14,717,5932 - Desapropriação Glaydson Pereira Amorim,Decretos,https://www.dosp.com.br/exibe_do.php?i=MTIzMDMx,,Não identificada
2020-08-14,717,5944 - Desapropriação Max César Forte Bertolaccini,Decretos,https://www.dosp.com.br/exibe_do.php?i=MTIzMDMx,,Não identificada
2020-08-14,717,5947 - Nomeação Secretário Esportes - Thais Francini Christino,Decretos,https://www.dosp.com.br/exibe_do.php?i=MTIzMDMx,,Secretaria de Esporte
2020-08-14,717,5936 - Desapropriação Sucessores de Antonio Carnieto e outros,Decretos,https://www.dosp.com.br/exibe_do.php?i=MTIzMDMx,,Não identificada
2020-08-14,717,5937 - Desapropriação Eduardo de Toledo e outros,Decretos,https://www.dosp.com.br/exibe_do.php?i=MTIzMDMx,,Não identificada
2020-08-14,717,5941 - Desapropriação Ibrahim José Ismal e outros,Decretos,https://www.dosp.com.br/exibe_do.php?i=MTIzMDMx,,Não identificada
2020-08-14,717,5946 - funcionamento casa do cidadão - covid,Decretos,https://www.dosp.com.br/exibe_do.php?i=MTIzMDMx,,Não identificada
2020-08-14,717,5934 - Desapropriação Max César Forte Bertolaccini,Decretos,https://www.dosp.com.br/exibe_do.php?i=MTIzMDMx,,Não identificada
2020-08-14,717,5943 - Desapropriação Thomaz Arthur Silva,Decretos,https://www.dosp.com.br/exibe_do.php?i=MTIzMDMx,,Não identificada
2020-08-14,717,5938 - Desapropriação Roque de Almeida Sampaio e outros,Decretos,https://www.dosp.com.br/exibe_do.php?i=MTIzMDMx,,Não identificada
2020-08-14,717,5931 - Desapropriação Mario Fonseca,Decretos,https://www.dosp.com.br/exibe_do.php?i=MTIzMDMx,,Não identificada
2020-08-14,717,5942 - Desapropriação Suzete Borim Villen e outros,Decretos,https://www.dosp.com.br/exibe_do.php?i=MTIzMDMx,,Não identificada
2020-08-14,717,5935 - Desapropriação Nelson Incau,Decretos,https://www.dosp.com.br/exibe_do.php?i=MTIzMDMx,,Não identificada
2020-08-14,718,10207 – (...),Portarias,https://www.dosp.com.br/exibe_do.php?i=MTIzMTM1,,Não identificada
2020-08-14,717,5933 - Desaprorpiação Mario Fonseca,Decretos,https://www.dosp.com.br/exibe_do.php?i=MTIzMDMx,,Não identificada
2020-08-13,714,10205 – (...),Portarias,https://www.dosp.com.br/exibe_do.php?i=MTIyNzY1,,Não identificada
2020-08-13,714,10204 – (...),Portarias,https://www.dosp.com.br/exibe_do.php?i=MTIyNzY1,,Não identificada
2020-08-13,714,10197 – (...),Portarias,https://www.dosp.com.br/exibe_do.php?i=MTIyNzY1,,Não identificada
2020-08-13,714,10208 – (...),Portarias,https://www.dosp.com.br/exibe_do.php?i=MTIyNzY1,,Não identificada
2020-08-13,714,10201 – (...),Portarias,https://www.dosp.com.br/exibe_do.php?i=MTIyNzY1,,Não identificada
2020-08-13,714,10191 – (...),Portarias,https://www.dosp.com.br/exibe_do.php?i=MTIyNzY1,,Não identificada
2020-08-13,714,10194 – (...),Portarias,https://www.dosp.com.br/exibe_do.php?i=MTIyNzY1,,Não identificada
2020-08-13,714,10192 – (...),Portarias,https://www.dosp.com.br/exibe_do.php?i=MTIyNzY1,,Não identificada
2020-08-13,714,10193 – (...),Portarias,https://www.dosp.com.br/exibe_do.php?i=MTIyNzY1,,Não identificada
2020-08-13,714,10200 – (...),Portarias,https://www.dosp.com.br/exibe_do.php?i=MTIyNzY1,,Não identificada
2020-08-13,714,10207 – (...),Portarias,https://www.dosp.com.br/exibe_do.php?i=MTIyNzY1,,Não identificada
2020-08-13,714,10196 – (...),Portarias,https://www.dosp.com.br/exibe_do.php?i=MTIyNzY1,,Não identificada
2020-08-13,714,10203 – (...),Portarias,https://www.dosp.com.br/exibe_do.php?i=MTIyNzY1,,Não identificada
2020-08-13,714,10199 – (...),Portarias,https://www.dosp.com.br/exibe_do.php?i=MTIyNzY1,,Não identificada
2020-08-13,714,10206 – (...),Portarias,https://www.dosp.com.br/exibe_do.php?i=MTIyNzY1,,Não identificada
2020-08-13,714,10195 – (...),Portarias,https://www.dosp.com.br/exibe_do.php?i=MTIyNzY1,,Não identificada
2020-08-13,714,10202 – (...),Portarias,https://www.dosp.com.br/exibe_do.php?i=MTIyNzY1,,Não identificada
2020-08-13,716,Relação de Por (...),Portarias,https://www.dosp.com.br/exibe_do.php?i=MTIyODEz,,Não identificada
2020-08-13,714,10198 – (...),Portarias,https://www.dosp.com.br/exibe_do.php?i=MTIyNzY1,,Não identificada
2020-08-12,712,"2403 - CRÉDITO ADICIONAL - SAÚDE EXCESSO ARREC. E.I_500.000,00",Leis,https://www.dosp.com.br/exibe_do.php?i=MTIyNTE4,,Secretaria de Saúde
2020-08-12,712,"5928 - CRÉDITO ADICIONAL - SEMADS EXCESSO ARREC. COVID_200.160,00",Decretos,https://www.dosp.com.br/exibe_do.php?i=MTIyNTE4,,Não identificada
2020-08-12,712,"5929 - CRÉDITO ADICIONAL - SAÚDE EXCESSO ARREC. E.I_500.000,00",Decretos,https://www.dosp.com.br/exibe_do.php?i=MTIyNTE4,,Secretaria de Saúde
2020-08-12,712,"5926 - CRÉDITO ADICIONAL - SAÚDE EXCESSO ARREC._350.000,00 AT. BÁSICA",Decretos,https://www.dosp.com.br/exibe_do.php?i=MTIyNTE4,,Secretaria de Saúde
2020-08-12,712,"2402 - CRÉDITO ADICIONAL - SEMADS EXCESSO ARREC. COVID_200.160,00",Leis,https://www.dosp.com.br/exibe_do.php?i=MTIyNTE4,,Não identificada
2020-08-12,712,"2400 - CRÉDITO ADICIONAL - SAÚDE EXCESSO ARREC._350.000,00 AT. BÁSICA",Leis,https://www.dosp.com.br/exibe_do.php?i=MTIyNTE4,,Secretaria de Saúde
2020-08-12,712,"2401 - CRÉDITO ADICIONAL - SEMADS EXCESSO ARREC. COVID_230.553,06",Leis,https://www.dosp.com.br/exibe_do.php?i=MTIyNTE4,,Não identificada
2020-08-12,712,"5927 - CRÉDITO ADICIONAL - SEMADS EXCESSO ARREC. COVID_230.553,06",Decretos,https://www.dosp.com.br/exibe_do.php?i=MTIyNTE4,,Não identificada
2020-08-11,711,5919 - Denomina Centro Integrado de Atenção a Saúde,Decretos,https://www.dosp.com.br/exibe_do.php?i=MTIyMzM0,,Secretaria de Saúde
2020-08-10,709,5923 - fase amarela covid - alterado,Decretos,https://www.dosp.com.br/exibe_do.php?i=MTIyMTI1,,Não identificada
2020-08-08,708,5921 - fase amarela covid,Decretos,https://www.dosp.com.br/exibe_do.php?i=MTIxOTY1,,Não identificada
2020-08-07,707,Lei 2399 - envio de documentos - repasse federal covid,Leis,https://www.dosp.com.br/exibe_do.php?i=MTIxODUz,,Não identificada
2020-08-06,705,5920 - fechamento cemiterio dia dos pais,Decretos,https://www.dosp.com.br/exibe_do.php?i=MTIxNjYx,,Não identificada
2020-08-05,704,"5918 - CREDITO ADICIONAL ESPECIAL SUPERAVIT FINANCEIRO LEILAO_467.336,55",Decretos,https://www.dosp.com.br/exibe_do.php?i=MTIxMzA1,,Não identificada
2020-08-05,704,"2398 - CREDITO ADICIONAL ESPECIAL SUPERAVIT FINANCEIRO LEILAO_467.336,55",Leis,https://www.dosp.com.br/exibe_do.php?i=MTIxMzA1,,Não identificada
2020-07-31,700,5915 - Criação de vagas FISIOTERAPEUTA  30-07,Decretos,https://www.dosp.com.br/exibe_do.php?i=MTIwNzQ0,,Não identificada
2020-07-29,698,5914 - hospede oficial,Decretos,https://www.dosp.com.br/exibe_do.php?i=MTIwMzUx,,Não identificada
2020-07-28,697,5913 - DECRETO FASE LARANJA 2,Decretos,https://www.dosp.com.br/exibe_do.php?i=MTIwMTMy,,Não identificada
2020-07-28,696,5911 - Reorganiza Comissão Readaptação Funcional - revoga 5834,Decretos,https://www.dosp.com.br/exibe_do.php?i=MTIwMDgy,,Não identificada
2020-07-28,697,5912 - DECRETO FASE LARANJA,Decretos,https://www.dosp.com.br/exibe_do.php?i=MTIwMTMy,,Não identificada
2020-07-28,696,10178 – (...),Portarias,https://www.dosp.com.br/exibe_do.php?i=MTIwMDgy,,Não identificada
2020-07-27,695,5908  - Denomina ruas Água Branca III,Decretos,https://www.dosp.com.br/exibe_do.php?i=MTE5OTI1,,Não identificada
2020-07-23,693,5908  - Denomina ruas Água Branca III,Decretos,https://www.dosp.com.br/exibe_do.php?i=MTE5NDcw,,Não identificada
2020-07-20,688,5907  - Declara Luto Oficial Diego Beraldo,Decretos,https://www.dosp.com.br/exibe_do.php?i=MTE4OTMy,,Não identificada
2020-07-16,686,Lei 2397 - Altera Lei 1937-2015 - linhas de pipa,Leis,https://www.dosp.com.br/exibe_do.php?i=MTE4NDQx,,Não identificada
2020-07-16,686,5906  - Reorganiza Equipe Vigilância Sanitaria - revoga 58,Decretos,https://www.dosp.com.br/exibe_do.php?i=MTE4NDQx,,Não identificada
2020-07-15,685,"5904 - Crédito Adicional SEMADS EXCESSO ARREC. COVID_266.400,00",Decretos,https://www.dosp.com.br/exibe_do.php?i=MTE4MTQ3,,Não identificada
2020-07-15,685,253 - Altera denominação de Chefe de Seção para Chefe Planejamento e Gestão,Leis,https://www.dosp.com.br/exibe_do.php?i=MTE4MTQ3,,Não identificada
2020-07-15,685,"2396 - Crédito Adicional SEMADS EXCESSO ARREC. COVID_266.400,00",Leis,https://www.dosp.com.br/exibe_do.php?i=MTE4MTQ3,,Não identificada
2020-07-14,684,5900 - Desapropriação - Lander Agropecuária Ltda - mat. 70544,Decretos,https://www.dosp.com.br/exibe_do.php?i=MTE4MDgz,,Não identificada
2020-07-13,683,5902 - DECRETO FASE LARANJA 2,Decretos,https://www.dosp.com.br/exibe_do.php?i=MTE3OTAw,,Não identificada
2020-07-13,683,5901 - DECRETO FASE LARANJA,Decretos,https://www.dosp.com.br/exibe_do.php?i=MTE3OTAw,,Não identificada
2020-07-13,682,10171 – (...),Portarias,https://www.dosp.com.br/exibe_do.php?i=MTE3ODI4,,Não identificada
2020-07-13,682,10170 – (...),Portarias,https://www.dosp.com.br/exibe_do.php?i=MTE3ODI4,,Não identificada
2020-07-08,679,"2392 - Crédito Adicional - SAÚDE EXCESSO ARREC. COVID_100.000,00",Leis,https://www.dosp.com.br/exibe_do.php?i=MTE3MjQ0,,Secretaria de Saúde
2020-07-08,679,"2393 - CREDITO ADICIONAL ESPECIAL SUPERAVIT FINANCEIRO SAUDE_719.216,67",Leis,https://www.dosp.com.br/exibe_do.php?i=MTE3MjQ0,,Não identificada
2020-07-08,679,"2394 - CREDITO ADICIONAL ESPECIAL_R$ 194.513,61 devolução CONVENIO alim. escolar 2ª SEM. 2019",Leis,https://www.dosp.com.br/exibe_do.php?i=MTE3MjQ0,,Não identificada
2020-07-08,679,"2391 - CREDITO ADICIONAL ESPECIAL SF devolução conv. transporte_36.825,91",Leis,https://www.dosp.com.br/exibe_do.php?i=MTE3MjQ0,,Secretaria de Transporte
2020-07-08,679,"2395 - CREDITO ADICIONAL ESPECIAL_R$ 66.765,44 devolução CONVENIO transp. alunos 2ª SEM. 2019",Leis,https://www.dosp.com.br/exibe_do.php?i=MTE3MjQ0,,Não identificada
2020-07-08,679,"5895 - CREDITO ADICIONAL ESPECIAL_R$ 194.513,61 devolução CONVENIO alim. escolar 2ª SEM. 2019",Decretos,https://www.dosp.com.br/exibe_do.php?i=MTE3MjQ0,,Não identificada
2020-07-08,679,"5893 - Crédito Adicional - SAÚDE EXCESSO ARREC. COVID_100.000,00",Decretos,https://www.dosp.com.br/exibe_do.php?i=MTE3MjQ0,,Secretaria de Saúde
2020-07-08,679,"5896 - CREDITO ADICIONAL ESPECIAL_R$ 66.765,44 devolução CONVENIO transp. alunos 2ª SEM. 2019",Decretos,https://www.dosp.com.br/exibe_do.php?i=MTE3MjQ0,,Não identificada
2020-07-08,679,"5892 - CREDITO ADICIONAL ESPECIAL SF devolução conv. transporte_36.825,91",Decretos,https://www.dosp.com.br/exibe_do.php?i=MTE3MjQ0,,Secretaria de Transporte
2020-07-08,679,"5894 - CREDITO ADICIONAL ESPECIAL SUPERAVIT FINANCEIRO SAUDE_719.216,67",Decretos,https://www.dosp.com.br/exibe_do.php?i=MTE3MjQ0,,Não identificada
2020-07-07,678,10168 – (...),Portarias,https://www.dosp.com.br/exibe_do.php?i=MTE3MDcz,,Não identificada
2020-07-06,677,5889 - Autoriza Secretaria da Saúde Receber DOAÇÃO COVID,Decretos,https://www.dosp.com.br/exibe_do.php?i=MTE2OTIz,,Secretaria de Saúde
2020-07-02,672,5888 - Criação de vagas Telefonista - 01-07,Decretos,https://www.dosp.com.br/exibe_do.php?i=MTE2MzE2,,Não identificada
2020-07-02,672,5887 - Criação de vagas ASSISTENTE SOCIAL 01-07,Decretos,https://www.dosp.com.br/exibe_do.php?i=MTE2MzE2,,Não identificada
2020-07-01,671,"2389 - Crédito Adicional - SEMADS EXCESSO ARREC. COVID_63.000,00",Leis,https://www.dosp.com.br/exibe_do.php?i=MTE2MjQx,,Não identificada
2020-07-01,671,"2388 - Crédito Adicional - CREDITO ADICIONAL ESPECIAL SF devolução_392.491,64",Leis,https://www.dosp.com.br/exibe_do.php?i=MTE2MjQx,,Não identificada
2020-07-01,671,252 - Lei Complementar - Modifica Regime Próprio de Previdência - altera artigo da LC 938,Leis,https://www.dosp.com.br/exibe_do.php?i=MTE2MjQx,,Não identificada
2020-07-01,671,"2390 - Crédito Adicional - SEMADS EXCESSO ARREC. COVID_121.095,00",Leis,https://www.dosp.com.br/exibe_do.php?i=MTE2MjQx,,Não identificada
2020-07-01,671,2387 - Inclui parágrafo único no art 14 da LC 2007 e Revoga parágrafo único do art 15,Leis,https://www.dosp.com.br/exibe_do.php?i=MTE2MjQx,,Não identificada
2020-07-01,671,"5884 - Crédito Adicional - SEMADS EXCESSO ARREC. COVID_63.000,00",Decretos,https://www.dosp.com.br/exibe_do.php?i=MTE2MjQx,,Não identificada
2020-07-01,671,5877  - Reorganiza Equipe Técnica Vigilância Sanitaria,Decretos,https://www.dosp.com.br/exibe_do.php?i=MTE2MjQx,,Não identificada
2020-07-01,671,"5885 - Crédito Adicional - SEMADS EXCESSO ARREC. COVID_121.095,00",Decretos,https://www.dosp.com.br/exibe_do.php?i=MTE2MjQx,,Não identificada
2020-07-01,671,5878  - Reorganiza Equipe Multiprofissional de Avaliação - Vigilância Sanitaria,Decretos,https://www.dosp.com.br/exibe_do.php?i=MTE2MjQx,,Não identificada
2020-07-01,671,"5883 - Crédito Adicional - CREDITO ADICIONAL ESPECIAL SF devolução_392.491,64",Decretos,https://www.dosp.com.br/exibe_do.php?i=MTE2MjQx,,Não identificada
2020-07-01,671,5859 - REGULAMENTA LEI 280-98 - Revoga decreto 5582,Decretos,https://www.dosp.com.br/exibe_do.php?i=MTE2MjQx,,Não identificada
2020-06-28,665,5879 - DECRETO FASE VERMELHA,Decretos,https://www.dosp.com.br/exibe_do.php?i=MTE1NjM1,,Não identificada
2020-06-26,664,5876 - Permissão de uso Bombeiros,Decretos,https://www.dosp.com.br/exibe_do.php?i=MTE1NTI4,,Não identificada
2020-06-25,663,10162 – (...),Portarias,https://www.dosp.com.br/exibe_do.php?i=MTE1MzQy,,Não identificada
2020-06-25,663,5874 - SME - Resolução,Decretos,https://www.dosp.com.br/exibe_do.php?i=MTE1MzQy,,Não identificada
2020-06-24,660,"2386 - Crédito Adicional - SAÚDE EXCESSO ARREC._200.000,00",Leis,https://www.dosp.com.br/exibe_do.php?i=MTE1MDkw,,Secretaria de Saúde
2020-06-24,660,10160 – (...),Portarias,https://www.dosp.com.br/exibe_do.php?i=MTE1MDkw,,Não identificada
2020-06-24,660,"5872 - Crédito Adicional - SAÚDE EXCESSO ARREC._200.000,00",Decretos,https://www.dosp.com.br/exibe_do.php?i=MTE1MDkw,,Secretaria de Saúde
2020-06-22,659,5871 - Mudança de Funcionamento Comércio - Coronavírus,Decretos,https://www.dosp.com.br/exibe_do.php?i=MTE0NzI1,,Não identificada
2020-06-19,656,10156 – (...),Portarias,https://www.dosp.com.br/exibe_do.php?i=MTE0NDM1,,Não identificada
2020-06-18,655,"2384 - Crédito Adicional - SEMADS EXCESSO ARREC._26.220,00",Leis,https://www.dosp.com.br/exibe_do.php?i=MTE0MjQ0,,Não identificada
2020-06-18,655,"2385 - Crédito Adicional - SUPERAVIT FINANCEIRO SAUDE_52.491,18",Leis,https://www.dosp.com.br/exibe_do.php?i=MTE0MjQ0,,Não identificada
2020-06-18,655,"5866 - Crédito Adicional - SEMADS EXCESSO ARREC._26.220,00",Decretos,https://www.dosp.com.br/exibe_do.php?i=MTE0MjQ0,,Não identificada
2020-06-18,655,5868 - Orientações Despesa com Pessoal - Lei Federal 173,Decretos,https://www.dosp.com.br/exibe_do.php?i=MTE0MjQ0,,Não identificada
2020-06-18,655,"5867 - Crédito Adicional - SUPERAVIT FINANCEIRO SAUDE_52.491,18",Decretos,https://www.dosp.com.br/exibe_do.php?i=MTE0MjQ0,,Não identificada
2020-06-15,651,5864 - PRORROGAÇÃO COVID até 28 de junho 2020,Decretos,https://www.dosp.com.br/exibe_do.php?i=MTEzNjI2,,Não identificada
2020-06-10,649,5860 - Criação de vagas - COZINHEIRO - 10-06,Decretos,https://www.dosp.com.br/exibe_do.php?i=MTEzMjgz,,Não identificada
2020-06-09,648,"5858 - Crédito Adicional SAÚDE SUPERÁVIT FINANCEIRO_29.934,37",Decretos,https://www.dosp.com.br/exibe_do.php?i=MTEzMDIy,,Secretaria de Saúde
2020-06-09,648,"2383 - Crédito Adicional SAÚDE SUPERÁVIT FINANCEIRO_29.934,37_retificado",Leis,https://www.dosp.com.br/exibe_do.php?i=MTEzMDIy,,Secretaria de Saúde
2020-06-08,647,5857 - Crédito Adicional - FREA,Decretos,https://www.dosp.com.br/exibe_do.php?i=MTEyODMz,,Não identificada
2020-06-08,647,10154 – (...),Portarias,https://www.dosp.com.br/exibe_do.php?i=MTEyODMz,,Não identificada
2020-06-05,646,"5856 - DECRETO SAÚDE RECURSO SANTA CASA_548.948,27",Decretos,https://www.dosp.com.br/exibe_do.php?i=MTEyNjUw,,Secretaria de Saúde
2020-06-05,646,5855 - Declara Ponto Facultativo Dia 12 de junho,Decretos,https://www.dosp.com.br/exibe_do.php?i=MTEyNjUw,,Não identificada
2020-06-02,642,"2376 - Crédito Adicional - SAÚDE EXCESSO ARREC._500.000,00",Leis,https://www.dosp.com.br/exibe_do.php?i=MTExOTQ2,,Secretaria de Saúde
2020-06-02,642,"5847 - Crédito Adicional - SAÚDE EXCESSO ARREC._500.000,00",Decretos,https://www.dosp.com.br/exibe_do.php?i=MTExOTQ2,,Secretaria de Saúde
2020-06-02,642,"5852 - Crédito Adicional - SEMADS POR ANULAÇÃO_100.000,00",Decretos,https://www.dosp.com.br/exibe_do.php?i=MTExOTQ2,,Não identificada
2020-06-02,642,"2380 - Crédito Adicional - SAÚDE EXCESSO ARREC._400.000,00",Leis,https://www.dosp.com.br/exibe_do.php?i=MTExOTQ2,,Secretaria de Saúde
2020-06-02,642,"5851 - Crédito Adicional - SAÚDE EXCESSO ARREC._400.000,00",Decretos,https://www.dosp.com.br/exibe_do.php?i=MTExOTQ2,,Secretaria de Saúde
2020-06-02,642,"5849 - Crédito Adicional - SAÚDE EXCESSO ARREC._50.000,00 MAC",Decretos,https://www.dosp.com.br/exibe_do.php?i=MTExOTQ2,,Secretaria de Saúde
2020-06-02,642,"5853 - Crédito Adicional - SEMADS EXCESSO ARREC. COVID_10.500,00",Decretos,https://www.dosp.com.br/exibe_do.php?i=MTExOTQ2,,Não identificada
2020-06-02,642,"2382 - Crédito Adicional - SEMADS EXCESSO ARREC. COVID_10.500,00",Leis,https://www.dosp.com.br/exibe_do.php?i=MTExOTQ2,,Não identificada
2020-06-02,642,"2378 - Crédito Adicional - SAÚDE EXCESSO ARREC._50.000,00 MAC",Leis,https://www.dosp.com.br/exibe_do.php?i=MTExOTQ2,,Secretaria de Saúde
2020-06-02,642,5844  - Reorganiza Equipe Técnica Vigilância Sanitaria,Decretos,https://www.dosp.com.br/exibe_do.php?i=MTExOTQ2,,Não identificada
2020-06-02,642,"5848 - Crédito Adicional - SAÚDE SUPERÁVIT FINANCEIRO_200.324,67",Decretos,https://www.dosp.com.br/exibe_do.php?i=MTExOTQ2,,Secretaria de Saúde
2020-06-02,642,"5850 - Crédito Adicional - SAÚDE EXCESSO ARREC._50.000,00 AT. BÁSICA",Decretos,https://www.dosp.com.br/exibe_do.php?i=MTExOTQ2,,Secretaria de Saúde
2020-06-02,642,5846  - Reorganiza Equipe Multiprofissional de Avaliação - Vigilância Sanitaria,Decretos,https://www.dosp.com.br/exibe_do.php?i=MTExOTQ2,,Não identificada
2020-06-02,642,"2379 - Crédito Adicional - SAÚDE EXCESSO ARREC._50.000,00 AT. BÁSICA",Leis,https://www.dosp.com.br/exibe_do.php?i=MTExOTQ2,,Secretaria de Saúde
2020-06-02,642,"2381 - Crédito Adicional - SEMADS POR ANULAÇÃO_100.000,00",Leis,https://www.dosp.com.br/exibe_do.php?i=MTExOTQ2,,Não identificada
2020-06-02,642,"2377 - Crédito Adicional - SAÚDE SUPERÁVIT FINANCEIRO_200.324,67",Leis,https://www.dosp.com.br/exibe_do.php?i=MTExOTQ2,,Secretaria de Saúde
2020-05-29,639,5843 - PRORROGAÇÃO CORONA VÍRUS_5_Plano SP,Decretos,https://www.dosp.com.br/exibe_do.php?i=MTExNTA3,,Não identificada
2020-05-29,638,2375 - Crédito Adicional Especial_devolução CONVENIO transp. alunos_contrapartida município,Leis,https://www.dosp.com.br/exibe_do.php?i=MTExMzg4,,Não identificada
2020-05-29,638,5841 - Criação de vagas FARMACEUTICO 29-05,Decretos,https://www.dosp.com.br/exibe_do.php?i=MTExMzg4,,Não identificada
2020-05-29,638,5839 - Crédito Adicional Especial_devolução CONVENIO transp. alunos_contrapartida município,Decretos,https://www.dosp.com.br/exibe_do.php?i=MTExMzg4,,Não identificada
2020-05-29,638,5840 - Criação de vagas CONDUTOR DE VEICULOS 29-05,Decretos,https://www.dosp.com.br/exibe_do.php?i=MTExMzg4,,Não identificada
2020-05-26,636,2374 - Altera Art.1 da Lei 1015 - Postos de Gasolina,Leis,https://www.dosp.com.br/exibe_do.php?i=MTEwMTQy,,Não identificada
2020-05-22,633,5302 -Utilidade Pública - ZZL PARTICIPAÇÕES SA,Decretos,https://www.dosp.com.br/exibe_do.php?i=MTA5ODAy,,Não identificada
2020-05-22,634,5835 - DECRETO DE CALAMIDADE,Decretos,https://www.dosp.com.br/exibe_do.php?i=MTA5ODU1,,Não identificada
2020-05-22,633,5833 - Reorganização do Conselho FUNDEB,Decretos,https://www.dosp.com.br/exibe_do.php?i=MTA5ODAy,,Não identificada
2020-05-22,633,5834 - Comissão Readaptação Funcional,Decretos,https://www.dosp.com.br/exibe_do.php?i=MTA5ODAy,,Não identificada
2020-05-21,632,5831  - Exonera Adriana Tamassia - Secretária Esportes,Decretos,https://www.dosp.com.br/exibe_do.php?i=MTA5NTgy,,Secretaria de Esporte
2020-05-14,627,Relação de Portarias,Portarias,https://www.dosp.com.br/exibe_do.php?i=MTA4Mzg3,,Não identificada
2020-05-12,625,251 - Lei Complementar - Cria Função Gratificada,Leis,https://www.dosp.com.br/exibe_do.php?i=MTA4MTU1,,Não identificada
2020-05-12,625,5827 - Revoga artigo 9 do decreto 5624,Decretos,https://www.dosp.com.br/exibe_do.php?i=MTA4MTU1,,Não identificada
2020-05-09,623,5826 - PRORROGAÇÃO CORONA VÍRUS_31 maio,Decretos,https://www.dosp.com.br/exibe_do.php?i=MTA3Nzg3,,Não identificada
2020-05-08,622,5825 - PRORROGAÇÃO CORONA VÍRUS_4,Decretos,https://www.dosp.com.br/exibe_do.php?i=MTA3NjY5,,Não identificada
2020-05-05,618,"2371 - Crédito Adicional Especial - SF SEC. PLAN. TRANSP_495.735,27",Leis,https://www.dosp.com.br/exibe_do.php?i=MTA3MDY1,,Não identificada
2020-05-05,618,"2372 - Cédito Adicional - SAÚDE EXCESSO ARREC._150.000,00",Leis,https://www.dosp.com.br/exibe_do.php?i=MTA3MDY1,,Secretaria de Saúde
2020-05-05,618,"2373 - Crédito Adicional - SAÚDE  EXCESSO DE ARRECADAÇÃO_500.000,00",Leis,https://www.dosp.com.br/exibe_do.php?i=MTA3MDY1,,Secretaria de Saúde
2020-05-05,618,"5821 - Crédito Adicional - SAÚDE  EXCESSO DE ARRECADAÇÃO_500.000,00",Decretos,https://www.dosp.com.br/exibe_do.php?i=MTA3MDY1,,Secretaria de Saúde
2020-05-05,618,"5819 - Crédito Adicional Especial - SF SEC. PLAN. TRANSP_495.735,27",Decretos,https://www.dosp.com.br/exibe_do.php?i=MTA3MDY1,,Não identificada
2020-05-05,618,"5820 - Cédito Adicional - SAÚDE EXCESSO ARREC._150.000,00",Decretos,https://www.dosp.com.br/exibe_do.php?i=MTA3MDY1,,Secretaria de Saúde
2020-04-28,613,10127 – (...),Portarias,https://www.dosp.com.br/exibe_do.php?i=MTA2MDE5,,Não identificada
2020-04-28,613,5817 - homologação professores educação básica - maio,Decretos,https://www.dosp.com.br/exibe_do.php?i=MTA2MDE5,,Secretaria de Educação
2020-04-27,612,2370 - REVOGA-§-2-E-3-DA-LEI-1283.2009 - Adiantamento,Leis,https://www.dosp.com.br/exibe_do.php?i=MTA1OTYx,,Não identificada
2020-04-27,612,"5815 - Crédito Adicional - Decon_saude crédito adicional 190.000,00",Decretos,https://www.dosp.com.br/exibe_do.php?i=MTA1OTYx,,Não identificada
2020-04-27,612,"5816 - Crédito Adicional - SAÜDE COVID 1.730.734,94",Decretos,https://www.dosp.com.br/exibe_do.php?i=MTA1OTYx,,Não identificada
2020-04-27,612,"2369 - Crédito Adicional - SAÜDE COVID 1.730.734,94",Leis,https://www.dosp.com.br/exibe_do.php?i=MTA1OTYx,,Não identificada
2020-04-27,612,"2368 - Crédito Adicional - Decon_saude crédito adicional 190.000,00",Leis,https://www.dosp.com.br/exibe_do.php?i=MTA1OTYx,,Não identificada
2020-04-24,611,5810 - Nomeação Secretário Esportes - Adriana Tamassia,Decretos,https://www.dosp.com.br/exibe_do.php?i=MTA1NzIw,,Secretaria de Esporte
2020-04-24,611,5814 - decreto abertura pat,Decretos,https://www.dosp.com.br/exibe_do.php?i=MTA1NzIw,,Não identificada
2020-04-24,611,5811 - Conselho FUNDEB,Decretos,https://www.dosp.com.br/exibe_do.php?i=MTA1NzIw,,Não identificada
2020-04-24,611,5809 - Homologação  complementar 007-2016 concurso- cozinheiro,Decretos,https://www.dosp.com.br/exibe_do.php?i=MTA1NzIw,,Não identificada
2020-04-22,609,5801 - Nomeia Gestora do Conselho Municipal do Trabalho - Alexandra,Decretos,https://www.dosp.com.br/exibe_do.php?i=MTA1MjQ0,,Não identificada
2020-04-22,609,5802 - Nomeia Conselho Municipal do Trabalho,Decretos,https://www.dosp.com.br/exibe_do.php?i=MTA1MjQ0,,Não identificada
2020-04-20,607,"2366 - Crédito Adicional - SAÚDE SUPERÁVIT FINANCEIRO_113.407,63",Leis,https://www.dosp.com.br/exibe_do.php?i=MTA0OTg5,,Secretaria de Saúde
2020-04-20,607,"2365 - Crédito Adicional - SAÚDE EXCESSO ARREC. COVID_360.252,00",Leis,https://www.dosp.com.br/exibe_do.php?i=MTA0OTg5,,Secretaria de Saúde
2020-04-20,607,"2364 - Crédito Adicional - SAÚDE EXCESSO ARREC. COVID_180.126,00",Leis,https://www.dosp.com.br/exibe_do.php?i=MTA0OTg5,,Secretaria de Saúde
2020-04-20,607,"2367 - Crédito Adicional - SEMADS EXCESSO ARREC. COVID_16.016,61",Leis,https://www.dosp.com.br/exibe_do.php?i=MTA0OTg5,,Não identificada
2020-04-20,607,"5805 - Crédito Adicional - SAÚDE SUPERÁVIT FINANCEIRO_113.407,63",Decretos,https://www.dosp.com.br/exibe_do.php?i=MTA0OTg5,,Secretaria de Saúde
2020-04-20,607,"5803 - Crédito Adicional - SAÚDE EXCESSO ARREC. COVID_180.126,00",Decretos,https://www.dosp.com.br/exibe_do.php?i=MTA0OTg5,,Secretaria de Saúde
2020-04-20,607,"5806 - Crédito Adicional - SEMADS EXCESSO ARREC. COVID_16.016,61",Decretos,https://www.dosp.com.br/exibe_do.php?i=MTA0OTg5,,Não identificada
2020-04-20,608,5807 - DECRETO INDUSTRIA + MAT CONSTRUÇAO 20 ABRIL -  FINAL,Decretos,https://www.dosp.com.br/exibe_do.php?i=MTA0OTk4,,Não identificada
2020-04-20,607,"5804 - Crédito Adicional - SAÚDE EXCESSO ARREC. COVID_360.252,00",Decretos,https://www.dosp.com.br/exibe_do.php?i=MTA0OTg5,,Secretaria de Saúde
2020-04-17,606,5799 - Homologação Complementar 006-2016 -4 chamada 16-04-2020,Decretos,https://www.dosp.com.br/exibe_do.php?i=MTA0NzAz,,Não identificada
2020-04-08,600,2361 - CREDITO ADICIONAL SUPLEMENTAR FREA,Leis,https://www.dosp.com.br/exibe_do.php?i=MTAzNjMw,,Não identificada
2020-04-08,600,"2360 - CREDITO ADICIONAL ESPECIAL_EXCESSO ARRECADAÇÃO_R$ 242.603,57",Leis,https://www.dosp.com.br/exibe_do.php?i=MTAzNjMw,,Não identificada
2020-04-08,600,"2363 - Crédito Adicional Especial - SUPERAVIT FINANCEIRO SAUDE_512.790,72",Leis,https://www.dosp.com.br/exibe_do.php?i=MTAzNjMw,,Não identificada
2020-04-08,600,250 - Lei Complementar - Redenomina Cargos de  Assessor,Leis,https://www.dosp.com.br/exibe_do.php?i=MTAzNjMw,,Não identificada
2020-04-08,600,"2362 - CREDITO ADICIONAL SUPERAVIT FINANCEIRO QMSE_2.853.583,73",Leis,https://www.dosp.com.br/exibe_do.php?i=MTAzNjMw,,Não identificada
2020-04-08,600,"5795 - Crédito Adicional Especial - SUPERAVIT FINANCEIRO SAUDE_512.790,72",Decretos,https://www.dosp.com.br/exibe_do.php?i=MTAzNjMw,,Não identificada
2020-04-08,600,"5794 - CREDITO ADICIONAL SUPERAVIT FINANCEIRO QMSE_2.853.583,73",Decretos,https://www.dosp.com.br/exibe_do.php?i=MTAzNjMw,,Não identificada
2020-04-08,600,5793 - CREDITO ADICIONAL SUPLEMENTAR FREA,Decretos,https://www.dosp.com.br/exibe_do.php?i=MTAzNjMw,,Não identificada
2020-04-08,600,"5792 - CREDITO ADICIONAL ESPECIAL_EXCESSO ARRECADAÇÃO_R$ 242.603,57",Decretos,https://www.dosp.com.br/exibe_do.php?i=MTAzNjMw,,Não identificada
2020-04-07,599,5790 - PRORROGAÇÃO CORONA VÍRUS2,Decretos,https://www.dosp.com.br/exibe_do.php?i=MTAzMzk1,,Não identificada
2020-04-07,598,10086 – (...),Portarias,https://www.dosp.com.br/exibe_do.php?i=MTAzMzIw,,Não identificada
2020-04-01,596,5789 - CREDITO ADICIONAL ESPECIAL_devolução FEHIDRO_SOMENTE DECRETO_retificado,Decretos,https://www.dosp.com.br/exibe_do.php?i=MTAyNDk4,,Não identificada
2020-04-01,596,5787  - Exonera Carla Flores - Secretário Comunicação,Decretos,https://www.dosp.com.br/exibe_do.php?i=MTAyNDk4,,Não identificada
2020-04-01,596,5786  - Exonera Leonardo Rípoli - Secretário Esportes,Decretos,https://www.dosp.com.br/exibe_do.php?i=MTAyNDk4,,Secretaria de Esporte
2020-03-30,594,5785 - PRORROGAÇÃO CORONA VÍRUS,Decretos,https://www.dosp.com.br/exibe_do.php?i=MTAyMDcw,,Não identificada
2020-03-27,593,5781 - Desapropriação Clementina Doni e outros -,Decretos,https://www.dosp.com.br/exibe_do.php?i=MTAxNzc3,,Não identificada
2020-03-26,592,2359 - Revoga Lei 2004 - doação de área www produtos farmaceuticos,Leis,https://www.dosp.com.br/exibe_do.php?i=MTAxNTky,,Não identificada
2020-03-24,590,5780 - REVISAO FINAL - Coronavírus,Decretos,https://www.dosp.com.br/exibe_do.php?i=MTAxMjI1,,Não identificada
2020-03-23,588,5776  - Cria Comitê de Prevenção ao Corona Vírus,Decretos,https://www.dosp.com.br/exibe_do.php?i=MTAwODgw,,Não identificada
2020-03-21,587,DECRETO MUNICIPAL - 5778,Decretos,https://www.dosp.com.br/exibe_do.php?i=MTAwNjk0,,Não identificada
2020-03-20,586,5777  - Determinações Coronavírus 20 de março 2020,Decretos,https://www.dosp.com.br/exibe_do.php?i=MTAwNTM2,,Não identificada
2020-03-19,584,5775  - Determinações - Corona Vírus,Decretos,https://www.dosp.com.br/exibe_do.php?i=MTAwMjY3,,Não identificada
2020-03-19,584,5770 - COMTUR - Conselho Turismo,Decretos,https://www.dosp.com.br/exibe_do.php?i=MTAwMjY3,,Não identificada
2020-03-19,584,5774  - reorganiza conselho plano diretor,Decretos,https://www.dosp.com.br/exibe_do.php?i=MTAwMjY3,,Não identificada
2020-03-19,585,5775  - Determinações - Corona Vírus,Decretos,https://www.dosp.com.br/exibe_do.php?i=MTAwMjc3,,Não identificada
2020-03-17,582,5770 - COMTUR - Conselho Turismo,Decretos,https://www.dosp.com.br/exibe_do.php?i=OTk3NDU=,,Não identificada
2020-03-16,580,5771 - Adoção Corona Vírus,Decretos,https://www.dosp.com.br/exibe_do.php?i=OTk1MDY=,,Não identificada
2020-03-12,578,5769 - Ordenador de Despesas Fumboar,Decretos,https://www.dosp.com.br/exibe_do.php?i=OTkwNDE=,,Não identificada
2020-03-11,577,5763 - Domicílio Tributário,Decretos,https://www.dosp.com.br/exibe_do.php?i=OTg4NDk=,,Não identificada
2020-03-11,577,"2355 - Crédito Adicional - SUPERAVIT FINANCEIRO SEMADS_19.741,95",Leis,https://www.dosp.com.br/exibe_do.php?i=OTg4NDk=,,Não identificada
2020-03-11,577,"5768 - Crédito Adicional - SUPERAVIT FINANCEIRO SEMADS_756,53",Decretos,https://www.dosp.com.br/exibe_do.php?i=OTg4NDk=,,Não identificada
2020-03-11,577,"5765 - Crédito Adicional - SUPERAVIT FINANCEIRO SEMADS_100.000,00",Decretos,https://www.dosp.com.br/exibe_do.php?i=OTg4NDk=,,Não identificada
2020-03-11,577,"2354 - Crédito Adicional - SUPERAVIT FINANCEIRO SEMADS_100.000,00",Leis,https://www.dosp.com.br/exibe_do.php?i=OTg4NDk=,,Não identificada
2020-03-11,577,"2356 - Crédito Adicional - SUPERAVIT FINANCEIRO SEMADS_9.283,07",Leis,https://www.dosp.com.br/exibe_do.php?i=OTg4NDk=,,Não identificada
2020-03-11,577,"5766 - Crédito Adicional - SUPERAVIT FINANCEIRO SEMADS_19.741,95",Decretos,https://www.dosp.com.br/exibe_do.php?i=OTg4NDk=,,Não identificada
2020-03-11,577,"2353 - Institui Conselho  Municipal do Trabalho , Emprego e Renda",Leis,https://www.dosp.com.br/exibe_do.php?i=OTg4NDk=,,Não identificada
2020-03-11,577,"2357 - Crédito Adicional - SUPERAVIT FINANCEIRO SEMADS_756,53",Leis,https://www.dosp.com.br/exibe_do.php?i=OTg4NDk=,,Não identificada
2020-03-11,577,"5767 - Crédito Adicional - SUPERAVIT FINANCEIRO SEMADS_9.283,07",Decretos,https://www.dosp.com.br/exibe_do.php?i=OTg4NDk=,,Não identificada
2020-03-09,574,5762 - Conselho Fundo Social,Decretos,https://www.dosp.com.br/exibe_do.php?i=OTg0MzU=,,Não identificada
2020-03-09,574,5761 - Fundo Social - Regina,Decretos,https://www.dosp.com.br/exibe_do.php?i=OTg0MzU=,,Não identificada
2020-03-05,571,5752 - Criação da Pinacoteca Municipal,Decretos,https://www.dosp.com.br/exibe_do.php?i=OTgwMjQ=,,Não identificada
2020-03-05,571,5759 - COMTUR - Conselho Turismo,Decretos,https://www.dosp.com.br/exibe_do.php?i=OTgwMjQ=,,Não identificada
2020-03-05,571,"5757 - Crédito Adicional - SUPERAVIT FINANCEIRO SAUDE_150.578,36",Decretos,https://www.dosp.com.br/exibe_do.php?i=OTgwMjQ=,,Não identificada
2020-03-04,570,"2349 - Crédito Adicional - SUPERAVIT FINANCEIRO SEMADS_188.923,25",Leis,https://www.dosp.com.br/exibe_do.php?i=OTc4MzI=,,Não identificada
2020-03-04,570,"2352 - Crédito Adicional - SUPERAVIT FINANCEIRO SAUDE_150.578,36",Leis,https://www.dosp.com.br/exibe_do.php?i=OTc4MzI=,,Não identificada
2020-03-04,570,"2348 - Crédito Adicional - SUPERAVIT FINANCEIRO SEMADS_138.968,52 (1)",Leis,https://www.dosp.com.br/exibe_do.php?i=OTc4MzI=,,Não identificada
2020-03-04,570,2351 - Crédito Adicional - SUPERAVIT FUMCAD 2020 - 1.286,Leis,https://www.dosp.com.br/exibe_do.php?i=OTc4MzI=,,Não identificada
2020-03-04,570,"5755 - Crédito Adicional - SUPERAVIT FINANCEIRO SEMADS_345.276,07",Decretos,https://www.dosp.com.br/exibe_do.php?i=OTc4MzI=,,Não identificada
2020-03-04,570,"5754 - Crédito Adicional - SUPERAVIT FINANCEIRO SEMADS_188.923,25",Decretos,https://www.dosp.com.br/exibe_do.php?i=OTc4MzI=,,Não identificada
2020-03-04,570,"2350 - Crédito Adicional - SUPERAVIT FINANCEIRO SEMADS_345.276,07",Leis,https://www.dosp.com.br/exibe_do.php?i=OTc4MzI=,,Não identificada
2020-03-04,570,5758 - Desapropriação Ângelo Antônio Marcusso - 82742,Decretos,https://www.dosp.com.br/exibe_do.php?i=OTc4MzI=,,Não identificada
2020-03-04,570,5756 - Crédito Adicional - SUPERAVIT FUMCAD 2020 - 1.286,Decretos,https://www.dosp.com.br/exibe_do.php?i=OTc4MzI=,,Não identificada
2020-03-04,570,"5753 - Crédito Adicional - SUPERAVIT FINANCEIRO SEMADS_138.968,52",Decretos,https://www.dosp.com.br/exibe_do.php?i=OTc4MzI=,,Não identificada
2020-03-04,570,"5757 - Crédito Adicional - SUPERAVIT FINANCEIRO SAUDE_150.578,36",Decretos,https://www.dosp.com.br/exibe_do.php?i=OTc4MzI=,,Não identificada
2020-03-03,569,5751 - Comissão 52 Emapa,Decretos,https://www.dosp.com.br/exibe_do.php?i=OTc2MDg=,,Não identificada
2020-02-28,566,5747- ordenador de despesa FUMBOAR - autoriza operações bancárias,Decretos,https://www.dosp.com.br/exibe_do.php?i=OTcxNDE=,,Não identificada
2020-02-28,566,5748 - Desapropriação Parcial - Anápolis Empreendimentos - mat.49.084,Decretos,https://www.dosp.com.br/exibe_do.php?i=OTcxNDE=,,Não identificada
2020-02-28,566,5749 - atualiza Valor parâmetro para apuração de dívidas antieconômicas,Decretos,https://www.dosp.com.br/exibe_do.php?i=OTcxNDE=,,Não identificada
2020-02-20,562,5744 - Revoga Decreto 1366 - denomina vias do jardim das orquídeas - troca joão silvestre e coloca Zitumori,Decretos,https://www.dosp.com.br/exibe_do.php?i=OTYwOTc=,,Não identificada
2020-02-19,561,10054 – (...),Portarias,https://www.dosp.com.br/exibe_do.php?i=OTYwMjU=,,Não identificada
2020-02-19,561,2347 - Crédito Adicional - SUPERAVIT FINANCEIRO - cessao onerosa - AVAREPREV,Leis,https://www.dosp.com.br/exibe_do.php?i=OTYwMjU=,,Não identificada
2020-02-19,561,5743 - Crédito Adicional - SUPERAVIT FINANCEIRO - cessao onerosa - AVAREPREV,Decretos,https://www.dosp.com.br/exibe_do.php?i=OTYwMjU=,,Não identificada
2020-02-14,558,10055 – (...),Portarias,https://www.dosp.com.br/exibe_do.php?i=OTU0MTQ=,,Não identificada
2020-02-13,557,5738 - Regulamenta Adiantamento - referente decreto 5058,Decretos,https://www.dosp.com.br/exibe_do.php?i=OTUyMDU=,,Não identificada
2020-02-12,556,5740 - Criação de vagas técnico auxiliar de regulação médica samu 10-02-20,Decretos,https://www.dosp.com.br/exibe_do.php?i=OTQ4NTU=,,Não identificada
2020-02-12,556,5741 - Criação de vagas agente administrativo -10-02-20,Decretos,https://www.dosp.com.br/exibe_do.php?i=OTQ4NTU=,,Não identificada
2020-02-12,556,5742 - Criação de vagas tec enfermagem- 10-02,Decretos,https://www.dosp.com.br/exibe_do.php?i=OTQ4NTU=,,Não identificada
2020-02-12,556,5739 - Criação de vagas SUPERVISOR DE ENSINO -10-02-20,Decretos,https://www.dosp.com.br/exibe_do.php?i=OTQ4NTU=,,Não identificada
2020-02-06,551,5736 - Declara Ponto Facultativo Carnaval 2020,Decretos,https://www.dosp.com.br/exibe_do.php?i=OTQxMTQ=,,Não identificada
2020-02-04,549,5733  - Nomeia Marcelo Oliveira Sanches - Secretário Turismo,Decretos,https://www.dosp.com.br/exibe_do.php?i=OTM3MzI=,,Não identificada
2020-02-04,549,5732 - Comissão Readaptação Funcional - corrigido,Decretos,https://www.dosp.com.br/exibe_do.php?i=OTM3MzI=,,Não identificada
2020-02-03,548,"2342 - Crédito Adicional Especial - SUPERAVIT FINANCEIRO SAUDE_797.497,65",Leis,https://www.dosp.com.br/exibe_do.php?i=OTMzODc=,,Não identificada
2020-02-03,548,"5729 - Crédito Adicional - DEVOLUÇÃO CONVÊNIO SEMADS_26.421,31",Decretos,https://www.dosp.com.br/exibe_do.php?i=OTMzODc=,,Não identificada
2020-02-03,548,"5730 - Crédito Adicional - FUMBOAR SUPERAVIT FINANCEIRO_803.261,57",Decretos,https://www.dosp.com.br/exibe_do.php?i=OTMzODc=,,Não identificada
2020-02-03,548,"5731 - Crédito Adicional - SUPERAVIT FINANCEIRO SEMADS_103.043,42",Decretos,https://www.dosp.com.br/exibe_do.php?i=OTMzODc=,,Não identificada
2020-02-03,548,"5728 - Crédito Adicional Especial - SUPERAVIT FINANCEIRO SAUDE_797.497,65",Decretos,https://www.dosp.com.br/exibe_do.php?i=OTMzODc=,,Não identificada
2020-02-03,548,2343 - Repasse de Recursos OSC - Entidades,Leis,https://www.dosp.com.br/exibe_do.php?i=OTMzODc=,,Não identificada
2020-02-03,548,"2344 - Crédito Adicional - DEVOLUÇÃO CONVÊNIO SEMADS_26.421,31",Leis,https://www.dosp.com.br/exibe_do.php?i=OTMzODc=,,Não identificada
2020-02-03,548,"2345 - Crédito Adicional - FUMBOAR SUPERAVIT FINANCEIRO_803.261,57",Leis,https://www.dosp.com.br/exibe_do.php?i=OTMzODc=,,Não identificada
2020-02-03,548,"2346 - Crédito Adicional - SUPERAVIT FINANCEIRO SEMADS_103.043,42",Leis,https://www.dosp.com.br/exibe_do.php?i=OTMzODc=,,Não identificada
2020-01-31,547,5727 - homologação professores educação básica - janeiro,Decretos,https://www.dosp.com.br/exibe_do.php?i=OTMxNDU=,,Secretaria de Educação
2020-01-31,547,10031 – (...),Portarias,https://www.dosp.com.br/exibe_do.php?i=OTMxNDU=,,Não identificada
2020-01-30,546,5726  - Exonera Pedro Botafogo,Decretos,https://www.dosp.com.br/exibe_do.php?i=OTMwNjI=,,Não identificada
2020-01-30,546,5725  - Exonera Romualdo Fontes,Decretos,https://www.dosp.com.br/exibe_do.php?i=OTMwNjI=,,Não identificada
2020-01-29,545,5722 - Regulamenta Prazos Entidades,Decretos,https://www.dosp.com.br/exibe_do.php?i=OTI4Mjg=,,Não identificada
2020-01-28,544,5675 -permissão uso - associação organicos de avare,Decretos,https://www.dosp.com.br/exibe_do.php?i=OTI2MDg=,,Não identificada
2020-01-28,544,10023 – (...),Portarias,https://www.dosp.com.br/exibe_do.php?i=OTI2MDg=,,Não identificada
2020-01-22,540,5717 - elevação de vagas em concurso público nº 002 de 2018 Cargo de Condutor de Veículos e Transporte Coletivo,Decretos,https://www.dosp.com.br/exibe_do.php?i=OTE3MjI=,,Secretaria de Transporte
2020-01-22,540,5716 - elevação de vagas em concurso público nº 001 de 2018 Cargo de MONITOR,Decretos,https://www.dosp.com.br/exibe_do.php?i=OTE3MjI=,,Não identificada
2020-01-22,540,5720  - vigilancia sanitaria,Decretos,https://www.dosp.com.br/exibe_do.php?i=OTE3MjI=,,Não identificada
2020-01-22,540,5718 - elevação de vagas em concurso público nº 002 de 2018 Cargo de Psicólogo,Decretos,https://www.dosp.com.br/exibe_do.php?i=OTE3MjI=,,Não identificada
2020-01-16,535,5715 - revoga decreto 5713,Decretos,https://www.dosp.com.br/exibe_do.php?i=OTA5OTA=,,Não identificada
2020-01-16,535,5712 - Revoga Decreto 5702 - permissão de uso PGN,Decretos,https://www.dosp.com.br/exibe_do.php?i=OTA5OTA=,,Não identificada
2020-01-14,533,5714 -  Readaptação -reorganizada 2020,Decretos,https://www.dosp.com.br/exibe_do.php?i=OTA3NjI=,,Não identificada
2020-01-14,533,5713 - reorganiza comissão permanente de readaptação funcional,Decretos,https://www.dosp.com.br/exibe_do.php?i=OTA3NjI=,,Não identificada
2020-01-10,531,5712 - Revoga Decreto 5702 - permissão de uso PGN,Decretos,https://www.dosp.com.br/exibe_do.php?i=OTAyNjE=,,Não identificada
2020-01-10,531,5711- Comissão Permanente de Análise de Contas de Comissão,Decretos,https://www.dosp.com.br/exibe_do.php?i=OTAyNjE=,,Não identificada
2020-01-09,530,5693 - contabilidade FREA,Decretos,https://www.dosp.com.br/exibe_do.php?i=OTAxODc=,,Não identificada
2020-01-09,529,5695 - Natalie - desfaz comissão recadastramento,Decretos,https://www.dosp.com.br/exibe_do.php?i=OTAwODM=,,Não identificada
2020-01-09,529,5709 - Altera decreto 4534 - consignação folha de pagamento,Decretos,https://www.dosp.com.br/exibe_do.php?i=OTAwODM=,,Não identificada
2020-01-09,530,5710 - Nomeação - Conselho Tutelar,Decretos,https://www.dosp.com.br/exibe_do.php?i=OTAxODc=,,Não identificada
2020-01-08,528,5708 - Conselho Pessoa com Deficiencia,Decretos,https://www.dosp.com.br/exibe_do.php?i=ODk5MjY=,,Não identificada
2020-01-08,528,5707 - Jari,Decretos,https://www.dosp.com.br/exibe_do.php?i=ODk5MjY=,,Não identificada
2020-01-03,525,Lei 2341,Leis,https://www.dosp.com.br/exibe_do.php?i=ODk0OTI=,,Não identificada
2019-12-30,524,5706 - permissão de uso - Usina Jatobá,Decretos,https://www.dosp.com.br/exibe_do.php?i=ODkzMTE=,,Não identificada
2019-12-30,523,5703 - permissão de uso - Pedro Martins da Costa,Decretos,https://www.dosp.com.br/exibe_do.php?i=ODkyNTg=,,Não identificada
2019-12-27,522,5696 - permissão de uso - Lajes Ferreira,Decretos,https://www.dosp.com.br/exibe_do.php?i=ODkwOTA=,,Não identificada
2019-12-27,522,5699 - permissão de uso - Cerealista Goes,Decretos,https://www.dosp.com.br/exibe_do.php?i=ODkwOTA=,,Não identificada
2019-12-27,522,5702 - permissão de uso - PGN Transportes,Decretos,https://www.dosp.com.br/exibe_do.php?i=ODkwOTA=,,Secretaria de Transporte
2019-12-27,522,5697 - permissão de uso - Cimentos Oeste,Decretos,https://www.dosp.com.br/exibe_do.php?i=ODkwOTA=,,Não identificada
2019-12-27,522,5701 - permissão de uso - Lauro Madeiras,Decretos,https://www.dosp.com.br/exibe_do.php?i=ODkwOTA=,,Não identificada
2019-12-27,522,5698 - permissão de uso - Gilberto Martins,Decretos,https://www.dosp.com.br/exibe_do.php?i=ODkwOTA=,,Não identificada
2019-12-23,521,5687 - permissão de uso KI KAKAU,Decretos,https://www.dosp.com.br/exibe_do.php?i=ODg4NDU=,,Não identificada
2019-12-20,518,5692 - Crédito 310,Decretos,https://www.dosp.com.br/exibe_do.php?i=ODg1NTU=,,Não identificada
2019-12-20,518,2340 - Crédito 310,Leis,https://www.dosp.com.br/exibe_do.php?i=ODg1NTU=,,Não identificada
2019-12-20,518,2337 - Doação NOCAIJA,Leis,https://www.dosp.com.br/exibe_do.php?i=ODg1NTU=,,Não identificada
2019-12-20,518,2338 - Crédito 112,Leis,https://www.dosp.com.br/exibe_do.php?i=ODg1NTU=,,Não identificada
2019-12-20,518,2336 - Taxas Vigilância Sanitária,Leis,https://www.dosp.com.br/exibe_do.php?i=ODg1NTU=,,Não identificada
2019-12-20,518,5690 - Crédito 112,Decretos,https://www.dosp.com.br/exibe_do.php?i=ODg1NTU=,,Não identificada
2019-12-20,518,5689 - ponto facultativo - final de ano 2019,Decretos,https://www.dosp.com.br/exibe_do.php?i=ODg1NTU=,,Não identificada
2019-12-20,518,5691 - Crédito 73,Decretos,https://www.dosp.com.br/exibe_do.php?i=ODg1NTU=,,Não identificada
2019-12-20,518,2339 - Crédito 73,Leis,https://www.dosp.com.br/exibe_do.php?i=ODg1NTU=,,Não identificada
2019-12-17,515,5685 - reorganiza gta,Decretos,https://www.dosp.com.br/exibe_do.php?i=ODc5OTg=,,Não identificada
2019-12-17,515,5686 - permissão de uso WALTEC - matricula 58289,Decretos,https://www.dosp.com.br/exibe_do.php?i=ODc5OTg=,,Não identificada
2019-12-17,515,5684 - suplementação FREA ok,Decretos,https://www.dosp.com.br/exibe_do.php?i=ODc5OTg=,,Não identificada
2019-12-17,515,5657 - utilidade pública angelo antonio marcusso area B,Decretos,https://www.dosp.com.br/exibe_do.php?i=ODc5OTg=,,Não identificada
2019-12-13,512,5679 - permissão de uso WALTEC,Decretos,https://www.dosp.com.br/exibe_do.php?i=ODc1MTU=,,Não identificada
2019-12-12,511,5681 - Credito Adicional Especial_EC 103-19 - 1.000.000,Decretos,https://www.dosp.com.br/exibe_do.php?i=ODc0Njg=,,Não identificada
2019-12-12,511,2334 - CREDITO ADICIONAL ESPECIAL_EC 103-19,Leis,https://www.dosp.com.br/exibe_do.php?i=ODc0Njg=,,Não identificada
2019-12-11,510,5680 - Crédito Adicional Suplementar por Anulação - 30.000,Decretos,https://www.dosp.com.br/exibe_do.php?i=ODcyODg=,,Não identificada
2019-12-11,510,5679 - permissão de uso WALTEC,Decretos,https://www.dosp.com.br/exibe_do.php?i=ODcyODg=,,Não identificada
2019-12-11,510,2333 - Crédito Adicional Suplementar por Anulação - 30.000,Leis,https://www.dosp.com.br/exibe_do.php?i=ODcyODg=,,Não identificada
2019-12-09,508,5674 - reorganiza comissão permanente de readaptação funcional,Decretos,https://www.dosp.com.br/exibe_do.php?i=ODY5Mzc=,,Não identificada
2019-12-05,506,5676 - ponto facultativo - final de ano 2019,Decretos,https://www.dosp.com.br/exibe_do.php?i=ODY0NzI=,,Não identificada
2019-12-05,506,5675 -permissão uso - associação organicos de avare,Decretos,https://www.dosp.com.br/exibe_do.php?i=ODY0NzI=,,Não identificada
2019-12-05,506,9976 – (...),Portarias,https://www.dosp.com.br/exibe_do.php?i=ODY0NzI=,,Não identificada
2019-12-04,505,2331 - Concessão de área - Escola de Futebol Internacional,Leis,https://www.dosp.com.br/exibe_do.php?i=ODYzMDI=,,Não identificada
2019-12-04,505,249 - Cria Gratificação ATIVIDADE DELEGADA,Leis,https://www.dosp.com.br/exibe_do.php?i=ODYzMDI=,,Não identificada
2019-11-29,502,5671 - suplementação FREA,Decretos,https://www.dosp.com.br/exibe_do.php?i=ODU4ODI=,,Não identificada
2019-11-29,502,5668 - Dispõe sobre prorrogação do refis,Decretos,https://www.dosp.com.br/exibe_do.php?i=ODU4ODI=,,Não identificada
2019-11-29,502,5669 - servidores afastados,Decretos,https://www.dosp.com.br/exibe_do.php?i=ODU4ODI=,,Não identificada
2019-11-29,503,5672 - Criação de vagas agente administrativo -28-11,Decretos,https://www.dosp.com.br/exibe_do.php?i=ODU5Mzk=,,Não identificada
2019-11-29,502,5669 - Anexo,Decretos,https://www.dosp.com.br/exibe_do.php?i=ODU4ODI=,,Não identificada
2019-11-27,499,248 - Altera artigos e anexos da LC 213 - plano diretor,Leis,https://www.dosp.com.br/exibe_do.php?i=ODU1MTY=,,Não identificada
2019-11-27,499,2330 - Crédito Adicional Especial - 3838 - Ministério das Cidades,Leis,https://www.dosp.com.br/exibe_do.php?i=ODU1MTY=,,Não identificada
2019-11-27,499,5662 - hospede oficial joao xavier,Decretos,https://www.dosp.com.br/exibe_do.php?i=ODU1MTY=,,Não identificada
2019-11-27,499,5664 - reorganização conselho tutelar,Decretos,https://www.dosp.com.br/exibe_do.php?i=ODU1MTY=,,Não identificada
2019-11-27,499,5665 - Crédito Adicional Especial - 3838 - Ministério das Cidades,Decretos,https://www.dosp.com.br/exibe_do.php?i=ODU1MTY=,,Não identificada
2019-11-27,499,5666 - Dispõe sobre férias unidades da Educação,Decretos,https://www.dosp.com.br/exibe_do.php?i=ODU1MTY=,,Secretaria de Educação
2019-11-21,495,5657 - desapropriação - chácara tinoco,Decretos,https://www.dosp.com.br/exibe_do.php?i=ODQ3ODk=,,Não identificada
2019-11-21,495,5638 - regulamentação da utilização dos ginásios kim negrão e tico do manolo,Decretos,https://www.dosp.com.br/exibe_do.php?i=ODQ3ODk=,,Não identificada
2019-11-20,494,5655 - UFMA,Decretos,https://www.dosp.com.br/exibe_do.php?i=ODQ2NTM=,,Não identificada
2019-11-19,493,5654 - conselho de assistencia social - cmas,Decretos,https://www.dosp.com.br/exibe_do.php?i=ODQ0NzQ=,,Secretaria de Assistência Social
2019-11-14,491,5638 - regulamentação da utilização dos ginásios kim negrão e tico do manolo,Decretos,https://www.dosp.com.br/exibe_do.php?i=ODQwMjM=,,Não identificada
2019-11-14,491,5650 - Desapropriação MA empreendimentos,Decretos,https://www.dosp.com.br/exibe_do.php?i=ODQwMjM=,,Não identificada
2019-11-14,491,5651 - Desapropriação CRISTIANE BUTTI ABBUD,Decretos,https://www.dosp.com.br/exibe_do.php?i=ODQwMjM=,,Não identificada
2019-11-14,491,2329 - Concessão área amigo solidário,Leis,https://www.dosp.com.br/exibe_do.php?i=ODQwMjM=,,Não identificada
2019-11-13,489,Relação de Por (...),Portarias,https://www.dosp.com.br/exibe_do.php?i=ODM4NTI=,,Não identificada
2019-11-13,490,9966 – (...),Portarias,https://www.dosp.com.br/exibe_do.php?i=ODM5ODc=,,Não identificada
2019-11-13,490,9967 – (...),Portarias,https://www.dosp.com.br/exibe_do.php?i=ODM5ODc=,,Não identificada
2019-11-11,488,5651 - Desapropriação MA empreendimentos B,Decretos,https://www.dosp.com.br/exibe_do.php?i=ODM2NDA=,,Não identificada
2019-11-08,486,5653 - conselho política cultural,Decretos,https://www.dosp.com.br/exibe_do.php?i=ODM0NTQ=,,Secretaria de Cultura
2019-11-06,484,5651 - Desapropriação MA empreendimentos B,Decretos,https://www.dosp.com.br/exibe_do.php?i=ODI5MTc=,,Não identificada
2019-11-06,484,2328 - 83 Jogos Abertos Horácio Baby Barioni,Leis,https://www.dosp.com.br/exibe_do.php?i=ODI5MTc=,,Não identificada
2019-11-06,484,2327 - Inclui área no Perímetro Urbano - Estância São Marcos,Leis,https://www.dosp.com.br/exibe_do.php?i=ODI5MTc=,,Não identificada
2019-11-06,484,5650 - Desapropriação MA empreendimentos,Decretos,https://www.dosp.com.br/exibe_do.php?i=ODI5MTc=,,Não identificada
2019-11-05,482,5641- Criação de vagas MONITOR,Decretos,https://www.dosp.com.br/exibe_do.php?i=ODI3Mjk=,,Não identificada
2019-11-05,482,5646 - operações bancárias II,Decretos,https://www.dosp.com.br/exibe_do.php?i=ODI3Mjk=,,Não identificada
2019-11-05,482,5639- Criação de vagas tarm samu,Decretos,https://www.dosp.com.br/exibe_do.php?i=ODI3Mjk=,,Não identificada
2019-11-05,482,5645 - operações bancárias I - Roslindo - Luiz,Decretos,https://www.dosp.com.br/exibe_do.php?i=ODI3Mjk=,,Não identificada
2019-11-05,482,5640- Criação de vagas aux. farmacia,Decretos,https://www.dosp.com.br/exibe_do.php?i=ODI3Mjk=,,Não identificada
2019-11-05,482,5648 - operações bancárias IV,Decretos,https://www.dosp.com.br/exibe_do.php?i=ODI3Mjk=,,Não identificada
2019-11-05,482,5647 - operações bancárias III,Decretos,https://www.dosp.com.br/exibe_do.php?i=ODI3Mjk=,,Não identificada
2019-10-30,476,5635 - reorganiza comissão viva leite,Decretos,https://www.dosp.com.br/exibe_do.php?i=ODE5NTY=,,Não identificada
2019-10-25,474,247 - Altera requisito 2 do anexo II e III da lei complementar 245,Leis,https://www.dosp.com.br/exibe_do.php?i=ODE2MzU=,,Não identificada
2019-10-25,474,2326 - Revoga Lei 1870 - area de terras inss,Leis,https://www.dosp.com.br/exibe_do.php?i=ODE2MzU=,,Não identificada
2019-10-25,474,5637 - homologação professores educação básica,Decretos,https://www.dosp.com.br/exibe_do.php?i=ODE2MzU=,,Secretaria de Educação
2019-10-25,474,9951 – (...),Portarias,https://www.dosp.com.br/exibe_do.php?i=ODE2MzU=,,Não identificada
2019-10-21,468,Relação de Por (...),Portarias,https://www.dosp.com.br/exibe_do.php?i=ODA4Nzg=,,Não identificada
2019-10-18,466,9937 – (...),Portarias,https://www.dosp.com.br/exibe_do.php?i=ODA3MjQ=,,Não identificada
2019-10-18,466,5632 - jogos regionais baby barioni,Decretos,https://www.dosp.com.br/exibe_do.php?i=ODA3MjQ=,,Não identificada
2019-10-17,465,9941 – (...),Portarias,https://www.dosp.com.br/exibe_do.php?i=ODA1NTc=,,Não identificada
2019-10-17,464,2325 - Revoga Lei 480 - Fruta Cor - João Teobaldo,Leis,https://www.dosp.com.br/exibe_do.php?i=ODA1Mzc=,,Não identificada
2019-10-17,464,2324 - Distrato Social - LaborAmvave,Leis,https://www.dosp.com.br/exibe_do.php?i=ODA1Mzc=,,Não identificada
2019-10-16,463,5630 - ponto facultativo - funcionário público,Decretos,https://www.dosp.com.br/exibe_do.php?i=ODAyNDQ=,,Não identificada
2019-10-16,463,5627 - altera decreto 4571 - regulamenta centro esther pires novaes,Decretos,https://www.dosp.com.br/exibe_do.php?i=ODAyNDQ=,,Não identificada
2019-10-15,462,5627 - altera decreto 4571 - regulamenta centro esther pires novaes,Decretos,https://www.dosp.com.br/exibe_do.php?i=ODAxODU=,,Não identificada
2019-10-11,459,5526 - HABITESE,Decretos,https://www.dosp.com.br/exibe_do.php?i=Nzk4NTY=,,Não identificada
2019-10-10,458,2323 - Parceria Fazenda dos Milagros - Pavimentação,Leis,https://www.dosp.com.br/exibe_do.php?i=Nzk2OTY=,,Não identificada
2019-10-04,452,5624 - institui controle interno,Decretos,https://www.dosp.com.br/exibe_do.php?i=Nzg4NjM=,,Não identificada
2019-10-02,451,5623 - reorganiza comissão viva leite,Decretos,https://www.dosp.com.br/exibe_do.php?i=Nzg2NDM=,,Não identificada
2019-10-02,451,5622 - Crédito 650 - pavimentação rural,Decretos,https://www.dosp.com.br/exibe_do.php?i=Nzg2NDM=,,Não identificada
2019-10-02,451,2322 - Crédito 650,Leis,https://www.dosp.com.br/exibe_do.php?i=Nzg2NDM=,,Não identificada
2019-10-01,450,5618 - Credito AVAREPREV 960,Decretos,https://www.dosp.com.br/exibe_do.php?i=NzgzNDg=,,Não identificada
2019-09-27,447,5620 - elevação de vagas - monitor,Decretos,https://www.dosp.com.br/exibe_do.php?i=NzgwODY=,,Não identificada
2019-09-25,444A,5615 - REGIMENTO INTERNO CONSELHO DOS DIREITOS DA PESSOA COM DEFICIENCIA,Decretos,https://www.dosp.com.br/exibe_do.php?i=Nzc3Mjk=,,Não identificada
2019-09-25,444A,5616,Decretos,https://www.dosp.com.br/exibe_do.php?i=Nzc3Mjk=,,Não identificada
2019-09-25,444A,246 - REFIS 2019,Leis,https://www.dosp.com.br/exibe_do.php?i=Nzc3Mjk=,,Não identificada
2019-09-20,441,5608 - Credito Polos Regionais Construção Civil 18 - SUPERAVIT,Decretos,https://www.dosp.com.br/exibe_do.php?i=NzcxODM=,,Não identificada
2019-09-20,441,5609 - Credito Drenagem Urbana Duílio Gambine - FEHIDRO 12,Decretos,https://www.dosp.com.br/exibe_do.php?i=NzcxODM=,,Não identificada
2019-09-20,441,5610 - Credito Escola da Beleza - FUSSESP 2,Decretos,https://www.dosp.com.br/exibe_do.php?i=NzcxODM=,,Não identificada
2019-09-20,441,5607 - Credito AVAREPREV 795,Decretos,https://www.dosp.com.br/exibe_do.php?i=NzcxODM=,,Não identificada
2019-09-20,441,2321 - Crédito Semads 100,Leis,https://www.dosp.com.br/exibe_do.php?i=NzcxODM=,,Não identificada
2019-09-20,441,2319 - Credito Escola da Beleza - FUSSESP 2,Leis,https://www.dosp.com.br/exibe_do.php?i=NzcxODM=,,Não identificada
2019-09-20,441,2318 - Credito Drenagem Urbana Duílio Gambine - FEHIDRO 12,Leis,https://www.dosp.com.br/exibe_do.php?i=NzcxODM=,,Não identificada
2019-09-20,441,5611 - Crédito Semads 100,Decretos,https://www.dosp.com.br/exibe_do.php?i=NzcxODM=,,Não identificada
2019-09-20,441,2317 - Credito Polos Regionais Construção Civil 18 - SUPERAVIT,Leis,https://www.dosp.com.br/exibe_do.php?i=NzcxODM=,,Não identificada
2019-09-20,441,2320 - Espaço Árvore,Leis,https://www.dosp.com.br/exibe_do.php?i=NzcxODM=,,Não identificada
2019-09-20,441,2316 - Credito AVAREPREV 795,Leis,https://www.dosp.com.br/exibe_do.php?i=NzcxODM=,,Não identificada
2019-09-16,436,5584 - PERMISSAO DE USO DE BEM PUBLICO - CASA J EMBARCACOES NAUTICAS LTDA,Decretos,https://www.dosp.com.br/exibe_do.php?i=NzY0MzY=,,Não identificada
2019-09-13,435,5592 - Criação de vagas PEB I 09-09,Decretos,https://www.dosp.com.br/exibe_do.php?i=NzYyMzQ=,,Não identificada
2019-09-13,435,5602 - Criação de vagas tec enfermagem09-09,Decretos,https://www.dosp.com.br/exibe_do.php?i=NzYyMzQ=,,Não identificada
2019-09-13,435,5589 - LIQUIDAÇÃO,Decretos,https://www.dosp.com.br/exibe_do.php?i=NzYyMzQ=,,Não identificada
2019-09-13,435,5598 - Criação de vagas GINECO 09-09,Decretos,https://www.dosp.com.br/exibe_do.php?i=NzYyMzQ=,,Não identificada
2019-09-13,435,5594 - Criação de vagas MONITOR  09-09,Decretos,https://www.dosp.com.br/exibe_do.php?i=NzYyMzQ=,,Não identificada
2019-09-13,435,5597 - Criação de vagas TRABALHO 09-09,Decretos,https://www.dosp.com.br/exibe_do.php?i=NzYyMzQ=,,Não identificada
2019-09-13,435,5593 - Criação de vagas Enfermeiro 09-09,Decretos,https://www.dosp.com.br/exibe_do.php?i=NzYyMzQ=,,Não identificada
2019-09-13,435,5600 - Criação de vagas agente de fiscalização -09-09,Decretos,https://www.dosp.com.br/exibe_do.php?i=NzYyMzQ=,,Não identificada
2019-09-13,435,5596 - Criação de vagas CLINICO 09-09,Decretos,https://www.dosp.com.br/exibe_do.php?i=NzYyMzQ=,,Não identificada
2019-09-13,435,5603 - Criação de vagas agente administrativo -09-09,Decretos,https://www.dosp.com.br/exibe_do.php?i=NzYyMzQ=,,Não identificada
2019-09-13,435,5601 - Criação de vagas auxiliar contabil -09-09,Decretos,https://www.dosp.com.br/exibe_do.php?i=NzYyMzQ=,,Não identificada
2019-09-13,435,5599 - Criação de vagas intervencionista samu 09-09,Decretos,https://www.dosp.com.br/exibe_do.php?i=NzYyMzQ=,,Não identificada
2019-09-13,435,5595 - Criação de vagas CARDIOLOGISTA 09-09,Decretos,https://www.dosp.com.br/exibe_do.php?i=NzYyMzQ=,,Não identificada
2019-09-12,432,5591 - FREA - credito suplementar,Decretos,https://www.dosp.com.br/exibe_do.php?i=NzYwNjM=,,Não identificada
2019-09-11,431,2315 - Pintura de Guias - Demutran,Leis,https://www.dosp.com.br/exibe_do.php?i=NzU5OTc=,,Não identificada
2019-09-11,431,5590  - revoga parcialmente 5579 - abertura de credito,Decretos,https://www.dosp.com.br/exibe_do.php?i=NzU5OTc=,,Não identificada
2019-09-09,428,5588 - comdema,Decretos,https://www.dosp.com.br/exibe_do.php?i=NzU2OTc=,,Não identificada
2019-09-09,428,Portaria n 19 – (...),Portarias,https://www.dosp.com.br/exibe_do.php?i=NzU2OTc=,,Não identificada
2019-09-09,428,5577 - utilidade pública TUIM empreendimentos - Santos Dumont,Decretos,https://www.dosp.com.br/exibe_do.php?i=NzU2OTc=,,Não identificada
2019-09-06,427,5582 - REGULAMENTA LEI 280-98,Decretos,https://www.dosp.com.br/exibe_do.php?i=NzU1NTQ=,,Não identificada
2019-09-06,427,5577 - utilidade pública TUIM empreendimentos - Santos Dumont,Decretos,https://www.dosp.com.br/exibe_do.php?i=NzU1NTQ=,,Não identificada
2019-09-06,427,5578 - utilidade pública TUIM empreendimentos - Benedito Ailton Camilo,Decretos,https://www.dosp.com.br/exibe_do.php?i=NzU1NTQ=,,Não identificada
2019-09-06,427,5583 - utilidade pública - roque de almeida - domingos leon,Decretos,https://www.dosp.com.br/exibe_do.php?i=NzU1NTQ=,,Não identificada
2019-09-05,425,2311 - Altera Artigo 12 da Lei 2257 - LOA FREA,Leis,https://www.dosp.com.br/exibe_do.php?i=NzUyNjE=,,Não identificada
2019-09-05,425,5574 - Comissão de Revisão ITBI,Decretos,https://www.dosp.com.br/exibe_do.php?i=NzUyNjE=,,Não identificada
2019-09-05,425,5581 - Credito Educação 930,Decretos,https://www.dosp.com.br/exibe_do.php?i=NzUyNjE=,,Secretaria de Educação
2019-09-05,425,5580 - Credito AMVAVE,Decretos,https://www.dosp.com.br/exibe_do.php?i=NzUyNjE=,,Não identificada
2019-09-05,425,5576 - Revoga Decreto 3885,Decretos,https://www.dosp.com.br/exibe_do.php?i=NzUyNjE=,,Não identificada
2019-09-05,425,2313 - Credito AMVAVE,Leis,https://www.dosp.com.br/exibe_do.php?i=NzUyNjE=,,Não identificada
2019-09-05,425,Lei 2.292 - Termo Anexo,Leis,https://www.dosp.com.br/exibe_do.php?i=NzUyNjE=,,Não identificada
2019-09-05,425,2312 - Altera Artigo 2 da Lei 583 - Cria FREA,Leis,https://www.dosp.com.br/exibe_do.php?i=NzUyNjE=,,Não identificada
2019-09-05,425,2310 - Altera Artigo 42 da Lei 2209 - LDO FREA,Leis,https://www.dosp.com.br/exibe_do.php?i=NzUyNjE=,,Não identificada
2019-09-05,425,2314 - Credito Educação 930,Leis,https://www.dosp.com.br/exibe_do.php?i=NzUyNjE=,,Secretaria de Educação
2019-09-03,423,Portaria n 18 - comissao de licitacao,Decretos,https://www.dosp.com.br/exibe_do.php?i=NzUwNjc=,,Não identificada
2019-08-30,420,2309 - Crédito Saude 555,Leis,https://www.dosp.com.br/exibe_do.php?i=NzQ3MTE=,,Não identificada
2019-08-30,420,2308 - Recebe doação do Estado,Leis,https://www.dosp.com.br/exibe_do.php?i=NzQ3MTE=,,Não identificada
2019-08-30,420,5572 - Utilidade Pública ABOVA,Decretos,https://www.dosp.com.br/exibe_do.php?i=NzQ3MTE=,,Não identificada
2019-08-30,420,5570 - Revoga Decreto 3103,Decretos,https://www.dosp.com.br/exibe_do.php?i=NzQ3MTE=,,Não identificada
2019-08-30,420,5569 - Crédito Saúde 555,Decretos,https://www.dosp.com.br/exibe_do.php?i=NzQ3MTE=,,Secretaria de Saúde
2019-08-28,417,9876 – (...),Portarias,https://www.dosp.com.br/exibe_do.php?i=NzQ0MDU=,,Não identificada
2019-08-28,417,5566 - reorganiza conselho assistencia social,Decretos,https://www.dosp.com.br/exibe_do.php?i=NzQ0MDU=,,Secretaria de Assistência Social
2019-08-28,417,5568 - RELAÇÃO MEDICAMENTOS ESSENCIAIS - ANEXO,Decretos,https://www.dosp.com.br/exibe_do.php?i=NzQ0MDU=,,Não identificada
2019-08-28,417,5564 - homologação professores educação básica,Decretos,https://www.dosp.com.br/exibe_do.php?i=NzQ0MDU=,,Secretaria de Educação
2019-08-28,417,5565 - Regulamenta Lei 1446,Decretos,https://www.dosp.com.br/exibe_do.php?i=NzQ0MDU=,,Não identificada
2019-08-26,415,5564 - homologação professores educação básica,Decretos,https://www.dosp.com.br/exibe_do.php?i=NzQwOTc=,,Secretaria de Educação
2019-08-26,415,9876 – (...),Portarias,https://www.dosp.com.br/exibe_do.php?i=NzQwOTc=,,Não identificada
2019-08-16,409,2306 - Adiantamento FAMPOP,Leis,https://www.dosp.com.br/exibe_do.php?i=NzMwMDM=,,Não identificada
2019-08-06,399,5555 - Comtur,Decretos,https://www.dosp.com.br/exibe_do.php?i=NzE3NDI=,,Não identificada
2019-08-02,397,5491 - FIXA PREÇOS DE LOCAÇÃO EMAPA,Decretos,https://www.dosp.com.br/exibe_do.php?i=NzE1MzA=,,Não identificada
2019-07-31,395,5554 - Decreto 5554 - Contabilidade  FREA,Decretos,https://www.dosp.com.br/exibe_do.php?i=NzExOTQ=,,Não identificada
2019-07-30,394,5551 - Crédito,Decretos,https://www.dosp.com.br/exibe_do.php?i=NzEwMTc=,,Não identificada
2019-07-30,394,5521 - permissão uso - ASSOCIAÇÃO DE ANTIGOMOBILISMO,Decretos,https://www.dosp.com.br/exibe_do.php?i=NzEwMTc=,,Não identificada
2019-07-30,394,2303 - Perimetro Urbano,Leis,https://www.dosp.com.br/exibe_do.php?i=NzEwMTc=,,Não identificada
2019-07-30,394,2304 - Convênio Secretaria de Segurança Pública,Leis,https://www.dosp.com.br/exibe_do.php?i=NzEwMTc=,,Não identificada
2019-07-30,394,5552 - desapropria angelo antonio marcusso,Decretos,https://www.dosp.com.br/exibe_do.php?i=NzEwMTc=,,Não identificada
2019-07-30,394,2305 - Crédito,Leis,https://www.dosp.com.br/exibe_do.php?i=NzEwMTc=,,Não identificada
2019-07-30,394,244 - Altera 166,Leis,https://www.dosp.com.br/exibe_do.php?i=NzEwMTc=,,Não identificada
2019-07-25,391,5542  - Órgão Gestor Municipal - PPP,Decretos,https://www.dosp.com.br/exibe_do.php?i=NzA0Mzc=,,Não identificada
2019-07-25,391,5546 - Reorganiza Conselho Assistencia Social,Decretos,https://www.dosp.com.br/exibe_do.php?i=NzA0Mzc=,,Secretaria de Assistência Social
2019-07-25,391,5539 - Comissão COMEA,Decretos,https://www.dosp.com.br/exibe_do.php?i=NzA0Mzc=,,Não identificada
2019-07-25,391,5548- Comtur,Decretos,https://www.dosp.com.br/exibe_do.php?i=NzA0Mzc=,,Não identificada
2019-07-25,391,5520 -permissão uso - ASSOCIAÇÃO DOS ARTESÕES,Decretos,https://www.dosp.com.br/exibe_do.php?i=NzA0Mzc=,,Não identificada
2019-07-25,391,5547 - Reorganiza Conselho Criança e Adolescente,Decretos,https://www.dosp.com.br/exibe_do.php?i=NzA0Mzc=,,Não identificada
2019-07-24,390,5545 - Comissão de Regularização Fundiária,Decretos,https://www.dosp.com.br/exibe_do.php?i=NzAzODM=,,Não identificada
2019-07-24,390,5543 - gta,Decretos,https://www.dosp.com.br/exibe_do.php?i=NzAzODM=,,Não identificada
2019-07-24,390,5541 - Alziro,Decretos,https://www.dosp.com.br/exibe_do.php?i=NzAzODM=,,Não identificada
2019-07-24,390,5538 - Fundeb,Decretos,https://www.dosp.com.br/exibe_do.php?i=NzAzODM=,,Não identificada
2019-07-05,381,5536 - Ponto Facultativo,Decretos,https://www.dosp.com.br/exibe_do.php?i=Njg2NTI=,,Não identificada
2019-07-04,380,5533 - HOMOLOGAÇÃO CP 04-2019,Decretos,https://www.dosp.com.br/exibe_do.php?i=NjgzNDQ=,,Não identificada
2019-07-02,377,5528  - substitui membro da comissão de avaliação estágio probatório,Decretos,https://www.dosp.com.br/exibe_do.php?i=NjgwMzA=,,Não identificada
2019-07-02,377,5527  - plano diretor,Decretos,https://www.dosp.com.br/exibe_do.php?i=NjgwMzA=,,Não identificada
2019-07-02,377,5530 - Paralisação de Escola,Decretos,https://www.dosp.com.br/exibe_do.php?i=NjgwMzA=,,Não identificada
2019-07-02,377,5531  - ICMS,Decretos,https://www.dosp.com.br/exibe_do.php?i=NjgwMzA=,,Não identificada
2019-06-24,370,2298 - Crédito,Leis,https://www.dosp.com.br/exibe_do.php?i=NjcxOTc=,,Não identificada
2019-06-24,370,2300 - Dia dos Veteranos da Polícia Militar,Leis,https://www.dosp.com.br/exibe_do.php?i=NjcxOTc=,,Não identificada
2019-06-24,370,2299 - Crédito,Leis,https://www.dosp.com.br/exibe_do.php?i=NjcxOTc=,,Não identificada
2019-06-24,370,2297 - Jogos Regionais,Leis,https://www.dosp.com.br/exibe_do.php?i=NjcxOTc=,,Não identificada
2019-06-24,370,2292 - J QUINTILIANO,Leis,https://www.dosp.com.br/exibe_do.php?i=NjcxOTc=,,Não identificada
2019-06-24,370,5524 - Crédito,Decretos,https://www.dosp.com.br/exibe_do.php?i=NjcxOTc=,,Não identificada
2019-06-24,370,5523 - Crédito,Decretos,https://www.dosp.com.br/exibe_do.php?i=NjcxOTc=,,Não identificada
2019-06-24,370,5520 - permissão uso - ASSOCIAÇÃO DOS ARTESÕES (1),Decretos,https://www.dosp.com.br/exibe_do.php?i=NjcxOTc=,,Não identificada
2019-06-24,370,9837 – (...),Portarias,https://www.dosp.com.br/exibe_do.php?i=NjcxOTc=,,Não identificada
2019-06-19,368,5521,Decretos,https://www.dosp.com.br/exibe_do.php?i=NjY4NTM=,,Não identificada
2019-06-18,367,5512 - DECRETO COLETA ÓLEO,Decretos,https://www.dosp.com.br/exibe_do.php?i=NjY3OTI=,,Não identificada
2019-06-18,367,2296 - Alienação TRerrenos,Leis,https://www.dosp.com.br/exibe_do.php?i=NjY3OTI=,,Não identificada
2019-06-18,367,5515 - Ordenador de Despesas Fumboar,Decretos,https://www.dosp.com.br/exibe_do.php?i=NjY3OTI=,,Não identificada
2019-06-18,367,2295 - Crédito,Leis,https://www.dosp.com.br/exibe_do.php?i=NjY3OTI=,,Não identificada
2019-06-18,367,5518 - Ponto Facultativo,Decretos,https://www.dosp.com.br/exibe_do.php?i=NjY3OTI=,,Não identificada
2019-06-18,367,5519 - desapropria area,Decretos,https://www.dosp.com.br/exibe_do.php?i=NjY3OTI=,,Não identificada
2019-06-18,367,5516 - Crédito,Decretos,https://www.dosp.com.br/exibe_do.php?i=NjY3OTI=,,Não identificada
2019-06-13,365,5507- operações bancárias - fumboar,Decretos,https://www.dosp.com.br/exibe_do.php?i=NjYyOTQ=,,Não identificada
2019-06-13,365,5506 - denomina Avenida Tininho Negrão,Decretos,https://www.dosp.com.br/exibe_do.php?i=NjYyOTQ=,,Não identificada
2019-06-11,363,5510  - revoga 4175,Decretos,https://www.dosp.com.br/exibe_do.php?i=NjU4NDk=,,Não identificada
2019-06-06,359,5509  - vigilancia sanitaria,Decretos,https://www.dosp.com.br/exibe_do.php?i=NjU0NDE=,,Não identificada
2019-06-04,356,5505 - Plenário CONSEMA,Decretos,https://www.dosp.com.br/exibe_do.php?i=NjUxMzk=,,Não identificada
2019-06-04,356,5503 - Fampop,Decretos,https://www.dosp.com.br/exibe_do.php?i=NjUxMzk=,,Não identificada
2019-06-03,355,5478 - Comea,Decretos,https://www.dosp.com.br/exibe_do.php?i=NjQ5OTE=,,Não identificada
2019-05-31,353,2289 - Revoga 1764 - concede uso,Leis,https://www.dosp.com.br/exibe_do.php?i=NjQ3OTA=,,Não identificada
2019-05-30,352,2290 - Praticas Esportivas,Leis,https://www.dosp.com.br/exibe_do.php?i=NjQ2NDA=,,Não identificada
2019-05-30,352,2289 - Revoga 1764 - concede uso,Leis,https://www.dosp.com.br/exibe_do.php?i=NjQ2NDA=,,Não identificada
2019-05-30,352,2288 - Credito SUPERAVIT 189,Leis,https://www.dosp.com.br/exibe_do.php?i=NjQ2NDA=,,Não identificada
2019-05-30,352,2291 - Revoga 2271 - desafeta NOCAIJA,Leis,https://www.dosp.com.br/exibe_do.php?i=NjQ2NDA=,,Não identificada
2019-05-30,352,5498 - desapropria area - alongamento santos dumont,Decretos,https://www.dosp.com.br/exibe_do.php?i=NjQ2NDA=,,Não identificada
2019-05-30,352,5497 - nhô musa,Decretos,https://www.dosp.com.br/exibe_do.php?i=NjQ2NDA=,,Não identificada
2019-05-30,352,5499 - desapropria area - alongamento benedito ailton camilo de souza,Decretos,https://www.dosp.com.br/exibe_do.php?i=NjQ2NDA=,,Não identificada
2019-05-30,352,5500  - Comissão de Educação -substitui membro - altera 5230,Decretos,https://www.dosp.com.br/exibe_do.php?i=NjQ2NDA=,,Secretaria de Educação
2019-05-27,350,5496 - crédito SEMADS,Decretos,https://www.dosp.com.br/exibe_do.php?i=NjQxMjI=,,Não identificada
2019-05-27,350,5493 - denomina estrada municipal Palmeirinha,Decretos,https://www.dosp.com.br/exibe_do.php?i=NjQxMjI=,,Não identificada
2019-05-27,350,5492  - Conselho Fundo Habitação,Decretos,https://www.dosp.com.br/exibe_do.php?i=NjQxMjI=,,Não identificada
2019-05-27,350,5495 - Criação de vagas Enfermeiro-PSF 24-05,Decretos,https://www.dosp.com.br/exibe_do.php?i=NjQxMjI=,,Não identificada
2019-05-23,348,5490  - Plano Diretor,Decretos,https://www.dosp.com.br/exibe_do.php?i=NjM3NTg=,,Não identificada
2019-05-22,347,2287 - Credito SEMADS,Leis,https://www.dosp.com.br/exibe_do.php?i=NjM2MjI=,,Não identificada
2019-05-22,347,5489 - Fundeb,Decretos,https://www.dosp.com.br/exibe_do.php?i=NjM2MjI=,,Não identificada
2019-05-22,347,243 - Revisão Vale Alimentação,Leis,https://www.dosp.com.br/exibe_do.php?i=NjM2MjI=,,Não identificada
2019-05-22,347,2286 - Auxílio Aluguel Social,Leis,https://www.dosp.com.br/exibe_do.php?i=NjM2MjI=,,Não identificada
2019-05-22,347,241 - Altera 238 - redenomina cargos médicos,Leis,https://www.dosp.com.br/exibe_do.php?i=NjM2MjI=,,Não identificada
2019-05-22,347,242 - Revisão Geral de vencimentos - aumento de salario,Leis,https://www.dosp.com.br/exibe_do.php?i=NjM2MjI=,,Não identificada
2019-05-21,346,5488 - desapropria glauco lo giudice,Decretos,https://www.dosp.com.br/exibe_do.php?i=NjM0NDI=,,Não identificada
2019-05-20,345,5485 - hospede oficial joao xavier,Decretos,https://www.dosp.com.br/exibe_do.php?i=NjMyNjQ=,,Não identificada
2019-05-20,345,2285 - Santa Lúcia,Leis,https://www.dosp.com.br/exibe_do.php?i=NjMyNjQ=,,Não identificada
2019-05-20,345,2284 - Santa Tereza,Leis,https://www.dosp.com.br/exibe_do.php?i=NjMyNjQ=,,Não identificada
2019-05-20,345,5486 - permissão uso emapa,Decretos,https://www.dosp.com.br/exibe_do.php?i=NjMyNjQ=,,Não identificada
2019-05-17,344,5484 - Comitê Avareprev,Decretos,https://www.dosp.com.br/exibe_do.php?i=NjI5Njg=,,Não identificada
2019-05-16,343,5475 - jogos regionais,Decretos,https://www.dosp.com.br/exibe_do.php?i=NjI5MDY=,,Não identificada
2019-05-16,343,5481 - Utilidade Publica Sabesp,Decretos,https://www.dosp.com.br/exibe_do.php?i=NjI5MDY=,,Não identificada
2019-05-16,343,5480 - Comissão Emapa.doc 2019,Decretos,https://www.dosp.com.br/exibe_do.php?i=NjI5MDY=,,Não identificada
2019-05-14,341,5477  - Nomeia Romualdo,Decretos,https://www.dosp.com.br/exibe_do.php?i=NjI1ODk=,,Não identificada
2019-05-14,341,5476  - Exonera Glauco,Decretos,https://www.dosp.com.br/exibe_do.php?i=NjI1ODk=,,Não identificada
2019-05-13,340,5482,Decretos,https://www.dosp.com.br/exibe_do.php?i=NjIzNTE=,,Não identificada
2019-05-08,338,5474 - obrigação acessória,Decretos,https://www.dosp.com.br/exibe_do.php?i=NjE4MzQ=,,Não identificada
2019-05-07,337,5473 - obrigação acessória,Decretos,https://www.dosp.com.br/exibe_do.php?i=NjE4MDE=,,Não identificada
2019-05-07,337,2283 - São Rogério III,Leis,https://www.dosp.com.br/exibe_do.php?i=NjE4MDE=,,Não identificada
2019-05-07,337,2282 - São Rogério IV,Leis,https://www.dosp.com.br/exibe_do.php?i=NjE4MDE=,,Não identificada
2019-05-07,337,2281 - Reajuste Câmara,Leis,https://www.dosp.com.br/exibe_do.php?i=NjE4MDE=,,Não identificada
2019-05-02,334,5466 - Regulamenta 239,Decretos,https://www.dosp.com.br/exibe_do.php?i=NjEzMjg=,,Não identificada
2019-05-02,334,2280 - Crédito,Leis,https://www.dosp.com.br/exibe_do.php?i=NjEzMjg=,,Não identificada
2019-05-02,334,5468 - Gestor Fumcad,Decretos,https://www.dosp.com.br/exibe_do.php?i=NjEzMjg=,,Não identificada
2019-05-02,334,5467 - Concessão e Homologação,Decretos,https://www.dosp.com.br/exibe_do.php?i=NjEzMjg=,,Não identificada
2019-05-02,334,5462 - Comissão Saúde,Decretos,https://www.dosp.com.br/exibe_do.php?i=NjEzMjg=,,Secretaria de Saúde
2019-05-02,334,5465 - Comea,Decretos,https://www.dosp.com.br/exibe_do.php?i=NjEzMjg=,,Não identificada
2019-05-02,334,5472 - Crédito,Decretos,https://www.dosp.com.br/exibe_do.php?i=NjEzMjg=,,Não identificada
2019-05-02,334,5463 - Permissão de uso Bombeiros,Decretos,https://www.dosp.com.br/exibe_do.php?i=NjEzMjg=,,Não identificada
2019-05-02,334,5461 - cme,Decretos,https://www.dosp.com.br/exibe_do.php?i=NjEzMjg=,,Não identificada
2019-05-02,334,5471 - Fundeb,Decretos,https://www.dosp.com.br/exibe_do.php?i=NjEzMjg=,,Não identificada
2019-04-18,325,5460 - Ponto Facultativo,Decretos,https://www.dosp.com.br/exibe_do.php?i=NjAwNjU=,,Não identificada
2019-04-17,324,5457 - Ponto Facultativo Educação,Decretos,https://www.dosp.com.br/exibe_do.php?i=NTk5MjU=,,Secretaria de Educação
2019-04-17,324,2279 - Bueiro Inteligente,Leis,https://www.dosp.com.br/exibe_do.php?i=NTk5MjU=,,Não identificada
2019-04-17,324,5455 - CDMCA,Decretos,https://www.dosp.com.br/exibe_do.php?i=NTk5MjU=,,Não identificada
2019-04-12,322,5457,Decretos,https://www.dosp.com.br/exibe_do.php?i=NTkzMjI=,,Não identificada
2019-04-11,321,5455 - Comissão Saúde,Decretos,https://www.dosp.com.br/exibe_do.php?i=NTkyODA=,,Secretaria de Saúde
2019-04-11,321,5455 - CDMCA,Decretos,https://www.dosp.com.br/exibe_do.php?i=NTkyODA=,,Não identificada
2019-04-11,321,9745 – (...),Portarias,https://www.dosp.com.br/exibe_do.php?i=NTkyODA=,,Não identificada
2019-04-09,318,2271 - Nocaija,Leis,https://www.dosp.com.br/exibe_do.php?i=NTg5ODI=,,Não identificada
2019-04-09,318,2278 - Crédito,Leis,https://www.dosp.com.br/exibe_do.php?i=NTg5ODI=,,Não identificada
2019-04-09,318,2274 - Crédito,Leis,https://www.dosp.com.br/exibe_do.php?i=NTg5ODI=,,Não identificada
2019-04-09,318,5428  - Tunel Milton Monti,Decretos,https://www.dosp.com.br/exibe_do.php?i=NTg5ODI=,,Não identificada
2019-04-09,318,2277 - Crédito,Leis,https://www.dosp.com.br/exibe_do.php?i=NTg5ODI=,,Não identificada
2019-04-09,318,2273 - Crédito,Leis,https://www.dosp.com.br/exibe_do.php?i=NTg5ODI=,,Não identificada
2019-04-09,318,2276 - Crédito,Leis,https://www.dosp.com.br/exibe_do.php?i=NTg5ODI=,,Não identificada
2019-04-09,318,2272 - Crédito,Leis,https://www.dosp.com.br/exibe_do.php?i=NTg5ODI=,,Não identificada
2019-04-09,318,5454 - Crédito,Decretos,https://www.dosp.com.br/exibe_do.php?i=NTg5ODI=,,Não identificada
2019-04-09,318,2275 - Crédito,Leis,https://www.dosp.com.br/exibe_do.php?i=NTg5ODI=,,Não identificada
2019-04-09,318,9741 – (...),Portarias,https://www.dosp.com.br/exibe_do.php?i=NTg5ODI=,,Não identificada
2019-04-09,318,5438 - Comissão Permanente de ReadaptaçãoFuncional,Decretos,https://www.dosp.com.br/exibe_do.php?i=NTg5ODI=,,Não identificada
2019-04-09,318,5452 - Crédito,Decretos,https://www.dosp.com.br/exibe_do.php?i=NTg5ODI=,,Não identificada
2019-04-09,318,5448 - Crédito,Decretos,https://www.dosp.com.br/exibe_do.php?i=NTg5ODI=,,Não identificada
2019-04-09,318,5451 - Crédito,Decretos,https://www.dosp.com.br/exibe_do.php?i=NTg5ODI=,,Não identificada
2019-04-09,318,5450 - Crédito,Decretos,https://www.dosp.com.br/exibe_do.php?i=NTg5ODI=,,Não identificada
2019-04-09,318,5422 - Comissão Permanente de Desenvolvimento Funcional,Decretos,https://www.dosp.com.br/exibe_do.php?i=NTg5ODI=,,Não identificada
2019-04-09,318,5453 - Crédito,Decretos,https://www.dosp.com.br/exibe_do.php?i=NTg5ODI=,,Não identificada
2019-04-09,318,5449 - Crédito,Decretos,https://www.dosp.com.br/exibe_do.php?i=NTg5ODI=,,Não identificada
2019-04-04,315,5445 - Comissão Fiscalizadora,Decretos,https://www.dosp.com.br/exibe_do.php?i=NTg1MDU=,,Não identificada
2019-04-04,315,5444 - Comissão Organizadora Concursos,Decretos,https://www.dosp.com.br/exibe_do.php?i=NTg1MDU=,,Não identificada
2019-04-02,313,GLAUCO,Decretos,https://www.dosp.com.br/exibe_do.php?i=NTgyMTE=,,Não identificada
2019-04-02,313,5440  - Exonera Josena,Decretos,https://www.dosp.com.br/exibe_do.php?i=NTgyMTE=,,Não identificada
2019-04-02,313,5442  - Nomeia Patricia,Decretos,https://www.dosp.com.br/exibe_do.php?i=NTgyMTE=,,Não identificada
2019-03-29,311,5432 - operações bancárias,Decretos,https://www.dosp.com.br/exibe_do.php?i=NTc4NDc=,,Não identificada
2019-03-29,311,5433 - operações bancárias,Decretos,https://www.dosp.com.br/exibe_do.php?i=NTc4NDc=,,Não identificada
2019-03-29,311,5430 - operações bancárias - roslindo,Decretos,https://www.dosp.com.br/exibe_do.php?i=NTc4NDc=,,Não identificada
2019-03-29,311,5439 - Regimento Interno Conselhos,Decretos,https://www.dosp.com.br/exibe_do.php?i=NTc4NDc=,,Não identificada
2019-03-29,311,5431 - operações bancárias,Decretos,https://www.dosp.com.br/exibe_do.php?i=NTc4NDc=,,Não identificada
2019-03-29,311,2270 - Altera Lei entidades,Leis,https://www.dosp.com.br/exibe_do.php?i=NTc4NDc=,,Não identificada
2019-03-28,309,2267 - Crédito,Leis,https://www.dosp.com.br/exibe_do.php?i=NTc1NTY=,,Não identificada
2019-03-28,309,2268 - Crédito,Leis,https://www.dosp.com.br/exibe_do.php?i=NTc1NTY=,,Não identificada
2019-03-28,309,2269 - Crédito,Leis,https://www.dosp.com.br/exibe_do.php?i=NTc1NTY=,,Não identificada
2019-03-28,309,5429  - Exonera Sergio,Decretos,https://www.dosp.com.br/exibe_do.php?i=NTc1NTY=,,Não identificada
2019-03-28,309,5436  - Crédito,Decretos,https://www.dosp.com.br/exibe_do.php?i=NTc1NTY=,,Não identificada
2019-03-28,309,9733 - Exonera Gabriela,Decretos,https://www.dosp.com.br/exibe_do.php?i=NTc1NTY=,,Não identificada
2019-03-28,309,9732 - Exonera Patricia,Decretos,https://www.dosp.com.br/exibe_do.php?i=NTc1NTY=,,Não identificada
2019-03-28,309,5431 - operações bancárias,Decretos,https://www.dosp.com.br/exibe_do.php?i=NTc1NTY=,,Não identificada
2019-03-28,309,5434  - Crédito,Decretos,https://www.dosp.com.br/exibe_do.php?i=NTc1NTY=,,Não identificada
2019-03-28,309,5430 - operações bancárias - roslindo,Decretos,https://www.dosp.com.br/exibe_do.php?i=NTc1NTY=,,Não identificada
2019-03-28,309,9731 - Exonera Natalie,Decretos,https://www.dosp.com.br/exibe_do.php?i=NTc1NTY=,,Não identificada
2019-03-28,309,5433 - operações bancárias,Decretos,https://www.dosp.com.br/exibe_do.php?i=NTc1NTY=,,Não identificada
2019-03-28,309,5435  - Crédito,Decretos,https://www.dosp.com.br/exibe_do.php?i=NTc1NTY=,,Não identificada
2019-03-28,309,5432 - operações bancárias,Decretos,https://www.dosp.com.br/exibe_do.php?i=NTc1NTY=,,Não identificada
2019-03-26,307,9726 – (...),Portarias,https://www.dosp.com.br/exibe_do.php?i=NTcyNjM=,,Não identificada
2019-03-26,307,9714 – (...),Portarias,https://www.dosp.com.br/exibe_do.php?i=NTcyNjM=,,Não identificada
2019-03-25,306,9726 – (...),Portarias,https://www.dosp.com.br/exibe_do.php?i=NTcxMjk=,,Não identificada
2019-03-25,306,5423  - Crédito,Decretos,https://www.dosp.com.br/exibe_do.php?i=NTcxMjk=,,Não identificada
2019-03-13,299,2266 - Entidades 2 aNEXO,Leis,https://www.dosp.com.br/exibe_do.php?i=NTYwMTg=,,Não identificada
2019-03-13,299,2265 - Crédito,Leis,https://www.dosp.com.br/exibe_do.php?i=NTYwMTg=,,Não identificada
2019-03-13,299,2266 - Entidades,Leis,https://www.dosp.com.br/exibe_do.php?i=NTYwMTg=,,Não identificada
2019-03-13,299,2264 - 13º,Leis,https://www.dosp.com.br/exibe_do.php?i=NTYwMTg=,,Não identificada
2019-03-12,297,5417 - Exonera Erica Alves,Decretos,https://www.dosp.com.br/exibe_do.php?i=NTU4OTI=,,Não identificada
2019-03-12,297,5418 - Lista Medicamentos,Decretos,https://www.dosp.com.br/exibe_do.php?i=NTU4OTI=,,Não identificada
2019-03-12,297,9716 – (...),Portarias,https://www.dosp.com.br/exibe_do.php?i=NTU4OTI=,,Não identificada
2019-03-12,297,240 - Agente Comunitário,Leis,https://www.dosp.com.br/exibe_do.php?i=NTU4OTI=,,Não identificada
2019-03-08,296,5416,Decretos,https://www.dosp.com.br/exibe_do.php?i=NTU1NjI=,,Não identificada
2019-02-25,290,2261 - Crédito,Leis,https://www.dosp.com.br/exibe_do.php?i=NTQ0Njg=,,Não identificada
2019-02-25,290,5407 - Zé Henrique,Decretos,https://www.dosp.com.br/exibe_do.php?i=NTQ0Njg=,,Não identificada
2019-02-25,290,2260 - Centro de triagem de Animais Silvestres,Leis,https://www.dosp.com.br/exibe_do.php?i=NTQ0Njg=,,Não identificada
2019-02-25,290,5409 - Readaptação,Decretos,https://www.dosp.com.br/exibe_do.php?i=NTQ0Njg=,,Não identificada
2019-02-25,290,5405  - Crédito,Decretos,https://www.dosp.com.br/exibe_do.php?i=NTQ0Njg=,,Não identificada
2019-02-25,290,5406  - Crédito,Decretos,https://www.dosp.com.br/exibe_do.php?i=NTQ0Njg=,,Não identificada
2019-02-25,290,2262 - Crédito,Leis,https://www.dosp.com.br/exibe_do.php?i=NTQ0Njg=,,Não identificada
2019-02-25,290,5411,Decretos,https://www.dosp.com.br/exibe_do.php?i=NTQ0Njg=,,Não identificada
2019-02-20,288,5399 - Hospede Oficial,Decretos,https://www.dosp.com.br/exibe_do.php?i=NTM5MTI=,,Não identificada
2019-02-20,288,5401 - Relação Medicamentos CAPS II,Decretos,https://www.dosp.com.br/exibe_do.php?i=NTM5MTI=,,Não identificada
2019-02-20,288,5398 - Hospede Oficial,Decretos,https://www.dosp.com.br/exibe_do.php?i=NTM5MTI=,,Não identificada
2019-02-20,288,5403 - Comdec,Decretos,https://www.dosp.com.br/exibe_do.php?i=NTM5MTI=,,Não identificada
2019-02-20,288,5389 - operações bancárias - ana lúcia - bradesco,Decretos,https://www.dosp.com.br/exibe_do.php?i=NTM5MTI=,,Não identificada
2019-02-20,288,5404  - Plano Diretor,Decretos,https://www.dosp.com.br/exibe_do.php?i=NTM5MTI=,,Não identificada
2019-02-20,288,5390 - operações bancárias - itamar - bradesco,Decretos,https://www.dosp.com.br/exibe_do.php?i=NTM5MTI=,,Não identificada
2019-02-20,288,5401 - Relação Medicamentos CAPS II -Anexo,Decretos,https://www.dosp.com.br/exibe_do.php?i=NTM5MTI=,,Não identificada
2019-02-20,288,5376 - Adriana Fundo Idoso.pdf,Decretos,https://www.dosp.com.br/exibe_do.php?i=NTM5MTI=,,Não identificada
2019-02-20,288,5393 - CPFL,Decretos,https://www.dosp.com.br/exibe_do.php?i=NTM5MTI=,,Não identificada
2019-02-20,288,2260 - Centro de triagem de Animais Silvestres,Leis,https://www.dosp.com.br/exibe_do.php?i=NTM5MTI=,,Não identificada
2019-02-05,282,5388 - Audesp,Decretos,https://www.dosp.com.br/exibe_do.php?i=NTIyODU=,,Não identificada
2019-02-05,282,5387 - Regulamenta Lei 239,Decretos,https://www.dosp.com.br/exibe_do.php?i=NTIyODU=,,Não identificada
2019-02-05,282,5377 - CSU - Esportes,Decretos,https://www.dosp.com.br/exibe_do.php?i=NTIyODU=,,Secretaria de Esporte
2019-01-10,269,9641 – (...),Portarias,https://www.dosp.com.br/exibe_do.php?i=NDk4NjI=,,Não identificada
2018-12-28,265,238,Leis,https://www.dosp.com.br/exibe_do.php?i=NDg5ODc=,,Não identificada
2018-12-28,265,Anexo 238,Leis,https://www.dosp.com.br/exibe_do.php?i=NDg5ODc=,,Não identificada
2018-12-21,262,5367 - Conselho Idoso,Decretos,https://www.dosp.com.br/exibe_do.php?i=NDg0NzE=,,Não identificada
2018-12-06,256,5360,Decretos,https://www.dosp.com.br/exibe_do.php?i=NDY5OTQ=,,Não identificada
2018-12-05,255,9608 – (...),Portarias,https://www.dosp.com.br/exibe_do.php?i=NDY5Njc=,,Não identificada
2018-12-05,255,5359  - vigilancia sanitaria,Decretos,https://www.dosp.com.br/exibe_do.php?i=NDY5Njc=,,Não identificada
2018-12-05,255,5357 - Comissão Permanente de ReadaptaçãoFuncional,Decretos,https://www.dosp.com.br/exibe_do.php?i=NDY5Njc=,,Não identificada
2018-12-05,255,5358 - Regimento Interno Conselho Saúde,Decretos,https://www.dosp.com.br/exibe_do.php?i=NDY5Njc=,,Secretaria de Saúde
2018-12-04,253,9607 – (...),Portarias,https://www.dosp.com.br/exibe_do.php?i=NDY3NDA=,,Não identificada
2018-12-04,253,5350 - Avareprev,Decretos,https://www.dosp.com.br/exibe_do.php?i=NDY3NDA=,,Não identificada
2018-11-27,248,5339 - Normas para aplicação de sanções lei 8666,Decretos,https://www.dosp.com.br/exibe_do.php?i=NDYwNzQ=,,Não identificada
2018-11-27,248,5333 - Coordenadoria de Gestão de Contratos,Decretos,https://www.dosp.com.br/exibe_do.php?i=NDYwNzQ=,,Não identificada
2018-11-27,248,5343 - UFMA,Decretos,https://www.dosp.com.br/exibe_do.php?i=NDYwNzQ=,,Não identificada
2018-11-27,248,5342 - Avareprev,Decretos,https://www.dosp.com.br/exibe_do.php?i=NDYwNzQ=,,Não identificada
2018-11-23,246,5336 - Comissão Organizadora Conferência,Decretos,https://www.dosp.com.br/exibe_do.php?i=NDU5MTA=,,Não identificada
2018-11-23,246,5338 - Crédito,Decretos,https://www.dosp.com.br/exibe_do.php?i=NDU5MTA=,,Não identificada
2018-11-23,246,5317 - professor adjunto- 26-10 (1),Decretos,https://www.dosp.com.br/exibe_do.php?i=NDU5MTA=,,Não identificada
2018-11-23,246,5340 - Hospede Oficial,Decretos,https://www.dosp.com.br/exibe_do.php?i=NDU5MTA=,,Não identificada
2018-11-23,246,2253 - Recuperação de crédito Frea,Leis,https://www.dosp.com.br/exibe_do.php?i=NDU5MTA=,,Não identificada
2018-11-07,238,5326 - férias escolares,Decretos,https://www.dosp.com.br/exibe_do.php?i=NDQ1MDM=,,Não identificada
2018-11-06,237,5326 - férias escolares,Decretos,https://www.dosp.com.br/exibe_do.php?i=NDQzNzY=,,Não identificada
2018-11-06,237,5318 - Cria Creche Nadime,Decretos,https://www.dosp.com.br/exibe_do.php?i=NDQzNzY=,,Não identificada
2018-11-06,237,234,Leis,https://www.dosp.com.br/exibe_do.php?i=NDQzNzY=,,Não identificada
2018-10-31,235,5323,Decretos,https://www.dosp.com.br/exibe_do.php?i=NDQwMDc=,,Não identificada
2018-10-30,234,5322,Decretos,https://www.dosp.com.br/exibe_do.php?i=NDM4NzE=,,Não identificada
2018-10-26,233,DECRETO DE HOMOLOGAÇÃO CP 02-2018 - correto m formato pdf,Decretos,https://www.dosp.com.br/exibe_do.php?i=NDM3NTQ=,,Não identificada
2018-10-26,232,5316,Decretos,https://www.dosp.com.br/exibe_do.php?i=NDM2NDU=,,Não identificada
2018-10-24,230,5315,Decretos,https://www.dosp.com.br/exibe_do.php?i=NDM0MDQ=,,Não identificada
2018-10-18,225,5309,Decretos,https://www.dosp.com.br/exibe_do.php?i=NDI5NDI=,,Não identificada
2018-10-18,225,5296 - Exonera Itamar,Decretos,https://www.dosp.com.br/exibe_do.php?i=NDI5NDI=,,Não identificada
2018-10-18,225,5297 - Nomeia Itamar,Decretos,https://www.dosp.com.br/exibe_do.php?i=NDI5NDI=,,Não identificada
2018-10-18,225,5307 - Altera Crédito Saúde,Decretos,https://www.dosp.com.br/exibe_do.php?i=NDI5NDI=,,Secretaria de Saúde
